client_id,first_name,last_name,dob,phone,email,address_line1,city,state,zip,mbi,household_id,notes
B-C-00001,Deanna,Fernandez,1944-04-23,(431) 555-0118,deanna.fernandez1@example.com,1770 Valencia Parks Apt. 682,West Kathyfurt,CO,80685,6MR4QW4VH82,B-H-00001,
B-C-00002,Mary,Fernandez,1986-09-13,(431) 555-0118,mary.fernandez2@example.com,1770 Valencia Parks Apt. 682,West Kathyfurt,CO,80685,,B-H-00001,
B-C-00003,Maria,Moody,1952-09-27,(625) 555-0124,maria.moody3@example.com,418 Ramos Camp,North Daniel,TN,37771,7G33GQ6TW65,B-H-00002,
B-C-00004,Michael,Robinson,1963-09-10,(243) 555-0147,michael.robinson4@example.com,051 Green Throughway,Anthonyfurt,VA,22659,,B-H-00003,
B-C-00005,Derrick,Long,1948-10-09,(473) 555-0153,derrick.long5@example.com,4384 Connie Wells Suite 084,East Matthew,OR,97095,6TP7PU4UN83,B-H-00004,
B-C-00006,Cody,Mason,1955-03-31,(667) 555-0127,cody.mason6@example.com,03435 Kimberly Lights,Walkermouth,HI,96882,9X08XT6PP20,B-H-00005,
B-C-00007,Kimberly,Lopez,1934-05-21,(617) 555-0146,kimberly.lopez7@example.com,3259 Anthony Mountain,New Steven,TX,78939,5JT9HQ6RC44,B-H-00006,
B-C-00008,Heather,Cannon,1947-05-31,(355) 555-0114,heather.cannon8@example.com,00389 Fleming Street,New Timothyfurt,DE,19996,3Q46TW3AP57,B-H-00007,
B-C-00009,Dennis,Cannon,1975-04-12,(355) 555-0114,dennis.cannon9@example.com,00389 Fleming Street,New Timothyfurt,DE,19996,3UU5JH6PX91,B-H-00007,
B-C-00010,James,Johnson,1946-01-15,(578) 555-0151,,7908 Sloan Brook Apt. 872,Humphreyton,PA,17733,9FK0VY3PD33,B-H-00008,
B-C-00011,Gabriella,Simon,1951-06-19,(981) 555-0135,gabriella.simon11@example.com,16934 Barbara Via Apt. 320,East Julie,CT,06546,3DD1TN4XK49,B-H-00009,
B-C-00012,Joseph,Mejia,1954-04-24,(287) 555-0132,joseph.mejia12@example.com,18304 Travis Mission Apt. 285,Hernandezland,OR,97729,5JQ9UA9JD70,B-H-00010,
B-C-00013,Stephen,Mejia,1990-10-08,(287) 555-0132,,18304 Travis Mission Apt. 285,Hernandezland,OR,97729,,B-H-00010,
B-C-00014,Richard,Morrison,2004-08-16,(640) 555-0180,richard.morrison14@example.com,68784 David Court Suite 558,Kariborough,CO,80675,,B-H-00011,
B-C-00015,James,Jennings,1946-06-28,(549) 555-0147,,41600 Patrick Terrace,Port Jimmy,DC,20241,6QA4W45DD99,B-H-00012,
B-C-00016,Stephen,Smith,1942-01-18,(271) 555-0152,stephen.smith16@example.com,12694 Aimee Rue,Rickeyburgh,DE,19937,4NG0D59UC75,B-H-00013,
B-C-00017,Katherine,Smith,1965-12-24,(798) 555-0169,katherine.smith17@example.com,12694 Aimee Rue,Rickeyburgh,DE,19937,5HA8EV3RJ29,B-H-00013,
B-C-00018,Madison,Franklin,1943-08-17,(569) 555-0149,madison.franklin18@example.com,01337 Rogers Gateway Apt. 844,Thomasfort,MN,55129,5JJ0WA0JU00,B-H-00014,
B-C-00019,Sarah,Shannon,1963-03-08,(939) 555-0184,sarah.shannon19@example.com,18520 Harris Walk Apt. 670,Lake Heidibury,PA,16584,8J96X79YJ13,B-H-00015,
B-C-00020,Kylie,Franklin,1934-09-06,(300) 555-0184,kylie.franklin20@example.com,06011 Johnson Ridges,West Joshua,WY,82471,9KJ2C36CR14,B-H-00016,
B-C-00021,Colleen,Franklin,1958-04-10,(300) 555-0184,colleen.franklin21@example.com,06011 Johnson Ridges,West Joshua,WY,82471,9YQ1P86FM78,B-H-00016,
B-C-00022,Richard,Perez,2000-08-21,(799) 555-0144,richard.perez22@example.com,55501 Veronica Haven,Lauraton,NC,27336,,B-H-00017,
B-C-00023,Ralph,Li,1988-05-15,(971) 555-0152,ralph.li23@example.com,17171 Andrew View,Tammyhaven,WY,82279,,B-H-00018,
B-C-00024,Tyler,Li,1937-12-14,(971) 555-0152,tyler.li24@example.com,17171 Andrew View,Tammyhaven,WY,82279,9MC2U75CX24,B-H-00018,
B-C-00025,Pamela,Graves,1945-07-26,(734) 555-0179,pamela.graves25@example.com,8654 Philip Mountains Apt. 874,Williamsborough,NE,69137,3NF4GH5FN60,B-H-00019,
B-C-00026,Jill,Graves,1938-09-01,(201) 555-0129,jill.graves26@example.com,8654 Philip Mountains Apt. 874,Williamsborough,NE,69137,9FE2VW8QY61,B-H-00019,
B-C-00027,Samuel,Daniels,1958-05-04,(543) 555-0131,samuel.daniels27@example.com,868 Michael Prairie,Nicholaschester,ND,58042,9AF3N45EQ86,B-H-00020,
B-C-00028,Lori,Bailey,1933-11-14,(384) 555-0111,lori.bailey28@example.com,25634 Kristin Coves Suite 073,Port Samantha,GA,30405,6DD6WQ8NK87,B-H-00021,
B-C-00029,Wesley,Simpson,1974-04-11,(541) 555-0158,wesley.simpson29@example.com,4515 Laura Forge Apt. 655,Campbellville,CT,06678,,B-H-00022,
B-C-00030,Alexis,Jackson,1957-10-23,(805) 555-0149,alexis.jackson30@example.com,73420 Williamson Rapid,Edwardstad,DE,19755,3DE8WF4DY96,B-H-00023,
B-C-00031,Lindsay,Duran,1955-09-12,(665) 555-0197,lindsay.duran31@example.com,85076 Rebecca Plaza Suite 082,Lawsonville,GA,30837,5WT4VN6GH78,B-H-00024,
B-C-00032,Jacqueline,Vasquez,1950-11-03,(755) 555-0158,,2451 Williams Shore Suite 145,Richardstown,NE,68411,1VQ2X85HF23,B-H-00025,
B-C-00033,Annette,Vasquez,1934-04-30,(710) 555-0125,annette.vasquez33@example.com,2451 Williams Shore Suite 145,Richardstown,NE,68411,5XU1KM1PQ14,B-H-00025,
B-C-00034,Jesse,Griffin-Steele,1956-12-02,(891) 555-0109,jesse.griffinsteele34@example.com,79223 Rodriguez Garden,Ryanfurt,NC,27615,7AU1J36XH00,B-H-00026,
B-C-00035,Wanda,Steele,1933-10-10,(235) 555-0177,wanda.steele35@example.com,79223 Rodriguez Garden,Ryanfurt,NC,27615,5GJ6FH3TF43,B-H-00026,
B-C-00036,Seth,Watson,1978-11-05,(877) 555-0134,,16489 Alison Route,Karenland,CT,06967,8WC7H96XK59,B-H-00027,
B-C-00037,Richard,Williams,1944-02-10,(522) 555-0160,williams.family38@example.com,0837 Tiffany Creek Apt. 749,North Samuel,GA,30927,8KY9N98XH67,B-H-00028,
B-C-00038,Victoria,Williams,1935-05-06,(522) 555-0160,williams.family38@example.com,0837 Tiffany Creek Apt. 749,North Samuel,GA,30927,3W14NU3XP94,B-H-00028,
B-C-00039,Paul,Bradford,1948-09-13,(620) 555-0102,paul.bradford39@example.com,3493 Ashley Key Apt. 496,South James,OR,97678,3C04PC9WA63,B-H-00029,
B-C-00040,Ronnie,Bradford,1967-02-24,(620) 555-0102,ronnie.bradford40@example.com,3493 Ashley Key Apt. 496,South James,OR,97678,,B-H-00029,
B-C-00041,Jason,Fritz,1949-01-10,(944) 555-0137,jason.fritz41@example.com,3353 Beasley Heights Suite 175,South Billyport,NV,89476,3E85AX1GD59,B-H-00030,
B-C-00042,Brian,Anderson,1937-12-05,(735) 555-0174,brian.anderson42@example.com,571 Kyle Springs,Lake Katelyn,TX,77335,4D07JC3JG49,B-H-00031,
B-C-00043,Kathy,Cook,1952-05-15,(976) 555-0185,kathy.cook43@example.com,197 Delgado Bypass,Robertborough,AR,72001,6M01W22JR88,B-H-00032,
B-C-00044,Jessica,Murray,1944-02-29,(232) 555-0114,jessica.murray44@example.com,2353 Hudson Gardens Suite 854,Levyfort,CT,06646,7T78PA7FA81,B-H-00033,
B-C-00045,Steven,Porter,1952-09-29,(412) 555-0179,steven.porter45@example.com,3098 Flowers Crossing Suite 795,Danieltown,NE,68741,9NH2TG7QR98,B-H-00034,
B-C-00046,Dana,Hansen,1957-08-09,(497) 555-0191,dana.hansen46@example.com,6278 David Turnpike,South Adrianport,AZ,85192,8WJ8KU2HU00,B-H-00035,
B-C-00047,Angelica,Blevins,1934-07-16,(591) 555-0110,angelica.blevins47@example.com,103 Ellison Hollow Suite 299,South Timothymouth,WV,24990,2FQ6C88RX61,B-H-00036,
B-C-00048,Katherine,Morgan-Willis,1937-03-03,(516) 555-0122,katherine.morganwillis48@example.com,941 Perez Locks,Coopertown,NC,27065,3Q80MR9AE74,B-H-00037,
B-C-00049,Rodney,Lee,1945-09-10,(205) 555-0142,rodney.lee49@example.com,195 Melissa Light,West Bryanside,CO,80930,4H83GX9WR51,B-H-00038,
B-C-00050,Danielle,Cook,1945-05-19,(872) 555-0196,danielle.cook50@example.com,209 Misty Harbors Apt. 579,Robertsonborough,UT,84270,8AV8RM0RU56,B-H-00039,
B-C-00051,Tara,Rivas,1959-03-25,(320) 555-0160,,8455 Carolyn Islands Apt. 138,West Adam,NE,69308,1TQ1XE8EM98,B-H-00040,
B-C-00052,Adrienne,Rivas,1956-08-01,(320) 555-0160,adrienne.rivas52@example.com,8455 Carolyn Islands Apt. 138,West Adam,NE,69308,4N26V91AW28,B-H-00040,
B-C-00053,Jennifer,Leonard,1937-05-23,(870) 555-0111,,047 Walker Wells Apt. 831,Davidside,NC,27665,6JW2XM4DX14,B-H-00041,
B-C-00054,David,Graham,1935-12-11,(850) 555-0101,david.graham54@example.com,17221 Townsend Spurs,Bethfort,VA,23213,8C62DP0EH43,B-H-00042,
B-C-00055,Sarah,Sanchez,1943-08-10,(253) 555-0162,sarah.sanchez55@example.com,8460 Ashley Coves,West Johnny,CT,06584,4XC3N56AF85,B-H-00043,
B-C-00056,Thomas,Vega-Rowland,1957-05-12,(607) 555-0173,thomas.vegarowland56@example.com,50614 Gonzalez Burg,East Danielle,DC,20343,8F03NX0YQ05,B-H-00044,
B-C-00057,Veronica,Dalton,1946-02-15,(336) 555-0158,veronica.dalton57@example.com,86999 Kimberly Light,Kerrport,SD,57446,9EG9D64FW34,B-H-00045,
B-C-00058,Megan,Dalton,1953-04-29,(578) 555-0183,megan.dalton58@example.com,86999 Kimberly Light,Kerrport,SD,57446,7V43QD7FH57,B-H-00045,
B-C-00059,Anthony,Wilson,1946-10-07,(510) 555-0112,anthony.wilson59@example.com,818 Love Hollow Apt. 423,Michaelchester,ND,58127,6KV4GJ3CY57,B-H-00046,
B-C-00060,Sean,Wilson,1955-07-19,(575) 555-0171,sean.wilson60@example.com,818 Love Hollow Apt. 423,Michaelchester,ND,58127,9T79EW0XX83,B-H-00046,
B-C-00061,Jessica,Combs,1965-03-24,(782) 555-0151,jessica.combs61@example.com,7485 Reynolds Loop,Arthurfort,WY,83049,,B-H-00047,
B-C-00062,Kevin,Khan,1965-08-27,(412) 555-0184,,70127 Smith Meadow,Lake Regina,UT,84523,4FD2XW3JV16,B-H-00048,
B-C-00063,Jennifer,Bond,1937-08-14,(925) 555-0190,jennifer.bond63@example.com,91373 Richard Islands,North Nicole,AL,36323,5D68YG5WV31,B-H-00049,
B-C-00064,Christie,Andrews,1937-08-25,(720) 555-0184,christie.andrews64@example.com,369 Mark Ridge,Jacobview,WV,25771,7F72XM9HW17,B-H-00050,
B-C-00065,David,Murray,1992-10-30,(825) 555-0145,david.murray65@example.com,248 Andrea Course,Port Robin,TX,78963,,B-H-00051,
B-C-00066,Benjamin,Garcia,1962-02-19,(526) 555-0168,benjamin.garcia66@example.com,24955 Melissa Tunnel,New Ashley,CO,80403,,B-H-00052,
B-C-00067,Belinda,Garcia,1948-11-21,(526) 555-0168,benjamin.garcia66@example.com,24955 Melissa Tunnel,New Ashley,CO,80403,8KC2YY0TD66,B-H-00052,
B-C-00068,Theresa,Barrett,1947-12-05,(311) 555-0102,theresa.barrett68@example.com,38656 Keith Well Apt. 201,East Jenniferfort,NE,68139,4MJ9GN2YN96,B-H-00053,
B-C-00069,Joshua,Lopez,1967-04-04,(249) 555-0123,joshua.lopez69@example.com,41436 Thomas Tunnel,Lake Jessicaburgh,SD,57531,,B-H-00054,
B-C-00070,Melissa,Lopez,1940-01-24,(428) 555-0136,melissa.lopez70@example.com,41436 Thomas Tunnel,Lake Jessicaburgh,SD,57531,4A24N84EW40,B-H-00054,
B-C-00071,Michael,Smith,1994-05-01,(804) 555-0163,michael.smith71@example.com,563 Edward Mission,Roseton,CO,80150,,B-H-00055,
B-C-00072,Anthony,Schmitt,1994-04-14,(243) 555-0153,anthony.schmitt72@example.com,8536 Adrienne Port,West Michaelport,DC,20256,,B-H-00056,
B-C-00073,Darryl,Smith,1955-08-04,(830) 555-0133,darryl.smith73@example.com,209 Rogers Viaduct,South Christopherborough,OK,73633,1JM7VF0HR34,B-H-00057,
B-C-00074,Tina,Carter,1943-08-22,(831) 555-0171,tina.carter74@example.com,8631 Yu Glen,South Morganfurt,CA,93421,4ED7VR0NT76,B-H-00058,
B-C-00075,Christian,Carter,1996-03-19,(584) 555-0121,christian.carter75@example.com,8631 Yu Glen,South Morganfurt,CA,93421,,B-H-00058,
B-C-00076,Gina,Smith,1964-03-06,(730) 555-0151,gina.smith76@example.com,47644 Jackson Hill,Lake Zacharyberg,CT,06341,,B-H-00059,
B-C-00077,Christopher,Smith-Ford,1950-06-12,(247) 555-0126,christopher.smithford77@example.com,47644 Jackson Hill,Lake Zacharyberg,CT,06341,4G75HU6NT69,B-H-00059,
B-C-00078,Dustin,Mcdaniel,1945-03-15,(680) 555-0169,dustin.mcdaniel78@example.com,7199 Anderson Street Suite 406,East Monica,WY,82109,5FP7FT7RV69,B-H-00060,
B-C-00079,Frank,Mcdaniel,1951-09-05,(918) 555-0186,frank.mcdaniel79@example.com,7199 Anderson Street Suite 406,East Monica,WY,82109,5V55DR5GX27,B-H-00060,
B-C-00080,Holly,Russell,1950-05-15,(524) 555-0176,holly.russell80@example.com,31234 Kimberly Meadows,Elliottton,NC,27879,8TC4XY0XR78,B-H-00061,
B-C-00081,Mitchell,Russell,1960-08-04,(524) 555-0176,mitchell.russell81@example.com,31234 Kimberly Meadows,Elliottton,NC,27879,5CY0YG4VP27,B-H-00061,
B-C-00082,Robert,Russell,1948-12-13,(524) 555-0176,,31234 Kimberly Meadows,Elliottton,NC,27879,3NM3QR9WP99,B-H-00061,
B-C-00083,Chase,Webb,1951-05-31,(268) 555-0181,chase.webb83@example.com,3379 Hoffman Pine,Ortizview,WY,82616,9M39UJ0PC76,B-H-00062,
B-C-00084,Michael,Ellison,1975-01-21,(638) 555-0137,,6004 Zachary Hollow Apt. 433,Andrewview,PA,16836,,B-H-00063,
B-C-00085,William,Ellison,1934-06-20,(525) 555-0133,william.ellison85@example.com,6004 Zachary Hollow Apt. 433,Andrewview,PA,16836,9CU7EE3CQ21,B-H-00063,
B-C-00086,Christopher,Curtis,1994-05-14,(346) 555-0111,christopher.curtis86@example.com,4235 Joseph Lights,Port Justinview,WV,25401,,B-H-00064,
B-C-00087,Brandy,Curtis,1952-12-18,(346) 555-0111,brandy.curtis87@example.com,4235 Joseph Lights,Port Justinview,WV,25401,7UT6XF1XE05,B-H-00064,
B-C-00088,Adam,Curtis,1937-07-14,(696) 555-0112,adam.curtis88@example.com,4235 Joseph Lights,Port Justinview,WV,25401,1AX3P19GG53,B-H-00064,
B-C-00089,Ronald,Arnold,1958-04-11,(298) 555-0142,ronald.arnold89@example.com,640 Matthew Curve,Evanmouth,OR,97248,8AR2Y86GC15,B-H-00065,
B-C-00090,Erin,Arnold,1945-11-16,(419) 555-0149,erin.arnold90@example.com,640 Matthew Curve,Evanmouth,OR,97248,5QV0TV4QJ87,B-H-00065,
B-C-00091,James,Solis,1959-11-26,(670) 555-0124,james.solis91@example.com,83256 Harrington Bypass,North Rebeccamouth,AR,71882,5WN0K65EQ73,B-H-00066,
B-C-00092,Christopher,Solis,1944-04-23,(530) 555-0106,christopher.solis92@example.com,83256 Harrington Bypass,North Rebeccamouth,AR,71882,4XT1WN8RU16,B-H-00066,
B-C-00093,Megan,Nelson,1948-05-30,(860) 555-0125,megan.nelson93@example.com,987 Cassie Village,Port Timothy,VT,05876,8K39RJ3UX22,B-H-00067,
B-C-00094,Pam,Reed,1937-06-28,(850) 555-0198,pam.reed94@example.com,7980 Marissa Park Suite 668,Nicolestad,MA,01458,2W91NK5GE18,B-H-00068,
B-C-00095,Bobby,Ortiz-Gonzalez,1945-12-31,(930) 555-0163,bobby.ortizgonzalez95@example.com,23979 Theresa Summit Apt. 787,Morrisstad,CO,81257,1GN1NH8QK26,B-H-00069,
B-C-00096,Jessica,Ortiz,1944-08-28,(899) 555-0183,jessica.ortiz96@example.com,23979 Theresa Summit Apt. 787,Morrisstad,CO,81257,1YP0CG2JW46,B-H-00069,
B-C-00097,Donna,Ortiz,1958-11-27,(208) 555-0131,donna.ortiz97@example.com,23979 Theresa Summit Apt. 787,Morrisstad,CO,81257,8F57CX9EG94,B-H-00069,
B-C-00098,Elizabeth,Moore,1941-04-02,(354) 555-0112,elizabeth.moore98@example.com,62216 Kristina Lights,Arnoldmouth,KY,40921,1M26R60QJ82,B-H-00070,
B-C-00099,Cynthia,Wagner,1935-10-24,(710) 555-0129,cynthia.wagner99@example.com,83896 Jason Orchard,Mcculloughland,FL,33297,3C62WQ1FF32,B-H-00071,
B-C-00100,Gary,Wagner,1950-06-13,(710) 555-0129,gary.wagner100@example.com,83896 Jason Orchard,Mcculloughland,FL,33297,4WG6XJ7HM69,B-H-00071,
B-C-00101,Monica,Williams,1951-08-21,(862) 555-0140,monica.williams101@example.com,067 John Mountain,West Christopher,PA,16024,2UN3FF7YY75,B-H-00072,
B-C-00102,Sheryl,Martin,1940-03-24,(854) 555-0145,sheryl.martin102@example.com,1743 Kevin Ville Suite 023,Staceyburgh,KY,41752,7CJ2J17AE40,B-H-00073,
B-C-00103,Nicholas,Ramos,1941-01-08,(208) 555-0142,nicholas.ramos103@example.com,89156 Lopez Harbors,Crawfordfort,RI,02865,5F85AT4JV20,B-H-00074,
B-C-00104,Joshua,Salazar,2002-05-10,(890) 555-0126,joshua.salazar104@example.com,1016 Charles Skyway Apt. 950,North Nicholaston,NE,68734,,B-H-00075,
B-C-00105,Dylan,Rowe,1954-04-02,(606) 555-0184,dylan.rowe105@example.com,20024 Palmer Run,Larryside,CT,06739,5E67EP9MX73,B-H-00076,
B-C-00106,William,Rowe,1938-06-23,(520) 555-0137,william.rowe106@example.com,20024 Palmer Run,Larryside,CT,06739,4FU5RA1EH26,B-H-00076,
B-C-00107,Sherry,Higgins,1981-09-03,(658) 555-0147,sherry.higgins107@example.com,82209 Gonzalez Courts Suite 265,Elizabethside,AZ,85214,,B-H-00077,
B-C-00108,Susan,Sanchez,1944-10-07,(956) 555-0175,susan.sanchez108@example.com,8460 Ashley Coves,West Johnny,CT,06584,1NN7UX7YW36,B-H-00078,
B-C-00109,Hunter,Gonzalez,1944-01-08,(514) 555-0185,hunter.gonzalez109@example.com,4929 Orr Lodge,Port Jayton,WV,26047,1N45JK0PA89,B-H-00079,
B-C-00110,Melissa,Gonzalez,1955-09-06,(514) 555-0185,melissa.gonzalez110@example.com,4929 Orr Lodge,Port Jayton,WV,26047,6MY9RV6NC21,B-H-00079,
B-C-00111,Emma,Williams,1959-03-17,(262) 555-0175,emma.williams111@example.com,254 Kyle Crossing Apt. 854,Lauraview,LA,70521,9R41UN4EV27,B-H-00080,
B-C-00112,Katie,Zimmerman,1952-01-25,(449) 555-0136,katie.zimmerman112@example.com,269 Paul Overpass,Floresbury,DE,19857,5DU4WT5WH09,B-H-00081,
B-C-00113,Tanya,Zimmerman,1958-04-10,(449) 555-0136,tanya.zimmerman113@example.com,269 Paul Overpass,Floresbury,DE,19857,6P48A67YE11,B-H-00081,
B-C-00114,Kenneth,Mcdonald,1954-07-19,(293) 555-0150,kenneth.mcdonald114@example.com,1678 Lisa Vista Suite 988,Kingview,OK,73969,2R29J10MQ14,B-H-00082,
B-C-00115,Stacey,Mcdonald,1936-01-09,(293) 555-0150,,1678 Lisa Vista Suite 988,Kingview,OK,73969,9KR9VR6VQ69,B-H-00082,
B-C-00116,Ashley,Foster,1938-01-06,(657) 555-0100,ashley.foster116@example.com,34414 Hunter Islands,North Ginamouth,DE,19863,7UC4RW6DD14,B-H-00083,
B-C-00117,Ryan,West,1972-11-10,(526) 555-0144,ryan.west117@example.com,9581 Orozco Mall,Wilsonstad,NJ,07886,,B-H-00084,
B-C-00118,Ralph,Becker,1968-09-23,(705) 555-0138,ralph.becker118@example.com,7433 Tran Squares Apt. 279,Guerraville,NM,87725,,B-H-00085,
B-C-00119,Daniel,Martinez,1957-02-13,(421) 555-0155,daniel.martinez119@example.com,1256 Lewis Forks,Rodriguezmouth,SD,57026,2UG6VC8AV15,B-H-00086,
B-C-00120,Kevin,Phillips,1940-04-12,(618) 555-0142,kevin.phillips120@example.com,1698 Kelley Parkways,Meltonmouth,SD,57257,3E43NC1EJ44,B-H-00087,
B-C-00121,Keith,Phillips,1973-07-26,(618) 555-0142,,1698 Kelley Parkways,Meltonmouth,SD,57257,,B-H-00087,
B-C-00122,Jennifer,Suarez,1937-07-04,(600) 555-0156,jennifer.suarez122@example.com,858 Melissa Stravenue,North Justinton,NC,28403,6M26TN9DM99,B-H-00088,
B-C-00123,Donna,Cline,1941-12-09,(257) 555-0109,donna.cline123@example.com,32902 Donald Mountains,North Caitlynborough,GA,30933,5UR0XR0RK72,B-H-00089,
B-C-00124,Bruce,Cline,1949-09-23,(685) 555-0194,bruce.cline124@example.com,32902 Donald Mountains,North Caitlynborough,GA,30933,5JR2A51YQ53,B-H-00089,
B-C-00125,Dale,Frank,1934-03-09,(448) 555-0144,dale.frank125@example.com,39304 Ryan Junction Apt. 802,Curtisport,NC,28362,1NJ6R87VH20,B-H-00090,
B-C-00126,Andrew,Frank,1951-11-02,(342) 555-0165,,39304 Ryan Junction Apt. 802,Curtisport,NC,28362,7V85DJ3GR73,B-H-00090,
B-C-00127,Timothy,Burke,1944-09-28,(591) 555-0151,timothy.burke127@example.com,9799 Simon Mountains,West Jennifer,AR,72021,7MF5N50UW68,B-H-00091,
B-C-00128,Amanda,Carter,1965-09-17,(976) 555-0156,amanda.carter128@example.com,4416 Austin Cove,Haleymouth,DE,19753,,B-H-00092,
B-C-00129,Amanda,Carter,1936-07-16,(473) 555-0192,amanda.carter129@example.com,4416 Austin Cove,Haleymouth,DE,19753,9F17XC2XK17,B-H-00092,
B-C-00130,Teresa,West,1997-02-03,(256) 555-0166,teresa.west130@example.com,063 Hill Cliffs Suite 452,Heathermouth,NV,89492,,B-H-00093,
B-C-00131,Charles,Woods,1938-01-25,(485) 555-0153,charles.woods131@example.com,7312 Tran Road Apt. 228,Port Kathleen,RI,02874,4GH8EF8DT18,B-H-00094,
B-C-00132,Jennifer,Brown,1936-11-08,(647) 555-0161,jennifer.brown132@example.com,2629 Mark River Apt. 876,Lake Curtis,KY,40654,3PA4CG5WY88,B-H-00095,
B-C-00133,Andrew,Myers,1960-01-07,(961) 555-0163,andrew.myers133@example.com,459 Emily Falls Suite 420,South James,DC,20077,8M11NY8DT57,B-H-00096,
B-C-00134,Aaron,Myers,1994-02-02,(961) 555-0163,aaron.myers134@example.com,459 Emily Falls Suite 420,South James,DC,20077,,B-H-00096,
B-C-00135,Mary,Williams,1952-11-03,(204) 555-0163,mary.williams135@example.com,302 Sherman Forge,Lake James,RI,02840,8WD3AA7RT07,B-H-00097,
B-C-00136,Elizabeth,Williams,1944-03-08,(204) 555-0163,elizabeth.williams136@example.com,302 Sherman Forge,Lake James,RI,02840,9NV8U97EQ25,B-H-00097,
B-C-00137,Amy,Woods,1975-03-12,(950) 555-0174,amy.woods137@example.com,7222 Ronald Manor,North Frankshire,SD,57418,,B-H-00098,
B-C-00138,Christian,Jackson,1944-11-13,(220) 555-0142,christian.jackson138@example.com,50455 Thomas Pines,Knightburgh,GA,31212,5PP8W94PA61,B-H-00099,
B-C-00139,Amy,Jackson,1988-07-13,(220) 555-0142,,50455 Thomas Pines,Knightburgh,GA,31212,,B-H-00099,
B-C-00140,Howard,Hudson,1940-05-28,(340) 555-0150,howard.hudson140@example.com,537 Denise Walks,East Gabriel,WY,82971,7U97X15QM06,B-H-00100,
B-C-00141,Timothy,Cervantes,1939-01-23,(638) 555-0140,timothy.cervantes141@example.com,3687 Lee Mount,Port Markton,NV,89770,8T74UT1YN73,B-H-00101,
B-C-00142,Beth,Cervantes,1945-03-31,(710) 555-0149,beth.cervantes142@example.com,3687 Lee Mount,Port Markton,NV,89770,4NK8Y74DG78,B-H-00101,
B-C-00143,Ashley,Ellison,1944-06-27,(382) 555-0158,,6004 Zachary Hollow Apt. 433,Andrewview,PA,16836,1FN4GP7HC66,B-H-00102,
B-C-00144,John,Tran,1959-06-12,(723) 555-0184,john.tran144@example.com,23989 Meghan Light Suite 031,North Christina,LA,71361,4XM3YV8KK27,B-H-00103,
B-C-00145,William,Tran,1956-03-18,(577) 555-0198,william.tran145@example.com,23989 Meghan Light Suite 031,North Christina,LA,71361,7AU8W33JM39,B-H-00103,
B-C-00146,Christopher,Glenn,1948-05-07,(478) 555-0174,christopher.glenn146@example.com,04501 Davis Glens,East Tammy,NJ,07029,1H29EA4PF03,B-H-00104,
B-C-00147,Jeffrey,Hayes,1949-12-29,(889) 555-0179,jeffrey.hayes147@example.com,681 Thomas Tunnel,Williamville,DE,19999,4FC6T49XV13,B-H-00105,
B-C-00148,Michael,Eaton,1959-04-19,(872) 555-0171,michael.eaton148@example.com,834 Ashley Radial,Christinebury,MA,01445,5XY3VY9FC08,B-H-00106,
B-C-00149,Jamie,Johnston,1981-04-08,(963) 555-0171,jamie.johnston149@example.com,62570 Paul Spurs Suite 804,Mullinsside,LA,70170,,B-H-00107,
B-C-00150,David,Weaver,1946-09-23,(900) 555-0181,david.weaver150@example.com,3984 Rodriguez Street,Mcneilbury,NC,27310,2WF8NE8ER12,B-H-00108,
B-C-00151,Rachel,Weaver,1951-01-01,(706) 555-0163,rachel.weaver151@example.com,3984 Rodriguez Street,Mcneilbury,NC,27310,1PY3AM4XX24,B-H-00108,
B-C-00152,Denise,Garcia,1983-12-20,(380) 555-0151,denise.garcia152@example.com,197 Carlos Manor,South George,CT,06522,,B-H-00109,
B-C-00153,David,Roy,1935-10-07,(582) 555-0116,david.roy153@example.com,696 Monica Path Suite 089,Smithburgh,PA,16285,3MJ6RU7YQ66,B-H-00110,
B-C-00154,Joshua,Carter,1956-02-12,(529) 555-0187,joshua.carter154@example.com,16845 Jesse Burg Apt. 567,South Jennifer,OR,97198,3N76QG1FW67,B-H-00111,
B-C-00155,Christopher,Lee,1934-09-06,(635) 555-0138,christopher.lee155@example.com,9861 Angela Square,Sullivanmouth,AZ,86578,3KE9V25NW09,B-H-00112,
B-C-00156,Kevin,Gonzalez,1950-05-11,(751) 555-0175,kevin.gonzalez156@example.com,17997 Kim Mountains,East Deanna,OR,97338,2Q03C83JN63,B-H-00113,
B-C-00157,Melissa,Johnson,1942-09-29,(216) 555-0105,melissa.johnson157@example.com,7199 John Plaza Suite 983,East Eddiestad,OR,97164,3J15UE5PW68,B-H-00114,
B-C-00158,Philip,Sullivan,1950-08-06,(858) 555-0172,philip.sullivan158@example.com,00943 Amanda Harbor,New Holly,DC,20474,7F47R27GY35,B-H-00115,
B-C-00159,Micheal,Chung,1944-06-05,(932) 555-0144,micheal.chung159@example.com,054 Williams Motorway Suite 515,Port Gregory,TN,38563,4CC7V10CY58,B-H-00116,
B-C-00160,Wayne,Brown,1947-04-29,(559) 555-0178,,7378 Angela Squares,North Tiffany,TN,37135,6V75CT4UH96,B-H-00117,
B-C-00161,Carolyn,Brown,1999-09-22,(559) 555-0178,,7378 Angela Squares,North Tiffany,TN,37135,,B-H-00117,
B-C-00162,Amy,Moore,1943-08-31,(207) 555-0145,amy.moore162@example.com,255 Chambers Underpass,Karenview,NE,68093,7NF4YM8YD85,B-H-00118,
B-C-00163,Eileen,Clark,1935-11-19,(279) 555-0114,eileen.clark163@example.com,0478 Danielle Valley,Murphyshire,MA,02361,3TV6FA1EE47,B-H-00119,
B-C-00164,Steven,Nguyen,1952-02-01,(521) 555-0115,steven.nguyen164@example.com,5033 Deborah Ramp Apt. 141,Geoffreyside,AR,72926,4C94NW8EQ50,B-H-00120,
B-C-00165,Marvin,Patton,1937-03-10,(212) 555-0103,marvin.patton165@example.com,4478 Navarro Islands Suite 612,Port Carrieport,DC,20363,8FE5YG6KM58,B-H-00121,
B-C-00166,Micheal,Harvey,1957-08-16,(339) 555-0150,micheal.harvey166@example.com,74112 Robbins Valley Suite 135,New Lauraville,OK,74015,1A14Y59JT89,B-H-00122,
B-C-00167,Dean,Frey,1960-06-15,(830) 555-0147,dean.frey167@example.com,590 Mitchell Fort Apt. 835,Andersonville,OK,74007,6YH3TW5VG28,B-H-00123,
B-C-00168,David,Frey,1940-06-02,(445) 555-0129,david.frey168@example.com,590 Mitchell Fort Apt. 835,Andersonville,OK,74007,3K07M17NT54,B-H-00123,
B-C-00169,Heather,Potts,1979-08-01,(857) 555-0187,,22551 Andrea Springs,West Alexis,WY,83190,,B-H-00124,
B-C-00170,Candace,Potts,1953-09-01,(857) 555-0187,candace.potts170@example.com,22551 Andrea Springs,West Alexis,WY,83190,9P14YR0WC50,B-H-00124,
B-C-00171,Lindsey,Brown,1965-10-23,(429) 555-0134,lindsey.brown171@example.com,737 Joshua Camp Apt. 723,Ashleyfurt,GA,31758,,B-H-00125,
B-C-00172,Brandon,Crawford,1936-03-31,(619) 555-0104,,61143 Davis Pass Suite 886,Rodriguezstad,OK,73962,1F04PE0FP07,B-H-00126,
B-C-00173,Melanie,Crawford,1952-12-27,(718) 555-0177,melanie.crawford173@example.com,61143 Davis Pass Suite 886,Rodriguezstad,OK,73962,4RN9CV3HR96,B-H-00126,
B-C-00174,Justin,Kennedy,1963-01-19,(563) 555-0197,justin.kennedy174@example.com,814 Ramirez Tunnel Suite 172,Andersonchester,LA,71085,,B-H-00127,
B-C-00175,Brandy,Glenn,1944-01-13,(851) 555-0118,brandy.glenn175@example.com,7306 Kelsey Cape,Ianmouth,AL,36782,5WD8FT2YE36,B-H-00128,
B-C-00176,Frank,Holland,1946-05-18,(452) 555-0102,,73652 Davis Falls Suite 223,Hardingburgh,WV,26017,4EV3X29UX84,B-H-00129,
B-C-00177,Michael,Caldwell,1993-06-02,(630) 555-0166,michael.caldwell177@example.com,42825 Harper Gardens,Ashleeview,CT,06338,,B-H-00130,
B-C-00178,David,Gordon,1952-10-15,(450) 555-0121,david.gordon178@example.com,9235 Joshua Grove,Nelsonton,TX,75508,6GF3TU5CK48,B-H-00131,
B-C-00179,Brad,Gordon,1949-02-07,(429) 555-0159,brad.gordon179@example.com,9235 Joshua Grove,Nelsonton,TX,75508,4Q66J83MW76,B-H-00131,
B-C-00180,Hunter,Hoover,1949-08-05,(602) 555-0174,,904 Jay Rest Suite 723,Burkeshire,TX,79860,2FA5XK3VY76,B-H-00132,
B-C-00181,John,Hoover,1941-12-15,(574) 555-0185,john.hoover181@example.com,904 Jay Rest Suite 723,Burkeshire,TX,79860,5GU8AX3JD58,B-H-00132,
B-C-00182,James,Brown,1956-12-23,(347) 555-0180,james.brown182@example.com,8851 Kristi Route Suite 348,Carterville,CO,80401,3H48V45FD11,B-H-00133,
B-C-00183,Kevin,Brown,2000-07-13,(329) 555-0162,kevin.brown183@example.com,8851 Kristi Route Suite 348,Carterville,CO,80401,,B-H-00133,
B-C-00184,Michael,Green-Anderson,1937-09-04,(878) 555-0109,,16117 Lucero Walks Suite 290,Thomasview,GA,31699,1X90C17CE78,B-H-00134,
B-C-00185,James,Sanford,1949-10-16,(524) 555-0133,james.sanford185@example.com,81664 Watkins Estates,West Olivia,UT,84389,3G30D37PM54,B-H-00135,
B-C-00186,Jennifer,Fields,1991-04-06,(709) 555-0149,jennifer.fields186@example.com,56896 Dana Throughway Suite 592,Codyborough,MA,01167,,B-H-00136,
B-C-00187,William,Fields,1989-03-08,(824) 555-0159,,56896 Dana Throughway Suite 592,Codyborough,MA,01167,,B-H-00136,
B-C-00188,Julie,Bates,1941-03-17,(508) 555-0156,julie.bates188@example.com,90319 Lowery Fork,Lake Jason,NV,89016,9TA4YQ3MM14,B-H-00137,
B-C-00189,Sheryl,Terrell,1956-08-20,(689) 555-0117,sheryl.terrell189@example.com,2654 Mitchell Lane Suite 838,East Scott,WY,82466,2QY4D01YY13,B-H-00138,
B-C-00190,Debbie,Ford,1960-02-16,(402) 555-0149,debbie.ford190@example.com,47644 Jackson Hill,Lake Zacharyberg,CT,06341,7HG1CQ1HH94,B-H-00139,
B-C-00191,Richard,Burton,1945-02-21,(448) 555-0115,richard.burton191@example.com,400 Kristin Trace Suite 232,Gutierrezside,RI,02900,8MF0G09WR48,B-H-00140,
B-C-00192,Kristina,Burton,1954-05-20,(540) 555-0120,kristina.burton192@example.com,400 Kristin Trace Suite 232,Gutierrezside,RI,02900,6JE7PK5VT62,B-H-00140,
B-C-00193,Grace,Collins,1948-12-30,(647) 555-0124,,955 Weaver Passage Suite 937,Nathanieltown,DC,20215,9XP2DH4UP80,B-H-00141,
B-C-00194,Jerry,Patel,1953-02-25,(465) 555-0106,jerry.patel194@example.com,43244 Wilson Parks,Thompsonfurt,NC,28478,7NQ9XY8VC81,B-H-00142,
B-C-00195,Dana,Aguilar,1952-12-17,(839) 555-0191,dana.aguilar195@example.com,90238 Gonzalez Hills Suite 090,New Angelaview,WY,82806,5WT6AV8GD40,B-H-00143,
B-C-00196,Justin,Rodriguez,1939-11-08,(401) 555-0134,justin.rodriguez196@example.com,6284 Veronica Shoals Suite 225,Smithborough,TX,78542,5UK1GN3DH79,B-H-00144,
B-C-00197,Peter,Herrera,1958-08-08,(674) 555-0199,peter.herrera197@example.com,486 Miles Corner Apt. 414,New Samanthaberg,KY,40731,3N86KJ4UE28,B-H-00145,
B-C-00198,Robert,Murphy,1940-10-11,(831) 555-0195,robert.murphy198@example.com,104 Johnson Lakes,North Renee,CA,91710,5RH1GF4ET97,B-H-00146,
B-C-00199,William,Edwards,1944-11-04,(904) 555-0127,,87461 Taylor Cliff Apt. 182,Port Carlos,NE,69362,4Y00D82AT31,B-H-00147,
B-C-00200,Brent,Edwards,1943-02-09,(557) 555-0179,brent.edwards200@example.com,87461 Taylor Cliff Apt. 182,Port Carlos,NE,69362,3QK4YH0RM18,B-H-00147,
B-C-00201,April,Wheeler,1948-03-03,(275) 555-0104,april.wheeler201@example.com,54152 Randy Inlet Apt. 611,East Thomasberg,GA,30600,5XD6C91QX23,B-H-00148,
B-C-00202,Robert,Reed,1955-10-23,(930) 555-0148,robert.reed202@example.com,663 Brittany Village Apt. 149,Port Tonyaton,SD,57132,3NM6VC0PC32,B-H-00149,
B-C-00203,Ross,Reed,1980-06-13,(930) 555-0148,robert.reed202@example.com,663 Brittany Village Apt. 149,Port Tonyaton,SD,57132,,B-H-00149,
B-C-00204,Angela,Walker,1970-07-14,(713) 555-0190,angela.walker204@example.com,16016 Diana Coves,South Chris,CT,06155,,B-H-00150,
B-C-00205,Kristen,Walker,1957-10-23,(465) 555-0153,kristen.walker205@example.com,16016 Diana Coves,South Chris,CT,06155,4UE5H69VV54,B-H-00150,
B-C-00206,Holly,Mcdaniel,1951-10-28,(446) 555-0137,holly.mcdaniel206@example.com,514 Williams Ferry Suite 016,Port Amy,CT,06021,1UD7V59NP38,B-H-00151,
B-C-00207,Megan,Rivera,1959-03-20,(224) 555-0136,megan.rivera207@example.com,93865 Vincent Walk,East Kevinborough,KY,40275,7XG7MJ8ED99,B-H-00152,
B-C-00208,Jessica,French,1961-12-09,(918) 555-0146,jessica.french208@example.com,9835 Kelley Mill,New Andrewland,CT,06843,,B-H-00153,
B-C-00209,Allen,Mendoza,1944-11-13,(776) 555-0184,allen.mendoza209@example.com,1714 Lisa Ranch Apt. 509,Richardshire,WY,82269,2UG7VP5KA60,B-H-00154,
B-C-00210,Garrett,Jones,1936-06-02,(719) 555-0171,garrett.jones210@example.com,639 Sandoval Lights Apt. 547,West Lucasshire,GA,31659,2P18H63RU81,B-H-00155,
B-C-00211,Grant,Jones,1957-05-06,(719) 555-0171,garrett.jones210@example.com,639 Sandoval Lights Apt. 547,West Lucasshire,GA,31659,5VT4NE2QE93,B-H-00155,
B-C-00212,Brianna,Pineda,1935-08-15,(489) 555-0182,brianna.pineda212@example.com,96341 Sharon Motorway,Lake Jennifer,GA,39974,9KV0P74PH87,B-H-00156,
B-C-00213,Matthew,Pineda,1950-07-24,(489) 555-0182,,96341 Sharon Motorway,Lake Jennifer,GA,39974,3HP9FQ6XQ58,B-H-00156,
B-C-00214,Nicholas,Pineda,1952-03-18,(662) 555-0186,nicholas.pineda214@example.com,96341 Sharon Motorway,Lake Jennifer,GA,39974,5U97XW0UA39,B-H-00156,
B-C-00215,Jacqueline,Vasquez,1986-07-28,(961) 555-0153,,27846 Joe Villages Suite 432,Lake Micheleborough,LA,70423,,B-H-00157,
B-C-00216,Chad,Hammond,1987-10-15,(313) 555-0192,chad.hammond216@example.com,122 Cheryl Hollow Suite 198,East Markhaven,MA,02175,,B-H-00158,
B-C-00217,Alexis,Clark,1951-08-27,(479) 555-0128,,6777 Douglas Terrace Suite 602,Patrickberg,CO,81076,3UR0U58EY51,B-H-00159,
B-C-00218,Brian,Wiley,1940-06-21,(210) 555-0111,brian.wiley218@example.com,204 Garcia Overpass Suite 453,Johnsonfort,CT,06725,8NM8WF3UQ06,B-H-00160,
B-C-00219,Debra,Ray,1969-04-03,(392) 555-0111,debra.ray219@example.com,175 Ward Points Suite 506,West Michelleborough,CO,81068,,B-H-00161,
B-C-00220,Fred,Miller,1936-04-25,(597) 555-0175,fred.miller220@example.com,495 Ward Field,Lake Sheilaside,CT,06936,6GA2VQ7WM86,B-H-00162,
B-C-00221,Suzanne,Miller,1960-09-28,(597) 555-0175,suzanne.miller221@example.com,495 Ward Field,Lake Sheilaside,CT,06936,8KW1CT6YP05,B-H-00162,
B-C-00222,April,Simmons,1977-08-24,(695) 555-0157,april.simmons222@example.com,558 Paul River Apt. 495,Christinafurt,NC,27952,,B-H-00163,
B-C-00223,Jessica,Bishop,1944-04-25,(988) 555-0101,,08057 Kristin Lodge Suite 173,Leonshire,MN,55049,1CJ3MN8NA52,B-H-00164,
B-C-00224,Colin,King,1985-02-13,(556) 555-0138,colin.king224@example.com,4868 Dillon Centers,Lake Grace,CT,06157,,B-H-00165,
B-C-00225,Michael,Howard,1990-07-08,(930) 555-0106,ronald.howard226@example.com,8904 Bonnie Drive,Stevenberg,OR,97325,,B-H-00166,
B-C-00226,Ronald,Howard,1948-07-28,(930) 555-0106,ronald.howard226@example.com,8904 Bonnie Drive,Stevenberg,OR,97325,1A52WG3GV25,B-H-00166,
B-C-00227,Thomas,Thomas,1945-03-24,(666) 555-0194,thomas.thomas227@example.com,715 West Gateway,Millerchester,TN,37214,8EA0E50RJ92,B-H-00167,
B-C-00228,Tamara,Rodriguez,1936-12-18,(357) 555-0109,tamara.rodriguez228@example.com,3879 James Stravenue Apt. 959,Debraview,DC,20375,5V19T23GW42,B-H-00168,
B-C-00229,Thomas,Friedman,1998-06-03,(347) 555-0100,thomas.friedman229@example.com,369 Ford Port,Sullivanshire,FL,33275,,B-H-00169,
B-C-00230,Jack,Torres,1984-06-25,(476) 555-0160,jack.torres230@example.com,60281 Mason Skyway Suite 931,New Theresa,CO,81344,4EK4WP3WJ17,B-H-00170,
B-C-00231,Laura,Bradford,1970-06-20,(542) 555-0154,laura.bradford231@example.com,971 Best Union,Kaylaview,OR,97506,,B-H-00171,
B-C-00232,Jennifer,Rodriguez,1962-10-09,(289) 555-0153,,8079 Brown Avenue,Murphystad,DE,19894,,B-H-00172,
B-C-00233,Andrew,Deleon-Hodge,1942-10-11,(947) 555-0157,andrew.deleonhodge233@example.com,050 Young Locks Suite 608,North Juliechester,NE,68632,3GA2V18DP20,B-H-00173,
B-C-00234,Brittany,Johnson,1940-11-03,(237) 555-0148,brittany.johnson234@example.com,613 Jennifer Groves Apt. 827,Lake Paul,NV,89852,9P76N37QY82,B-H-00174,
B-C-00235,Deborah,Johnson,1957-08-12,(211) 555-0100,deborah.johnson235@example.com,613 Jennifer Groves Apt. 827,Lake Paul,NV,89852,6PC2TX4FG34,B-H-00174,
B-C-00236,Zachary,Lopez,1936-12-07,(430) 555-0109,zachary.lopez236@example.com,726 Fernando Extensions Suite 468,Zavalamouth,OR,97874,3PM7F10MU44,B-H-00175,
B-C-00237,Andrew,Lopez,1959-11-08,(430) 555-0109,andrew.lopez237@example.com,726 Fernando Extensions Suite 468,Zavalamouth,OR,97874,8UX2NH0RQ70,B-H-00175,
B-C-00238,James,Lopez,1953-02-22,(430) 555-0109,,726 Fernando Extensions Suite 468,Zavalamouth,OR,97874,6TR3EH0RQ47,B-H-00175,
B-C-00239,Dustin,Watson,1942-11-07,(478) 555-0131,,0831 Heather Causeway,Scottview,AR,71694,8WX1FE3YT43,B-H-00176,
B-C-00240,Matthew,Smith,1934-08-09,(559) 555-0120,matthew.smith240@example.com,7415 Michael Cliff Suite 217,Warrenbury,OR,97504,4VM3AH2JH74,B-H-00177,
B-C-00241,Andrew,Smith,1954-03-01,(559) 555-0120,andrew.smith241@example.com,7415 Michael Cliff Suite 217,Warrenbury,OR,97504,2JN4JY2AG43,B-H-00177,
B-C-00242,Helen,Franklin,1952-10-15,(647) 555-0128,,5884 Waller Station Suite 601,Mendezport,ND,58019,2X17FC0TK05,B-H-00178,
B-C-00243,Matthew,Franklin,1972-03-15,(681) 555-0154,,5884 Waller Station Suite 601,Mendezport,ND,58019,,B-H-00178,
B-C-00244,Julie,Thompson,1939-08-29,(546) 555-0145,,1709 Adams Stream Apt. 768,Lopezberg,CT,06942,9N72PV4XK39,B-H-00179,
B-C-00245,Donald,Thompson,1945-02-20,(761) 555-0100,donald.thompson245@example.com,1709 Adams Stream Apt. 768,Lopezberg,CT,06942,1PD9A36JD42,B-H-00179,
B-C-00246,Carol,Williams,1945-07-25,(417) 555-0120,carol.williams246@example.com,764 Kari Crescent Suite 614,Roseport,MO,63599,6G76UU2GH30,B-H-00180,
B-C-00247,Angela,Williams,1950-01-16,(417) 555-0120,angela.williams247@example.com,764 Kari Crescent Suite 614,Roseport,MO,63599,6MJ6PX9ND87,B-H-00180,
B-C-00248,Emily,Williams,1934-10-10,(417) 555-0120,emily.williams248@example.com,764 Kari Crescent Suite 614,Roseport,MO,63599,7N75JY0TA66,B-H-00180,
B-C-00249,Samuel,Burns,1974-06-24,(856) 555-0174,,81030 Spencer Courts,Rossland,FL,33212,9V68CU2NR41,B-H-00181,
B-C-00250,Rodney,Burns,1954-08-09,(856) 555-0174,rodney.burns250@example.com,81030 Spencer Courts,Rossland,FL,33212,8EY9MN7KC51,B-H-00181,
B-C-00251,Kevin,Garcia,1958-08-07,(293) 555-0119,,6711 Mckay Route,Port David,KY,40804,4Q24AG7AE16,B-H-00182,
B-C-00252,Jerome,Garcia,1946-08-04,(595) 555-0190,jerome.garcia252@example.com,6711 Mckay Route,Port David,KY,40804,1DT1K56NQ99,B-H-00182,
B-C-00253,Lee,Mitchell,1954-05-25,(824) 555-0121,lee.mitchell253@example.com,6392 Kimberly Lodge,New Jorge,VA,23218,5QV9Q33JE81,B-H-00183,
B-C-00254,Dwayne,Smith,1953-09-30,(793) 555-0198,dwayne.smith254@example.com,5211 Garcia Stravenue Apt. 962,Garciafurt,MA,02208,1DJ9Y84MW78,B-H-00184,
B-C-00255,Charles,Robinson,1938-11-04,(404) 555-0148,charles.robinson255@example.com,61363 Anderson Park,Nicholasborough,CO,80831,7VE7YJ0AV05,B-H-00185,
B-C-00256,Brian,Hawkins,1957-03-17,(223) 555-0127,brian.hawkins256@example.com,40134 Brian Glens Suite 124,North Derrickborough,WV,25954,1XR0RE7PR43,B-H-00186,
B-C-00257,Steven,Singleton,1943-10-23,(464) 555-0125,steven.singleton257@example.com,816 Roy Point,Davidshire,MO,64833,1RE8NH8CA32,B-H-00187,
B-C-00258,Diana,Anderson,1957-03-28,(354) 555-0121,diana.anderson258@example.com,7991 Blanchard Roads Suite 209,New Kevinbury,GA,30322,4AR0MD3JQ26,B-H-00188,
B-C-00259,Jonathan,Cruz,1939-05-27,(337) 555-0118,jonathan.cruz259@example.com,0948 Jessica Village Suite 138,North Jessicaside,TX,77884,7JU1TM8HX93,B-H-00189,
B-C-00260,James,Cruz,1997-10-24,(953) 555-0161,,0948 Jessica Village Suite 138,North Jessicaside,TX,77884,,B-H-00189,
B-C-00261,Shawn,Johns,1940-03-07,(619) 555-0166,shawn.johns261@example.com,8298 Michael Prairie,Kathrynview,NM,88429,9VH2W92CV44,B-H-00190,
B-C-00262,Bradley,Johns,1971-09-21,(981) 555-0154,bradley.johns262@example.com,8298 Michael Prairie,Kathrynview,NM,88429,,B-H-00190,
B-C-00263,Adam,Jones,1953-07-29,(719) 555-0166,adam.jones263@example.com,20002 Watson Forks Apt. 132,Port Markmouth,OR,97547,1CN9AN4PE73,B-H-00191,
B-C-00264,Thomas,Bryant,1934-08-29,(629) 555-0142,thomas.bryant264@example.com,078 Snyder Walks,North Anthonyhaven,CO,80470,1EA9JR0XD94,B-H-00192,
B-C-00265,Jennifer,Lara,1935-05-25,(660) 555-0104,jennifer.lara265@example.com,525 Rodriguez Inlet Apt. 049,South James,HI,96825,6T16CE8TD71,B-H-00193,
B-C-00266,Christopher,Lara,1951-07-09,(331) 555-0132,christopher.lara266@example.com,525 Rodriguez Inlet Apt. 049,South James,HI,96825,1CR1NY4MR86,B-H-00193,
B-C-00267,Caitlyn,Strong,1945-12-31,(519) 555-0133,caitlyn.strong267@example.com,84573 Jensen Hills,Lake Blakefort,CT,06547,1QD6WX7XR11,B-H-00194,
B-C-00268,Kelly,Strong,1957-07-26,(519) 555-0133,,84573 Jensen Hills,Lake Blakefort,CT,06547,8XW1AC3GE10,B-H-00194,
B-C-00269,Chelsea,Hopkins,1976-05-30,(399) 555-0117,chelsea.hopkins269@example.com,988 Collins Passage Apt. 758,South Andrewland,DC,20253,,B-H-00195,
B-C-00270,Phillip,Hopkins,1988-01-30,(926) 555-0159,phillip.hopkins270@example.com,988 Collins Passage Apt. 758,South Andrewland,DC,20253,,B-H-00195,
B-C-00271,Rachel,Dickson,1947-01-20,(762) 555-0182,rachel.dickson271@example.com,063 Lauren Curve,North Dylanberg,OR,97351,5N86HG4RU83,B-H-00196,
B-C-00272,Sharon,Dickson,1938-04-13,(762) 555-0182,sharon.dickson272@example.com,063 Lauren Curve,North Dylanberg,OR,97351,7A03KW2GM19,B-H-00196,
B-C-00273,Angel,Dickson,1934-07-16,(762) 555-0182,angel.dickson273@example.com,063 Lauren Curve,North Dylanberg,OR,97351,1UR2PY6HN01,B-H-00196,
B-C-00274,Anthony,Peterson,1946-12-14,(881) 555-0129,anthony.peterson274@example.com,16968 Hannah Stravenue Apt. 295,North Timothyside,DC,20088,5QY7CP4XM31,B-H-00197,
B-C-00275,Elizabeth,Marsh,1957-04-18,(425) 555-0101,,40581 Garza Crest Suite 091,North Mark,TN,38393,5MH7JG0CX58,B-H-00198,
B-C-00276,Gregory,Barnett,1947-04-30,(614) 555-0174,,6138 Skinner Corner,Kaiserstad,LA,70047,8HX7C40MC16,B-H-00199,
B-C-00277,Cynthia,Barnett,1955-12-03,(614) 555-0174,cynthia.barnett277@example.com,6138 Skinner Corner,Kaiserstad,LA,70047,5AY4F28QJ78,B-H-00199,
B-C-00278,Rachel,Robinson-Terrell,1947-07-01,(568) 555-0150,,9980 Aimee Glens Apt. 390,New Williamberg,VA,20133,9T41AA6RW90,B-H-00200,
B-C-00279,Heather,Terrell,1959-02-03,(568) 555-0150,heather.terrell279@example.com,9980 Aimee Glens Apt. 390,New Williamberg,VA,20133,4FH1K79XC99,B-H-00200,
B-C-00280,Jacob,House,1939-03-14,(211) 555-0154,jacob.house280@example.com,129 Welch Isle Apt. 910,East Samantha,VA,24029,4TG6MJ2CP86,B-H-00201,
B-C-00281,Steven,Brown,1943-09-15,(954) 555-0143,steven.brown281@example.com,235 Allen Haven Apt. 336,Sharonport,PA,18378,3A17HQ0GH40,B-H-00202,
B-C-00282,Matthew,Deleon,1941-11-03,(805) 555-0140,,293 Roberts Canyon Apt. 348,Port Allisonmouth,LA,70136,1NC4V77EN90,B-H-00203,
B-C-00283,Christine,Wright,1947-02-18,(524) 555-0116,christine.wright283@example.com,76311 Gomez Loop Suite 010,Chandlerville,AL,35845,4HJ3HR1KH49,B-H-00204,
B-C-00284,James,Wright,2001-10-20,(573) 555-0167,james.wright284@example.com,76311 Gomez Loop Suite 010,Chandlerville,AL,35845,,B-H-00204,
B-C-00285,Susan,Miller,1959-07-19,(927) 555-0130,susan.miller285@example.com,2983 Johnny Mill Suite 332,Cervantesborough,MO,63377,7MP0FW2JE34,B-H-00205,
B-C-00286,David,Miller,1995-02-01,(925) 555-0119,david.miller286@example.com,2983 Johnny Mill Suite 332,Cervantesborough,MO,63377,,B-H-00205,
B-C-00287,Catherine,Davis,1948-07-06,(451) 555-0157,catherine.davis287@example.com,49498 Marie Haven Apt. 179,Erichaven,LA,71105,3FC1QN6RH39,B-H-00206,
B-C-00288,John,Serrano,1936-03-30,(244) 555-0101,john.serrano288@example.com,475 Davis Flats,Matthewfort,CT,06932,7UF6AJ5VP34,B-H-00207,
B-C-00289,Jason,Hanson,1936-04-07,(271) 555-0124,jason.hanson289@example.com,2370 Robert Light Suite 661,Port Karen,ND,58585,6W41TE9TY39,B-H-00208,
B-C-00290,Danielle,Quinn,1960-07-26,(359) 555-0195,danielle.quinn290@example.com,71226 Shannon Loaf Apt. 674,Bobbymouth,WY,82036,9GU3AP3NF47,B-H-00209,
B-C-00291,Erik,Jordan,1937-07-27,(276) 555-0127,erik.jordan291@example.com,8438 Parker Vista,Port Sean,NV,88915,5X25T45TP86,B-H-00210,
B-C-00292,Gina,Bradford,1937-03-16,(579) 555-0182,gina.bradford292@example.com,6875 Misty Terrace,North Ann,OR,97780,1A54EJ5HU36,B-H-00211,
B-C-00293,Mason,Hanson,1962-01-15,(871) 555-0143,mason.hanson293@example.com,22031 Lee Bypass,Barretthaven,NC,27851,,B-H-00212,
B-C-00294,Brittany,Hanson,1937-11-11,(398) 555-0138,,22031 Lee Bypass,Barretthaven,NC,27851,2VK0YC8CP12,B-H-00212,
B-C-00295,Wendy,Johnson,1954-09-14,(888) 555-0145,wendy.johnson295@example.com,3133 Fischer Lodge Suite 928,Margaretview,DE,19993,2WH5W70RD29,B-H-00213,
B-C-00296,Curtis,Johnson,1948-12-27,(766) 555-0107,curtis.johnson296@example.com,3133 Fischer Lodge Suite 928,Margaretview,DE,19993,4RV8X91MC13,B-H-00213,
B-C-00297,Robert,Morris,1957-06-05,(657) 555-0183,robert.morris297@example.com,460 Chad Forges Apt. 924,Robertborough,CT,06740,3P52J79UD40,B-H-00214,
B-C-00298,Michael,Morris,1938-01-19,(255) 555-0141,michael.morris298@example.com,460 Chad Forges Apt. 924,Robertborough,CT,06740,7W63J98HA79,B-H-00214,
B-C-00299,Maria,Wilson,1957-02-24,(583) 555-0189,,845 Amy Land Suite 241,South Pamberg,DE,19887,8K40PM8EW77,B-H-00215,
B-C-00300,Amanda,Wilson,1993-04-16,(323) 555-0122,amanda.wilson300@example.com,845 Amy Land Suite 241,South Pamberg,DE,19887,,B-H-00215,
B-C-00301,Lynn,Ochoa,1951-12-31,(521) 555-0101,lynn.ochoa301@example.com,726 Patrick Road Apt. 579,South Michael,AZ,86407,9HW5RJ3CJ82,B-H-00216,
B-C-00302,Anthony,Ochoa,1997-02-24,(281) 555-0187,anthony.ochoa302@example.com,726 Patrick Road Apt. 579,South Michael,AZ,86407,,B-H-00216,
B-C-00303,Megan,Castillo,1938-08-29,(562) 555-0142,,49542 Ford Mill,South Benjaminstad,TX,75539,3M65D19CV26,B-H-00217,
B-C-00304,Manuel,Castillo,1940-10-16,(233) 555-0194,manuel.castillo304@example.com,49542 Ford Mill,South Benjaminstad,TX,75539,9P87NH9PN83,B-H-00217,
B-C-00305,Lynn,Mccarthy,1935-06-15,(666) 555-0133,lynn.mccarthy305@example.com,108 Wayne Village Apt. 078,Matthewstad,TN,37126,7VD9CC1EG86,B-H-00218,
B-C-00306,Peggy,Lopez,1947-03-18,(988) 555-0126,peggy.lopez306@example.com,11590 Tiffany Bridge,Whitestad,WY,82670,6X27CX4JT67,B-H-00219,
B-C-00307,Tasha,Lopez,1934-08-19,(988) 555-0126,tasha.lopez307@example.com,11590 Tiffany Bridge,Whitestad,WY,82670,5XM8M52UM07,B-H-00219,
B-C-00308,Andrea,Sparks,1944-11-23,(790) 555-0156,andrea.sparks308@example.com,861 Craig Squares,Andradeburgh,CA,93303,5CV0HD4XX82,B-H-00220,
B-C-00309,Kevin,Knight,1955-01-07,(799) 555-0159,kevin.knight309@example.com,494 Walters Viaduct,South Baileyhaven,NC,27314,6GY9QM4QC13,B-H-00221,
B-C-00310,Francisco,Knight,1942-09-14,(819) 555-0134,,494 Walters Viaduct,South Baileyhaven,NC,27314,5NT1XV9HK28,B-H-00221,
B-C-00311,Danielle,Greene,1978-06-11,(517) 555-0147,danielle.greene311@example.com,6833 Mary Expressway,Amyburgh,RI,02971,9V58RU4HM23,B-H-00222,
B-C-00312,Tyrone,Greene,1940-04-21,(876) 555-0147,tyrone.greene312@example.com,6833 Mary Expressway,Amyburgh,RI,02971,8XM1H49RC67,B-H-00222,
B-C-00313,Vincent,Ramsey,1959-01-23,(410) 555-0145,,39261 Martin Garden Suite 856,Port Vanessa,GA,31856,7A78NQ4DE18,B-H-00223,
B-C-00314,Karen,Nguyen,1959-06-20,(575) 555-0196,karen.nguyen314@example.com,0053 Thompson Brook Apt. 649,Port Scott,PA,17859,3NQ6PV0PM06,B-H-00224,
B-C-00315,James,Nguyen,2001-03-03,(575) 555-0196,karen.nguyen314@example.com,0053 Thompson Brook Apt. 649,Port Scott,PA,17859,,B-H-00224,
B-C-00316,Zachary,Crane,1937-12-22,(969) 555-0134,zachary.crane316@example.com,653 Karen Pines Suite 326,Hardinmouth,CO,81515,9G21U16KW46,B-H-00225,
B-C-00317,Sarah,Crane,1948-12-14,(743) 555-0122,sarah.crane317@example.com,653 Karen Pines Suite 326,Hardinmouth,CO,81515,1WH9YW8NJ67,B-H-00225,
B-C-00318,Denise,Martin,1964-12-04,(610) 555-0144,denise.martin318@example.com,7100 Schroeder Mountain Apt. 766,Stevenshire,NV,88995,,B-H-00226,
B-C-00319,Tammie,Brooks,1959-02-26,(661) 555-0163,tammie.brooks319@example.com,929 Ashley Center Suite 165,Melissaside,PA,19616,2EH6ME9UX95,B-H-00227,
B-C-00320,Michelle,Nguyen,1969-03-02,(486) 555-0127,michelle.nguyen320@example.com,5033 Deborah Ramp Apt. 141,Geoffreyside,AR,72926,,B-H-00228,
B-C-00321,Lauren,Nguyen,1936-09-12,(486) 555-0127,lauren.nguyen321@example.com,5033 Deborah Ramp Apt. 141,Geoffreyside,AR,72926,9W02RR6XA88,B-H-00228,
B-C-00322,Devon,Guzman,1971-02-20,(289) 555-0179,devon.guzman322@example.com,19642 Marcus Crossroad Apt. 655,Colemanchester,NE,69102,,B-H-00229,
B-C-00323,Jermaine,Yoder,1936-04-28,(362) 555-0152,jermaine.yoder323@example.com,58692 Proctor Courts,Joshuaview,DC,20011,7AH9Q63JE97,B-H-00230,
B-C-00324,Tonya,Yoder,1936-08-15,(393) 555-0151,,58692 Proctor Courts,Joshuaview,DC,20011,9XH4DG6QU74,B-H-00230,
B-C-00325,Brian,Yoder,1951-04-05,(895) 555-0188,brian.yoder325@example.com,58692 Proctor Courts,Joshuaview,DC,20011,3EU6V67FW77,B-H-00230,
B-C-00326,Melinda,Smith,1948-07-15,(985) 555-0125,melinda.smith326@example.com,49670 Cruz Cape,East Nicolas,MN,55614,7VT6N26YE47,B-H-00231,
B-C-00327,Donna,Smith,1959-05-30,(985) 555-0125,,49670 Cruz Cape,East Nicolas,MN,55614,6MP8NV3NR39,B-H-00231,
B-C-00328,Renee,Colon,1949-10-02,(560) 555-0180,renee.colon328@example.com,814 Kathryn Groves,Whiteheadberg,NC,28965,9H12UF3WQ56,B-H-00232,
B-C-00329,Andrea,Ross,1958-09-17,(906) 555-0103,,469 Fields Tunnel,Katelynshire,DC,56914,2U17JJ8MJ11,B-H-00233,
B-C-00330,Brandon,Banks,1953-04-22,(675) 555-0170,brandon.banks330@example.com,651 Thomas River Suite 931,Blankenshipport,CO,81341,8HA6P32KC77,B-H-00234,
B-C-00331,Kendra,Banks,1939-07-24,(391) 555-0195,kendra.banks331@example.com,651 Thomas River Suite 931,Blankenshipport,CO,81341,3M77V76CR87,B-H-00234,
B-C-00332,Tammy,Fitzgerald,1951-10-14,(459) 555-0141,tammy.fitzgerald332@example.com,26081 Laura Stravenue,Crawfordfort,WY,82269,9WW8TE5JX59,B-H-00235,
B-C-00333,Kiara,Fitzgerald,1936-02-03,(761) 555-0198,,26081 Laura Stravenue,Crawfordfort,WY,82269,7QT2F18FW03,B-H-00235,
B-C-00334,Cindy,Wise,1935-04-07,(562) 555-0136,chase.wise335@example.com,23098 David Station,South Nancyview,UT,84578,8FT2VM9WG47,B-H-00236,
B-C-00335,Chase,Wise,2003-07-15,(562) 555-0136,chase.wise335@example.com,23098 David Station,South Nancyview,UT,84578,,B-H-00236,
B-C-00336,Melissa,Richardson,1941-02-13,(556) 555-0180,melissa.richardson336@example.com,4154 White Shoal,Doughertyport,WY,82169,9DJ9Y00CD82,B-H-00237,
B-C-00337,David,Carney,1997-10-09,(557) 555-0111,david.carney337@example.com,98179 Simmons Vista,Jordanshire,MO,65643,,B-H-00238,
B-C-00338,Michael,Hill,1936-12-06,(357) 555-0101,michael.hill338@example.com,8868 Diane Course Apt. 871,Jacobhaven,DE,19990,3WP1Y71CK59,B-H-00239,
B-C-00339,Richard,Hill,1951-12-24,(382) 555-0137,richard.hill339@example.com,8868 Diane Course Apt. 871,Jacobhaven,DE,19990,1GX1XC0QE98,B-H-00239,
B-C-00340,Taylor,Jones,1950-09-14,(734) 555-0132,,5759 Rodriguez Tunnel,Carrhaven,CT,06415,3N57H17YW56,B-H-00240,
B-C-00341,Mandy,Shaffer,1943-12-04,(815) 555-0115,mandy.shaffer341@example.com,6333 Reilly Knoll Apt. 208,Kathrynburgh,CO,81612,3MT0M78EE30,B-H-00241,
B-C-00342,Tara,James,1938-12-30,(711) 555-0198,,25871 Nicholas Forge,East Charles,CT,06779,8QV3HM8JY27,B-H-00242,
B-C-00343,Andrew,Castro,1947-05-22,(243) 555-0104,andrew.castro343@example.com,6142 Scott Way Suite 775,New Kelliberg,MS,38894,5TH7VF3HE01,B-H-00243,
B-C-00344,Terri,Smith,1956-07-16,(494) 555-0141,terri.smith344@example.com,432 Maldonado Expressway Apt. 572,Lake Thomasmouth,AR,72617,1VM8KF6KW33,B-H-00244,
B-C-00345,Megan,Cooper,1946-03-10,(626) 555-0138,,776 Mills Underpass Suite 075,South Jeffrey,CT,06127,4T97VD9WR91,B-H-00245,
B-C-00346,David,Ford,1945-08-01,(596) 555-0168,david.ford346@example.com,086 Hutchinson View,East Rebecca,CO,80909,2DE4TQ2AT34,B-H-00246,
B-C-00347,Amanda,Larson,1985-08-14,(583) 555-0155,amanda.larson347@example.com,056 Ball Plain,North Michaelside,MO,65104,,B-H-00247,
B-C-00348,Evelyn,Dennis,1957-06-17,(780) 555-0116,evelyn.dennis348@example.com,299 Walter Centers,New Marystad,GA,39910,5T20RP5YR42,B-H-00248,
B-C-00349,Matthew,Burke,1997-12-15,(277) 555-0112,,05213 Ashley Forge,Youngfurt,MA,05545,,B-H-00249,
B-C-00350,Christopher,Hobbs,1948-10-28,(942) 555-0110,christopher.hobbs350@example.com,3902 Kylie Roads,Stricklandtown,MO,63852,3XQ0W20UC63,B-H-00250,
B-C-00351,Yvonne,Hobbs,1946-12-26,(515) 555-0147,yvonne.hobbs351@example.com,3902 Kylie Roads,Stricklandtown,MO,63852,4VV0U96UX21,B-H-00250,
B-C-00352,Benjamin,Elliott,1940-10-31,(294) 555-0197,benjamin.elliott352@example.com,7820 Rick Freeway,Lisafurt,CT,06077,9EP4VX5NJ55,B-H-00251,
B-C-00353,Wesley,Gross,1958-05-05,(657) 555-0131,wesley.gross353@example.com,18914 Smith Locks Apt. 309,New Patricia,NC,27901,6XV3NT3GQ51,B-H-00252,
B-C-00354,Debra,Lara,1960-01-13,(336) 555-0105,debra.lara354@example.com,3475 Carlos Island,Walshmouth,CT,06746,5H38N24NN47,B-H-00253,
B-C-00355,Alicia,Lee,1936-09-01,(791) 555-0166,alicia.lee355@example.com,050 Mcdaniel Centers Suite 333,Port Madison,FL,32274,9RC3M35QH33,B-H-00254,
B-C-00356,Larry,Moore,1959-09-13,(343) 555-0127,,86086 Hays Circle Apt. 434,East Jeffreymouth,GA,30886,8F76J91AV78,B-H-00255,
B-C-00357,Erin,Moore,1954-10-02,(343) 555-0127,erin.moore357@example.com,86086 Hays Circle Apt. 434,East Jeffreymouth,GA,30886,2X44DV0JE51,B-H-00255,
B-C-00358,Jonathan,Chavez,1935-02-03,(682) 555-0134,jonathan.chavez358@example.com,090 Kaiser Prairie Apt. 449,North Jennifer,KY,41293,9EW0HR8YH82,B-H-00256,
B-C-00359,Amanda,Knight,1943-03-22,(333) 555-0122,amanda.knight359@example.com,2909 Thomas Turnpike Suite 277,Stonechester,RI,02966,5M27Q41FR27,B-H-00257,
B-C-00360,Brooke,Poole,1935-08-27,(445) 555-0125,brooke.poole360@example.com,26163 Joseph Pike,Oliviaburgh,NE,68868,8Y15CE4QT09,B-H-00258,
B-C-00361,John,Hall,1942-04-27,(399) 555-0163,john.hall361@example.com,2927 Hogan Motorway Apt. 515,New Madison,SD,57448,8Q73A78JN28,B-H-00259,
B-C-00362,Brooke,Hall,1938-09-14,(469) 555-0145,brooke.hall362@example.com,2927 Hogan Motorway Apt. 515,New Madison,SD,57448,4GN1PJ8QH18,B-H-00259,
B-C-00363,Diane,Rodriguez,1934-12-23,(645) 555-0162,diane.rodriguez363@example.com,324 John Lodge,Christopherville,GA,31723,8JP7J48FF59,B-H-00260,
B-C-00364,Tasha,Rodriguez,1933-11-14,(645) 555-0162,,324 John Lodge,Christopherville,GA,31723,2AW7GA2XW81,B-H-00260,
B-C-00365,Andrew,Brown,1939-05-21,(626) 555-0180,andrew.brown365@example.com,485 Watson Burgs,North Mistyport,SD,57644,2CA1C40HM93,B-H-00261,
B-C-00366,Claudia,Brown,1956-02-13,(626) 555-0180,claudia.brown366@example.com,485 Watson Burgs,North Mistyport,SD,57644,1WW5N73MF63,B-H-00261,
B-C-00367,Taylor,Robinson,1951-10-13,(512) 555-0151,taylor.robinson367@example.com,8527 Thomas Flat,Beckfort,OR,97542,9WF9U01KQ48,B-H-00262,
B-C-00368,Danielle,Robinson,1951-02-15,(396) 555-0160,danielle.robinson368@example.com,8527 Thomas Flat,Beckfort,OR,97542,2YM4MH9XE64,B-H-00262,
B-C-00369,Joseph,Wright,1935-08-12,(733) 555-0176,joseph.wright369@example.com,525 Tate Lock Suite 985,North Bradleybury,DC,56949,8RG6YY0DJ24,B-H-00263,
B-C-00370,Jose,Wright,1941-07-26,(733) 555-0176,,525 Tate Lock Suite 985,North Bradleybury,DC,56949,9EG5JE6MM26,B-H-00263,
B-C-00371,George,Andrews,1952-01-30,(409) 555-0106,,1098 Jamie Keys,Josephport,CO,81332,9YV3CQ5CJ12,B-H-00264,
B-C-00372,Martin,Edwards,1934-09-03,(704) 555-0175,martin.edwards372@example.com,076 Fisher Plaza Apt. 256,Smithton,NC,28985,9X92VP3KV17,B-H-00265,
B-C-00373,Amanda,Edwards,1935-03-27,(650) 555-0128,amanda.edwards373@example.com,076 Fisher Plaza Apt. 256,Smithton,NC,28985,1W44Q85XU81,B-H-00265,
B-C-00374,Christina,Johnston,1954-05-08,(559) 555-0141,christina.johnston374@example.com,7956 Finley Drives,Mendozaview,OR,97745,5V42CM5WT56,B-H-00266,
B-C-00375,Michelle,Johnston,1944-01-24,(373) 555-0199,michelle.johnston375@example.com,7956 Finley Drives,Mendozaview,OR,97745,6UH2Y92KH90,B-H-00266,
B-C-00376,Jeremy,Tucker,1948-07-02,(259) 555-0143,jeremy.tucker376@example.com,685 Michael Falls,West Stacey,AL,36686,8YP4N63WD79,B-H-00267,
B-C-00377,Morgan,Tucker,1939-07-16,(906) 555-0139,morgan.tucker377@example.com,685 Michael Falls,West Stacey,AL,36686,4VX8UY0WC93,B-H-00267,
B-C-00378,John,Johnson,1942-02-03,(253) 555-0100,john.johnson378@example.com,804 Green Divide Apt. 242,North Corystad,NC,28084,2HY2E57PQ09,B-H-00268,
B-C-00379,Jennifer,Gutierrez,1943-05-17,(276) 555-0103,,954 Roberts Heights,Deantown,SD,57730,5QF9HP5MJ31,B-H-00269,
B-C-00380,Michael,Gutierrez,1942-01-14,(276) 555-0103,,954 Roberts Heights,Deantown,SD,57730,8XX3T81DD24,B-H-00269,
B-C-00381,Brittany,Phillips,1957-01-30,(433) 555-0108,brittany.phillips381@example.com,6854 Stephen Mountains,Walkerberg,ND,58348,3TX9NV1TV67,B-H-00270,
B-C-00382,Matthew,Jackson,1978-11-21,(461) 555-0184,matthew.jackson382@example.com,271 Alexis Forks,Feliciaburgh,OR,97188,,B-H-00271,
B-C-00383,James,Jackson,1954-06-24,(202) 555-0166,james.jackson383@example.com,271 Alexis Forks,Feliciaburgh,OR,97188,6TH0NM8YV24,B-H-00271,
B-C-00384,Kimberly,Davis,1952-10-23,(515) 555-0148,kimberly.davis384@example.com,138 Bryant Curve Suite 366,Brandonhaven,WY,82968,5GD6KU7PM76,B-H-00272,
B-C-00385,Kevin,Beard,1947-09-24,(891) 555-0197,marvin.beard386@example.com,7073 Anthony Stream,West Courtney,PA,16602,2N01MM8UR21,B-H-00273,
B-C-00386,Marvin,Beard,2004-01-17,(891) 555-0197,marvin.beard386@example.com,7073 Anthony Stream,West Courtney,PA,16602,,B-H-00273,
B-C-00387,Miguel,Bryant,1953-12-03,(330) 555-0121,stephen.bryant388@example.com,38061 Cline Trail,Markside,FL,32618,7DW4KQ2QT14,B-H-00274,
B-C-00388,Stephen,Bryant,1940-04-18,(330) 555-0121,stephen.bryant388@example.com,38061 Cline Trail,Markside,FL,32618,2W95TG6DK08,B-H-00274,
B-C-00389,Marc,Martinez,1956-11-08,(682) 555-0193,marc.martinez389@example.com,3870 Scott Track Suite 840,East Heather,MN,55872,8YP3KX0CD73,B-H-00275,
B-C-00390,Brandon,Martinez,1953-08-08,(845) 555-0104,brandon.martinez390@example.com,3870 Scott Track Suite 840,East Heather,MN,55872,6QP7H77DV49,B-H-00275,
B-C-00391,David,Banks,1988-11-04,(251) 555-0114,david.banks391@example.com,94736 Gardner Brooks Suite 516,Noblechester,AZ,85077,,B-H-00276,
B-C-00392,Julie,Hanson,1998-12-30,(871) 555-0153,julie.hanson392@example.com,643 Sanders Pike,Robertchester,NV,89788,,B-H-00277,
B-C-00393,Troy,Thomas-Dougherty,1994-01-11,(923) 555-0190,troy.thomasdougherty393@example.com,37976 Valentine Estate Suite 051,West Janiceport,CO,81504,,B-H-00278,
B-C-00394,Lisa,Mcgrath,1946-08-23,(894) 555-0104,lisa.mcgrath394@example.com,1442 Andrew Ramp,Ortegachester,AZ,85679,9C30D04NP17,B-H-00279,
B-C-00395,Todd,Ritter,1942-12-06,(776) 555-0172,todd.ritter395@example.com,611 Armstrong Canyon,North Nathan,PA,19627,1JA0MK9RM61,B-H-00280,
B-C-00396,Shawn,Ritter,1939-05-02,(954) 555-0170,,611 Armstrong Canyon,North Nathan,PA,19627,8EN7U38HG54,B-H-00280,
B-C-00397,Jonathan,Ritter,1946-01-29,(954) 555-0170,jonathan.ritter397@example.com,611 Armstrong Canyon,North Nathan,PA,19627,3P52YC3MA71,B-H-00280,
B-C-00398,Jack,Patel,1983-04-24,(376) 555-0107,jack.patel398@example.com,02921 Amy Crest Suite 452,North Karenhaven,OR,97620,,B-H-00281,
B-C-00399,John,Mccullough,1973-06-18,(619) 555-0170,laura.mccullough400@example.com,225 Brown Falls,Jasonton,CO,81400,,B-H-00282,
B-C-00400,Laura,Mccullough,1954-09-28,(619) 555-0170,laura.mccullough400@example.com,225 Brown Falls,Jasonton,CO,81400,8NR3YM2VA31,B-H-00282,
B-C-00401,Amanda,Pittman,1965-04-11,(265) 555-0198,amanda.pittman401@example.com,8157 Derek Village,Allenmouth,CT,06899,,B-H-00283,
B-C-00402,Kelly,Pittman,1939-01-27,(265) 555-0198,,8157 Derek Village,Allenmouth,CT,06899,6U23WK2FD72,B-H-00283,
B-C-00403,Austin,Morales,1956-02-28,(698) 555-0184,austin.morales403@example.com,190 Brown Estate,East Amber,WV,25945,6JG5KQ9YG95,B-H-00284,
B-C-00404,Christy,Morales,1940-03-17,(820) 555-0171,christy.morales404@example.com,190 Brown Estate,East Amber,WV,25945,8K32A89AJ33,B-H-00284,
B-C-00405,Christina,Stewart,1938-08-14,(647) 555-0148,christina.stewart405@example.com,739 Hall Locks Suite 740,New Andrewborough,UT,84162,1YT9GD5WJ50,B-H-00285,
B-C-00406,Tyler,Stewart,1945-03-05,(417) 555-0186,tyler.stewart406@example.com,739 Hall Locks Suite 740,New Andrewborough,UT,84162,8GW4VX3QH62,B-H-00285,
B-C-00407,Christina,Andrews,1943-11-07,(976) 555-0169,christina.andrews407@example.com,94229 Hale Causeway,Wellsstad,OR,97710,1U76RE5RW84,B-H-00286,
B-C-00408,Scott,Wright,1951-04-21,(554) 555-0156,scott.wright408@example.com,042 Erin Terrace,Davisshire,WV,24754,9UY8FG3UV45,B-H-00287,
B-C-00409,Nicole,Rowe,1960-01-27,(377) 555-0151,nicole.rowe409@example.com,6845 Smith Harbors Apt. 673,Terryfurt,GA,30850,2WN2A81JQ26,B-H-00288,
B-C-00410,Eric,Cruz,1950-03-15,(830) 555-0174,eric.cruz410@example.com,7767 Fred Forks,Brownborough,DE,19948,5X55QG9QJ73,B-H-00289,
B-C-00411,Travis,Cruz,1986-07-24,(764) 555-0138,travis.cruz411@example.com,7767 Fred Forks,Brownborough,DE,19948,,B-H-00289,
B-C-00412,Richard,Davis,1940-02-07,(235) 555-0145,richard.davis412@example.com,377 Alvarez Port Suite 165,South Crystal,CA,92241,5G68MH1EG16,B-H-00290,
B-C-00413,William,Davis,1960-08-25,(235) 555-0145,richard.davis412@example.com,377 Alvarez Port Suite 165,South Crystal,CA,92241,6KF6GM1TW42,B-H-00290,
B-C-00414,James,Archer,1952-07-04,(607) 555-0130,james.archer414@example.com,6948 Ware Ridge,Michelleborough,WV,24787,6FN0GT0GC09,B-H-00291,
B-C-00415,Kaylee,Archer,1959-03-14,(736) 555-0125,kaylee.archer415@example.com,6948 Ware Ridge,Michelleborough,WV,24787,6G40MV2WX13,B-H-00291,
B-C-00416,Todd,Cisneros,1951-11-07,(664) 555-0187,todd.cisneros416@example.com,6984 Robert Light,East Javierport,TX,78850,3XA5PC9PU92,B-H-00292,
B-C-00417,John,Little,1949-02-21,(652) 555-0125,john.little417@example.com,5486 Wells Lock,Lake Jeremymouth,LA,70129,2GY6TQ9JY96,B-H-00293,
B-C-00418,Haley,Little,1956-05-15,(652) 555-0125,haley.little418@example.com,5486 Wells Lock,Lake Jeremymouth,LA,70129,6PE4P61MU94,B-H-00293,
B-C-00419,Sherri,Dunn,1995-12-30,(916) 555-0162,sherri.dunn419@example.com,54812 Valerie Drive Suite 015,Rodgersview,MN,55562,,B-H-00294,
B-C-00420,Brian,Dunn,1955-02-02,(211) 555-0145,,54812 Valerie Drive Suite 015,Rodgersview,MN,55562,5U73C46FV19,B-H-00294,
B-C-00421,John,Francis,1942-02-11,(947) 555-0145,,86109 Kathryn Junction Suite 360,Brandonchester,RI,02967,4VP3P79KP04,B-H-00295,
B-C-00422,Alyssa,Campos,1948-10-30,(280) 555-0146,alyssa.campos422@example.com,933 David Hollow,New Anthonyview,CO,81109,8Y07V81DM90,B-H-00296,
B-C-00423,Matthew,Moreno,1944-05-18,(569) 555-0157,nicholas.moreno424@example.com,7042 Mccoy Spur,Carrberg,CO,80254,6XH0HG0TP60,B-H-00297,
B-C-00424,Nicholas,Moreno,1935-12-31,(569) 555-0157,nicholas.moreno424@example.com,7042 Mccoy Spur,Carrberg,CO,80254,2NP5PQ4VN29,B-H-00297,
B-C-00425,Bonnie,Hopkins,1946-02-02,(434) 555-0150,bonnie.hopkins425@example.com,5907 Katie Springs,Lake Alejandro,DC,20449,4YD9JX6HK14,B-H-00298,
B-C-00426,Sherri,Sanford,1942-03-30,(767) 555-0135,sherri.sanford426@example.com,81664 Watkins Estates,West Olivia,UT,84389,8XQ4ME6AJ32,B-H-00299,
B-C-00427,Derek,Sanford,1954-08-31,(720) 555-0146,,81664 Watkins Estates,West Olivia,UT,84389,3JR9GW9GR11,B-H-00299,
B-C-00428,Michele,Reed,1995-02-20,(744) 555-0143,michele.reed428@example.com,32228 Cynthia Throughway,Jonberg,MO,63797,,B-H-00300,
B-C-00429,Ryan,Reed,1942-06-18,(652) 555-0150,,32228 Cynthia Throughway,Jonberg,MO,63797,7E44F47UY22,B-H-00300,
B-C-00430,Gregory,Cox,1963-01-12,(414) 555-0157,gregory.cox430@example.com,32678 Victoria Expressway,Tinabury,CO,80046,,B-H-00301,
B-C-00431,Rachel,Ramirez,1994-03-12,(770) 555-0193,rachel.ramirez431@example.com,1669 Robert Curve,Port Juan,DE,19894,,B-H-00302,
B-C-00432,Jill,Smith,1972-12-29,(424) 555-0131,jill.smith432@example.com,29615 David Shoal,Staceystad,KY,40358,1V33JG7EA45,B-H-00303,
B-C-00433,George,Sanchez,1957-06-08,(679) 555-0127,george.sanchez433@example.com,71487 Peggy Crescent,Batesbury,FL,33036,9M23YH3HG43,B-H-00304,
B-C-00434,Holly,Sanchez,1978-12-10,(679) 555-0127,holly.sanchez434@example.com,71487 Peggy Crescent,Batesbury,FL,33036,9RN6KK1CK22,B-H-00304,
B-C-00435,Andrea,Ruiz,1937-04-07,(420) 555-0125,andrea.ruiz435@example.com,6936 Peck Rapids,Bellside,PA,18088,3CP2RX0CN71,B-H-00305,
B-C-00436,Anthony,Kelley,1990-07-03,(444) 555-0195,anthony.kelley436@example.com,2202 Ebony Summit Apt. 326,North Calebfort,GA,30893,,B-H-00306,
B-C-00437,Tara,Hickman,1959-01-01,(428) 555-0100,tara.hickman437@example.com,650 Christopher Trail Apt. 365,West Shaneport,NV,89561,1A80HK8TC18,B-H-00307,
B-C-00438,Vanessa,Hickman,1991-04-13,(428) 555-0100,vanessa.hickman438@example.com,650 Christopher Trail Apt. 365,West Shaneport,NV,89561,,B-H-00307,
B-C-00439,Gregory,Smith,1952-08-21,(391) 555-0103,gregory.smith439@example.com,548 Pedro Inlet,Port Mary,WI,53250,2T69C00NH12,B-H-00308,
B-C-00440,Charles,Holmes,1996-10-13,(523) 555-0126,,498 Andre Shore Apt. 051,Port Kathryn,PA,19020,,B-H-00309,
B-C-00441,Scott,Holmes,1950-10-08,(523) 555-0126,scott.holmes441@example.com,498 Andre Shore Apt. 051,Port Kathryn,PA,19020,8QD9D85TU01,B-H-00309,
B-C-00442,Dana,Guzman,1933-12-25,(520) 555-0174,dana.guzman442@example.com,19642 Marcus Crossroad Apt. 655,Colemanchester,NE,69102,7AG9KK2CJ15,B-H-00310,
B-C-00443,Matthew,Morris,1995-07-08,(427) 555-0175,matthew.morris443@example.com,8309 Graham Cliffs Apt. 148,Derrickchester,LA,70512,,B-H-00311,
B-C-00444,Stephanie,Barrett,1937-11-08,(292) 555-0159,stephanie.barrett444@example.com,5580 Goodwin Courts Apt. 167,Port Michaelfurt,DC,56935,4PM1AQ1PY27,B-H-00312,
B-C-00445,Dustin,Le,1988-12-25,(861) 555-0161,dustin.le445@example.com,570 Clark Square,West Jonathanville,CO,81699,,B-H-00313,
B-C-00446,Brandon,Le,1948-01-31,(683) 555-0127,,570 Clark Square,West Jonathanville,CO,81699,5GF7D81JH22,B-H-00313,
B-C-00447,Pamela,Dunn,1936-09-11,(382) 555-0160,pamela.dunn447@example.com,9304 Jones Pine,New Joshua,OK,74013,3FF8MY0TU22,B-H-00314,
B-C-00448,Ryan,Mata,1942-07-11,(269) 555-0195,ryan.mata448@example.com,121 Chavez Villages Suite 698,Clarkehaven,DC,20393,7W45U25WU15,B-H-00315,
B-C-00449,Cynthia,Mata,1975-12-24,(269) 555-0195,cynthia.mata449@example.com,121 Chavez Villages Suite 698,Clarkehaven,DC,20393,,B-H-00315,
B-C-00450,Chelsea,Savage,1956-10-17,(954) 555-0184,,55167 Velasquez Lane Apt. 060,Amandamouth,CT,06306,4CD7D32QQ11,B-H-00316,
B-C-00451,Tiffany,Savage,1956-02-13,(316) 555-0101,tiffany.savage451@example.com,55167 Velasquez Lane Apt. 060,Amandamouth,CT,06306,1D24MF5EK05,B-H-00316,
B-C-00452,Frank,Salas,1933-11-30,(263) 555-0162,frank.salas452@example.com,743 Knapp Union Apt. 435,Lake Taylor,CO,81340,5XE6CU9HA76,B-H-00317,
B-C-00453,Morgan,Turner,1938-06-25,(444) 555-0146,,6554 Alexandra Course Apt. 440,West Robertfort,GA,30411,1TH6H15DA41,B-H-00318,
B-C-00454,Allen,Turner,1952-05-09,(623) 555-0170,allen.turner454@example.com,6554 Alexandra Course Apt. 440,West Robertfort,GA,30411,8F42XH3VR19,B-H-00318,
B-C-00455,Ashley,Townsend,1936-11-24,(396) 555-0193,ashley.townsend455@example.com,525 Ann Estates,Jordanland,CT,06122,1WE5QU1XP23,B-H-00319,
B-C-00456,Lindsey,Smith,1936-03-12,(243) 555-0160,lindsey.smith456@example.com,71943 Dixon Route Suite 651,South Gregoryberg,CT,06611,1D99CX0HK95,B-H-00320,
B-C-00457,Derek,Martinez,1944-09-10,(695) 555-0103,derek.martinez457@example.com,6454 Brown Lodge,Saraville,SD,57779,2YV2RD9KF62,B-H-00321,
B-C-00458,Joshua,Hartman,1942-06-10,(802) 555-0134,brandon.hartman459@example.com,384 Santos Row,New Williamton,PA,15517,4RM3RP3DM59,B-H-00322,
B-C-00459,Brandon,Hartman,1942-11-29,(802) 555-0134,brandon.hartman459@example.com,384 Santos Row,New Williamton,PA,15517,4N73EV7RC17,B-H-00322,
B-C-00460,Courtney,Price,1958-03-09,(887) 555-0157,,2577 West Prairie,Rossmouth,AZ,85127,2QY3RA2DG57,B-H-00323,
B-C-00461,Christine,Rodriguez,1956-09-02,(625) 555-0132,christine.rodriguez461@example.com,4952 Ashley Field,Christopherside,GA,30215,3G28G83MV86,B-H-00324,
B-C-00462,Timothy,Rodriguez,1983-01-10,(406) 555-0104,,4952 Ashley Field,Christopherside,GA,30215,,B-H-00324,
B-C-00463,Austin,Phelps,1943-06-03,(292) 555-0178,austin.phelps463@example.com,12577 Simmons Harbors Apt. 148,Lake Meghanhaven,CT,06927,7RF1VX6FM34,B-H-00325,
B-C-00464,Emma,Jackson,1959-08-08,(916) 555-0172,,0490 Evans Lodge,Lake Jerryborough,NC,28462,2RN9E14GY23,B-H-00326,
B-C-00465,Pamela,Jackson,1985-04-21,(916) 555-0172,,0490 Evans Lodge,Lake Jerryborough,NC,28462,,B-H-00326,
B-C-00466,Rick,Jackson,1959-06-18,(309) 555-0151,,0490 Evans Lodge,Lake Jerryborough,NC,28462,3TQ0E78TN65,B-H-00326,
B-C-00467,Cheryl,Gregory,1953-07-08,(612) 555-0154,cheryl.gregory467@example.com,650 Clark Manors Suite 362,Port Juliaville,WY,82883,8R50GD4AA24,B-H-00327,
B-C-00468,Joy,Dixon,1955-05-21,(555) 555-0140,joy.dixon468@example.com,3621 Bates Streets Suite 542,North Catherine,GA,30789,8RD2YD9TH34,B-H-00328,
B-C-00469,Amanda,Dixon,1951-01-15,(453) 555-0124,amanda.dixon469@example.com,3621 Bates Streets Suite 542,North Catherine,GA,30789,1T75VM9XH43,B-H-00328,
B-C-00470,Margaret,Santiago,1991-10-10,(920) 555-0188,,50056 Evans Station Suite 076,Port Timothyborough,TN,38307,,B-H-00329,
B-C-00471,Christopher,Griffin,1946-05-14,(866) 555-0161,,4929 Morgan Creek Suite 028,West Angelbury,VA,22569,2TU9WU6WF99,B-H-00330,
B-C-00472,Alyssa,Reed,1951-10-23,(581) 555-0159,alyssa.reed472@example.com,6691 Adams Island,East Pam,GA,31259,2HX4A50FG41,B-H-00331,
B-C-00473,Megan,Newman,1949-05-27,(829) 555-0164,megan.newman473@example.com,6611 Kaitlyn Roads,North Timothy,GA,31603,4UN9U34CT74,B-H-00332,
B-C-00474,Tracy,George,1951-05-31,(542) 555-0167,tracy.george474@example.com,087 Johnson Fort Suite 743,Port Samuelfurt,OK,74897,9CE7FC6NQ29,B-H-00333,
B-C-00475,Robert,Miranda,2002-05-03,(604) 555-0127,robert.miranda475@example.com,432 Gutierrez Point Apt. 652,Joshuafort,TX,78088,,B-H-00334,
B-C-00476,Amy,Cole,1946-09-30,(588) 555-0153,amy.cole476@example.com,790 Paula Radial,Jasmineville,TN,37722,2DH7GJ9UJ43,B-H-00335,
B-C-00477,Darren,Cole,1959-02-14,(588) 555-0153,,790 Paula Radial,Jasmineville,TN,37722,2RH2DQ1FM22,B-H-00335,
B-C-00478,Jennifer,Rodriguez,1941-01-26,(879) 555-0113,jennifer.rodriguez478@example.com,8503 Scott Neck,South Christopher,CT,06671,3MC6FJ7TJ53,B-H-00336,
B-C-00479,Marc,Smith,1991-09-14,(273) 555-0182,marc.smith479@example.com,27108 Banks Haven,Tiffanystad,DC,20525,,B-H-00337,
B-C-00480,Brianna,Quinn,1981-04-09,(619) 555-0143,brianna.quinn480@example.com,5463 Thomas Brooks Suite 364,Brendachester,NV,89111,,B-H-00338,
B-C-00481,Ann,Mcmillan,1959-08-10,(846) 555-0107,ann.mcmillan481@example.com,849 Frey Heights Apt. 933,South Timothy,DE,19825,4R42DA4HD70,B-H-00339,
B-C-00482,Tyler,Mcmillan,1941-05-13,(782) 555-0192,,849 Frey Heights Apt. 933,South Timothy,DE,19825,5J86M63WF78,B-H-00339,
B-C-00483,Angie,Martin,1945-04-27,(457) 555-0113,angie.martin483@example.com,1743 Kevin Ville Suite 023,Staceyburgh,KY,41752,4P79MR8XN37,B-H-00340,
B-C-00484,Austin,Martin,1956-02-09,(888) 555-0154,austin.martin484@example.com,1743 Kevin Ville Suite 023,Staceyburgh,KY,41752,8E78RE1PC95,B-H-00340,
B-C-00485,Alice,Jackson,1996-06-15,(617) 555-0112,alice.jackson485@example.com,26126 Carrie Summit,Dudleymouth,UT,84767,7V82RA6YC65,B-H-00341,
B-C-00486,Peter,Lopez,1943-01-22,(565) 555-0159,peter.lopez486@example.com,4159 Steven Overpass Suite 671,New Melaniehaven,DC,20342,1EE4PP2KF62,B-H-00342,
B-C-00487,Amanda,Cole,1933-12-21,(327) 555-0118,amanda.cole487@example.com,54657 Logan Park,East Deborahbury,DC,20020,9PY9VK6PJ81,B-H-00343,
B-C-00488,Tina,Cole,1954-08-14,(587) 555-0199,tina.cole488@example.com,54657 Logan Park,East Deborahbury,DC,20020,3XF7QV7DY75,B-H-00343,
B-C-00489,Robert,Roberts,1955-02-25,(861) 555-0196,robert.roberts489@example.com,07670 Buchanan Hills,East Monicahaven,SD,57502,2QQ8WX9FY44,B-H-00344,
B-C-00490,Adam,Martin,1966-06-09,(647) 555-0156,adam.martin490@example.com,213 Logan Estates Apt. 386,Laurenton,KY,42197,,B-H-00345,
B-C-00491,Allen,King,1962-09-27,(206) 555-0122,allen.king491@example.com,888 Peter Mountains,Lake Paulstad,KY,42288,,B-H-00346,
B-C-00492,Andrew,Hall,1978-09-05,(251) 555-0184,andrew.hall492@example.com,8810 Mccullough Squares Suite 413,Port Theresa,CO,80869,,B-H-00347,
B-C-00493,Judy,Hall,1937-08-14,(869) 555-0137,judy.hall493@example.com,8810 Mccullough Squares Suite 413,Port Theresa,CO,80869,2AR1UH5RJ16,B-H-00347,
B-C-00494,John,Hall,1944-07-25,(251) 555-0184,john.hall494@example.com,8810 Mccullough Squares Suite 413,Port Theresa,CO,80869,5JK7AA0ED92,B-H-00347,
B-C-00495,Susan,Smith,1958-12-29,(652) 555-0111,susan.smith495@example.com,58950 Lisa Freeway Apt. 191,South Thomas,LA,70891,8HW6Q38QA17,B-H-00348,
B-C-00496,Karen,Smith,1948-03-13,(855) 555-0191,karen.smith496@example.com,58950 Lisa Freeway Apt. 191,South Thomas,LA,70891,7M34HC3HA36,B-H-00348,
B-C-00497,Amy,Jennings,1958-07-31,(506) 555-0143,amy.jennings497@example.com,289 Joshua Haven,Port Barryborough,RI,02842,9GA4FN2CT28,B-H-00349,
B-C-00498,Caitlin,Shannon,1940-09-20,(596) 555-0156,caitlin.shannon498@example.com,4984 Steven Cliff,Port Todd,CT,06446,8Y74HK7MM54,B-H-00350,
B-C-00499,Nicholas,Mcfarland,1988-10-26,(300) 555-0163,nicholas.mcfarland499@example.com,0816 Wallace Rapid,North Kelseyborough,OH,43402,,B-H-00351,
B-C-00500,Justin,Moody,1944-10-13,(715) 555-0178,shane.moody501@example.com,0606 Young Common Suite 305,Port Jennifermouth,AL,35582,9KT8DV9DJ71,B-H-00352,
B-C-00501,Shane,Moody,1934-06-16,(715) 555-0178,shane.moody501@example.com,0606 Young Common Suite 305,Port Jennifermouth,AL,35582,1C50GD0JD07,B-H-00352,
B-C-00502,Susan,Wolfe,1996-03-07,(947) 555-0138,susan.wolfe502@example.com,10175 Christine Viaduct Suite 170,West Briannastad,MN,55725,,B-H-00353,
B-C-00503,James,Huber,1945-02-25,(270) 555-0132,james.huber503@example.com,4894 Michelle Wall,Meyerchester,WI,54264,7AW5AJ0KE98,B-H-00354,
B-C-00504,Samantha,Rogers,1942-07-24,(356) 555-0111,samantha.rogers504@example.com,405 Shawn Crossroad Apt. 023,Zacharyburgh,NM,88380,5MY1DK2AU43,B-H-00355,
B-C-00505,Samuel,Miller-Gray,1935-10-27,(361) 555-0178,samuel.millergray505@example.com,647 Jessica Stream Apt. 209,Emilymouth,DE,19707,2Y29VX9QN11,B-H-00356,
B-C-00506,Charles,Peterson,1945-05-28,(937) 555-0127,charles.peterson506@example.com,8009 Christina Mountain Apt. 477,North Roberthaven,SD,57366,8JV8T27PJ78,B-H-00357,
B-C-00507,Sara,Peterson,1946-04-05,(599) 555-0185,,8009 Christina Mountain Apt. 477,North Roberthaven,SD,57366,8JH2X14ME10,B-H-00357,
B-C-00508,Carolyn,Wright,1991-08-15,(723) 555-0163,carolyn.wright508@example.com,591 Christina Pines,Crossborough,NE,69152,3U42JV6XU42,B-H-00358,
B-C-00509,Amber,Glover,1960-03-22,(446) 555-0138,amber.glover509@example.com,366 Kelly Divide Suite 899,Mooremouth,AL,35072,9D82UX0MG52,B-H-00359,
B-C-00510,Melissa,Figueroa,1971-06-30,(372) 555-0169,melissa.figueroa510@example.com,2493 Anthony Mountains Suite 560,Moonville,CT,06903,,B-H-00360,
B-C-00511,Brenda,Pena,1995-03-03,(326) 555-0102,,6871 Jennifer Springs Apt. 717,Mcclainmouth,OR,97951,3UG3QM7UU32,B-H-00361,
B-C-00512,Nicole,Rogers,1959-11-02,(524) 555-0143,nicole.rogers512@example.com,734 Brown Centers Suite 485,Mcleanville,SD,57237,7E33EN2NP23,B-H-00362,
B-C-00513,Elizabeth,Harris,1981-08-30,(980) 555-0170,elizabeth.harris513@example.com,767 Salas Shore,Port Theodoremouth,CT,06073,,B-H-00363,
B-C-00514,Cynthia,Harris,1935-08-06,(980) 555-0170,cynthia.harris514@example.com,767 Salas Shore,Port Theodoremouth,CT,06073,3Y34D57AK87,B-H-00363,
B-C-00515,Jamie,Hart,1956-07-02,(477) 555-0137,jamie.hart515@example.com,5710 Dean Shoal,Harrisport,AZ,85943,7R22MN9KG54,B-H-00364,
B-C-00516,Charles,Lang,1942-06-10,(534) 555-0165,charles.lang516@example.com,008 Kathleen Prairie,East Michael,TN,37864,2N43QJ4GU63,B-H-00365,
B-C-00517,Andrew,Pena,1949-02-26,(279) 555-0116,andrew.pena517@example.com,4961 David Neck,Port Julie,RI,02816,6QW1F20MD02,B-H-00366,
B-C-00518,Frances,Randolph,1951-03-02,(757) 555-0108,frances.randolph518@example.com,450 Baker Ville Apt. 805,Port Francisco,PA,18687,6FG3YU4JJ03,B-H-00367,
B-C-00519,Danielle,Randolph,1947-10-18,(775) 555-0169,danielle.randolph519@example.com,450 Baker Ville Apt. 805,Port Francisco,PA,18687,3KW6CE5JK18,B-H-00367,
B-C-00520,Mary,Randolph,1948-11-21,(917) 555-0182,mary.randolph520@example.com,450 Baker Ville Apt. 805,Port Francisco,PA,18687,2TA8EN1EJ22,B-H-00367,
B-C-00521,Theresa,Mayo,1948-08-14,(728) 555-0169,theresa.mayo521@example.com,7051 Blair Junctions Suite 350,East Martinmouth,AR,71904,2R99VE5QM72,B-H-00368,
B-C-00522,Megan,Kidd-Munoz,1947-07-05,(904) 555-0109,megan.kiddmunoz522@example.com,79420 Sarah Orchard,Carlafurt,CA,92831,3CR6DN4YV08,B-H-00369,
B-C-00523,Jacqueline,Ryan,1991-05-28,(670) 555-0175,jacqueline.ryan523@example.com,4992 Ray Spurs,Curtisland,WY,82109,,B-H-00370,
B-C-00524,Christopher,Potter,1946-05-18,(904) 555-0101,christopher.potter524@example.com,80529 Mercer Junctions,South Connie,AZ,85120,8E66EE8GM47,B-H-00371,
B-C-00525,Erika,Potter,1955-12-17,(464) 555-0130,erika.potter525@example.com,80529 Mercer Junctions,South Connie,AZ,85120,4RG9QG4HQ63,B-H-00371,
B-C-00526,Stacey,Hill,1994-11-14,(686) 555-0196,,79435 James Trace,Dixonmouth,CO,81491,4X53F46PF52,B-H-00372,
B-C-00527,Kevin,Hill,1957-12-29,(686) 555-0196,kevin.hill527@example.com,79435 James Trace,Dixonmouth,CO,81491,4U35C25DT21,B-H-00372,
B-C-00528,Robert,Fowler,1945-03-20,(826) 555-0170,,7796 Sims Key Apt. 072,West Destiny,HI,96869,7DJ8T85JG19,B-H-00373,
B-C-00529,Morgan,Brown,1994-08-04,(407) 555-0100,morgan.brown529@example.com,481 Tara Burg Suite 774,North Brenda,DE,19934,,B-H-00374,
B-C-00530,Craig,Brown,1949-08-24,(456) 555-0194,craig.brown530@example.com,481 Tara Burg Suite 774,North Brenda,DE,19934,1Q62V78XV98,B-H-00374,
B-C-00531,Adriana,Evans,1975-10-29,(552) 555-0180,adriana.evans531@example.com,8362 Stephen Tunnel,Lake Sydneychester,NC,28167,9C68NQ9UC14,B-H-00375,
B-C-00532,Derek,Evans,1955-11-21,(552) 555-0180,derek.evans532@example.com,8362 Stephen Tunnel,Lake Sydneychester,NC,28167,9F91QQ8NQ10,B-H-00375,
B-C-00533,Lacey,Ross,1972-06-23,(742) 555-0190,lacey.ross533@example.com,6777 Douglas Terrace Suite 602,Patrickberg,CO,81076,,B-H-00376,
B-C-00534,Thomas,Ross,1956-12-01,(710) 555-0156,,6777 Douglas Terrace Suite 602,Patrickberg,CO,81076,9PR7A92WJ50,B-H-00376,
B-C-00535,Jacob,Smith,1942-02-08,(712) 555-0162,jacob.smith535@example.com,5858 Miranda Flat Apt. 153,Davisberg,CO,80714,2FA4CY8QK47,B-H-00377,
B-C-00536,Shaun,Higgins,1944-08-08,(646) 555-0117,shaun.higgins536@example.com,163 Pearson Hills,Brownchester,UT,84661,7TV9KP1EY32,B-H-00378,
B-C-00537,Melissa,Higgins,1937-09-05,(646) 555-0117,melissa.higgins537@example.com,163 Pearson Hills,Brownchester,UT,84661,2X43P13AX70,B-H-00378,
B-C-00538,Dylan,Kane,1941-09-23,(383) 555-0121,dylan.kane538@example.com,53293 Maria Plaza,New Jason,VT,05943,5AM3H75AK88,B-H-00379,
B-C-00539,Larry,Hicks,1982-03-14,(750) 555-0143,larry.hicks539@example.com,268 Ingram Extensions,South Denise,CT,06830,,B-H-00380,
B-C-00540,Kaylee,Greene,1954-11-23,(819) 555-0171,kaylee.greene540@example.com,529 Davis Row,Amberside,AZ,85018,9VF1X26VU05,B-H-00381,
B-C-00541,Jessica,Morrison,1959-08-10,(911) 555-0114,jessica.morrison541@example.com,98028 William Locks Suite 071,East Karenview,CT,06173,4FK0TU4EE24,B-H-00382,
B-C-00542,Kevin,Morrison,1940-05-29,(874) 555-0164,kevin.morrison542@example.com,98028 William Locks Suite 071,East Karenview,CT,06173,6EA9VX5AH49,B-H-00382,
B-C-00543,Janice,Murray,1946-08-08,(697) 555-0125,janice.murray543@example.com,521 Ward Pass,Teresaville,TX,75527,9VU0M81NN78,B-H-00383,
B-C-00544,Nicole,Lopez,1940-04-09,(765) 555-0131,nicole.lopez544@example.com,07800 Mills Forge,East Daniel,WY,82580,9QN3G71PR92,B-H-00384,
B-C-00545,Deanna,Williams,1953-01-30,(287) 555-0148,deanna.williams545@example.com,8650 Bell Ridges Apt. 548,Alyssastad,LA,70072,9X44VW0QN77,B-H-00385,
B-C-00546,Thomas,Williams,1939-08-16,(918) 555-0185,thomas.williams546@example.com,8650 Bell Ridges Apt. 548,Alyssastad,LA,70072,3Q90C26HQ78,B-H-00385,
B-C-00547,Darren,Taylor,1940-09-16,(604) 555-0107,darren.taylor547@example.com,10972 Novak Dale Suite 459,Veronicashire,NE,68783,5RU9JH2EQ42,B-H-00386,
B-C-00548,Craig,Taylor,1936-05-20,(646) 555-0185,,10972 Novak Dale Suite 459,Veronicashire,NE,68783,1GY4PX8JA12,B-H-00386,
B-C-00549,Gregory,Buchanan,1956-08-06,(512) 555-0176,,7602 Cynthia Lodge Suite 354,Lake Gregorytown,MO,64480,9J90D80HN15,B-H-00387,
B-C-00550,Elizabeth,Buchanan-Orozco,1958-09-21,(512) 555-0176,elizabeth.buchananorozco550@example.com,7602 Cynthia Lodge Suite 354,Lake Gregorytown,MO,64480,5Y49P88TC05,B-H-00387,
B-C-00551,Holly,Keller,2001-01-03,(482) 555-0165,,12065 Ayala Meadows Apt. 712,South Sara,MN,55183,,B-H-00388,
B-C-00552,Nicole,Keller,1940-10-15,(482) 555-0165,nicole.keller552@example.com,12065 Ayala Meadows Apt. 712,South Sara,MN,55183,8JG7UJ4CF94,B-H-00388,
B-C-00553,Stephanie,Anderson,1954-04-11,(390) 555-0177,stephanie.anderson553@example.com,7326 Rachel Tunnel Apt. 110,South Zachary,MS,38699,2JH8CX9MQ41,B-H-00389,
B-C-00554,David,Walker,1986-09-08,(384) 555-0180,,379 Jesse Route Suite 740,Santanaside,KY,41599,,B-H-00390,
B-C-00555,Briana,Walker,1957-10-31,(220) 555-0128,briana.walker555@example.com,379 Jesse Route Suite 740,Santanaside,KY,41599,5T02FV2AC55,B-H-00390,
B-C-00556,Meagan,Jackson,1965-07-20,(510) 555-0101,meagan.jackson556@example.com,6327 Roberson Lake,Gonzalezburgh,GA,39973,,B-H-00391,
B-C-00557,Donald,Dawson,1988-06-02,(937) 555-0113,,2271 Andrew Roads,Justinview,WY,82716,,B-H-00392,
B-C-00558,Willie,Holt,1993-10-09,(796) 555-0152,willie.holt558@example.com,7006 Larson Squares Suite 215,South Johnny,DC,20085,,B-H-00393,
B-C-00559,Bradley,Suarez,1938-02-03,(605) 555-0114,bradley.suarez559@example.com,96169 Joshua Glens Apt. 705,Pinedaville,WI,53908,5AD8A42FP10,B-H-00394,
B-C-00560,Joseph,Johnson,1996-03-02,(467) 555-0177,joseph.johnson560@example.com,011 Dennis Lock,Cortezton,HI,96701,,B-H-00395,
B-C-00561,Suzanne,Sanford,1943-09-20,(555) 555-0114,suzanne.sanford561@example.com,8956 Sims Glen,North Amber,WY,82671,2X75VX4RX26,B-H-00396,
B-C-00562,Ronald,Sanford,1943-04-01,(627) 555-0160,,8956 Sims Glen,North Amber,WY,82671,2AG1M49ED88,B-H-00396,
B-C-00563,Lauren,Washington,1959-10-17,(413) 555-0168,lauren.washington563@example.com,571 Amy Avenue,South Tyler,CO,80039,7FW9GG6CH77,B-H-00397,
B-C-00564,Brenda,Mccarty,1982-11-11,(958) 555-0189,brenda.mccarty564@example.com,78582 William Roads,Allenberg,HI,96814,,B-H-00398,
B-C-00565,Thomas,Davis,1953-02-04,(971) 555-0164,,63338 Jennifer Run Suite 475,Rogersburgh,NV,89562,1Q01G60CM27,B-H-00399,
B-C-00566,Katelyn,Davis,1974-06-27,(971) 555-0164,katelyn.davis566@example.com,63338 Jennifer Run Suite 475,Rogersburgh,NV,89562,,B-H-00399,
B-C-00567,Dana,Hood-Adams,1979-04-12,(389) 555-0183,dana.hoodadams567@example.com,66498 Powers Plaza Apt. 082,Lewismouth,CA,95681,,B-H-00400,
B-C-00568,Kristina,Hood,1941-05-25,(715) 555-0147,kristina.hood568@example.com,66498 Powers Plaza Apt. 082,Lewismouth,CA,95681,6M33D92PF87,B-H-00400,
B-C-00569,Jessica,Contreras,1957-01-10,(281) 555-0102,jessica.contreras569@example.com,3306 Jennifer Viaduct,Elizabethchester,MN,55951,1JA6VR5CJ39,B-H-00401,
B-C-00570,Amanda,Contreras,1944-07-03,(846) 555-0102,,3306 Jennifer Viaduct,Elizabethchester,MN,55951,2UG3WQ1EN10,B-H-00401,
B-C-00571,Reginald,Stone,1936-03-15,(544) 555-0199,,04309 Massey Mall,South Jacob,NE,68703,8TP2P27FJ16,B-H-00402,
B-C-00572,William,Harrell,1967-06-10,(982) 555-0167,william.harrell572@example.com,920 Hernandez Shoals Apt. 215,Johnbury,MO,64655,,B-H-00403,
B-C-00573,Patrick,Gordon,1933-10-02,(285) 555-0155,,860 Hanson Drive Suite 510,West Benjamin,WY,83052,8A87D09VJ70,B-H-00404,
B-C-00574,Edward,Gordon,1940-11-20,(266) 555-0108,edward.gordon574@example.com,860 Hanson Drive Suite 510,West Benjamin,WY,83052,1F75X15FW08,B-H-00404,
B-C-00575,Miranda,Palmer,1952-12-26,(941) 555-0176,miranda.palmer575@example.com,0491 Amy Roads Apt. 936,Patriciaton,OR,97593,9EW4N58JJ12,B-H-00405,
B-C-00576,Michael,Blackburn,2003-11-30,(741) 555-0136,michael.blackburn576@example.com,675 Reginald Ranch Apt. 473,West Laurieborough,LA,70800,,B-H-00406,
B-C-00577,Renee,Banks,1937-12-20,(773) 555-0120,renee.banks577@example.com,069 Melody Track,New Amytown,WI,53066,7C88D29UE40,B-H-00407,
B-C-00578,Earl,Banks,1974-02-28,(599) 555-0193,earl.banks578@example.com,069 Melody Track,New Amytown,WI,53066,,B-H-00407,
B-C-00579,Justin,Morse,1948-04-29,(541) 555-0114,justin.morse579@example.com,9282 Valerie Prairie,Hilltown,LA,70308,5AF9MK1MM58,B-H-00408,
B-C-00580,Elizabeth,Morse,1954-09-30,(541) 555-0114,elizabeth.morse580@example.com,9282 Valerie Prairie,Hilltown,LA,70308,7P42H80WJ36,B-H-00408,
B-C-00581,Dawn,Mcpherson,1958-10-09,(262) 555-0162,,68773 Mary Gardens Apt. 539,Lake Tiffany,SD,57280,6NN7Y47DF03,B-H-00409,
B-C-00582,Andrew,Holland,2005-02-23,(680) 555-0140,,73652 Davis Falls Suite 223,Hardingburgh,WV,26017,,B-H-00410,
B-C-00583,Kaitlin,Holland,1977-09-20,(718) 555-0152,,73652 Davis Falls Suite 223,Hardingburgh,WV,26017,,B-H-00410,
B-C-00584,Jason,Holland,1950-12-25,(568) 555-0105,jason.holland584@example.com,73652 Davis Falls Suite 223,Hardingburgh,WV,26017,3RY0T38ED90,B-H-00410,
B-C-00585,Joel,Price,1939-06-04,(760) 555-0197,joel.price585@example.com,33268 Petersen Station,Lake Alexandra,MA,01362,9H90C04FW35,B-H-00411,
B-C-00586,Walter,Price,1967-05-24,(412) 555-0148,walter.price586@example.com,33268 Petersen Station,Lake Alexandra,MA,01362,,B-H-00411,
B-C-00587,Anthony,Jacobs,1937-04-30,(306) 555-0151,anthony.jacobs587@example.com,6219 Gonzalez Plains,North Matthewfort,UT,84416,5Q39HT1KT87,B-H-00412,
B-C-00588,Vincent,Lyons,1966-07-22,(763) 555-0188,vincent.lyons588@example.com,5515 Suzanne Shore,New Martinberg,NC,27419,,B-H-00413,
B-C-00589,Matthew,Lyons,1948-06-03,(567) 555-0182,,5515 Suzanne Shore,New Martinberg,NC,27419,5YW1MM3VQ88,B-H-00413,
B-C-00590,Megan,Miller,1974-09-09,(211) 555-0115,megan.miller590@example.com,7136 Carrillo Well Apt. 487,Watsonmouth,CO,80110,,B-H-00414,
B-C-00591,Ian,Holloway,1971-04-01,(213) 555-0185,ian.holloway591@example.com,26989 Hunt Mission,East Jennifer,NC,27329,6P07E05UX52,B-H-00415,
B-C-00592,Joseph,Holloway,1967-01-02,(213) 555-0185,joseph.holloway592@example.com,26989 Hunt Mission,East Jennifer,NC,27329,,B-H-00415,
B-C-00593,Allison,Hoffman,1952-03-20,(832) 555-0111,allison.hoffman593@example.com,409 Tina Circle,Codytown,DE,19753,9JC9TP4GM73,B-H-00416,
B-C-00594,John,Tapia,1999-05-26,(525) 555-0157,,49965 Jason Expressway,Masontown,MO,64628,,B-H-00417,
B-C-00595,Steven,Bond,1945-01-30,(645) 555-0174,steven.bond595@example.com,158 Ricardo Court,New Angelabury,PA,15618,7HT0CQ3UF03,B-H-00418,
B-C-00596,Maria,Espinoza,1936-05-03,(887) 555-0171,maria.espinoza596@example.com,4064 Laura Plaza Suite 368,Fosterburgh,WI,54069,8RW1VG6VH23,B-H-00419,
B-C-00597,Nathan,Espinoza,1940-02-24,(573) 555-0126,nathan.espinoza597@example.com,4064 Laura Plaza Suite 368,Fosterburgh,WI,54069,1NU5XG6PY21,B-H-00419,
B-C-00598,Laura,Campos,1959-09-01,(204) 555-0140,,111 Christopher Courts,North Davidview,PA,18589,6GX3YR6PY62,B-H-00420,
B-C-00599,Elizabeth,Johnson,1947-07-22,(286) 555-0102,elizabeth.johnson599@example.com,262 Beck Falls Apt. 661,Elizabethhaven,TX,77344,6Q88PA6QK87,B-H-00421,
B-C-00600,Dorothy,Johnson,1939-08-15,(286) 555-0102,dorothy.johnson600@example.com,262 Beck Falls Apt. 661,Elizabethhaven,TX,77344,5Y31AE2MV04,B-H-00421,
B-C-00601,Peter,Williams,1945-06-30,(684) 555-0135,peter.williams601@example.com,295 Jeffrey Skyway,New Jacquelinebury,DE,19964,3G28P05MQ84,B-H-00422,
B-C-00602,Andrea,Williams,1948-10-21,(684) 555-0135,andrea.williams602@example.com,295 Jeffrey Skyway,New Jacquelinebury,DE,19964,8V81EF5WP71,B-H-00422,
B-C-00603,Antonio,Stevens,1948-04-03,(386) 555-0188,antonio.stevens603@example.com,8485 Stephanie Bypass Suite 167,Melissamouth,UT,84486,7GM0Y96MY66,B-H-00423,
B-C-00604,Kylie,Walker,1955-07-23,(515) 555-0109,kylie.walker604@example.com,923 Marisa Highway Suite 049,Troymouth,TX,79996,6KW5XR5NY42,B-H-00424,
B-C-00605,Lawrence,Walker,1937-11-08,(245) 555-0120,,923 Marisa Highway Suite 049,Troymouth,TX,79996,2XT7G85FA25,B-H-00424,
B-C-00606,Greg,Walsh,1944-09-14,(478) 555-0113,greg.walsh606@example.com,9673 Salazar Key Suite 727,Jeffreyport,KY,40075,8KN6RY8JY85,B-H-00425,
B-C-00607,Virginia,Jenkins,1935-06-21,(425) 555-0148,virginia.jenkins607@example.com,6846 Chung Divide Suite 452,North Kimberly,CT,06726,7NR6C28UY69,B-H-00426,
B-C-00608,Daniel,Jenkins,1975-10-20,(425) 555-0148,,6846 Chung Divide Suite 452,North Kimberly,CT,06726,,B-H-00426,
B-C-00609,Kerry,Hall,1944-01-04,(412) 555-0157,,7186 Pamela Dam,Smithfurt,GA,39820,1N75FC3PU78,B-H-00427,
B-C-00610,Justin,Hall,1955-02-11,(814) 555-0192,,7186 Pamela Dam,Smithfurt,GA,39820,9JR9T49TG02,B-H-00427,
B-C-00611,Brandon,Berg,1937-09-07,(369) 555-0146,brandon.berg611@example.com,60398 Reid Forest,Lake Morganstad,WY,82860,4P74X68XN33,B-H-00428,
B-C-00612,Deborah,Rivera,1990-02-17,(766) 555-0132,deborah.rivera612@example.com,04991 Mitchell Row Suite 287,Jamesville,NJ,07902,,B-H-00429,
B-C-00613,Ryan,Cameron,1942-03-11,(734) 555-0165,ryan.cameron613@example.com,515 Gonzalez Roads,Leonardbury,MS,38861,3QE1UR0XT57,B-H-00430,
B-C-00614,Brandon,Cameron,1943-04-09,(241) 555-0191,brandon.cameron614@example.com,515 Gonzalez Roads,Leonardbury,MS,38861,6XV3HP1VT63,B-H-00430,
B-C-00615,Michael,Brock,1993-03-27,(700) 555-0172,michael.brock615@example.com,636 Scott Circles,Ortizbury,NC,27307,3RX0GE0QM45,B-H-00431,
B-C-00616,Aaron,Morris,1951-10-11,(403) 555-0191,aaron.morris616@example.com,996 Sharon Inlet Apt. 267,Lake Stephen,NV,89897,9V97P58GT95,B-H-00432,
B-C-00617,John,Morris,1943-01-16,(894) 555-0132,john.morris617@example.com,996 Sharon Inlet Apt. 267,Lake Stephen,NV,89897,9JE5FR1NK78,B-H-00432,
B-C-00618,Craig,Miller,1952-10-14,(489) 555-0153,craig.miller618@example.com,0765 Curtis Mount Suite 202,Dicksonside,RI,02896,5JP4R20QE85,B-H-00433,
B-C-00619,Cynthia,Bell,1946-03-08,(259) 555-0167,cynthia.bell619@example.com,5264 Davis Green,Gonzalezstad,KY,40487,5XM8MD4GJ55,B-H-00434,
B-C-00620,Emily,Lee,1948-04-14,(892) 555-0137,emily.lee620@example.com,5876 Joshua Mill Suite 209,East Davidview,DC,20276,7VA6UW0EX94,B-H-00435,
B-C-00621,Michael,Lee,1947-11-09,(892) 555-0137,michael.lee621@example.com,5876 Joshua Mill Suite 209,East Davidview,DC,20276,6JV5V02UY45,B-H-00435,
B-C-00622,Garrett,Brown,1945-07-02,(937) 555-0101,garrett.brown622@example.com,51462 Jenkins Extension,Rodriguezside,CA,90809,7F06JC1JQ74,B-H-00436,
B-C-00623,Brandon,Smith,1959-09-23,(953) 555-0105,brandon.smith623@example.com,430 Diana Meadow,Jessicaland,DC,20515,5N77KT2AD47,B-H-00437,
B-C-00624,Wanda,Smith,1945-08-15,(406) 555-0143,wanda.smith624@example.com,26070 Anderson Rue Apt. 894,Lake Michaelside,OK,74946,1T99VK1WW12,B-H-00438,
B-C-00625,Joseph,Elliott,1948-10-18,(831) 555-0172,,450 Jefferson Center,Michellebury,SD,57504,6NV8DY7JW48,B-H-00439,
B-C-00626,Jeffrey,Elliott,1948-03-03,(489) 555-0179,jeffrey.elliott626@example.com,450 Jefferson Center,Michellebury,SD,57504,7D69AH6NQ76,B-H-00439,
B-C-00627,Kurt,Elliott,1953-05-25,(421) 555-0138,kurt.elliott627@example.com,450 Jefferson Center,Michellebury,SD,57504,3X99C78HX90,B-H-00439,
B-C-00628,Helen,Wells,1989-01-29,(647) 555-0177,,342 Teresa Courts,New Melissa,NE,68636,,B-H-00440,
B-C-00629,Savannah,Wells,1999-01-13,(647) 555-0177,savannah.wells629@example.com,342 Teresa Courts,New Melissa,NE,68636,,B-H-00440,
B-C-00630,Jeremiah,Sanchez,1944-07-16,(354) 555-0176,jeremiah.sanchez630@example.com,915 Scott Canyon Apt. 824,South Jeffreybury,KY,41271,7UC4D97DA38,B-H-00441,
B-C-00631,Patrick,Sanchez,1947-08-27,(609) 555-0175,patrick.sanchez631@example.com,915 Scott Canyon Apt. 824,South Jeffreybury,KY,41271,4MX5GM0AR13,B-H-00441,
B-C-00632,Caroline,Sanchez,1966-02-12,(354) 555-0176,caroline.sanchez632@example.com,915 Scott Canyon Apt. 824,South Jeffreybury,KY,41271,,B-H-00441,
B-C-00633,Michael,Willis,1947-02-18,(897) 555-0190,michael.willis633@example.com,19165 Lopez Passage Suite 231,North Eric,FL,34761,4J48QH8EJ03,B-H-00442,
B-C-00634,Sarah,Willis,1970-02-04,(228) 555-0164,sarah.willis634@example.com,19165 Lopez Passage Suite 231,North Eric,FL,34761,,B-H-00442,
B-C-00635,Christopher,Willis,1943-10-14,(897) 555-0190,christopher.willis635@example.com,19165 Lopez Passage Suite 231,North Eric,FL,34761,3MC7K44QT40,B-H-00442,
B-C-00636,Alison,Davis,1986-03-17,(845) 555-0175,alison.davis636@example.com,39580 Renee Shores,New Mason,WY,82406,,B-H-00443,
B-C-00637,Katherine,Potts,1957-01-07,(412) 555-0139,katherine.potts637@example.com,44445 Randy Vista Suite 391,Nicolebury,DE,19775,2QX3WE7FM01,B-H-00444,
B-C-00638,Todd,Potts,1936-06-06,(412) 555-0139,todd.potts638@example.com,44445 Randy Vista Suite 391,Nicolebury,DE,19775,4W94YH9RJ37,B-H-00444,
B-C-00639,Austin,Thompson,1960-08-05,(820) 555-0173,austin.thompson639@example.com,474 Barnes Gateway,New Brentview,RI,02915,4QV4F38ED54,B-H-00445,
B-C-00640,James,Thompson,1940-03-13,(392) 555-0165,james.thompson640@example.com,474 Barnes Gateway,New Brentview,RI,02915,6XY0U47AR35,B-H-00445,
B-C-00641,Christine,Bailey,1986-10-28,(461) 555-0184,christine.bailey641@example.com,8888 Tommy Summit,North Tylerfort,CT,06249,,B-H-00446,
B-C-00642,John,Bailey,1937-11-14,(558) 555-0183,,8888 Tommy Summit,North Tylerfort,CT,06249,1FX0FR2UG52,B-H-00446,
B-C-00643,Heather,Riggs,1984-07-29,(494) 555-0163,heather.riggs643@example.com,90120 Hood Garden,Port Josephton,CT,06408,,B-H-00447,
B-C-00644,Aaron,Hancock,1944-10-29,(714) 555-0102,aaron.hancock644@example.com,6746 Shawn Island,Marcusfurt,CA,90602,1RV6P70VR37,B-H-00448,
B-C-00645,Sheri,Hancock,1934-01-09,(978) 555-0141,sheri.hancock645@example.com,6746 Shawn Island,Marcusfurt,CA,90602,5V24CF1AU73,B-H-00448,
B-C-00646,Lawrence,Peters,1935-10-25,(658) 555-0137,lawrence.peters646@example.com,1835 David Plains Apt. 447,Schroederburgh,TN,37849,7ET5DX3TV55,B-H-00449,
B-C-00647,Charles,Peters,1944-07-03,(658) 555-0137,charles.peters647@example.com,1835 David Plains Apt. 447,Schroederburgh,TN,37849,4VT4AN1DY01,B-H-00449,
B-C-00648,Paul,Braun,1940-06-06,(364) 555-0106,paul.braun648@example.com,4417 Amanda Lock,Traceyview,CT,06231,2P49XD6UE86,B-H-00450,
B-C-00649,Anthony,Braun,1957-08-08,(728) 555-0188,anthony.braun649@example.com,4417 Amanda Lock,Traceyview,CT,06231,6PR2VE3XY06,B-H-00450,
B-C-00650,Tara,Zimmerman,1945-09-08,(969) 555-0159,tara.zimmerman650@example.com,1265 Romero Islands,Rodriguezside,CO,80905,6C36Y43RA88,B-H-00451,
B-C-00651,Margaret,Zimmerman,1936-07-27,(969) 555-0159,margaret.zimmerman651@example.com,1265 Romero Islands,Rodriguezside,CO,80905,4MP9V80HJ32,B-H-00451,
B-C-00652,David,White,1976-11-22,(901) 555-0170,david.white652@example.com,46862 Perez Mall Apt. 546,North Michaelbury,OR,97203,,B-H-00452,
B-C-00653,Holly,White,2002-02-18,(901) 555-0170,holly.white653@example.com,46862 Perez Mall Apt. 546,North Michaelbury,OR,97203,,B-H-00452,
B-C-00654,Richard,Maldonado,1951-11-02,(344) 555-0123,richard.maldonado654@example.com,44930 Belinda Fork Apt. 997,South Annburgh,SD,57222,6NA5DT0MW74,B-H-00453,
B-C-00655,Matthew,Maldonado,1950-06-14,(344) 555-0123,matthew.maldonado655@example.com,44930 Belinda Fork Apt. 997,South Annburgh,SD,57222,4C98M54QV58,B-H-00453,
B-C-00656,Sydney,Maldonado,1951-08-08,(344) 555-0123,sydney.maldonado656@example.com,44930 Belinda Fork Apt. 997,South Annburgh,SD,57222,9WX1MN2YV00,B-H-00453,
B-C-00657,Brandon,White,1959-08-02,(745) 555-0191,brandon.white657@example.com,883 Walter Manor,New Bailey,WV,26201,5M53QU2AV66,B-H-00454,
B-C-00658,Manuel,Mclean,1949-02-27,(304) 555-0140,manuel.mclean658@example.com,26610 Wilson Vista,South Kathryntown,MO,64512,7K81G46AV48,B-H-00455,
B-C-00659,Stacey,Wiggins,1948-02-04,(378) 555-0138,stacey.wiggins659@example.com,6827 Fisher Street,West Jaimetown,NE,68715,8U18G92DA21,B-H-00456,
B-C-00660,William,Phillips,1986-07-07,(415) 555-0123,william.phillips660@example.com,59212 Weber Prairie,Oscarhaven,RI,02841,,B-H-00457,
B-C-00661,Hunter,Fields,1947-03-10,(823) 555-0106,hunter.fields661@example.com,7914 Reyes Field Apt. 170,Hicksberg,SD,57059,1PK2FQ5GX44,B-H-00458,
B-C-00662,Tiffany,Fields,1954-02-04,(849) 555-0148,tiffany.fields662@example.com,7914 Reyes Field Apt. 170,Hicksberg,SD,57059,6CH0TQ8DM87,B-H-00458,
B-C-00663,Julie,Johnson,1950-06-10,(574) 555-0190,julie.johnson663@example.com,076 Amanda Squares,Briannashire,GA,31138,6K80A49TP65,B-H-00459,
B-C-00664,Michael,Warren,1940-01-12,(667) 555-0185,michael.warren664@example.com,19042 David Ridges Suite 082,South Erikmouth,WV,26879,4E39X06HV11,B-H-00460,
B-C-00665,Stacie,Martinez,1978-05-16,(791) 555-0105,stacie.martinez665@example.com,0632 Oneal Garden,South Brandy,DC,20457,,B-H-00461,
B-C-00666,Derek,Martinez,1949-10-16,(408) 555-0178,,0632 Oneal Garden,South Brandy,DC,20457,2AQ1KY0AT72,B-H-00461,
B-C-00667,Thomas,Hamilton,1941-06-02,(587) 555-0167,thomas.hamilton667@example.com,943 Veronica Parkways Apt. 415,Port Jeffery,MN,55499,2G29MT3KU02,B-H-00462,
B-C-00668,Martha,Hamilton,1944-11-30,(781) 555-0147,,943 Veronica Parkways Apt. 415,Port Jeffery,MN,55499,1UV8QH0YJ55,B-H-00462,
B-C-00669,Catherine,Lopez,1945-01-28,(873) 555-0197,catherine.lopez669@example.com,61313 Robinson Cliffs,Fitzgeraldport,AR,71701,6YG2XH0MR69,B-H-00463,
B-C-00670,Ryan,Lopez,1959-03-23,(955) 555-0136,,61313 Robinson Cliffs,Fitzgeraldport,AR,71701,9Q60CP4GE61,B-H-00463,
B-C-00671,Elaine,Page,1995-03-16,(665) 555-0158,elaine.page671@example.com,027 Brown Island Apt. 448,Fosterside,NV,89482,1VK2QF4XK68,B-H-00464,
B-C-00672,Juan,Page,1947-09-11,(741) 555-0173,juan.page672@example.com,027 Brown Island Apt. 448,Fosterside,NV,89482,4DF2M54DW31,B-H-00464,
B-C-00673,Lori,Vasquez,1954-03-12,(327) 555-0134,lori.vasquez673@example.com,67812 Figueroa Parks Apt. 210,Lake Christopher,AL,35590,5YV8KX5YD26,B-H-00465,
B-C-00674,George,Norman,1957-08-28,(631) 555-0126,,3470 Ellis Roads Suite 238,Joystad,AR,72897,6UM4NF0HC27,B-H-00466,
B-C-00675,Kevin,Davidson,1955-12-25,(520) 555-0129,kevin.davidson675@example.com,9266 Rogers Point,South Christopherborough,DC,20437,5G71QA5KK30,B-H-00467,
B-C-00676,Amy,Obrien,1949-03-19,(687) 555-0166,amy.obrien676@example.com,0646 Shannon Mill Suite 779,South Alexbury,PA,18817,3CG3UK1WG77,B-H-00468,
B-C-00677,Joe,Obrien,1941-03-21,(687) 555-0166,,0646 Shannon Mill Suite 779,South Alexbury,PA,18817,8ED8WW6TT06,B-H-00468,
B-C-00678,Nicole,Ray,1982-11-25,(785) 555-0103,nicole.ray678@example.com,111 Andrea Hills Suite 326,Davidview,CO,81597,,B-H-00469,
B-C-00679,Kelly,Ray,1968-12-16,(669) 555-0153,,111 Andrea Hills Suite 326,Davidview,CO,81597,,B-H-00469,
B-C-00680,Summer,Harper,1945-04-12,(704) 555-0114,summer.harper680@example.com,45945 Barker Mission,Lake Ronaldburgh,AZ,85321,6J53Q66EK39,B-H-00470,
B-C-00681,Jaclyn,Harper,1958-07-16,(704) 555-0114,,45945 Barker Mission,Lake Ronaldburgh,AZ,85321,8CP4WW2EP79,B-H-00470,
B-C-00682,Jeremy,Newman,1938-11-11,(218) 555-0154,jeremy.newman682@example.com,70334 Calvin Shoals Apt. 190,East Travis,NC,27107,1C41FN8KV95,B-H-00471,
B-C-00683,Kyle,Nguyen,1955-12-01,(424) 555-0173,kyle.nguyen683@example.com,2279 Robinson Meadows Apt. 017,Lake Dennis,OR,97773,3Y31TY7TF50,B-H-00472,
B-C-00684,Alan,Freeman,1940-01-23,(317) 555-0148,alan.freeman684@example.com,0184 Rivera Parkway,East Laura,CT,06617,2UE0WY3CT14,B-H-00473,
B-C-00685,Kristina,Gardner,1957-02-12,(621) 555-0152,,731 Christine Field,Lake Ryan,PA,15940,1M26DM3VT94,B-H-00474,
B-C-00686,James,Gardner,1978-07-25,(672) 555-0190,james.gardner686@example.com,731 Christine Field,Lake Ryan,PA,15940,,B-H-00474,
B-C-00687,Devin,Johnson,1943-05-19,(219) 555-0131,,4136 Christopher Centers Suite 165,West Crystalside,NC,28118,6PF2RD1DD36,B-H-00475,
B-C-00688,Monique,Johnson,1944-05-13,(219) 555-0131,monique.johnson688@example.com,4136 Christopher Centers Suite 165,West Crystalside,NC,28118,1Q17XC4MK28,B-H-00475,
B-C-00689,Zachary,Moore,1944-10-27,(237) 555-0137,,9081 Sexton Inlet Apt. 945,Michelletown,NV,89507,6PX8U43EN84,B-H-00476,
B-C-00690,Wanda,Smith,1945-03-07,(842) 555-0129,wanda.smith690@example.com,486 Wolf Walk Apt. 972,South Davidtown,MA,01573,9MW2CT2FW21,B-H-00477,
B-C-00691,Kristi,Smith,1937-12-03,(396) 555-0176,,486 Wolf Walk Apt. 972,South Davidtown,MA,01573,4HU4X56WW34,B-H-00477,
B-C-00692,Daniel,Camacho,1942-10-31,(854) 555-0147,daniel.camacho692@example.com,3836 Hopkins Harbor,East Courtneyshire,OH,45859,3WT4NF7DY36,B-H-00478,
B-C-00693,Brenda,Gutierrez,1955-04-20,(967) 555-0101,,6777 Andrew Mission,New Jenna,TN,37529,7DD3RV2PW09,B-H-00479,
B-C-00694,Evan,Clark,1954-02-02,(661) 555-0110,,31843 Jacob Lake Apt. 365,South Emmafort,KY,40544,2QF5FQ5MR96,B-H-00480,
B-C-00695,Katherine,Wright,1981-10-30,(223) 555-0180,katherine.wright695@example.com,591 Christina Pines,Crossborough,NE,69152,,B-H-00481,
B-C-00696,Jasmine,Ward,1989-02-14,(458) 555-0171,jasmine.ward696@example.com,1612 Sean Hills Suite 708,Laurenville,TN,37935,,B-H-00482,
B-C-00697,Heidi,Ward,1951-09-15,(458) 555-0171,heidi.ward697@example.com,1612 Sean Hills Suite 708,Laurenville,TN,37935,2RD9WX9XC19,B-H-00482,
B-C-00698,Sandra,Ortiz,1984-08-13,(655) 555-0121,sandra.ortiz698@example.com,005 Blanchard Roads,Suarezside,NM,87146,,B-H-00483,
B-C-00699,Kristin,Thompson,1956-12-21,(977) 555-0153,,94916 Paul Court Apt. 028,Port Cynthia,PA,17388,3JQ3A10EV15,B-H-00484,
B-C-00700,Zoe,Wilson,1953-02-11,(976) 555-0199,zoe.wilson700@example.com,4290 Eric Mews,Bautistaland,MA,01318,2A33FX9YX19,B-H-00485,
B-C-00701,Ricky,Moore-Gonzalez,1970-12-29,(823) 555-0104,ricky.mooregonzalez701@example.com,909 Stacey Fords Apt. 412,East Andrea,NE,69375,,B-H-00486,
B-C-00702,Holly,Gonzalez,1952-07-22,(823) 555-0104,,909 Stacey Fords Apt. 412,East Andrea,NE,69375,8VV1P95TV70,B-H-00486,
B-C-00703,Kimberly,White,1954-03-29,(392) 555-0163,kimberly.white703@example.com,415 Chapman Island Apt. 119,Lake Carol,LA,71160,3NX9HE7RX70,B-H-00487,
B-C-00704,Paul,Myers,1947-02-22,(288) 555-0185,paul.myers704@example.com,218 Fernandez Haven Suite 328,Reneeberg,GA,30911,5TJ3W63TY98,B-H-00488,
B-C-00705,Billy,Myers,1934-04-12,(288) 555-0185,,218 Fernandez Haven Suite 328,Reneeberg,GA,30911,2YC5M68JD03,B-H-00488,
B-C-00706,Benjamin,Holland,1943-09-23,(973) 555-0109,benjamin.holland706@example.com,50722 Hall Cove Apt. 092,Lake Hollyside,LA,71057,7P36P17RG85,B-H-00489,
B-C-00707,James,Lyons,1939-02-23,(465) 555-0181,james.lyons707@example.com,5750 Meghan Fields,Port Joseph,ND,58771,3UW0XJ3VT82,B-H-00490,
B-C-00708,Joshua,Lyons,2001-11-30,(495) 555-0178,joshua.lyons708@example.com,5750 Meghan Fields,Port Joseph,ND,58771,,B-H-00490,
B-C-00709,Roberto,Rivera,1937-12-06,(391) 555-0169,,83179 Miller Parks Apt. 763,Harrisonburgh,LA,70538,4UW0MR7PV32,B-H-00491,
B-C-00710,Amanda,Craig,1953-04-20,(664) 555-0107,amanda.craig710@example.com,365 Jessica Port Suite 332,Lake Christopherchester,CT,06397,7R20JH5NJ19,B-H-00492,
B-C-00711,David,Craig,1951-04-21,(871) 555-0198,david.craig711@example.com,365 Jessica Port Suite 332,Lake Christopherchester,CT,06397,3P48G71QY97,B-H-00492,
B-C-00712,Kim,Graves,1954-03-25,(842) 555-0189,kim.graves712@example.com,375 Brett Falls Suite 770,Crossview,WY,82689,3G62QW2NW06,B-H-00493,
B-C-00713,Logan,Smith,1974-09-19,(962) 555-0144,logan.smith713@example.com,3040 Dawn Avenue Apt. 525,Wilsonfurt,MN,55745,4XC3X02WM83,B-H-00494,
B-C-00714,Kathryn,Smith,1940-12-01,(302) 555-0199,,3040 Dawn Avenue Apt. 525,Wilsonfurt,MN,55745,7AN7MN0WP58,B-H-00494,
B-C-00715,Cindy,Griffith,1956-01-21,(650) 555-0194,cindy.griffith715@example.com,5709 Austin Flat Suite 856,Jessicafort,MA,01696,3KY4W60GT21,B-H-00495,
B-C-00716,Edward,Griffith,1940-03-14,(279) 555-0111,edward.griffith716@example.com,5709 Austin Flat Suite 856,Jessicafort,MA,01696,9JP7Q57TA75,B-H-00495,
B-C-00717,Deborah,Schultz,1940-05-19,(448) 555-0119,,82949 Chavez Coves,Port Michelletown,NC,27014,2C17GK3FW49,B-H-00496,
B-C-00718,Roy,Carr,1970-03-23,(693) 555-0155,roy.carr718@example.com,27942 John Hollow Apt. 547,Kristentown,ND,58784,,B-H-00497,
B-C-00719,Christian,Carr,1941-05-29,(770) 555-0112,christian.carr719@example.com,27942 John Hollow Apt. 547,Kristentown,ND,58784,8NT9RC1YV40,B-H-00497,
B-C-00720,Jerome,Lee,1939-12-14,(632) 555-0108,,425 Makayla Falls Suite 764,South Stephanie,AR,72895,3T38GW0CC54,B-H-00498,
B-C-00721,Ronald,Zamora,1940-07-10,(652) 555-0123,ronald.zamora721@example.com,4486 Morales Ports Suite 974,South Lisafurt,MO,63668,6AM5QV6YR90,B-H-00499,
B-C-00722,Alexis,Zamora,1957-04-03,(334) 555-0132,alexis.zamora722@example.com,4486 Morales Ports Suite 974,South Lisafurt,MO,63668,2D85K82XU83,B-H-00499,
B-C-00723,Charles,Allen,1946-09-21,(366) 555-0122,charles.allen723@example.com,677 Marcus Way Apt. 667,New Johnstad,PA,16451,8RK4J53VU68,B-H-00500,
B-C-00724,Leslie,Allen,1984-12-30,(635) 555-0120,leslie.allen724@example.com,677 Marcus Way Apt. 667,New Johnstad,PA,16451,,B-H-00500,
B-C-00725,Daniel,Clark,1942-11-04,(342) 555-0114,daniel.clark725@example.com,99498 Veronica Radial,Stevenchester,DE,19991,9V06V31MP91,B-H-00501,
B-C-00726,Anthony,Clark,1957-08-28,(342) 555-0114,anthony.clark726@example.com,99498 Veronica Radial,Stevenchester,DE,19991,8RJ8G48DR76,B-H-00501,
B-C-00727,Darren,Huff,1950-01-26,(898) 555-0191,darren.huff727@example.com,4723 Stafford Corner Apt. 231,Port Kennethtown,DC,20371,5Y39C84KK16,B-H-00502,
B-C-00728,Tommy,Parker,1975-10-20,(265) 555-0141,tommy.parker728@example.com,0666 Robert Burgs,Sharonville,LA,70777,,B-H-00503,
B-C-00729,Ryan,Parker,1992-03-21,(960) 555-0173,ryan.parker729@example.com,0666 Robert Burgs,Sharonville,LA,70777,,B-H-00503,
B-C-00730,Stacy,Fox,1948-11-09,(963) 555-0164,,5505 Jacob Club Apt. 163,Port Jared,CT,06756,3RG9PD1AR02,B-H-00504,
B-C-00731,Steven,Stark,1995-02-16,(767) 555-0138,steven.stark731@example.com,23374 Blackburn Manors,East Madison,DC,20436,,B-H-00505,
B-C-00732,Monica,Henderson,1941-03-02,(845) 555-0168,monica.henderson732@example.com,26389 John Islands Suite 392,East Kevintown,CT,06657,2H85J37VW19,B-H-00506,
B-C-00733,Joseph,Grimes,1937-08-25,(942) 555-0141,joseph.grimes733@example.com,20279 Patrick Ranch Apt. 402,Reginastad,AR,72939,2M48A05DJ54,B-H-00507,
B-C-00734,Steven,Mata,1982-02-02,(419) 555-0106,steven.mata734@example.com,063 Luna Way,Wilkinsonton,PA,16492,2UQ9DH6AT90,B-H-00508,
B-C-00735,Jose,Mata,1949-11-10,(506) 555-0185,jose.mata735@example.com,063 Luna Way,Wilkinsonton,PA,16492,9V32WT2QE01,B-H-00508,
B-C-00736,Eric,White,1994-12-20,(402) 555-0142,,795 Thompson Pike Suite 766,Petersonside,NV,89435,,B-H-00509,
B-C-00737,Joshua,Collins,1954-02-14,(873) 555-0180,joshua.collins737@example.com,099 Nancy Junction Suite 585,Port Mitchell,GA,31632,8V73KG0HW52,B-H-00510,
B-C-00738,Traci,Collins,1945-12-14,(495) 555-0170,traci.collins738@example.com,099 Nancy Junction Suite 585,Port Mitchell,GA,31632,1UV4DA2UX39,B-H-00510,
B-C-00739,Melinda,Osborne,1992-11-25,(399) 555-0138,melinda.osborne739@example.com,99955 Tiffany Stravenue Apt. 143,West Lisa,CT,06934,,B-H-00511,
B-C-00740,Susan,Ball,1953-06-05,(503) 555-0129,susan.ball740@example.com,6761 Peterson Brooks,Claytontown,NC,27155,1EE2GV0JU26,B-H-00512,
B-C-00741,Jesus,Ball,1993-10-23,(470) 555-0116,jesus.ball741@example.com,6761 Peterson Brooks,Claytontown,NC,27155,,B-H-00512,
B-C-00742,Juan,Ball,1953-02-28,(503) 555-0129,juan.ball742@example.com,6761 Peterson Brooks,Claytontown,NC,27155,3RR4W94DE35,B-H-00512,
B-C-00743,Lisa,Blackburn,1941-04-11,(845) 555-0178,lisa.blackburn743@example.com,2773 Christina Forks,Jillberg,WY,83141,6AD8N06AA05,B-H-00513,
B-C-00744,Steven,Dawson,1946-04-10,(571) 555-0177,steven.dawson744@example.com,767 Thomas Rapid Suite 264,Meaganbury,CO,80595,6UD4NY5RK98,B-H-00514,
B-C-00745,Renee,Dawson,1956-11-08,(817) 555-0182,renee.dawson745@example.com,767 Thomas Rapid Suite 264,Meaganbury,CO,80595,2PR9MD1TF81,B-H-00514,
B-C-00746,Lauren,Parker,1959-02-18,(270) 555-0114,lauren.parker746@example.com,37311 Sara Mission Apt. 580,Mitchellmouth,OR,97398,5VT7UW2HW44,B-H-00515,
B-C-00747,Tara,Horton,1938-09-28,(426) 555-0120,,9951 Skinner Manors Suite 841,Gutierrezchester,MN,55951,6V71Y53JX25,B-H-00516,
B-C-00748,Lauren,Lewis,1966-12-12,(410) 555-0130,lauren.lewis748@example.com,16553 Shannon Lane Suite 769,North Taylorfurt,DE,19983,,B-H-00517,
B-C-00749,Wesley,Lewis,1969-01-15,(410) 555-0130,wesley.lewis749@example.com,16553 Shannon Lane Suite 769,North Taylorfurt,DE,19983,9A66HT1DE01,B-H-00517,
B-C-00750,April,Fletcher,1951-01-24,(690) 555-0154,april.fletcher750@example.com,91368 Troy Expressway Apt. 313,Deanstad,FL,32872,8HW6W51HJ72,B-H-00518,
B-C-00751,Cody,Richards,1937-06-06,(678) 555-0156,,880 White Mall,Davidfort,OK,73400,5AQ7JT8QU63,B-H-00519,
B-C-00752,William,Richards,1957-05-20,(678) 555-0156,william.richards752@example.com,880 White Mall,Davidfort,OK,73400,3MX9E45QN09,B-H-00519,
B-C-00753,Sara,Stanley,1943-07-12,(913) 555-0101,sara.stanley753@example.com,16612 Bobby River,South Derekmouth,WI,54813,7FT7RT4RY58,B-H-00520,
B-C-00754,Shelby,Stanley,1954-07-19,(913) 555-0101,shelby.stanley754@example.com,16612 Bobby River,South Derekmouth,WI,54813,5YV9FG1JP45,B-H-00520,
B-C-00755,Audrey,Bautista,1949-12-17,(884) 555-0113,,1695 Adam Orchard,Rebeccaland,VT,05645,2P85G58GJ01,B-H-00521,
B-C-00756,Teresa,Bautista,1942-04-27,(477) 555-0186,teresa.bautista756@example.com,1695 Adam Orchard,Rebeccaland,VT,05645,6CY1YV1QG60,B-H-00521,
B-C-00757,Cheryl,Anderson,1937-02-14,(987) 555-0183,,24603 Gabriel Parkway Suite 564,Kariberg,GA,30600,1F20GG7PX15,B-H-00522,
B-C-00758,Darren,Miller,1955-07-28,(321) 555-0185,,12144 Keith Motorway Apt. 561,Thorntonton,WV,26213,3TH9FF1MX72,B-H-00523,
B-C-00759,Candace,Harris,1945-05-06,(722) 555-0199,candace.harris759@example.com,6997 Smith Hills Suite 153,Davisbury,RI,02886,8N92VG7PP55,B-H-00524,
B-C-00760,Brenda,Harris,1957-05-12,(701) 555-0143,brenda.harris760@example.com,6997 Smith Hills Suite 153,Davisbury,RI,02886,4T75DA7CT33,B-H-00524,
B-C-00761,David,Parker,1943-10-08,(250) 555-0129,david.parker761@example.com,925 Hunt Mill,North Ashleychester,OK,74194,5JC4HC4ER46,B-H-00525,
B-C-00762,Jeremy,Taylor,1981-04-20,(610) 555-0144,jeremy.taylor762@example.com,35454 Paige Courts Suite 619,South Jessetown,GA,31336,,B-H-00526,
B-C-00763,Kimberly,Flores,1935-09-14,(521) 555-0165,kimberly.flores763@example.com,139 Turner Mountain,South Kevin,OK,73141,1G93GM0PC46,B-H-00527,
B-C-00764,Jeff,Orozco,1947-02-26,(504) 555-0163,jeff.orozco764@example.com,6905 Abbott Lane Apt. 237,East Heather,NC,27290,4Y11QA9TM04,B-H-00528,
B-C-00765,Jason,Simmons,1958-04-20,(303) 555-0156,jason.simmons765@example.com,7957 James Estates Suite 208,Annfurt,WY,82868,1U80NK3XG61,B-H-00529,
B-C-00766,James,Reynolds,1937-10-21,(852) 555-0184,james.reynolds766@example.com,11887 Brennan Walk Apt. 960,Wilsonstad,SD,57106,8UV2RY9HA58,B-H-00530,
B-C-00767,John,Liu,1936-05-31,(687) 555-0118,john.liu767@example.com,0286 Gonzalez Skyway Suite 375,Cantuside,AZ,85046,6JM7U63TX49,B-H-00531,
B-C-00768,Michael,Liu,1954-12-05,(604) 555-0110,michael.liu768@example.com,0286 Gonzalez Skyway Suite 375,Cantuside,AZ,85046,3RT4Y81JF46,B-H-00531,
B-C-00769,Margaret,Liu,1952-06-27,(647) 555-0189,margaret.liu769@example.com,0286 Gonzalez Skyway Suite 375,Cantuside,AZ,85046,2HT3Q17YE46,B-H-00531,
B-C-00770,Brandon,Thomas,2000-06-17,(910) 555-0144,,93096 Miller Spur,Davisville,CA,93725,,B-H-00532,
B-C-00771,Jennifer,Green,1981-08-06,(336) 555-0175,jennifer.green771@example.com,491 George Terrace Suite 258,Woodsberg,UT,84267,,B-H-00533,
B-C-00772,Eddie,Smith,1948-05-31,(956) 555-0174,eddie.smith772@example.com,1443 Holmes Lock,West Reginald,OK,74065,3UC4A31AX20,B-H-00534,
B-C-00773,Lori,Lawrence,1946-03-07,(334) 555-0134,lori.lawrence773@example.com,384 Lawrence Wall Suite 371,Phillipsborough,WY,83050,4N77TX8DU43,B-H-00535,
B-C-00774,Lynn,Walters,1988-12-06,(894) 555-0113,lynn.walters774@example.com,396 Tran Mountain,Gregorychester,TN,37160,,B-H-00536,
B-C-00775,Brandon,Nelson,1936-08-08,(535) 555-0136,brandon.nelson775@example.com,41631 Clayton Trail Suite 849,Deniseview,OR,97761,3DD3GA7NG98,B-H-00537,
B-C-00776,Walter,Nelson,1980-03-10,(963) 555-0158,walter.nelson776@example.com,41631 Clayton Trail Suite 849,Deniseview,OR,97761,9W85YV7NN11,B-H-00537,
B-C-00777,Adriana,Jones,1948-10-20,(691) 555-0196,adriana.jones777@example.com,208 Cameron Pass,Jodybury,PA,19051,1M60M09YG89,B-H-00538,
B-C-00778,Samuel,Moreno,1965-11-24,(876) 555-0122,samuel.moreno778@example.com,66353 Megan Cliffs,Donaldhaven,WV,25509,7CA5Q59RF08,B-H-00539,
B-C-00779,Bonnie,Moreno,1954-09-15,(293) 555-0132,bonnie.moreno779@example.com,66353 Megan Cliffs,Donaldhaven,WV,25509,1T50HQ5XC34,B-H-00539,
B-C-00780,Gabrielle,Torres,1989-12-13,(311) 555-0142,gabrielle.torres780@example.com,28886 Boyd Circles,Kennethland,VT,05813,,B-H-00540,
B-C-00781,Erin,Adams,1956-05-04,(862) 555-0114,erin.adams781@example.com,53817 Karen Trace,West Michael,TX,77367,8R42VH9TR20,B-H-00541,
B-C-00782,David,Johnson,1944-06-28,(803) 555-0178,david.johnson782@example.com,65367 Moore Cliff,Debramouth,WY,82992,2DF5D00UH26,B-H-00542,
B-C-00783,Vanessa,Johnson,1958-09-12,(785) 555-0185,vanessa.johnson783@example.com,65367 Moore Cliff,Debramouth,WY,82992,9FM3FG1VT92,B-H-00542,
B-C-00784,Mary,Schmidt,1959-09-22,(638) 555-0127,mary.schmidt784@example.com,0546 James Junction,West Mark,PA,15510,4NC5TJ0UJ91,B-H-00543,
B-C-00785,Nicole,Johnson,1943-03-20,(837) 555-0188,nicole.johnson785@example.com,022 Sheryl Tunnel Suite 324,Buchananmouth,OR,97369,9CP7GE4WV83,B-H-00544,
B-C-00786,Christopher,Dixon,1934-09-15,(517) 555-0109,,601 Jones Wells Suite 171,New Nicoleville,NC,27981,1PK7H08VG91,B-H-00545,
B-C-00787,Laura,Russell,1953-04-19,(863) 555-0144,,42130 Williams Meadows Apt. 594,Robertside,NM,87785,4C33DV6NM57,B-H-00546,
B-C-00788,Danielle,Francis,1945-05-03,(758) 555-0199,danielle.francis788@example.com,566 Mark Inlet Suite 807,Herrerafurt,OR,97766,6KD8RR7UD68,B-H-00547,
B-C-00789,Sarah,Williams,1944-03-21,(564) 555-0152,sarah.williams789@example.com,68979 Sellers Roads Apt. 119,Sabrinafort,CT,06682,7KH5YC4TV86,B-H-00548,
B-C-00790,Brian,Garcia,1975-09-03,(557) 555-0145,,51266 Riley Corners Apt. 032,Lake Christianville,CT,06772,,B-H-00549,
B-C-00791,Shannon,Garcia,1972-10-25,(536) 555-0140,shannon.garcia791@example.com,51266 Riley Corners Apt. 032,Lake Christianville,CT,06772,,B-H-00549,
B-C-00792,Anthony,Simmons,1938-01-02,(365) 555-0148,anthony.simmons792@example.com,5787 Elizabeth Junctions,Bryanstad,CA,90384,3F16KF5YU20,B-H-00550,
B-C-00793,Corey,Stuart,1941-05-22,(486) 555-0144,corey.stuart793@example.com,94882 Rogers Harbor,Jordanfort,WV,26538,6J42WH0CY21,B-H-00551,
B-C-00794,Matthew,Little,1955-06-30,(433) 555-0161,matthew.little794@example.com,977 Richard Row Suite 346,Davisborough,NV,89784,7U04H70CK12,B-H-00552,
B-C-00795,Alexander,Fletcher,1948-11-23,(453) 555-0119,alexander.fletcher795@example.com,24678 Ashley Ports Suite 532,Williamfurt,OR,97307,7R91ND6PR16,B-H-00553,
B-C-00796,Jessica,West-Mays,1990-08-23,(750) 555-0147,jessica.westmays796@example.com,9581 Orozco Mall,Wilsonstad,NJ,07886,,B-H-00554,
B-C-00797,Keith,Mays,1947-10-18,(750) 555-0147,keith.mays797@example.com,9581 Orozco Mall,Wilsonstad,NJ,07886,5UC0FA2UX43,B-H-00554,
B-C-00798,Jacqueline,Medina,1937-05-27,(864) 555-0146,,35821 Robertson Camp Suite 625,Harrismouth,VT,05378,3X45GK2GA55,B-H-00555,
B-C-00799,Elizabeth,Schneider,1972-04-06,(204) 555-0192,elizabeth.schneider799@example.com,797 Craig Square Apt. 115,Kramershire,NC,27627,,B-H-00556,
B-C-00800,Joseph,Schneider,1999-04-20,(634) 555-0195,joseph.schneider800@example.com,797 Craig Square Apt. 115,Kramershire,NC,27627,,B-H-00556,
B-C-00801,Nicole,Bautista,1957-04-18,(984) 555-0120,nicole.bautista801@example.com,9705 Andrews Freeway Apt. 393,New Jennifer,CO,80732,8WY7GX6HY99,B-H-00557,
B-C-00802,Mark,Williams,1933-11-10,(387) 555-0125,mark.williams802@example.com,8305 Robinson Wall Suite 437,East Brian,DE,19801,6M12MP0AH44,B-H-00558,
B-C-00803,Kayla,Williams,1986-08-03,(522) 555-0135,kayla.williams803@example.com,8305 Robinson Wall Suite 437,East Brian,DE,19801,,B-H-00558,
B-C-00804,Breanna,Brooks,1969-02-17,(410) 555-0116,,4190 Charles Mall Apt. 661,Kevinton,KY,42687,9C46H87RY54,B-H-00559,
B-C-00805,Rachael,Stevens,1947-05-26,(230) 555-0130,rachael.stevens805@example.com,9373 Johnson Center Suite 016,New Rhondabury,CO,81314,9VM8FP1JX58,B-H-00560,
B-C-00806,Joseph,Wood,1991-05-30,(586) 555-0191,joseph.wood806@example.com,33235 Albert Well,New Matthew,NC,27460,9PK3XX5HV01,B-H-00561,
B-C-00807,Stephen,Murray,1997-11-01,(332) 555-0163,stephen.murray807@example.com,428 Walker Mill,Bridgetport,OK,74510,,B-H-00562,
B-C-00808,Sherry,Reed,1955-05-06,(517) 555-0165,sherry.reed808@example.com,099 Sanders Via,Watsonville,CO,81441,7RN5U46VW70,B-H-00563,
B-C-00809,Bradley,Jackson,1938-11-15,(787) 555-0132,bradley.jackson809@example.com,847 Emily Loop Suite 297,Bennettmouth,WY,82132,7NV3R37XY69,B-H-00564,
B-C-00810,Daniel,Evans,1942-09-23,(834) 555-0120,daniel.evans810@example.com,8323 Joshua Prairie,New Breannabury,AL,35099,3FR3QH6QP61,B-H-00565,
B-C-00811,Robert,Evans,1935-08-14,(834) 555-0120,robert.evans811@example.com,8323 Joshua Prairie,New Breannabury,AL,35099,8AU4YK2MF69,B-H-00565,
B-C-00812,Allison,Horton,1955-10-03,(709) 555-0159,allison.horton812@example.com,99106 Quinn Estate,Port Haroldbury,CO,80681,8JQ4UT7FD72,B-H-00566,
B-C-00813,Michael,Horton,1933-11-28,(593) 555-0103,michael.horton813@example.com,99106 Quinn Estate,Port Haroldbury,CO,80681,9KD1HQ5FJ15,B-H-00566,
B-C-00814,Robert,Carter,1945-12-14,(468) 555-0198,robert.carter814@example.com,624 Jennifer Center,Sophiaton,WV,25783,6Y25RH4PD31,B-H-00567,
B-C-00815,Elizabeth,Thompson,1940-05-14,(233) 555-0107,elizabeth.thompson815@example.com,068 Cindy Street Suite 720,Clarkton,OK,73996,1H18Y12FE71,B-H-00568,
B-C-00816,Ryan,Mitchell,1999-01-22,(405) 555-0196,ryan.mitchell816@example.com,33682 Lori Lane Apt. 953,Leburgh,MS,38706,,B-H-00569,
B-C-00817,Linda,Anderson,1958-01-30,(328) 555-0176,linda.anderson817@example.com,900 Young Crossroad Suite 335,East Jamesfort,WV,25112,8KF3RM9PJ55,B-H-00570,
B-C-00818,Latoya,Anderson,2000-05-08,(328) 555-0176,latoya.anderson818@example.com,900 Young Crossroad Suite 335,East Jamesfort,WV,25112,,B-H-00570,
B-C-00819,David,Levine,1950-02-27,(750) 555-0100,david.levine819@example.com,10063 Tara Turnpike,Allisonmouth,OK,74636,7HW4AT5FQ31,B-H-00571,
B-C-00820,Suzanne,Dunlap,2003-02-06,(869) 555-0127,,33336 Vanessa Valley Apt. 495,North Stephanie,NJ,07054,,B-H-00572,
B-C-00821,Stephanie,Novak,1992-02-21,(442) 555-0147,stephanie.novak821@example.com,6426 Saunders Meadow,Richburgh,TN,38318,,B-H-00573,
B-C-00822,Sophia,Novak,1958-04-26,(442) 555-0147,sophia.novak822@example.com,6426 Saunders Meadow,Richburgh,TN,38318,5G68D03NG33,B-H-00573,
B-C-00823,Melody,Fletcher,1948-02-17,(284) 555-0135,melody.fletcher823@example.com,62299 Christopher Ford,Meganhaven,ND,58012,4UN3TH6JY47,B-H-00574,
B-C-00824,Virginia,Fletcher,1967-07-31,(551) 555-0123,virginia.fletcher824@example.com,62299 Christopher Ford,Meganhaven,ND,58012,,B-H-00574,
B-C-00825,Sandra,Alvarez,1945-04-16,(707) 555-0155,sandra.alvarez825@example.com,50969 John Union,Port Alejandromouth,CT,06321,6F81EK9DY79,B-H-00575,
B-C-00826,Lauren,Alvarez,1951-04-11,(800) 555-0192,lauren.alvarez826@example.com,50969 John Union,Port Alejandromouth,CT,06321,7RM1UV7UU69,B-H-00575,
B-C-00827,Brian,Gonzales,1950-02-21,(799) 555-0120,brian.gonzales827@example.com,762 Burgess Island Apt. 273,West Reginald,CO,81337,7RP8WV2UC44,B-H-00576,
B-C-00828,Nicholas,Hansen,1993-04-02,(728) 555-0141,nicholas.hansen828@example.com,304 Dalton Shore,Swansontown,PA,19499,7A37KT9DK02,B-H-00577,
B-C-00829,Diane,Hansen,1944-01-01,(728) 555-0141,diane.hansen829@example.com,304 Dalton Shore,Swansontown,PA,19499,6JW0DA2WU48,B-H-00577,
B-C-00830,Christopher,Garrett,1941-02-28,(524) 555-0186,christopher.garrett830@example.com,3107 Oconnor Park,Port Kenneth,HI,96822,6M93NF7FM84,B-H-00578,
B-C-00831,Brad,Zuniga,1987-01-18,(313) 555-0185,brad.zuniga831@example.com,7821 Kimberly Crossroad Apt. 949,Blackstad,OR,97900,,B-H-00579,
B-C-00832,Heidi,Anderson,1956-09-20,(411) 555-0176,heidi.anderson832@example.com,894 Joseph Unions Suite 051,Port Mariahstad,KY,41291,2MY7PH4DD57,B-H-00580,
B-C-00833,Kara,Anderson,1952-03-12,(736) 555-0187,kara.anderson833@example.com,894 Joseph Unions Suite 051,Port Mariahstad,KY,41291,3N36QE5XH67,B-H-00580,
B-C-00834,Kathryn,Conway,1973-06-15,(862) 555-0192,kathryn.conway834@example.com,0574 Wade Hills Suite 521,Lake Amy,DE,19740,4PW3X98EX64,B-H-00581,
B-C-00835,Angela,Conway,1939-10-22,(862) 555-0192,,0574 Wade Hills Suite 521,Lake Amy,DE,19740,5D99XU5FC14,B-H-00581,
B-C-00836,Louis,Davis,1950-05-15,(534) 555-0191,louis.davis836@example.com,4134 Andersen Lock,South Anneshire,DE,19897,1CA0MC0MR45,B-H-00582,
B-C-00837,Paula,Flowers,1948-07-07,(300) 555-0190,paula.flowers837@example.com,6205 Taylor Causeway,Fischerton,AZ,85218,3PW3W96DX27,B-H-00583,
B-C-00838,John,Carpenter,1945-06-27,(291) 555-0150,john.carpenter838@example.com,936 Ashley Meadow Suite 957,East Denise,MO,64719,9PE3A04HQ78,B-H-00584,
B-C-00839,Gabriella,Carpenter,1960-07-22,(291) 555-0150,gabriella.carpenter839@example.com,936 Ashley Meadow Suite 957,East Denise,MO,64719,6AR2FX2HE06,B-H-00584,
B-C-00840,Sheila,Johnson,1942-07-07,(265) 555-0109,,9616 Jason Stream Suite 610,West Roberthaven,WY,82615,9W06KV4VN09,B-H-00585,
B-C-00841,Peggy,Johnson,1970-10-12,(461) 555-0120,,9616 Jason Stream Suite 610,West Roberthaven,WY,82615,,B-H-00585,
B-C-00842,Eric,Rivera,1951-08-28,(467) 555-0101,,18513 Timothy Port,Ochoaport,UT,84707,2H24X05QM79,B-H-00586,
B-C-00843,Craig,Levy,1994-06-11,(832) 555-0105,craig.levy843@example.com,82044 Fuller Rue,Medinatown,PA,16873,,B-H-00587,
B-C-00844,Nancy,Levy,1978-05-21,(480) 555-0116,nancy.levy844@example.com,82044 Fuller Rue,Medinatown,PA,16873,,B-H-00587,
B-C-00845,Sheila,Norman,1934-11-26,(419) 555-0193,,9961 Fernando Forks Suite 544,Nelsonmouth,DE,19796,7HH1VP7KV17,B-H-00588,
B-C-00846,Ryan,Pena,1986-08-17,(599) 555-0147,,1239 Lydia Hollow,Lake Williammouth,CT,06892,,B-H-00589,
B-C-00847,Chad,Pena,1956-01-30,(494) 555-0142,chad.pena847@example.com,1239 Lydia Hollow,Lake Williammouth,CT,06892,9WW4AY9MW17,B-H-00589,
B-C-00848,Jamie,Walters,1933-10-28,(715) 555-0194,jamie.walters848@example.com,65113 Smith Flats,Transtad,DE,19857,9XU6QW2WT22,B-H-00590,
B-C-00849,Katherine,Richards,1977-03-24,(419) 555-0113,,6597 Howell Haven,Brenthaven,WI,54706,,B-H-00591,
B-C-00850,Tonya,Huffman,1951-04-25,(726) 555-0120,,98305 Laurie Plains,West Elizabeth,NV,89849,4G48RT4XM69,B-H-00592,
B-C-00851,Diamond,Davenport,1936-01-14,(229) 555-0143,diamond.davenport851@example.com,1293 Nicolas Meadow,South Edwardport,NV,89766,1WX3WR5TY99,B-H-00593,
B-C-00852,Hailey,Smith,1955-11-14,(675) 555-0185,hailey.smith852@example.com,563 Romero Radial Apt. 401,Port Alison,NV,88976,8V98PM1XA90,B-H-00594,
B-C-00853,Alexa,Smith,1954-05-23,(634) 555-0188,alexa.smith853@example.com,563 Romero Radial Apt. 401,Port Alison,NV,88976,9FG2EE4FM03,B-H-00594,
B-C-00854,Courtney,Wilson,1940-12-21,(634) 555-0197,courtney.wilson854@example.com,322 Melissa Vista,Brianmouth,OK,74614,2CW2VR0AE97,B-H-00595,
B-C-00855,Craig,Wilson,1944-07-13,(814) 555-0184,craig.wilson855@example.com,322 Melissa Vista,Brianmouth,OK,74614,2F44M82QY14,B-H-00595,
B-C-00856,Frank,Perez,1950-11-14,(304) 555-0144,frank.perez856@example.com,9252 Melissa Road,Jonestown,CO,80606,4UQ5TA6AD16,B-H-00596,
B-C-00857,Adam,Stuart,1963-01-27,(866) 555-0154,adam.stuart857@example.com,409 Tina Circle,Codytown,DE,19753,,B-H-00597,
B-C-00858,Michael,Lopez,1955-03-09,(710) 555-0163,michael.lopez858@example.com,83079 Daniel Fork,Michellefort,NV,89526,7GD4P09WK53,B-H-00598,
B-C-00859,Ian,Rivers,2003-02-05,(589) 555-0143,ian.rivers859@example.com,341 Wallace Run,Bennettstad,OR,97848,,B-H-00599,
B-C-00860,Casey,Cunningham,1956-03-30,(212) 555-0116,casey.cunningham860@example.com,62574 Michael Inlet Apt. 877,North Daniel,CO,80763,6G86CW1XH94,B-H-00600,
B-C-00861,Mark,Davis,1945-12-09,(570) 555-0184,mark.davis861@example.com,586 Powell Underpass Apt. 395,West Andrea,MO,64797,7D96XK1HP12,B-H-00601,
B-C-00862,James,Acevedo,2003-06-04,(740) 555-0154,james.acevedo862@example.com,0548 Cody Vista,New Matthew,TN,37859,,B-H-00602,
B-C-00863,Bradley,Acevedo,1991-09-18,(740) 555-0154,bradley.acevedo863@example.com,0548 Cody Vista,New Matthew,TN,37859,,B-H-00602,
B-C-00864,David,Miller,1934-02-05,(542) 555-0190,david.miller864@example.com,5504 Jeffrey Groves,South Emily,MA,01225,1AN5A60PW94,B-H-00603,
B-C-00865,Mary,Miller,1949-12-29,(953) 555-0170,,5504 Jeffrey Groves,South Emily,MA,01225,3J77J53HQ16,B-H-00603,
B-C-00866,Anthony,Lowe,1937-10-06,(554) 555-0167,,400 Bautista Station,Rebekahfurt,AZ,86520,4U09E26NM80,B-H-00604,
B-C-00867,Daniel,Lowe,1959-08-28,(543) 555-0176,daniel.lowe867@example.com,400 Bautista Station,Rebekahfurt,AZ,86520,1GG2WT7RD80,B-H-00604,
B-C-00868,Mary,Smith,1959-09-13,(855) 555-0178,,330 Cory Mission,New Charles,GA,30052,7E26HC7AF86,B-H-00605,
B-C-00869,Christopher,Richmond,1954-11-06,(666) 555-0125,,8771 Steven Isle Suite 649,New Meganmouth,WV,24830,3HY2M74GX10,B-H-00606,
B-C-00870,Lindsey,Richmond,1951-05-18,(256) 555-0195,lindsey.richmond870@example.com,8771 Steven Isle Suite 649,New Meganmouth,WV,24830,2DX4UQ3PJ07,B-H-00606,
B-C-00871,Ryan,Boyd,1938-07-26,(448) 555-0156,ryan.boyd871@example.com,5395 Hunter Brook Suite 191,North Monica,SD,57062,7GX8E21YC04,B-H-00607,
B-C-00872,Richard,Boyd,1955-12-30,(838) 555-0138,richard.boyd872@example.com,5395 Hunter Brook Suite 191,North Monica,SD,57062,1ED9G39HY84,B-H-00607,
B-C-00873,Douglas,Long,2005-09-07,(616) 555-0175,douglas.long873@example.com,60422 Dustin Islands,Port Megan,AR,72288,,B-H-00608,
B-C-00874,Hannah,Long,1934-12-27,(616) 555-0175,hannah.long874@example.com,60422 Dustin Islands,Port Megan,AR,72288,7PU1AE1AW41,B-H-00608,
B-C-00875,Christian,Cross-Perkins,1971-06-07,(917) 555-0125,,157 Tracy Spurs,New Dawnton,PA,18949,,B-H-00609,
B-C-00876,Bruce,Perez,1956-04-19,(486) 555-0164,,7434 Edward Square Apt. 158,Arellanoshire,CA,93776,6AF7FU5ER48,B-H-00610,
B-C-00877,Gary,Perez,1950-11-09,(440) 555-0144,gary.perez877@example.com,7434 Edward Square Apt. 158,Arellanoshire,CA,93776,6C39GE2DK82,B-H-00610,
B-C-00878,Gene,Collins,1935-12-07,(775) 555-0189,gene.collins878@example.com,8428 Goodwin Brooks Apt. 623,Briannahaven,GA,31413,3VX2HU2FM34,B-H-00611,
B-C-00879,Katie,Collins,1939-10-28,(775) 555-0189,,8428 Goodwin Brooks Apt. 623,Briannahaven,GA,31413,7PM5FU0HG71,B-H-00611,
B-C-00880,Kristina,Mckay,1941-08-15,(279) 555-0100,kristina.mckay880@example.com,888 Peter Mountains,Lake Paulstad,KY,42288,4Y01ED9FQ92,B-H-00612,
B-C-00881,David,Estrada,1943-01-16,(700) 555-0142,david.estrada881@example.com,03557 Meagan Square,New Tiffany,OR,97045,9QC4CE8WC05,B-H-00613,
B-C-00882,Kristen,James,1944-07-18,(386) 555-0125,,311 Gallagher Hill Apt. 829,North Nathanshire,DE,19807,6E25HN7CE51,B-H-00614,
B-C-00883,Cassandra,Estrada,1934-02-14,(445) 555-0162,cassandra.estrada883@example.com,601 Carlos Pass Apt. 761,Port Ashley,PA,18122,5HY4VC1KC11,B-H-00615,
B-C-00884,Joseph,Estrada,1938-05-05,(700) 555-0191,joseph.estrada884@example.com,601 Carlos Pass Apt. 761,Port Ashley,PA,18122,2T46YH9QA50,B-H-00615,
B-C-00885,Anna,Hensley,1985-05-25,(783) 555-0195,anna.hensley885@example.com,457 Nichole Passage,West Katherine,CT,06483,,B-H-00616,
B-C-00886,Nicholas,Hensley,1955-09-13,(716) 555-0124,nicholas.hensley886@example.com,457 Nichole Passage,West Katherine,CT,06483,3QV5FH5XR94,B-H-00616,
B-C-00887,Melissa,Robinson,1956-11-06,(465) 555-0100,melissa.robinson887@example.com,065 Cervantes Walk Suite 501,Sandraport,CT,06150,2E73NY5JP36,B-H-00617,
B-C-00888,Thomas,Walsh,1949-01-11,(473) 555-0123,thomas.walsh888@example.com,988 Snyder Springs,Jamesberg,CT,06665,6UP2V76EG26,B-H-00618,
B-C-00889,Wanda,Walsh,1957-02-21,(669) 555-0157,wanda.walsh889@example.com,988 Snyder Springs,Jamesberg,CT,06665,9DE9AJ1NT97,B-H-00618,
B-C-00890,Thomas,Cox,1982-04-17,(219) 555-0170,thomas.cox890@example.com,00053 Kennedy Rest,South Jackfort,VA,22212,,B-H-00619,
B-C-00891,Kevin,Cox,1947-12-19,(219) 555-0170,,00053 Kennedy Rest,South Jackfort,VA,22212,7JG1EY6CM72,B-H-00619,
B-C-00892,Laura,Townsend,1946-08-05,(220) 555-0177,,0715 Lynch Inlet,Gayport,KY,42085,4PW3F51WV83,B-H-00620,
B-C-00893,Allison,Townsend,1962-06-15,(803) 555-0171,allison.townsend893@example.com,0715 Lynch Inlet,Gayport,KY,42085,,B-H-00620,
B-C-00894,David,Williams,1941-01-26,(689) 555-0134,david.williams894@example.com,420 Michael Street,Allenfurt,ND,58323,8A49QR3MN33,B-H-00621,
B-C-00895,Michael,Hawkins,1950-07-19,(560) 555-0177,michael.hawkins895@example.com,9887 Jonathan Dale Suite 332,Port Randystad,NV,89763,1EA4M47HW59,B-H-00622,
B-C-00896,Victoria,Lopez,1957-07-08,(840) 555-0175,victoria.lopez896@example.com,36320 Luke Lodge Suite 805,Bryanstad,OR,97861,6JP9KH2VU65,B-H-00623,
B-C-00897,Brian,Carney,1955-12-08,(763) 555-0186,brian.carney897@example.com,9274 Cain Mill Suite 876,North Joshua,WY,82882,4EX4K44HH47,B-H-00624,
B-C-00898,Krystal,Jennings,1946-08-26,(253) 555-0126,krystal.jennings898@example.com,8270 Karen Hollow Suite 581,Tinachester,SD,57265,6TY1UQ7JM63,B-H-00625,
B-C-00899,Donna,Jennings,1950-11-24,(248) 555-0142,donna.jennings899@example.com,8270 Karen Hollow Suite 581,Tinachester,SD,57265,7JP0C63KX10,B-H-00625,
B-C-00900,Scott,Wood,1940-05-19,(894) 555-0196,scott.wood900@example.com,8853 Austin Loaf Apt. 902,Ronaldview,OK,74166,9DD0VP8RT48,B-H-00626,
B-C-00901,Matthew,Higgins,1996-10-10,(389) 555-0138,,08399 Robinson Mission Suite 470,Matthewsbury,MS,39019,,B-H-00627,
B-C-00902,Amanda,Higgins,1937-09-13,(938) 555-0103,amanda.higgins902@example.com,08399 Robinson Mission Suite 470,Matthewsbury,MS,39019,3MR5T94MP60,B-H-00627,
B-C-00903,Ariel,Cain,1937-10-03,(295) 555-0144,ariel.cain903@example.com,186 Rich Gateway,Ibarramouth,NC,27573,9W38RU5EF58,B-H-00628,
B-C-00904,Megan,Davis,2000-06-05,(439) 555-0168,megan.davis904@example.com,527 Adams Canyon Apt. 062,East Steven,MO,63041,,B-H-00629,
B-C-00905,Joshua,Cherry,1949-10-25,(807) 555-0191,joshua.cherry905@example.com,97995 Mccarthy Squares Suite 169,New Hayleymouth,WY,82479,3CK1KX6AV25,B-H-00630,
B-C-00906,Kayla,Ellis,1938-10-06,(748) 555-0160,kayla.ellis906@example.com,315 Amy Wells,Veronicaport,OK,73403,2XG3Y96AK11,B-H-00631,
B-C-00907,Judy,Ellis,1968-03-04,(748) 555-0160,judy.ellis907@example.com,315 Amy Wells,Veronicaport,OK,73403,,B-H-00631,
B-C-00908,Daniel,Cox,1971-11-13,(611) 555-0192,daniel.cox908@example.com,109 Gregory Plaza Apt. 666,New Amyview,CT,06699,,B-H-00632,
B-C-00909,Michelle,Combs,1945-04-30,(457) 555-0133,,6055 Christina Ridge Apt. 192,Heatherfort,OK,73855,6YW0E02AT37,B-H-00633,
B-C-00910,Luis,Combs,1951-12-21,(457) 555-0133,luis.combs910@example.com,6055 Christina Ridge Apt. 192,Heatherfort,OK,73855,7KR0M18QD42,B-H-00633,
B-C-00911,Kevin,Combs,1978-03-24,(827) 555-0143,kevin.combs911@example.com,6055 Christina Ridge Apt. 192,Heatherfort,OK,73855,9Q19K82ND85,B-H-00633,
B-C-00912,Cody,Walker,1974-06-26,(772) 555-0180,cody.walker912@example.com,24112 Berg Square Suite 776,East Cherylbury,WY,83132,,B-H-00634,
B-C-00913,Stephanie,Walker,1960-02-01,(772) 555-0180,stephanie.walker913@example.com,24112 Berg Square Suite 776,East Cherylbury,WY,83132,2PA3KF3UT88,B-H-00634,
B-C-00914,Benjamin,Walker,1944-03-12,(924) 555-0178,benjamin.walker914@example.com,24112 Berg Square Suite 776,East Cherylbury,WY,83132,2AW0AQ4GU07,B-H-00634,
B-C-00915,Edward,Munoz,1935-10-21,(227) 555-0139,edward.munoz915@example.com,6560 Cuevas Ville,West Tammyborough,OR,97818,4EE8T28JJ92,B-H-00635,
B-C-00916,Kevin,Nolan,1949-03-11,(264) 555-0127,,3698 Joseph Extension,Myersfort,DE,19997,8XD2GP2EA49,B-H-00636,
B-C-00917,Hannah,Garcia,1944-01-02,(406) 555-0195,hannah.garcia917@example.com,0697 Shane Stream,West Michael,AR,72998,9VU6CM8EY13,B-H-00637,
B-C-00918,Angela,Higgins,1958-03-29,(823) 555-0146,angela.higgins918@example.com,76872 Alvarez Well,New Claytonport,WI,54757,8A24TX5JY86,B-H-00638,
B-C-00919,Emily,Higgins,1956-02-11,(823) 555-0146,emily.higgins919@example.com,76872 Alvarez Well,New Claytonport,WI,54757,4A64QE9DY18,B-H-00638,
B-C-00920,Kevin,Harris,1973-03-09,(509) 555-0154,kevin.harris920@example.com,301 Katie Flats,Vasquezberg,WV,26514,,B-H-00639,
B-C-00921,Richard,Harris,1953-07-20,(509) 555-0154,richard.harris921@example.com,301 Katie Flats,Vasquezberg,WV,26514,6DE1Q51YG24,B-H-00639,
B-C-00922,Billy,Reyes,1952-04-27,(646) 555-0118,billy.reyes922@example.com,5691 Mendoza Court Apt. 537,North Charlesbury,RI,02933,9NX1G18CN49,B-H-00640,
B-C-00923,William,Reyes,1935-07-27,(646) 555-0118,william.reyes923@example.com,5691 Mendoza Court Apt. 537,North Charlesbury,RI,02933,4DX8FF4EE73,B-H-00640,
B-C-00924,Carolyn,Gould,1943-06-09,(470) 555-0101,,26523 Erickson Prairie Apt. 862,East Joshua,CT,06150,1F83X12CR72,B-H-00641,
B-C-00925,Charles,Gould,1949-11-04,(470) 555-0101,charles.gould925@example.com,26523 Erickson Prairie Apt. 862,East Joshua,CT,06150,9V58KV3RV62,B-H-00641,
B-C-00926,Joshua,Crosby,1958-09-09,(405) 555-0114,joshua.crosby926@example.com,13826 Watson Summit Suite 926,Port Tracychester,OH,44052,4EU3EC9QU89,B-H-00642,
B-C-00927,Claire,Kelley,1956-07-15,(202) 555-0152,claire.kelley927@example.com,93896 David Cape Suite 497,New Angela,SD,57265,1T30MR9WM42,B-H-00643,
B-C-00928,Crystal,Kelley,1941-04-27,(351) 555-0113,crystal.kelley928@example.com,93896 David Cape Suite 497,New Angela,SD,57265,8HU0GM0RM87,B-H-00643,
B-C-00929,Emma,Bautista,1951-07-17,(827) 555-0165,,079 Anthony Forge,Morseville,CO,80575,7P64C83JU72,B-H-00644,
B-C-00930,Candace,Delgado,1994-05-03,(463) 555-0145,candace.delgado930@example.com,6720 Brian Dam Suite 028,Lake Williamberg,PA,18129,,B-H-00645,
B-C-00931,Elizabeth,Little,1950-08-20,(778) 555-0106,elizabeth.little931@example.com,8488 Burnett Skyway Apt. 914,Bergchester,PA,15316,1GY5JR5QC75,B-H-00646,
B-C-00932,Michelle,Anderson,1979-08-23,(674) 555-0105,,35441 Fleming Valley,Lake Kyle,DC,20446,3CR3HE1GF45,B-H-00647,
B-C-00933,Stanley,Anderson,1960-02-27,(674) 555-0105,stanley.anderson933@example.com,35441 Fleming Valley,Lake Kyle,DC,20446,5RJ4CQ1NQ96,B-H-00647,
B-C-00934,Amber,Brock,1945-01-13,(419) 555-0174,amber.brock934@example.com,068 Davis Flats Suite 256,South Sandra,OR,97580,5QE9AG9VJ35,B-H-00648,
B-C-00935,Marc,Brock,1949-06-16,(581) 555-0196,marc.brock935@example.com,068 Davis Flats Suite 256,South Sandra,OR,97580,1JD7V86KG93,B-H-00648,
B-C-00936,Kevin,Vargas,1967-12-11,(311) 555-0177,kevin.vargas936@example.com,94058 Payne Point Suite 153,Kendrachester,CT,06755,,B-H-00649,
B-C-00937,Samuel,Vargas,1988-11-24,(259) 555-0151,samuel.vargas937@example.com,94058 Payne Point Suite 153,Kendrachester,CT,06755,,B-H-00649,
B-C-00938,Teresa,Wolfe,1954-03-04,(906) 555-0177,teresa.wolfe938@example.com,0385 Garrett Trace Apt. 348,West Samuel,FL,32976,3PW8UK4XP62,B-H-00650,
B-C-00939,Crystal,Bass,1982-10-17,(704) 555-0106,crystal.bass939@example.com,82803 Austin Mount,Lake Thomaston,PA,18208,,B-H-00651,
B-C-00940,Mary,Nunez,1934-10-01,(496) 555-0149,mary.nunez940@example.com,546 Garcia Extensions Apt. 811,Georgeland,OR,97336,5CA8WF0NM18,B-H-00652,
B-C-00941,Patrick,Nunez,1944-10-02,(496) 555-0149,patrick.nunez941@example.com,546 Garcia Extensions Apt. 811,Georgeland,OR,97336,5KR6PP5QA56,B-H-00652,
B-C-00942,Julia,Hernandez,1934-08-06,(405) 555-0156,,776 Gabrielle Mills,Brownton,CT,06256,4XN6H98HH89,B-H-00653,
B-C-00943,Gregory,Hernandez,1944-06-14,(261) 555-0150,,776 Gabrielle Mills,Brownton,CT,06256,5TW3UC6TK15,B-H-00653,
B-C-00944,Marcus,Lawson,1996-10-10,(259) 555-0110,marcus.lawson944@example.com,13121 Robert Plains,Crystalhaven,DC,56906,,B-H-00654,
B-C-00945,Larry,Burke,1953-01-31,(300) 555-0171,,139 Brian Circles,East Richard,OR,97086,7E85T51GT32,B-H-00655,
B-C-00946,Katelyn,Benson,1960-04-15,(949) 555-0169,katelyn.benson946@example.com,1563 Arnold Keys Apt. 236,North Dennis,DE,19716,8F12WD4KM85,B-H-00656,
B-C-00947,Cody,Gutierrez,1937-03-09,(400) 555-0125,cody.gutierrez947@example.com,830 Tanya Bridge,Morrowshire,AZ,85754,1HT6D04VR25,B-H-00657,
B-C-00948,Grant,Gutierrez,1985-02-24,(568) 555-0142,grant.gutierrez948@example.com,830 Tanya Bridge,Morrowshire,AZ,85754,,B-H-00657,
B-C-00949,Daniel,Williams,1979-01-11,(828) 555-0120,daniel.williams949@example.com,1017 Brenda Forges Suite 417,Obrienfurt,TX,79943,8JH2GY1GM89,B-H-00658,
B-C-00950,Edward,Patel,1954-09-12,(462) 555-0143,,40291 Nicole Burg,Stantonshire,LA,70108,5R57RJ3KK17,B-H-00659,
B-C-00951,Maurice,Valdez,1956-06-16,(648) 555-0102,maurice.valdez951@example.com,51131 Woods Fords,New Laura,WY,82079,6F03V24UC74,B-H-00660,
B-C-00952,Mark,Matthews,1966-04-12,(914) 555-0198,mark.matthews952@example.com,65078 Macias Extension Suite 737,Karenchester,NM,87944,,B-H-00661,
B-C-00953,Diana,Waller,1951-12-11,(411) 555-0183,diana.waller953@example.com,33426 Garcia Springs,West Michelletown,OR,97980,9N90W80PT19,B-H-00662,
B-C-00954,Ronnie,Blake,1951-12-26,(492) 555-0143,ronnie.blake954@example.com,83978 Gordon Fords,West Cody,NC,27592,2CX3PQ6YJ36,B-H-00663,
B-C-00955,Victor,Jennings,1936-09-20,(441) 555-0191,victor.jennings955@example.com,252 Steven Center,Hunterside,LA,70629,7MK7CD9YR42,B-H-00664,
B-C-00956,Allison,Parker,1956-07-31,(216) 555-0134,allison.parker956@example.com,683 Kenneth Square Apt. 927,North Edwardfort,OR,97662,1QY6NG4TT06,B-H-00665,
B-C-00957,Sean,Hill,1990-09-30,(617) 555-0196,,20063 Henderson Green,East Amanda,NC,28205,,B-H-00666,
B-C-00958,Norma,Thornton,1953-08-15,(986) 555-0119,,823 Latoya Crest Apt. 121,South Denisemouth,AZ,85503,1CN0N26MV88,B-H-00667,
B-C-00959,Curtis,Brown,2001-05-13,(611) 555-0108,curtis.brown959@example.com,84504 James Loop,Hebertside,VA,24631,,B-H-00668,
B-C-00960,Cassandra,Perry,1938-09-17,(297) 555-0166,cassandra.perry960@example.com,42468 John Branch Suite 908,Lake Robinborough,CT,06478,8H01KE6AX70,B-H-00669,
B-C-00961,Stephen,Whitney,1939-04-06,(492) 555-0169,,6255 Steven Overpass Apt. 986,Lake Carlosland,ND,58582,1HJ6EE5HK01,B-H-00670,
B-C-00962,Jonathan,Whitney,1956-10-02,(248) 555-0199,,6255 Steven Overpass Apt. 986,Lake Carlosland,ND,58582,3KK5EW5TH44,B-H-00670,
B-C-00963,Deanna,Terry,1945-01-15,(275) 555-0149,deanna.terry963@example.com,663 Tim Via,Crystaltown,MO,64112,3Q70YT2JQ02,B-H-00671,
B-C-00964,Chris,Booker,1965-02-25,(381) 555-0170,chris.booker964@example.com,697 Potter Greens,Christinafort,DC,20013,,B-H-00672,
B-C-00965,Krystal,Wood,1946-10-18,(267) 555-0156,krystal.wood965@example.com,435 Nathaniel Meadows Suite 171,Markhaven,SD,57487,9R24U20UR45,B-H-00673,
B-C-00966,Mary,Wood,1938-12-23,(789) 555-0179,mary.wood966@example.com,435 Nathaniel Meadows Suite 171,Markhaven,SD,57487,7DJ5QK2RY35,B-H-00673,
B-C-00967,Gregory,Wood,1946-09-15,(267) 555-0156,,435 Nathaniel Meadows Suite 171,Markhaven,SD,57487,8GG0KM5QE57,B-H-00673,
B-C-00968,Mitchell,Hamilton,1941-12-02,(487) 555-0195,mitchell.hamilton968@example.com,271 Shannon Lights,Steventown,DC,20215,9AG5YD0UM73,B-H-00674,
B-C-00969,Brittney,Hamilton,1956-07-18,(428) 555-0155,brittney.hamilton969@example.com,271 Shannon Lights,Steventown,DC,20215,9C50XA7XH40,B-H-00674,
B-C-00970,Ashley,Martinez,1955-03-05,(592) 555-0107,ashley.martinez970@example.com,2167 Howard Corner Apt. 864,Stephanieville,OR,97821,9V75T83PA82,B-H-00675,
B-C-00971,Thomas,Cummings,1950-05-15,(672) 555-0156,,535 Bradley Plains Apt. 464,Erictown,SD,57625,5U14H74GK31,B-H-00676,
B-C-00972,Julie,Shannon,1940-07-29,(298) 555-0167,julie.shannon972@example.com,15960 Anthony Forest Suite 900,Krausebury,CO,80874,5CG9TP0QW79,B-H-00677,
B-C-00973,Evan,Wright,1949-06-20,(502) 555-0167,evan.wright973@example.com,5827 William Springs,Villanuevaberg,PA,18478,5N47G44RC94,B-H-00678,
B-C-00974,Michelle,Taylor,1992-07-28,(945) 555-0197,michelle.taylor974@example.com,807 Nielsen Prairie,North Tiffany,GA,31558,,B-H-00679,
B-C-00975,Sharon,Taylor,1960-07-01,(945) 555-0197,sharon.taylor975@example.com,807 Nielsen Prairie,North Tiffany,GA,31558,6MX4EX1FV85,B-H-00679,
B-C-00976,Keith,Garcia,1992-06-07,(511) 555-0196,,1520 David Center,Port Jeffreyside,SD,57355,2J26Q45YT36,B-H-00680,
B-C-00977,Kelly,Espinoza,1960-04-16,(338) 555-0194,kelly.espinoza977@example.com,3555 Patricia Run Suite 637,Jenniferhaven,LA,71120,5X47VA1UP11,B-H-00681,
B-C-00978,Carlos,Ward,1983-12-24,(813) 555-0122,carlos.ward978@example.com,81017 Carl Key Apt. 573,Port Lindsey,NM,88137,6WP7WD9GR23,B-H-00682,
B-C-00979,Catherine,Ward,1944-02-05,(203) 555-0107,catherine.ward979@example.com,81017 Carl Key Apt. 573,Port Lindsey,NM,88137,5PJ0RX9WM64,B-H-00682,
B-C-00980,Jason,Ward,1966-03-23,(344) 555-0166,jason.ward980@example.com,235 Sharp Island,Lake David,OH,45939,,B-H-00683,
B-C-00981,Joseph,Morgan,1952-03-13,(961) 555-0110,joseph.morgan981@example.com,2082 Kenneth Run,Wendyside,VA,22770,2FQ3KQ4HU95,B-H-00684,
B-C-00982,Marc,Morgan,1942-02-14,(961) 555-0110,marc.morgan982@example.com,2082 Kenneth Run,Wendyside,VA,22770,7PR9ND3TP18,B-H-00684,
B-C-00983,Ricky,King,1959-11-05,(324) 555-0153,ricky.king983@example.com,5208 Zachary Grove Apt. 984,Bestborough,WV,25842,8K95J37UU23,B-H-00685,
B-C-00984,Robert,King,1958-01-22,(960) 555-0143,,5208 Zachary Grove Apt. 984,Bestborough,WV,25842,8XR4F09PT03,B-H-00685,
B-C-00985,Douglas,Dennis,1937-11-27,(304) 555-0185,douglas.dennis985@example.com,7532 Sandra Groves,Port Brandon,WY,82257,4MV7QT5PJ12,B-H-00686,
B-C-00986,Julia,Dennis,1957-01-02,(727) 555-0195,,7532 Sandra Groves,Port Brandon,WY,82257,2X53JV1YQ13,B-H-00686,
B-C-00987,Michael,Dennis,1957-12-18,(386) 555-0192,michael.dennis987@example.com,7532 Sandra Groves,Port Brandon,WY,82257,4U80KN3UV47,B-H-00686,
B-C-00988,Barry,Adams,2001-10-30,(923) 555-0164,barry.adams988@example.com,67165 Zimmerman Mews Apt. 849,Marshallshire,TX,78149,,B-H-00687,
B-C-00989,Melissa,Adams,1952-03-12,(545) 555-0126,melissa.adams989@example.com,67165 Zimmerman Mews Apt. 849,Marshallshire,TX,78149,3RY8M68NW33,B-H-00687,
B-C-00990,Henry,Valentine,1999-03-25,(773) 555-0109,henry.valentine990@example.com,2631 Allison Mountains Suite 968,Bellland,CT,06881,,B-H-00688,
B-C-00991,Robin,Rocha,1952-06-03,(669) 555-0138,,1941 Emily Gardens,West Charleschester,CO,81509,6KC3Y44DG43,B-H-00689,
B-C-00992,Kristen,Rocha,1997-08-15,(246) 555-0178,kristen.rocha992@example.com,1941 Emily Gardens,West Charleschester,CO,81509,,B-H-00689,
B-C-00993,Kimberly,Hampton,1937-06-18,(867) 555-0109,,113 Mccarthy Crossing Apt. 746,Kinghaven,OR,97134,4QA8AQ0UF26,B-H-00690,
B-C-00994,Kristy,Cantrell,1942-02-12,(856) 555-0116,kristy.cantrell994@example.com,184 Cody Stream Suite 589,Amandafurt,NV,88938,1PX7GV1DM10,B-H-00691,
B-C-00995,Laurie,Cantrell,1953-06-29,(892) 555-0161,laurie.cantrell995@example.com,184 Cody Stream Suite 589,Amandafurt,NV,88938,2RT8Q31FD80,B-H-00691,
B-C-00996,Kayla,Horne,1975-01-13,(478) 555-0144,,8867 Gordon Grove,Hannahfurt,NV,88910,,B-H-00692,
B-C-00997,Melissa,Ward,1934-02-12,(984) 555-0138,melissa.ward997@example.com,62725 Schneider Centers,Andreaville,LA,71138,9FV9V28UN56,B-H-00693,
B-C-00998,Bradley,Kaufman,1950-12-22,(568) 555-0150,jeremy.kaufman999@example.com,0641 Alyssa Freeway,Vasquezton,VT,05875,3UU8W21QA93,B-H-00694,
B-C-00999,Jeremy,Kaufman,1938-06-23,(568) 555-0150,jeremy.kaufman999@example.com,0641 Alyssa Freeway,Vasquezton,VT,05875,2C15CH3WH03,B-H-00694,
B-C-01000,Barbara,Martin,1971-12-29,(797) 555-0192,barbara.martin1000@example.com,75228 Patricia Port,Jamesland,TN,37291,9VW1FA1NX96,B-H-00695,
B-C-01001,Kimberly,Smith,1943-02-03,(539) 555-0143,kimberly.smith1001@example.com,62463 Peck Prairie Suite 615,Graybury,CT,06067,4P30AE5EE27,B-H-00696,
B-C-01002,Heather,Foley,1942-04-15,(809) 555-0126,heather.foley1002@example.com,528 Bell Spurs,Tamaraville,DE,19776,2TY1TU7JN94,B-H-00697,
B-C-01003,Sharon,Foley,1939-12-11,(736) 555-0135,sharon.foley1003@example.com,528 Bell Spurs,Tamaraville,DE,19776,6YY6AR3CP36,B-H-00697,
B-C-01004,Paul,Sanchez,1972-03-26,(279) 555-0189,paul.sanchez1004@example.com,10034 Martinez Forge,West Colin,CO,80459,,B-H-00698,
B-C-01005,Jason,Sanchez,1938-08-16,(216) 555-0154,jason.sanchez1005@example.com,10034 Martinez Forge,West Colin,CO,80459,3C35UD7HD02,B-H-00698,
B-C-01006,Shannon,Bell,1979-11-14,(986) 555-0120,,847 Timothy Gateway Apt. 675,Brettbury,RI,02898,,B-H-00699,
B-C-01007,Kyle,Green,1994-03-31,(594) 555-0123,kyle.green1007@example.com,21905 Jason Roads,Scotttown,TX,75153,,B-H-00700,
B-C-01008,William,Delgado,1972-09-16,(844) 555-0164,william.delgado1008@example.com,27561 Ann Oval Apt. 029,East Katherineburgh,CT,06951,,B-H-00701,
B-C-01009,Deborah,Travis,1938-10-20,(255) 555-0144,,61656 Emily Shores Suite 666,North Adamton,CT,06580,1EW2MQ5HA95,B-H-00702,
B-C-01010,Melinda,Travis,1960-04-15,(255) 555-0144,melinda.travis1010@example.com,61656 Emily Shores Suite 666,North Adamton,CT,06580,5QC5GH0UC99,B-H-00702,
B-C-01011,Raymond,Miller,1954-05-12,(453) 555-0140,raymond.miller1011@example.com,493 Michelle Ranch,Port Michael,CO,80323,4AK1U09TR20,B-H-00703,
B-C-01012,Stacy,Shepard,1946-05-07,(889) 555-0106,stacy.shepard1012@example.com,0170 Gonzalez Bypass Suite 534,South John,NV,89371,6M85VC7QM41,B-H-00704,
B-C-01013,Kevin,Morris,1941-12-10,(771) 555-0106,kevin.morris1013@example.com,3192 Smith Cove Suite 547,Portermouth,NC,27305,5EA7MR9DR75,B-H-00705,
B-C-01014,Tammy,Sanchez,1949-01-21,(312) 555-0142,tammy.sanchez1014@example.com,73743 Candice Row Apt. 464,Bradleyfort,CT,06020,6NN3K06CC71,B-H-00706,
B-C-01015,Anna,Parker,1942-12-02,(896) 555-0163,,6475 Thomas Motorway,New Justinport,SD,57058,8EN4JC5KP15,B-H-00707,
B-C-01016,Paul,Gomez,1956-07-20,(682) 555-0112,paul.gomez1016@example.com,4442 Sara Isle,Penningtonberg,GA,30941,2VV0D32NX18,B-H-00708,
B-C-01017,Kathleen,Ramirez,1963-02-25,(692) 555-0131,,1762 Burke Causeway,East Melanieberg,NC,28597,4DG5XM7HR59,B-H-00709,
B-C-01018,Elijah,Ramirez,1957-07-25,(439) 555-0126,,1762 Burke Causeway,East Melanieberg,NC,28597,8RF6YE8WD68,B-H-00709,
B-C-01019,Marie,Flores,1935-01-16,(522) 555-0189,marie.flores1019@example.com,695 Keith Well,South Ashleyberg,SD,57383,6QN9NG0HD16,B-H-00710,
B-C-01020,Meagan,Simmons,1934-02-26,(652) 555-0103,melissa.simmons1021@example.com,059 Erika Walks,South Stephanie,KY,40525,4RE0YK4DR42,B-H-00711,
B-C-01021,Melissa,Simmons,1981-12-14,(652) 555-0103,melissa.simmons1021@example.com,059 Erika Walks,South Stephanie,KY,40525,,B-H-00711,
B-C-01022,Victoria,Mcdonald,1954-10-07,(911) 555-0133,,86487 Armstrong Port,Franciscofurt,OH,45993,4N01RQ8DD33,B-H-00712,
B-C-01023,Lauren,Kim,1935-06-05,(823) 555-0153,lauren.kim1023@example.com,80283 Diane Squares,South Jessicatown,MS,39352,2FC3RP5FR87,B-H-00713,
B-C-01024,Kathy,Higgins,1958-05-06,(511) 555-0150,kathy.higgins1024@example.com,736 Megan Overpass Suite 389,Lake William,CO,81436,7VX0PN4TQ39,B-H-00714,
B-C-01025,Jennifer,Howard,1958-05-20,(975) 555-0141,jennifer.howard1025@example.com,817 Clark Drive Apt. 480,Richardview,GA,31937,7NN6MN4XP22,B-H-00715,
B-C-01026,Priscilla,Stokes,1952-02-07,(323) 555-0150,priscilla.stokes1026@example.com,425 Jessica Stream Apt. 846,Jessicafort,DE,19890,7KV4PX1HK72,B-H-00716,
B-C-01027,Cameron,Stokes,1937-09-14,(213) 555-0145,,425 Jessica Stream Apt. 846,Jessicafort,DE,19890,8FR6T22WA06,B-H-00716,
B-C-01028,Timothy,Bell,1939-05-16,(837) 555-0129,timothy.bell1028@example.com,13746 Perez Mountains Suite 752,West Dana,OR,97839,8NE7PM0YC75,B-H-00717,
B-C-01029,Benjamin,Herrera,1936-04-11,(715) 555-0147,benjamin.herrera1029@example.com,204 Gardner Motorway Suite 662,West Kristie,OR,97845,6MG2MG1HM23,B-H-00718,
B-C-01030,Eric,Herrera,1936-12-17,(424) 555-0148,eric.herrera1030@example.com,204 Gardner Motorway Suite 662,West Kristie,OR,97845,2GY4N75WT25,B-H-00718,
B-C-01031,Ashley,Hill,1940-07-09,(762) 555-0147,ashley.hill1031@example.com,323 Haley Square,Gayfort,OK,73856,5XA5E65WV20,B-H-00719,
B-C-01032,Leslie,Hill,1959-12-31,(971) 555-0189,leslie.hill1032@example.com,323 Haley Square,Gayfort,OK,73856,7Y62JQ3UX93,B-H-00719,
B-C-01033,Amanda,Braun,1946-06-19,(445) 555-0160,amanda.braun1033@example.com,92124 Nicole Stream,Jamestown,MO,64614,3NN3YK6AT42,B-H-00720,
B-C-01034,Amanda,Rollins,1943-12-31,(375) 555-0123,amanda.rollins1034@example.com,72340 Brianna Shores,Hernandezhaven,CA,92488,1DN1JT8RG68,B-H-00721,
B-C-01035,Kathryn,Miller,1951-10-10,(558) 555-0148,kathryn.miller1035@example.com,768 Ward Skyway,South Douglas,DE,19824,8F12Y01FH64,B-H-00722,
B-C-01036,Traci,Lowery,1956-05-16,(835) 555-0197,traci.lowery1036@example.com,37021 Vincent Ports Suite 908,New Jasonburgh,RI,02819,1VQ3F98GK48,B-H-00723,
B-C-01037,Richard,Clark,1946-02-23,(632) 555-0131,richard.clark1037@example.com,2506 Thomas Mount Suite 836,Port Courtney,AL,36079,9MT6QY1YP30,B-H-00724,
B-C-01038,Laura,Moran,1996-02-01,(715) 555-0144,laura.moran1038@example.com,92175 Johnson Streets,Rowlandview,HI,96846,,B-H-00725,
B-C-01039,Matthew,Winters,1991-01-08,(960) 555-0130,matthew.winters1039@example.com,43842 Mendez Course Apt. 992,Lake Claudia,DE,19824,,B-H-00726,
B-C-01040,Audrey,Williams,1949-01-26,(638) 555-0191,audrey.williams1040@example.com,331 Johnson Mountain Suite 191,Webermouth,CT,06851,8E95VJ0VT69,B-H-00727,
B-C-01041,Brian,Jacobs,1952-07-05,(364) 555-0199,brian.jacobs1041@example.com,479 Nancy Course,Lake Christopherview,OK,74738,8FM6VF3KC83,B-H-00728,
B-C-01042,David,Jacobs,1942-09-20,(364) 555-0199,,479 Nancy Course,Lake Christopherview,OK,74738,5FE9JH4KF05,B-H-00728,
B-C-01043,James,Dennis,1937-02-08,(731) 555-0108,james.dennis1043@example.com,30588 Williamson Trace Apt. 631,Juanville,NE,68035,8C71AY9RA74,B-H-00729,
B-C-01044,Glen,Dennis,1950-06-03,(354) 555-0186,glen.dennis1044@example.com,30588 Williamson Trace Apt. 631,Juanville,NE,68035,2AG4R12MK08,B-H-00729,
B-C-01045,John,Gutierrez,1958-01-05,(317) 555-0157,john.gutierrez1045@example.com,9958 Stephen Wall,Shortfort,AZ,86045,9F75HP0XY30,B-H-00730,
B-C-01046,Lawrence,Castro,1941-02-07,(556) 555-0142,lawrence.castro1046@example.com,95495 Wendy Glens,Lake Richardhaven,HI,96757,3V53WD6MQ51,B-H-00731,
B-C-01047,Sandra,Ayala,1952-03-18,(586) 555-0149,sandra.ayala1047@example.com,43589 James Shoal,Port Zacharyport,OK,73871,8AJ5V72FY21,B-H-00732,
B-C-01048,Melinda,Ayala,1939-01-06,(286) 555-0111,,43589 James Shoal,Port Zacharyport,OK,73871,7YG3YC6TX89,B-H-00732,
B-C-01049,Daniel,Robertson,1935-01-27,(289) 555-0144,daniel.robertson1049@example.com,730 Roberts Pass Apt. 441,Willisstad,VA,23075,8FM1UH2RT24,B-H-00733,
B-C-01050,Jessica,Robertson,1955-12-20,(379) 555-0134,,730 Roberts Pass Apt. 441,Willisstad,VA,23075,1KJ4XF0NM79,B-H-00733,
B-C-01051,Susan,Baker,1969-12-20,(910) 555-0132,,857 Bruce Junction Apt. 246,Isaacfurt,OR,97524,,B-H-00734,
B-C-01052,Frederick,Sanchez,1954-01-31,(384) 555-0177,frederick.sanchez1052@example.com,476 Randall Cliffs Apt. 962,Cynthiahaven,TN,37607,1YX2JK3RR28,B-H-00735,
B-C-01053,Frank,King,1958-10-18,(731) 555-0147,,78260 Porter Neck Apt. 982,Petersonmouth,DC,20049,7MV6VT2UE08,B-H-00736,
B-C-01054,Andre,King,1940-02-27,(709) 555-0173,,78260 Porter Neck Apt. 982,Petersonmouth,DC,20049,5Q44F73FW60,B-H-00736,
B-C-01055,Shawn,Jones,1949-04-22,(450) 555-0154,shawn.jones1055@example.com,66674 Lawrence Springs,New Hunter,SD,57433,2RR1F33JV60,B-H-00737,
B-C-01056,David,Jones,1937-01-04,(750) 555-0115,david.jones1056@example.com,66674 Lawrence Springs,New Hunter,SD,57433,9YP7HY7DN62,B-H-00737,
B-C-01057,Tammy,Ford,1933-12-16,(749) 555-0188,ford.family1058@example.com,370 Moore Fields Suite 100,Perryfort,TX,78123,1JT1YE2TP93,B-H-00738,
B-C-01058,Evelyn,Ford,1985-04-22,(749) 555-0188,ford.family1058@example.com,370 Moore Fields Suite 100,Perryfort,TX,78123,,B-H-00738,
B-C-01059,Mary,Miller,1971-11-03,(599) 555-0166,mary.miller1059@example.com,5552 Kevin Court,Stephenchester,PA,17648,,B-H-00739,
B-C-01060,Stacy,Miller,2002-07-02,(336) 555-0109,stacy.miller1060@example.com,5552 Kevin Court,Stephenchester,PA,17648,,B-H-00739,
B-C-01061,Jessica,Bradley,1944-06-13,(472) 555-0145,,0630 Steven Village,Port Hollybury,CT,06629,1H69V92YW68,B-H-00740,
B-C-01062,Daniel,Porter,1998-06-17,(303) 555-0122,daniel.porter1062@example.com,07795 Jose Brook,North Shannonburgh,WY,82752,,B-H-00741,
B-C-01063,Derrick,Jones,1933-11-03,(852) 555-0139,,246 Torres Haven,Hartfort,CA,90061,3M73EY8JX24,B-H-00742,
B-C-01064,Erik,Jones,1956-10-02,(930) 555-0185,erik.jones1064@example.com,246 Torres Haven,Hartfort,CA,90061,6PD9PQ8PE29,B-H-00742,
B-C-01065,Michael,Johnson,1958-03-12,(827) 555-0124,michael.johnson1065@example.com,5737 William Inlet Apt. 395,Sandraside,CT,06025,9DH4GT9QX61,B-H-00743,
B-C-01066,Tina,Mcintyre,1949-02-14,(710) 555-0146,tina.mcintyre1066@example.com,012 Jonathan Inlet,Floresland,GA,30918,3W93KP9JF53,B-H-00744,
B-C-01067,Joshua,Scott,1943-11-26,(465) 555-0175,joshua.scott1067@example.com,518 Holt Underpass,New Gloriachester,NC,27653,5UN9JJ2DH31,B-H-00745,
B-C-01068,Courtney,Scott,1960-07-31,(518) 555-0124,courtney.scott1068@example.com,518 Holt Underpass,New Gloriachester,NC,27653,5T15EK4HW50,B-H-00745,
B-C-01069,Maria,Hopkins,1938-09-12,(806) 555-0187,,8601 Davis Village,New Christophershire,CT,06363,3A96FG4WH08,B-H-00746,
B-C-01070,Chase,Mckenzie,1940-06-19,(431) 555-0123,chase.mckenzie1070@example.com,474 Stacy Road,New Alexandra,DE,19990,7RD3QY9QE02,B-H-00747,
B-C-01071,Madison,Alexander,1954-05-31,(690) 555-0169,madison.alexander1071@example.com,044 Julie Corner,Markland,MA,02744,5DJ4VK9JR41,B-H-00748,
B-C-01072,Justin,Williams,1998-04-17,(416) 555-0195,justin.williams1072@example.com,5442 Heather Ranch Suite 940,Laneshire,OH,44398,,B-H-00749,
B-C-01073,Veronica,Williams,1936-12-03,(416) 555-0195,justin.williams1072@example.com,5442 Heather Ranch Suite 940,Laneshire,OH,44398,8CM5AR9DU67,B-H-00749,
B-C-01074,Michael,Williams,1958-08-18,(416) 555-0195,michael.williams1074@example.com,5442 Heather Ranch Suite 940,Laneshire,OH,44398,8VF3JU8PP46,B-H-00749,
B-C-01075,James,Smith,1954-05-24,(725) 555-0199,james.smith1075@example.com,749 Lisa Fall,Port William,CT,06806,6W99V38VR80,B-H-00750,
B-C-01076,Debbie,Smith,1949-04-01,(533) 555-0118,debbie.smith1076@example.com,749 Lisa Fall,Port William,CT,06806,5MU1WD3UU92,B-H-00750,
B-C-01077,Priscilla,Smith,1944-09-24,(725) 555-0199,priscilla.smith1077@example.com,749 Lisa Fall,Port William,CT,06806,3NU0N81XJ43,B-H-00750,
B-C-01078,Sarah,Harrell,1998-05-09,(986) 555-0159,sarah.harrell1078@example.com,2108 Kimberly Plains,Stephaniemouth,KY,42385,,B-H-00751,
B-C-01079,Billy,Wallace,1953-05-05,(326) 555-0199,,54280 Horton Parks,East Kimberlyville,MA,02008,3PG8C32CP95,B-H-00752,
B-C-01080,Timothy,Wallace,1960-03-11,(613) 555-0172,timothy.wallace1080@example.com,54280 Horton Parks,East Kimberlyville,MA,02008,6ET4K82EW01,B-H-00752,
B-C-01081,Maria,Murphy,1940-10-02,(640) 555-0145,maria.murphy1081@example.com,2529 Jared Burg Suite 161,Hickmanfurt,AZ,85281,8N53FT8GH11,B-H-00753,
B-C-01082,Cole,Wallace,1948-10-22,(982) 555-0130,,6220 Finley Vista Suite 663,Stephenborough,WY,82836,2HU5YY7YN71,B-H-00754,
B-C-01083,Judith,Wallace,1953-11-17,(396) 555-0133,judith.wallace1083@example.com,6220 Finley Vista Suite 663,Stephenborough,WY,82836,6P76X89TW95,B-H-00754,
B-C-01084,Theresa,Beck,1947-09-25,(598) 555-0107,theresa.beck1084@example.com,17980 Jennifer Highway Suite 095,New Robert,OH,45663,7NV0E98PR94,B-H-00755,
B-C-01085,Jessica,Esparza,1941-02-03,(233) 555-0160,jessica.esparza1085@example.com,6269 Duffy Avenue,Dunnburgh,HI,96762,3V61QP3VC28,B-H-00756,
B-C-01086,Robert,Esparza,1939-05-10,(427) 555-0121,,6269 Duffy Avenue,Dunnburgh,HI,96762,4AT9W43EX67,B-H-00756,
B-C-01087,Jill,Flynn,2004-09-14,(784) 555-0129,,280 Kristen Shoals Suite 688,Lucashaven,CO,81086,,B-H-00757,
B-C-01088,Christine,Finley,1988-03-12,(517) 555-0118,,0385 Garrett Trace Apt. 348,West Samuel,FL,32976,,B-H-00758,
B-C-01089,Chelsea,Finley,1934-12-24,(517) 555-0118,chelsea.finley1089@example.com,0385 Garrett Trace Apt. 348,West Samuel,FL,32976,7A51FU9RD14,B-H-00758,
B-C-01090,Joshua,Barker,1950-07-30,(915) 555-0170,joshua.barker1090@example.com,3842 Christopher Expressway Apt. 492,New Davidview,RI,02892,9YP8CU2GR65,B-H-00759,
B-C-01091,Matthew,Simon,1949-02-15,(919) 555-0106,matthew.simon1091@example.com,998 Kelly Estate Apt. 926,Nashbury,OK,74615,9RD1Y89WM61,B-H-00760,
B-C-01092,George,Simon,1953-01-05,(877) 555-0186,george.simon1092@example.com,998 Kelly Estate Apt. 926,Nashbury,OK,74615,8UQ7MQ1EA99,B-H-00760,
B-C-01093,Samantha,Stout,1985-08-01,(769) 555-0122,samantha.stout1093@example.com,6992 Ward Lodge Apt. 031,Ryanside,GA,31382,,B-H-00761,
B-C-01094,Michelle,Lin,1933-10-23,(698) 555-0127,michelle.lin1094@example.com,6998 Jessica Mountain Suite 209,Lake Johnbury,CT,06389,1R15NE0HX62,B-H-00762,
B-C-01095,Blake,Martinez,1937-02-17,(389) 555-0162,blake.martinez1095@example.com,0853 Caroline Mall Apt. 966,East Ruth,AR,71834,1GV5UP3KC49,B-H-00763,
B-C-01096,Rachel,Wiggins,1933-12-22,(667) 555-0193,,46015 Lynch Isle,Natalieland,RI,02915,4J96T36FX15,B-H-00764,
B-C-01097,Sandra,Lloyd,1940-07-13,(849) 555-0122,sandra.lloyd1097@example.com,4883 Phillips Tunnel,Freyborough,NC,28435,5AY9VX7MP63,B-H-00765,
B-C-01098,Debra,Phillips,1953-03-24,(263) 555-0188,debra.phillips1098@example.com,3872 Schmidt Forks Suite 362,West Victoriatown,NC,28413,7DN9KQ4NU60,B-H-00766,
B-C-01099,Samantha,Phillips,1955-07-31,(263) 555-0188,samantha.phillips1099@example.com,3872 Schmidt Forks Suite 362,West Victoriatown,NC,28413,7W27QH6CX23,B-H-00766,
B-C-01100,Amber,Calhoun,1935-02-06,(719) 555-0136,amber.calhoun1100@example.com,98870 Padilla Glen Suite 719,Port Calebbury,CO,81319,2TM4UE1DT34,B-H-00767,
B-C-01101,Crystal,Miller,1948-10-06,(452) 555-0150,crystal.miller1101@example.com,6615 Nichols Glen,New James,WV,24722,8WU3NW7PK61,B-H-00768,
B-C-01102,Eric,Miller,1947-07-01,(452) 555-0150,eric.miller1102@example.com,6615 Nichols Glen,New James,WV,24722,3D14HU3YR92,B-H-00768,
B-C-01103,William,Mendoza,1939-06-29,(205) 555-0164,william.mendoza1103@example.com,730 Cooper Court,West Lukeside,OR,97180,6JJ0R37WX88,B-H-00769,
B-C-01104,David,Mendoza,1935-07-03,(402) 555-0163,,730 Cooper Court,West Lukeside,OR,97180,7JN4GQ5DV12,B-H-00769,
B-C-01105,Michael,Smith,1941-09-10,(530) 555-0167,michael.smith1105@example.com,3904 Daniels Bypass Apt. 225,East Jamie,TX,79931,1E91W91QX34,B-H-00770,
B-C-01106,Joseph,Wade,1953-09-27,(492) 555-0129,joseph.wade1106@example.com,26898 Paula Gateway Suite 517,New Dustinborough,WY,82563,6XT0NM1VP15,B-H-00771,
B-C-01107,Dustin,Wade,1939-12-02,(532) 555-0137,dustin.wade1107@example.com,26898 Paula Gateway Suite 517,New Dustinborough,WY,82563,5PE4H12EX20,B-H-00771,
B-C-01108,Andrea,Ferguson,1956-09-03,(980) 555-0129,andrea.ferguson1108@example.com,014 Farrell Point,South Elizabethchester,NC,28602,7PP2QD2RP92,B-H-00772,
B-C-01109,Jenna,Johnson,1953-05-18,(721) 555-0133,jenna.johnson1109@example.com,74189 Hernandez Throughway Suite 406,Danielmouth,NE,68949,6UJ5RG3FT70,B-H-00773,
B-C-01110,Marie,Williams,1942-01-27,(560) 555-0198,marie.williams1110@example.com,733 Amanda Track,Stevenhaven,GA,30941,9R56GU0RD30,B-H-00774,
B-C-01111,Michelle,Burns,1952-08-20,(327) 555-0192,michelle.burns1111@example.com,2231 Fuller Prairie Suite 658,East Kristyberg,WY,82799,1GT9DX5HM87,B-H-00775,
B-C-01112,David,Fuller,1940-09-28,(422) 555-0182,david.fuller1112@example.com,052 Shannon Estates Suite 311,North Robert,PA,18867,6HK3YW1HV37,B-H-00776,
B-C-01113,David,Bean,1960-07-06,(471) 555-0110,david.bean1113@example.com,9893 Peters Coves,East Rebeccaberg,AR,72203,6JX6MD0YX11,B-H-00777,
B-C-01114,George,Thomas,1988-08-22,(535) 555-0100,george.thomas1114@example.com,91801 Tiffany Stream Suite 349,Lake Raybury,CT,06869,3UG3YA9JM81,B-H-00778,
B-C-01115,Charles,Friedman,1958-01-09,(599) 555-0178,charles.friedman1115@example.com,369 Ford Port,Sullivanshire,FL,33275,2ME8JN9CY49,B-H-00779,
B-C-01116,Alexandra,Newton,1947-07-10,(543) 555-0116,alexandra.newton1116@example.com,444 Jason Prairie,North Jessefurt,OK,74908,4F00MP1TW61,B-H-00780,
B-C-01117,Roger,Watson,1991-05-15,(707) 555-0181,roger.watson1117@example.com,04828 Jesse Corner Suite 906,Matthewtown,NC,28875,,B-H-00781,
B-C-01118,Joshua,Watson,1958-07-23,(317) 555-0121,joshua.watson1118@example.com,04828 Jesse Corner Suite 906,Matthewtown,NC,28875,8T11VR0DV73,B-H-00781,
B-C-01119,Jeff,Chen,1941-12-29,(615) 555-0198,jeff.chen1119@example.com,38471 Cooper Union Apt. 306,Pamelaport,CT,06766,7ME0MY8AX09,B-H-00782,
B-C-01120,Sarah,Copeland,1950-07-02,(577) 555-0117,sarah.copeland1120@example.com,643 Guerrero Crest,South Susan,HI,96714,4TU7Y86ME99,B-H-00783,
B-C-01121,Michael,Copeland,1983-07-10,(224) 555-0165,michael.copeland1121@example.com,643 Guerrero Crest,South Susan,HI,96714,,B-H-00783,
B-C-01122,Mathew,Freeman,1991-06-22,(560) 555-0138,mathew.freeman1122@example.com,312 Cole Lodge Apt. 996,Lake James,MS,39010,,B-H-00784,
B-C-01123,William,Freeman,1940-09-01,(815) 555-0189,william.freeman1123@example.com,312 Cole Lodge Apt. 996,Lake James,MS,39010,3YE5N24DT86,B-H-00784,
B-C-01124,Denise,Smith,1995-04-21,(269) 555-0101,,146 Matthew Cove Suite 514,Muellerview,ND,58456,,B-H-00785,
B-C-01125,Laura,Smith,1938-01-21,(347) 555-0160,laura.smith1125@example.com,146 Matthew Cove Suite 514,Muellerview,ND,58456,3JH3F86TV92,B-H-00785,
B-C-01126,Jesus,Silva,1952-11-24,(324) 555-0143,jesus.silva1126@example.com,2696 Wells Camp Apt. 380,East Tracy,CT,06617,5R69D07YW64,B-H-00786,
B-C-01127,Sandra,Thompson,1952-10-04,(438) 555-0152,sandra.thompson1127@example.com,078 Christopher Coves,South Anthony,SD,57419,9GE9C56CY99,B-H-00787,
B-C-01128,Allen,Hart,1941-06-07,(732) 555-0164,allen.hart1128@example.com,5473 Kim Meadows,New Daniel,CO,80674,9Q09U59FD10,B-H-00788,
B-C-01129,Michael,Rice,1990-06-12,(294) 555-0197,,2829 Ali Street,Hudsonstad,WI,53766,,B-H-00789,
B-C-01130,Nancy,Gaines,1940-02-10,(216) 555-0127,,736 Sandra Landing,West Stephanie,WY,83000,5R64UP8VD55,B-H-00790,
B-C-01131,Christian,Kelly,1991-06-21,(270) 555-0123,,47543 Moore Springs Suite 197,Davidbury,CO,80936,,B-H-00791,
B-C-01132,Sarah,Boyd,1941-08-23,(842) 555-0160,sarah.boyd1132@example.com,1679 Wagner Corners Apt. 490,New Kimberlyshire,CT,06984,8R40RV2WG27,B-H-00792,
B-C-01133,Timothy,Boyd,1999-02-11,(466) 555-0177,timothy.boyd1133@example.com,1679 Wagner Corners Apt. 490,New Kimberlyshire,CT,06984,,B-H-00792,
B-C-01134,Kari,Jones,1956-07-28,(350) 555-0147,,85752 Carney Fall,Lake Sheilafurt,SD,57254,3UR3HR4JV91,B-H-00793,
B-C-01135,Kevin,Mitchell,1934-01-27,(648) 555-0148,,656 Robles Roads Apt. 845,New Tara,OR,97072,5PU6HM2QJ43,B-H-00794,
B-C-01136,Sarah,King,1951-12-08,(871) 555-0140,,6957 Anthony Crossing Apt. 482,Melissaview,CA,92110,7TE0VA0KP87,B-H-00795,
B-C-01137,Matthew,Noble,1934-02-03,(529) 555-0188,matthew.noble1137@example.com,9155 Richardson Wells,Meaganhaven,CO,80005,5PM9PC6QA90,B-H-00796,
B-C-01138,Nichole,Noble,1959-03-29,(529) 555-0188,nichole.noble1138@example.com,9155 Richardson Wells,Meaganhaven,CO,80005,1AM6A68MM36,B-H-00796,
B-C-01139,Michael,Sullivan,1947-08-11,(852) 555-0116,,19709 Angela Camp Suite 636,Parrishfort,NM,88403,6AA5CP4DY14,B-H-00797,
B-C-01140,Brenda,Lee,1940-07-25,(910) 555-0160,brenda.lee1140@example.com,050 Mcdaniel Centers Suite 333,Port Madison,FL,32274,1H52K12TD61,B-H-00798,
B-C-01141,Diana,Preston,1958-07-22,(400) 555-0144,diana.preston1141@example.com,80685 William Shore,Brianton,DC,56905,2JC9UR0HE45,B-H-00799,
B-C-01142,Angela,Preston,1947-05-01,(789) 555-0146,,80685 William Shore,Brianton,DC,56905,1PJ7WW9JU79,B-H-00799,
B-C-01143,Vincent,Woods,1941-03-07,(409) 555-0145,vincent.woods1143@example.com,04652 April Viaduct,East Karla,NE,68582,8QN7FA4RN88,B-H-00800,
B-C-01144,Lisa,Woods,1989-01-01,(888) 555-0135,lisa.woods1144@example.com,04652 April Viaduct,East Karla,NE,68582,,B-H-00800,
B-C-01145,Douglas,Woods,1941-08-23,(888) 555-0135,douglas.woods1145@example.com,04652 April Viaduct,East Karla,NE,68582,5Y54CY5VQ29,B-H-00800,
B-C-01146,David,Moore,1942-04-26,(824) 555-0178,david.moore1146@example.com,30663 John Radial,New Christina,OR,97897,5ND3NT4VX76,B-H-00801,
B-C-01147,Lisa,Moore,1968-04-02,(869) 555-0171,lisa.moore1147@example.com,30663 John Radial,New Christina,OR,97897,,B-H-00801,
B-C-01148,Stephanie,Myers,1940-08-06,(562) 555-0108,,92310 Kennedy Groves,Jamesfort,KY,40044,5PY9VM1HJ76,B-H-00802,
B-C-01149,Katelyn,Zimmerman,1962-08-06,(221) 555-0178,,396 Andrew Lock Apt. 937,Morsechester,CO,81660,,B-H-00803,
B-C-01150,Samantha,Smith,1941-08-18,(762) 555-0145,samantha.smith1150@example.com,77922 Stephen Roads Apt. 142,Port Steven,GA,30288,4WW5RT7NV27,B-H-00804,
B-C-01151,Melinda,Smith,1996-11-22,(564) 555-0189,melinda.smith1151@example.com,77922 Stephen Roads Apt. 142,Port Steven,GA,30288,,B-H-00804,
B-C-01152,Allison,Murray,1939-12-21,(694) 555-0182,allison.murray1152@example.com,6106 Sarah Alley,Tracyberg,CT,06605,1X54JG2KJ09,B-H-00805,
B-C-01153,Patrick,Murray,1944-04-02,(386) 555-0172,patrick.murray1153@example.com,6106 Sarah Alley,Tracyberg,CT,06605,1MK5AF4HV61,B-H-00805,
B-C-01154,Veronica,Morse,1934-03-19,(449) 555-0153,veronica.morse1154@example.com,689 Sanchez Ford,East Connie,CT,06997,7WY2U82PY97,B-H-00806,
B-C-01155,Brandy,Stone,1954-10-12,(936) 555-0118,brandy.stone1155@example.com,1305 Christina Pines Apt. 933,Port Emily,MA,01885,3P39HG0NP06,B-H-00807,
B-C-01156,Adrian,Orr,1940-04-27,(707) 555-0156,adrian.orr1156@example.com,449 Kayla Lakes,Robinmouth,NV,89490,3JT5PF1RE88,B-H-00808,
B-C-01157,Jason,Wheeler,1938-04-10,(931) 555-0195,jason.wheeler1157@example.com,8982 Brian Mountain Apt. 136,Johnsonville,VT,05382,3XJ6M74AJ52,B-H-00809,
B-C-01158,Denise,Melendez,1936-08-22,(905) 555-0151,denise.melendez1158@example.com,53537 Goodman Crescent Apt. 765,West Annland,KY,41644,7YN1Y03AM85,B-H-00810,
B-C-01159,Amanda,Mitchell,1944-07-24,(249) 555-0152,amanda.mitchell1159@example.com,656 Hill Canyon Suite 222,Emilyhaven,DC,20586,6DY8DT3YP95,B-H-00811,
B-C-01160,Douglas,Kaufman,2004-10-15,(621) 555-0176,douglas.kaufman1160@example.com,0641 Alyssa Freeway,Vasquezton,VT,05875,,B-H-00812,
B-C-01161,Scott,Kaufman,1942-02-20,(621) 555-0176,scott.kaufman1161@example.com,0641 Alyssa Freeway,Vasquezton,VT,05875,3J03MN8ED34,B-H-00812,
B-C-01162,Heather,Thomas,1951-01-18,(860) 555-0177,,1982 Copeland Underpass Apt. 092,Bryanview,CA,95264,1VR7AC9CA43,B-H-00813,
B-C-01163,Joshua,Thomas,1939-09-11,(860) 555-0177,joshua.thomas1163@example.com,1982 Copeland Underpass Apt. 092,Bryanview,CA,95264,6FT5C91YA78,B-H-00813,
B-C-01164,Jesse,Morgan,1935-06-12,(683) 555-0142,jesse.morgan1164@example.com,57894 Williamson Freeway,Kirkland,PA,15268,5UE3AE2UK01,B-H-00814,
B-C-01165,Rachel,Johnson,1988-02-06,(939) 555-0121,rachel.johnson1165@example.com,815 Walker Mews Apt. 085,South Daniel,PA,18203,,B-H-00815,
B-C-01166,Jesse,Cantrell,1955-12-31,(487) 555-0111,jesse.cantrell1166@example.com,8701 Jennifer Stravenue,West Marcside,LA,70620,9RU2UH0TU98,B-H-00816,
B-C-01167,Alyssa,Cantrell,2005-06-20,(203) 555-0109,,8701 Jennifer Stravenue,West Marcside,LA,70620,,B-H-00816,
B-C-01168,Melanie,Colon,1944-03-29,(237) 555-0177,melanie.colon1168@example.com,4699 Pamela Ford Apt. 778,Aguirretown,CT,06203,6X48MA7HG85,B-H-00817,
B-C-01169,Amy,Walker,1938-06-25,(300) 555-0108,amy.walker1169@example.com,0271 Paul Way,New Stephen,OK,73845,1J72V42MJ72,B-H-00818,
B-C-01170,Karen,Walker,1934-02-26,(533) 555-0175,karen.walker1170@example.com,0271 Paul Way,New Stephen,OK,73845,1GG0W79YH31,B-H-00818,
B-C-01171,John,Silva,1943-05-03,(668) 555-0172,,664 Thomas Streets,West Claytonfurt,VT,05790,8TG6EV4QA97,B-H-00819,
B-C-01172,Aaron,Miller,1946-03-14,(931) 555-0147,aaron.miller1172@example.com,9538 Hannah Via Suite 041,Walkerhaven,SD,57502,4M15J28JE63,B-H-00820,
B-C-01173,Clinton,Miller,1944-01-14,(250) 555-0195,clinton.miller1173@example.com,9538 Hannah Via Suite 041,Walkerhaven,SD,57502,2YR6J04DW17,B-H-00820,
B-C-01174,Glen,Lynch,2000-01-03,(408) 555-0194,glen.lynch1174@example.com,26521 Myers Lights Suite 116,Henryfort,NC,28003,,B-H-00821,
B-C-01175,Michael,Lynch,1941-12-15,(408) 555-0194,michael.lynch1175@example.com,26521 Myers Lights Suite 116,Henryfort,NC,28003,9MN6A28XP49,B-H-00821,
B-C-01176,William,Anderson,1953-02-12,(506) 555-0107,,649 Emily Tunnel,Lindsayport,NC,28322,4RU1UD5EV68,B-H-00822,
B-C-01177,Paul,Turner,1949-07-24,(380) 555-0189,,4130 Sims Springs Suite 792,East Kristenchester,CT,06326,9N38TJ9KQ32,B-H-00823,
B-C-01178,Judith,Johnson,1959-01-15,(231) 555-0139,judith.johnson1178@example.com,239 Sparks Centers,East Denise,DE,19853,9XJ6TY9ET24,B-H-00824,
B-C-01179,Rebecca,Walker,1953-04-18,(379) 555-0145,rebecca.walker1179@example.com,043 Michael Square,North Taylorton,MA,01985,6N15XY4JP09,B-H-00825,
B-C-01180,Daniel,Wilson,1949-03-08,(457) 555-0164,daniel.wilson1180@example.com,1061 Carr Roads Apt. 769,Russellmouth,VT,05135,1UX3DP3NX04,B-H-00826,
B-C-01181,Teresa,Wilson,1941-07-25,(681) 555-0160,teresa.wilson1181@example.com,1061 Carr Roads Apt. 769,Russellmouth,VT,05135,7E92DH5FE25,B-H-00826,
B-C-01182,Antonio,Bernard,1976-09-16,(929) 555-0125,antonio.bernard1182@example.com,2748 Novak Ports,North Erica,OK,74403,,B-H-00827,
B-C-01183,Cassandra,Collins,1935-06-05,(942) 555-0186,cassandra.collins1183@example.com,07304 Chapman Flat Suite 515,West Olivia,OK,74378,7MF3E35QY87,B-H-00828,
B-C-01184,Brianna,Richard,1951-05-09,(675) 555-0151,brianna.richard1184@example.com,99925 Burns Gardens,Ramirezburgh,SD,57290,7WG7CT5CH86,B-H-00829,
B-C-01185,Jamie,Richard,1970-11-21,(584) 555-0168,jamie.richard1185@example.com,99925 Burns Gardens,Ramirezburgh,SD,57290,,B-H-00829,
B-C-01186,Kellie,Richard,1965-05-08,(776) 555-0162,kellie.richard1186@example.com,99925 Burns Gardens,Ramirezburgh,SD,57290,,B-H-00829,
B-C-01187,Ryan,Sparks,1962-09-25,(440) 555-0105,ryan.sparks1187@example.com,22528 Timothy Throughway,Anthonyfurt,AR,71826,,B-H-00830,
B-C-01188,Renee,Martinez,1955-05-05,(743) 555-0111,renee.martinez1188@example.com,0178 Hebert Passage,West Jessicaland,CT,06929,5QX1U64PR90,B-H-00831,
B-C-01189,Ethan,Martinez,1957-11-15,(848) 555-0138,,0178 Hebert Passage,West Jessicaland,CT,06929,1CT8UQ5RC91,B-H-00831,
B-C-01190,Craig,Harper,1989-01-14,(972) 555-0116,craig.harper1190@example.com,8575 Garcia Extensions Suite 427,New Justin,OR,97622,,B-H-00832,
B-C-01191,Michael,Harper,1949-07-29,(972) 555-0116,,8575 Garcia Extensions Suite 427,New Justin,OR,97622,2T71VU9QV85,B-H-00832,
B-C-01192,Melvin,Fitzgerald,1942-10-16,(361) 555-0146,,52789 Christina Station,Port Brandon,OK,73670,3DC7FV1NC20,B-H-00833,
B-C-01193,Stephanie,Kirk,1957-12-15,(493) 555-0144,stephanie.kirk1193@example.com,4721 Williams Walks Suite 669,South Michael,TX,78449,7Y05PX2GU76,B-H-00834,
B-C-01194,Jennifer,Kirk,1941-12-17,(802) 555-0128,jennifer.kirk1194@example.com,4721 Williams Walks Suite 669,South Michael,TX,78449,4F16XG2NA75,B-H-00834,
B-C-01195,Tracey,Moore,1942-01-24,(545) 555-0145,tracey.moore1195@example.com,334 Martinez Mission Apt. 049,North Jenniferport,CT,06530,4D99VU8QA84,B-H-00835,
B-C-01196,Rebecca,Santiago,1950-08-24,(950) 555-0141,rebecca.santiago1196@example.com,5099 Hannah Creek Apt. 898,Timothyshire,UT,84289,8P37UH0QD46,B-H-00836,
B-C-01197,Terri,Lewis,1975-11-17,(464) 555-0188,terri.lewis1197@example.com,6491 Brown Ports,North Seth,WY,82940,,B-H-00837,
B-C-01198,John,Lewis,1968-03-02,(464) 555-0188,,6491 Brown Ports,North Seth,WY,82940,,B-H-00837,
B-C-01199,John,Thomas,1944-07-14,(445) 555-0160,,834 Davis Spur,West Christine,OK,73850,3PW6HC6YG71,B-H-00838,
B-C-01200,Jose,Thomas,1950-03-14,(445) 555-0160,,834 Davis Spur,West Christine,OK,73850,8M01VN1EG36,B-H-00838,
B-C-01201,Karen,Newman,1980-11-28,(260) 555-0138,karen.newman1201@example.com,30480 Gonzalez Flats Suite 104,North Christineport,SD,57469,,B-H-00839,
B-C-01202,Michael,Newman,1951-01-31,(968) 555-0124,michael.newman1202@example.com,30480 Gonzalez Flats Suite 104,North Christineport,SD,57469,6WU3H91RY35,B-H-00839,
B-C-01203,Ashley,Barton,1938-03-06,(342) 555-0120,ashley.barton1203@example.com,144 Morton Loop,Gonzalezberg,CO,80300,5F71ER3QP67,B-H-00840,
B-C-01204,John,Barton,1936-10-21,(771) 555-0183,john.barton1204@example.com,144 Morton Loop,Gonzalezberg,CO,80300,1WW8Y02XV27,B-H-00840,
B-C-01205,Jeremy,Leon,1950-01-18,(674) 555-0105,jeremy.leon1205@example.com,95214 Wilcox Terrace Suite 221,North Bobby,NV,89403,1F06CR5NM43,B-H-00841,
B-C-01206,Charles,Hernandez,1951-08-17,(901) 555-0136,charles.hernandez1206@example.com,130 Kevin Coves Suite 910,Micheleton,MO,63140,7NK9C67WT25,B-H-00842,
B-C-01207,Madison,Hughes,1978-08-30,(841) 555-0119,madison.hughes1207@example.com,2349 Arthur Hills,Williamsland,DE,19870,,B-H-00843,
B-C-01208,Richard,Hughes,1936-06-30,(841) 555-0119,richard.hughes1208@example.com,2349 Arthur Hills,Williamsland,DE,19870,9F79RX3HH71,B-H-00843,
B-C-01209,Crystal,Austin,1985-06-08,(606) 555-0126,,8607 Carl Vista Apt. 909,Port Jillview,NM,87837,,B-H-00844,
B-C-01210,Chelsea,Bernard,1953-08-31,(395) 555-0127,,748 Michael Mountains Suite 074,Rogersburgh,DE,19924,5H38HD8HH82,B-H-00845,
B-C-01211,William,Blair,1958-08-08,(512) 555-0172,william.blair1211@example.com,1942 Wong Path,New Aaronburgh,NV,89874,5WT1G80CE28,B-H-00846,
B-C-01212,Gary,Blair,1934-05-25,(798) 555-0193,gary.blair1212@example.com,1942 Wong Path,New Aaronburgh,NV,89874,2DY6XM9WD80,B-H-00846,
B-C-01213,Brenda,Blair,1949-11-28,(203) 555-0192,brenda.blair1213@example.com,1942 Wong Path,New Aaronburgh,NV,89874,6ED1HP1RF95,B-H-00846,
B-C-01214,Sara,Peters,1960-03-24,(544) 555-0104,sara.peters1214@example.com,6312 Sarah Crest Apt. 001,North Amy,NE,68861,6PY0CP7GT36,B-H-00847,
B-C-01215,Daniel,Gutierrez,1935-06-09,(477) 555-0180,daniel.gutierrez1215@example.com,31143 Stephens Lodge Suite 235,North Willie,DE,19812,8CK5PY8EY56,B-H-00848,
B-C-01216,Shirley,Lewis,1949-09-08,(543) 555-0174,shirley.lewis1216@example.com,182 Anthony Mountain,Mariaville,OR,97506,3PQ9AT4FA94,B-H-00849,
B-C-01217,Maria,Cooper,1943-02-24,(690) 555-0164,maria.cooper1217@example.com,61681 Greene Loop,East Chadburgh,ND,58054,6T98F07CU07,B-H-00850,
B-C-01218,Daniel,Cooper,1974-05-31,(384) 555-0160,,61681 Greene Loop,East Chadburgh,ND,58054,,B-H-00850,
B-C-01219,Chris,Scott,1952-03-30,(808) 555-0168,chris.scott1219@example.com,69866 Amanda Falls,Millerchester,AZ,85160,7A42W36TK47,B-H-00851,
B-C-01220,Robert,Barrera,1954-04-19,(511) 555-0198,robert.barrera1220@example.com,0822 Paula Track,West William,OR,97865,5UK8NF2CU02,B-H-00852,
B-C-01221,Scott,Black,1959-08-24,(266) 555-0139,scott.black1221@example.com,20833 Nicholas Road Apt. 738,Stokesstad,ND,58344,3WU7AM0HP09,B-H-00853,
B-C-01222,Joel,Saunders,1988-02-01,(569) 555-0121,joel.saunders1222@example.com,05659 Luna Crest,North Russell,SD,57048,,B-H-00854,
B-C-01223,Daniel,Keith,1959-04-04,(742) 555-0133,daniel.keith1223@example.com,92399 Frey Dam Apt. 896,Lake Keith,CO,80666,2V64PG6YA45,B-H-00855,
B-C-01224,Olivia,Keith,1972-10-27,(447) 555-0149,olivia.keith1224@example.com,82202 Samuel Prairie,South Andrew,CT,06884,,B-H-00856,
B-C-01225,Angela,Munoz,1940-12-03,(877) 555-0137,angela.munoz1225@example.com,893 Mullen Square,East Brandonburgh,DE,19820,4MR3CT0JY82,B-H-00857,
B-C-01226,Erika,Smith,1951-04-17,(952) 555-0159,erika.smith1226@example.com,9142 James Court Apt. 287,Luischester,WY,82233,3VY7HV7YV36,B-H-00858,
B-C-01227,Keith,Smith,1949-03-01,(387) 555-0186,,9142 James Court Apt. 287,Luischester,WY,82233,4Q72RN9GJ84,B-H-00858,
B-C-01228,Kendra,Myers,1934-10-08,(872) 555-0179,kendra.myers1228@example.com,03016 Kayla Lights Apt. 187,Jessicamouth,CT,06816,1C32DA1EP81,B-H-00859,
B-C-01229,Heather,Myers,1946-07-18,(872) 555-0179,,03016 Kayla Lights Apt. 187,Jessicamouth,CT,06816,9G29KW4DJ18,B-H-00859,
B-C-01230,James,Gomez-Smith,1947-05-30,(631) 555-0154,james.gomezsmith1230@example.com,8427 Christopher Fort,North Alisha,VA,23663,3E22Q30RP01,B-H-00860,
B-C-01231,Shannon,Miller,1937-04-11,(672) 555-0141,shannon.miller1231@example.com,655 Russell Junctions Apt. 548,South Juan,VA,23967,9PX4GD9JU93,B-H-00861,
B-C-01232,Robert,Mendoza,1949-06-25,(794) 555-0127,robert.mendoza1232@example.com,9243 Stewart Estates,Rodneyfurt,TN,38352,5T99UV6WK41,B-H-00862,
B-C-01233,Glenn,Mendoza,1947-02-13,(437) 555-0126,glenn.mendoza1233@example.com,9243 Stewart Estates,Rodneyfurt,TN,38352,2WW7RC8JW25,B-H-00862,
B-C-01234,Terrance,Crawford,2002-03-15,(979) 555-0165,terrance.crawford1234@example.com,0790 Gray Loaf Suite 917,Lake Emilymouth,MO,65069,,B-H-00863,
B-C-01235,Elizabeth,Crawford,1942-05-21,(412) 555-0144,elizabeth.crawford1235@example.com,0790 Gray Loaf Suite 917,Lake Emilymouth,MO,65069,3Y12C77PJ60,B-H-00863,
B-C-01236,Brent,Mcneil,1947-11-22,(589) 555-0139,brent.mcneil1236@example.com,633 Kevin Centers Suite 584,West Dorothy,CT,06176,2VV0U95CC35,B-H-00864,
B-C-01237,Teresa,Brown,1947-11-18,(257) 555-0121,teresa.brown1237@example.com,269 Wang Shores,South Robert,PA,16078,8YT4EC0FP33,B-H-00865,
B-C-01238,Kimberly,Gonzalez,1937-10-17,(773) 555-0110,kimberly.gonzalez1238@example.com,994 Brittany Crescent,Port Kevinmouth,SD,57785,3QK4GN9QC01,B-H-00866,
B-C-01239,Bernard,Garza,1996-07-29,(796) 555-0119,bernard.garza1239@example.com,35757 Julie Keys Apt. 028,Taylorburgh,DE,19749,9V69AH9VV69,B-H-00867,
B-C-01240,Micheal,Cooley,1964-08-12,(743) 555-0128,micheal.cooley1240@example.com,434 Nicholas Landing Suite 007,Lisafurt,DE,19985,,B-H-00868,
B-C-01241,Sarah,Cooley,1968-01-06,(743) 555-0128,,434 Nicholas Landing Suite 007,Lisafurt,DE,19985,1Q76N17VE24,B-H-00868,
B-C-01242,Kristin,Dickerson,1942-07-04,(883) 555-0145,kristin.dickerson1242@example.com,02241 Robert Keys Apt. 300,Ashleymouth,NM,87536,1EA2QG9UJ30,B-H-00869,
B-C-01243,Brandon,Simon,1938-06-14,(618) 555-0143,brandon.simon1243@example.com,532 Kelsey Springs,Rogersfort,AR,72216,4TK8QP1WA46,B-H-00870,
B-C-01244,Amanda,Lara,1960-01-26,(737) 555-0130,amanda.lara1244@example.com,4462 Heather Mill Apt. 143,Francisfort,MS,39352,1QP8K06KU39,B-H-00871,
B-C-01245,Russell,Haynes,1954-12-16,(956) 555-0114,russell.haynes1245@example.com,3580 Daniel Mission Apt. 065,Andersonshire,CO,81219,8NK7N69DY15,B-H-00872,
B-C-01246,Alicia,Myers,1949-08-13,(648) 555-0195,,054 Wells Spring Apt. 309,South Jasonborough,PA,16675,1UV8TR8XF47,B-H-00873,
B-C-01247,Janet,Myers,1979-11-14,(648) 555-0195,janet.myers1247@example.com,054 Wells Spring Apt. 309,South Jasonborough,PA,16675,,B-H-00873,
B-C-01248,Gary,Myers,1953-01-20,(648) 555-0195,gary.myers1248@example.com,054 Wells Spring Apt. 309,South Jasonborough,PA,16675,1YE7RF2AG21,B-H-00873,
B-C-01249,Tyler,Williamson,1959-03-14,(749) 555-0186,tyler.williamson1249@example.com,26697 Gary Row Apt. 911,South Frederick,GA,30434,5NR7AF7NV27,B-H-00874,
B-C-01250,Jeffrey,Williamson,1940-02-01,(749) 555-0186,jeffrey.williamson1250@example.com,26697 Gary Row Apt. 911,South Frederick,GA,30434,8PY6RR4GA53,B-H-00874,
B-C-01251,Robert,Brown,1996-08-06,(961) 555-0108,robert.brown1251@example.com,75493 Powell Plains Suite 120,Jamestown,WY,82864,,B-H-00875,
B-C-01252,Michael,Jones,1942-03-20,(779) 555-0169,michael.jones1252@example.com,61242 Christine Village,Bridgetfurt,WV,25198,7J16XR7PF11,B-H-00876,
B-C-01253,Kevin,Myers,1947-09-15,(849) 555-0165,,92310 Kennedy Groves,Jamesfort,KY,40044,7VU5R47CU18,B-H-00877,
B-C-01254,Veronica,Myers,1958-01-11,(647) 555-0134,,92310 Kennedy Groves,Jamesfort,KY,40044,2DC0F09YH63,B-H-00877,
B-C-01255,David,Johnson,1941-08-17,(282) 555-0144,david.johnson1255@example.com,62377 Kristen Forges Suite 237,West Pamela,LA,71411,9X50DK7TE24,B-H-00878,
B-C-01256,Ronnie,Johnson,1985-12-17,(665) 555-0117,ronnie.johnson1256@example.com,62377 Kristen Forges Suite 237,West Pamela,LA,71411,,B-H-00878,
B-C-01257,Brandi,Johnson,1939-07-22,(529) 555-0151,brandi.johnson1257@example.com,62377 Kristen Forges Suite 237,West Pamela,LA,71411,5G09XG2QH87,B-H-00878,
B-C-01258,Katherine,Hoffman,1976-02-26,(375) 555-0120,katherine.hoffman1258@example.com,030 Emily Parkways,Grossview,NC,28584,,B-H-00879,
B-C-01259,Brandon,Hoffman,1945-01-15,(375) 555-0120,brandon.hoffman1259@example.com,030 Emily Parkways,Grossview,NC,28584,8YP1GG6QA60,B-H-00879,
B-C-01260,Christopher,Hoffman,1948-09-27,(291) 555-0142,,030 Emily Parkways,Grossview,NC,28584,3Q67QA3CN91,B-H-00879,
B-C-01261,Joshua,Lopez,1942-05-10,(962) 555-0183,joshua.lopez1261@example.com,5609 Garrett Square Apt. 263,Jenniferfort,OK,73500,9FK9EH7AE91,B-H-00880,
B-C-01262,Lindsey,Oconnell,1952-11-16,(299) 555-0185,lindsey.oconnell1262@example.com,246 Curtis Coves,Lake Jerry,WV,25953,9UJ0W38KA88,B-H-00881,
B-C-01263,Angela,Dillon,1943-08-22,(620) 555-0119,angela.dillon1263@example.com,917 Santana Locks Apt. 342,Jacksonborough,KY,40337,7WD4JR5XU23,B-H-00882,
B-C-01264,Douglas,Cline,1948-11-02,(908) 555-0153,douglas.cline1264@example.com,10941 Walker Loaf,Loriborough,PA,18151,7HJ7D17DG58,B-H-00883,
B-C-01265,John,Dickerson,1938-01-20,(473) 555-0155,john.dickerson1265@example.com,122 Rose Curve,Lake Davidborough,TX,75524,2QR3GV2KR30,B-H-00884,
B-C-01266,Matthew,Bass,1937-03-20,(600) 555-0114,matthew.bass1266@example.com,94130 Mcintyre Fort Suite 873,South Kenneth,CT,06136,2QT8CE8RP09,B-H-00885,
B-C-01267,Samantha,Baxter,1940-06-24,(873) 555-0113,,19062 Davis Mount Suite 883,Richardville,WY,82465,4VM8K46FN27,B-H-00886,
B-C-01268,Tiffany,Gilbert,1988-05-24,(957) 555-0177,,50953 Deanna Expressway,Port Rhonda,WI,53043,,B-H-00887,
B-C-01269,Robert,Tanner,2001-11-06,(959) 555-0113,robert.tanner1269@example.com,610 Rhodes Village Apt. 458,Douglasburgh,FL,32168,,B-H-00888,
B-C-01270,Trevor,Mcpherson,1952-03-27,(481) 555-0121,trevor.mcpherson1270@example.com,065 Francisco Point Suite 230,West Michellefurt,DC,20434,3DY5Y60EX57,B-H-00889,
B-C-01271,Trevor,Mcpherson,1940-12-15,(262) 555-0115,,065 Francisco Point Suite 230,West Michellefurt,DC,20434,5M23P83UM65,B-H-00889,
B-C-01272,Scott,Byrd,1942-09-05,(463) 555-0155,scott.byrd1272@example.com,0114 Ward Green Apt. 621,Gonzalezside,WV,25421,4C88D70DQ77,B-H-00890,
B-C-01273,Tiffany,Byrd,1935-02-25,(315) 555-0140,tiffany.byrd1273@example.com,0114 Ward Green Apt. 621,Gonzalezside,WV,25421,8JJ4NJ6MY35,B-H-00890,
B-C-01274,Heather,Medina,1958-03-16,(262) 555-0114,heather.medina1274@example.com,89761 Dennis Brooks Apt. 120,North Melissaside,OR,97559,4MA7XJ6GE81,B-H-00891,
B-C-01275,April,Medina,1999-12-25,(262) 555-0114,april.medina1275@example.com,89761 Dennis Brooks Apt. 120,North Melissaside,OR,97559,,B-H-00891,
B-C-01276,Meghan,Carlson,1939-12-03,(315) 555-0106,meghan.carlson1276@example.com,984 Bell Plaza Apt. 785,Nicoleland,WI,53150,3F53XA3JQ88,B-H-00892,
B-C-01277,Cassandra,Jones,1939-02-10,(314) 555-0148,cassandra.jones1277@example.com,67929 Timothy Wall,Millsfort,OK,74745,3NW6A53AG65,B-H-00893,
B-C-01278,Marcus,Barrett,1937-09-15,(349) 555-0147,,83437 Johnson Crescent Apt. 727,Nathanfurt,UT,84758,3MH2JH3CF39,B-H-00894,
B-C-01279,Joyce,Kramer,1934-02-07,(801) 555-0143,,66250 Crystal Fall,Smithport,NC,28769,7UM8CR7FC33,B-H-00895,
B-C-01280,Richard,Kramer,1956-12-27,(839) 555-0144,richard.kramer1280@example.com,66250 Crystal Fall,Smithport,NC,28769,7WU3W15CD96,B-H-00895,
B-C-01281,Heather,Arnold,1945-07-19,(622) 555-0100,heather.arnold1281@example.com,443 Kristen Station,Port Jamesshire,OR,97731,9GU0E93NJ07,B-H-00896,
B-C-01282,Sean,Madden,1940-07-23,(251) 555-0193,sean.madden1282@example.com,227 Andrew Crescent,West Jennifer,GA,31172,6E39WY2HR78,B-H-00897,
B-C-01283,Jordan,Diaz,1965-10-02,(397) 555-0154,jordan.diaz1283@example.com,1439 John Coves Apt. 605,East Christopherstad,WV,26580,,B-H-00898,
B-C-01284,Steven,Mccoy,1956-01-24,(851) 555-0100,steven.mccoy1284@example.com,050 Laura Meadows Apt. 042,South Jennafort,VA,22853,1CV7XW3PY20,B-H-00899,
B-C-01285,Jacqueline,Mccoy,1935-07-20,(394) 555-0192,jacqueline.mccoy1285@example.com,050 Laura Meadows Apt. 042,South Jennafort,VA,22853,1WA5QH4DW32,B-H-00899,
B-C-01286,Matthew,Chapman,1977-06-24,(285) 555-0112,matthew.chapman1286@example.com,722 Morrow Roads Suite 909,Williamsfurt,CO,81164,,B-H-00900,
B-C-01287,Karen,Chapman,1977-02-23,(740) 555-0190,karen.chapman1287@example.com,722 Morrow Roads Suite 909,Williamsfurt,CO,81164,,B-H-00900,
B-C-01288,Dennis,Moreno,1934-01-11,(834) 555-0143,dennis.moreno1288@example.com,070 Ellis Station Apt. 569,Ericberg,NE,69265,6Y37F83JQ77,B-H-00901,
B-C-01289,Angela,Moreno,1942-08-25,(769) 555-0127,angela.moreno1289@example.com,070 Ellis Station Apt. 569,Ericberg,NE,69265,2C22GJ1GF83,B-H-00901,
B-C-01290,Phillip,Torres,1935-09-06,(568) 555-0123,phillip.torres1290@example.com,47000 Casey Crossroad Suite 831,Blackfort,WV,25288,5NJ3R07QX42,B-H-00902,
B-C-01291,Vanessa,Torres,1935-08-06,(568) 555-0123,vanessa.torres1291@example.com,47000 Casey Crossroad Suite 831,Blackfort,WV,25288,5JC2YK2AG09,B-H-00902,
B-C-01292,Noah,Roy,1941-02-14,(522) 555-0148,noah.roy1292@example.com,8608 Alexander Trail Suite 386,Newtonside,NC,27055,5K69GG9XT47,B-H-00903,
B-C-01293,Melissa,Roy,1952-02-18,(983) 555-0125,,8608 Alexander Trail Suite 386,Newtonside,NC,27055,1WR0N44VQ99,B-H-00903,
B-C-01294,Tanya,Morgan,1957-06-04,(828) 555-0113,tanya.morgan1294@example.com,5052 Julia Port,Lanceborough,AR,72607,6M88F23UE37,B-H-00904,
B-C-01295,Sarah,Morgan,1941-10-18,(828) 555-0113,sarah.morgan1295@example.com,5052 Julia Port,Lanceborough,AR,72607,9DU2FT8FT65,B-H-00904,
B-C-01296,Keith,Walters,1937-06-17,(915) 555-0140,,644 Brendan Forge,East Roberttown,OR,97330,4UF3Y06JW80,B-H-00905,
B-C-01297,Colleen,Walters,1944-05-20,(915) 555-0140,colleen.walters1297@example.com,644 Brendan Forge,East Roberttown,OR,97330,4A81AF1FF10,B-H-00905,
B-C-01298,Linda,Jones,1944-02-23,(388) 555-0193,linda.jones1298@example.com,7596 Wood Junctions Suite 356,Bishopstad,FL,34956,1Q45KC2PY98,B-H-00906,
B-C-01299,Gerald,Jones,1976-12-10,(388) 555-0193,gerald.jones1299@example.com,7596 Wood Junctions Suite 356,Bishopstad,FL,34956,,B-H-00906,
B-C-01300,Michael,Cuevas,1952-08-21,(727) 555-0103,michael.cuevas1300@example.com,52072 Christopher Plaza Suite 709,Annaberg,TN,37420,3D80V45JD71,B-H-00907,
B-C-01301,Melissa,Green,1984-11-22,(986) 555-0148,melissa.green1301@example.com,048 Tammy Rapid Suite 347,Kathrynmouth,KY,41217,3XC3WF3KR41,B-H-00908,
B-C-01302,Elizabeth,Ray,1999-01-18,(527) 555-0185,,3359 Harris Pass Apt. 447,South Matthewfort,SD,57019,,B-H-00909,
B-C-01303,Tracy,Woods,1960-03-13,(529) 555-0134,,2297 David Wall Apt. 967,New Allisonshire,MO,64548,6CH1JX2VC48,B-H-00910,
B-C-01304,Christian,Woods,1951-10-01,(529) 555-0134,christian.woods1304@example.com,2297 David Wall Apt. 967,New Allisonshire,MO,64548,7D27WF0YF41,B-H-00910,
B-C-01305,Wayne,Clark,1939-03-27,(885) 555-0164,wayne.clark1305@example.com,81677 Don Groves,Lake Yvonne,SD,57639,9F10X60RN64,B-H-00911,
B-C-01306,Jacqueline,Clark,1960-03-27,(885) 555-0164,jacqueline.clark1306@example.com,81677 Don Groves,Lake Yvonne,SD,57639,9EY6U40TF99,B-H-00911,
B-C-01307,Laura,Townsend,1954-12-23,(980) 555-0136,laura.townsend1307@example.com,02103 Natalie Mission,Aprilfort,LA,70119,5AY6TA5XT75,B-H-00912,
B-C-01308,Tricia,Sawyer,1942-05-03,(610) 555-0171,,80314 Fuller Drives Suite 270,North Patrick,CO,81563,2N44KE8NA25,B-H-00913,
B-C-01309,Jonathan,Sawyer,1948-05-26,(698) 555-0147,jonathan.sawyer1309@example.com,80314 Fuller Drives Suite 270,North Patrick,CO,81563,7NG3M68XY17,B-H-00913,
B-C-01310,Amanda,Wilson,1955-01-05,(394) 555-0172,amanda.wilson1310@example.com,761 Powell Turnpike Apt. 850,North Joshua,WY,82559,7QU9JC5GH94,B-H-00914,
B-C-01311,Timothy,Taylor,2004-05-02,(652) 555-0173,timothy.taylor1311@example.com,862 Karen Club Suite 763,Johnsonshire,NM,87579,,B-H-00915,
B-C-01312,David,Rodriguez,1935-06-25,(486) 555-0169,david.rodriguez1312@example.com,76449 Christopher Curve,Lake Tylerbury,WY,82434,3WP4PR0KD37,B-H-00916,
B-C-01313,Frank,Jacobson,1952-09-21,(802) 555-0107,frank.jacobson1313@example.com,89947 Kane Mill,New Carol,GA,31556,7E52P62FH64,B-H-00917,
B-C-01314,Elizabeth,Hall,1935-10-05,(800) 555-0113,elizabeth.hall1314@example.com,35612 Hill Canyon,East Angelaton,OR,97628,6N69V22CF49,B-H-00918,
B-C-01315,Timothy,Wallace,1944-11-15,(573) 555-0142,timothy.wallace1315@example.com,38312 Thomas Cape Suite 267,New Alexandra,SD,57103,6K97D95JR40,B-H-00919,
B-C-01316,Amy,Bell,1945-07-13,(988) 555-0113,,8948 Eric Street,Burnsmouth,DC,20245,8X70VH9KP69,B-H-00920,
B-C-01317,Christopher,Black,1950-04-22,(745) 555-0113,christopher.black1317@example.com,32944 Pamela Tunnel Apt. 358,Franciston,PA,16431,5RM6F33TG00,B-H-00921,
B-C-01318,Tracey,Black,1952-02-03,(745) 555-0113,tracey.black1318@example.com,32944 Pamela Tunnel Apt. 358,Franciston,PA,16431,8NE3X24VY50,B-H-00921,
B-C-01319,Joel,Hogan,1938-02-20,(311) 555-0124,,2870 Kari Freeway Suite 951,South Tammy,TX,79082,3YM3M22JX16,B-H-00922,
B-C-01320,Sarah,Hogan,1940-07-31,(311) 555-0124,sarah.hogan1320@example.com,2870 Kari Freeway Suite 951,South Tammy,TX,79082,1CR2YH3EX77,B-H-00922,
B-C-01321,Rebekah,Williams,1944-07-26,(357) 555-0199,,857 Kelly Extensions Apt. 634,Port Davidshire,DC,56929,7Q93T11HE12,B-H-00923,
B-C-01322,Mark,Murray,1973-04-11,(582) 555-0176,,51353 Jonathan Parkway Suite 684,Richardton,GA,31980,,B-H-00924,
B-C-01323,Andrew,Murray,1955-12-26,(582) 555-0176,andrew.murray1323@example.com,51353 Jonathan Parkway Suite 684,Richardton,GA,31980,2NT4WT4YA63,B-H-00924,
B-C-01324,Jacqueline,White,1940-01-12,(257) 555-0123,jacqueline.white1324@example.com,403 Michele Union Apt. 902,Angelaside,MS,39342,3JP1K26TC63,B-H-00925,
B-C-01325,Karen,Brown,1956-11-27,(557) 555-0182,karen.brown1325@example.com,376 Vargas Lodge,Martineztown,OK,73095,1X74GE9AP20,B-H-00926,
B-C-01326,Samantha,Smith,1943-06-06,(426) 555-0154,samantha.smith1326@example.com,8427 Christopher Fort,North Alisha,VA,23663,7VX3DJ5AH05,B-H-00927,
B-C-01327,Tina,Castro,1938-08-16,(929) 555-0154,tina.castro1327@example.com,26594 John Way Apt. 613,Matthewchester,OK,74583,6EJ5GP5PV34,B-H-00928,
B-C-01328,Brian,Castro,1990-08-16,(378) 555-0164,brian.castro1328@example.com,26594 John Way Apt. 613,Matthewchester,OK,74583,3J62MF4UE15,B-H-00928,
B-C-01329,Dawn,Riggs,1938-02-25,(482) 555-0103,dawn.riggs1329@example.com,14918 Charles Turnpike Apt. 299,Lake Ronald,CT,06892,1QF3KA7NT19,B-H-00929,
B-C-01330,Ashley,Riggs,1991-01-04,(482) 555-0103,ashley.riggs1330@example.com,14918 Charles Turnpike Apt. 299,Lake Ronald,CT,06892,,B-H-00929,
B-C-01331,Daniel,Rodriguez,1944-06-12,(624) 555-0145,daniel.rodriguez1331@example.com,51517 Lisa Station Suite 402,Camposville,WY,82519,3VG3VX9VF81,B-H-00930,
B-C-01332,Marcus,Woods,1983-11-24,(247) 555-0126,marcus.woods1332@example.com,417 Jonathan Mountain,Robinsonmouth,MA,01480,,B-H-00931,
B-C-01333,Gregory,Watts,1971-10-23,(660) 555-0162,gregory.watts1333@example.com,0754 Schneider Drive Apt. 498,Weekschester,NV,89146,,B-H-00932,
B-C-01334,Julia,Watts,1936-02-13,(778) 555-0194,julia.watts1334@example.com,0754 Schneider Drive Apt. 498,Weekschester,NV,89146,2G63TV0PV66,B-H-00932,
B-C-01335,Joseph,Barnes,1939-09-22,(853) 555-0101,,942 Parker Fall Apt. 717,North Charlesmouth,NE,69336,5GX9EM5KC69,B-H-00933,
B-C-01336,Joshua,Barnes,1982-09-18,(371) 555-0109,,942 Parker Fall Apt. 717,North Charlesmouth,NE,69336,,B-H-00933,
B-C-01337,Cynthia,Steele,1957-12-26,(713) 555-0156,cynthia.steele1337@example.com,809 Shannon Squares Suite 153,Sanchezburgh,NV,89897,6D63UA2JH79,B-H-00934,
B-C-01338,Jeffery,Steele,1976-12-21,(695) 555-0104,jeffery.steele1338@example.com,809 Shannon Squares Suite 153,Sanchezburgh,NV,89897,,B-H-00934,
B-C-01339,Michael,Steele,1948-04-24,(820) 555-0156,michael.steele1339@example.com,809 Shannon Squares Suite 153,Sanchezburgh,NV,89897,2WQ3ND0VU66,B-H-00934,
B-C-01340,Carl,Coleman,1962-04-01,(483) 555-0182,,54595 David Club,East William,NV,89535,,B-H-00935,
B-C-01341,Jessica,Peck,1956-04-23,(553) 555-0185,jessica.peck1341@example.com,6812 Paula Course Apt. 204,East Margaretborough,VA,23464,1DM4DA9NG72,B-H-00936,
B-C-01342,Nancy,Peck,1950-05-01,(553) 555-0185,nancy.peck1342@example.com,6812 Paula Course Apt. 204,East Margaretborough,VA,23464,5AW8YV6JR81,B-H-00936,
B-C-01343,Katherine,Stephens,1946-01-30,(280) 555-0185,,492 Carter Wall,Roberttown,SD,57437,5M28CH7XV00,B-H-00937,
B-C-01344,Carol,Stephens,1942-06-05,(280) 555-0185,carol.stephens1344@example.com,492 Carter Wall,Roberttown,SD,57437,5UM9QR3QW44,B-H-00937,
B-C-01345,Michael,Prince,1949-07-20,(465) 555-0120,michael.prince1345@example.com,223 Campbell Forks Apt. 311,New Gina,CO,81682,5YJ8FN0XM29,B-H-00938,
B-C-01346,Marie,Watkins,1944-03-18,(436) 555-0155,marie.watkins1346@example.com,527 Calvin Overpass Apt. 302,East Christopher,UT,84030,3C23EY7WX99,B-H-00939,
B-C-01347,Jason,Mendez,1940-09-02,(973) 555-0160,jason.mendez1347@example.com,1850 Gina Squares,New Patricia,CA,95235,7YC2VY5RY34,B-H-00940,
B-C-01348,Karl,Mendez,1957-12-06,(724) 555-0136,karl.mendez1348@example.com,1850 Gina Squares,New Patricia,CA,95235,5HG3H78AM85,B-H-00940,
B-C-01349,Nicholas,Cruz,1951-08-28,(208) 555-0117,nicholas.cruz1349@example.com,81511 Sherri Spring Apt. 292,Kleinport,PA,19030,3EX1WY5NM86,B-H-00941,
B-C-01350,Daniel,Hood,1945-03-08,(524) 555-0191,daniel.hood1350@example.com,413 Zachary Fork,Codyville,AZ,85760,8K76F74QP68,B-H-00942,
B-C-01351,James,Grant-Taylor,1935-07-06,(879) 555-0173,james.granttaylor1351@example.com,279 Courtney Tunnel,Michaeltown,CA,91089,5RM2AJ6FP86,B-H-00943,
B-C-01352,Michael,King,1957-08-23,(716) 555-0148,michael.king1352@example.com,4186 Stone Brook Suite 019,West John,WV,25166,7A96AR3MK09,B-H-00944,
B-C-01353,Eric,King,1940-10-28,(716) 555-0148,eric.king1353@example.com,4186 Stone Brook Suite 019,West John,WV,25166,5JY6P82HE74,B-H-00944,
B-C-01354,Benjamin,Miller,1972-07-13,(906) 555-0100,benjamin.miller1354@example.com,1667 Jones Mews,West Feliciaside,WY,82948,,B-H-00945,
B-C-01355,Thomas,Miller,1955-08-06,(513) 555-0121,thomas.miller1355@example.com,1667 Jones Mews,West Feliciaside,WY,82948,6JM1P17TN78,B-H-00945,
B-C-01356,Mark,Davis,1938-11-04,(906) 555-0121,mark.davis1356@example.com,14133 Watkins Flats Suite 705,North Erictown,PA,16765,8EG2UJ3HU07,B-H-00946,
B-C-01357,Taylor,Davis,1986-04-16,(689) 555-0102,taylor.davis1357@example.com,14133 Watkins Flats Suite 705,North Erictown,PA,16765,,B-H-00946,
B-C-01358,Christopher,Adams,1985-12-28,(437) 555-0175,christopher.adams1358@example.com,20716 Cody Extensions Suite 473,South Brianna,OR,97196,,B-H-00947,
B-C-01359,Emily,Adams,1939-09-05,(989) 555-0149,emily.adams1359@example.com,20716 Cody Extensions Suite 473,South Brianna,OR,97196,6TT7VU7JN30,B-H-00947,
B-C-01360,Ricardo,Powell,1941-11-10,(926) 555-0158,ricardo.powell1360@example.com,429 Roman Garden Apt. 362,Thompsonborough,NE,68544,8H17V86XC94,B-H-00948,
B-C-01361,Misty,Solomon,2004-12-23,(619) 555-0167,misty.solomon1361@example.com,74191 Natalie Ridges,South Jennifertown,NC,27882,,B-H-00949,
B-C-01362,Gregory,Sanders,1960-06-23,(253) 555-0131,gregory.sanders1362@example.com,8393 Kimberly Key Apt. 522,Thompsonstad,VT,05482,6R08AA3AU30,B-H-00950,
B-C-01363,Jeff,Boyer,1936-07-11,(477) 555-0192,jeff.boyer1363@example.com,088 Jon Route,Jameston,KY,41406,9N36P42UD55,B-H-00951,
B-C-01364,Brett,Steele,1954-03-01,(214) 555-0136,brett.steele1364@example.com,5051 Cummings Valley,New Jamesland,MS,39441,4C57U63RT79,B-H-00952,
B-C-01365,Jacob,Arias,1937-05-02,(718) 555-0157,jacob.arias1365@example.com,038 Zachary Ranch,Stacieside,CT,06612,7UD3Y70XT74,B-H-00953,
B-C-01366,Tina,Giles,1942-09-26,(699) 555-0197,tina.giles1366@example.com,4896 Jeremy Stream Suite 532,New Cliffordberg,NV,89401,9YU5E39UE52,B-H-00954,
B-C-01367,Emily,Giles,1988-02-22,(966) 555-0145,,4896 Jeremy Stream Suite 532,New Cliffordberg,NV,89401,,B-H-00954,
B-C-01368,Deanna,Harris,1933-10-15,(719) 555-0194,deanna.harris1368@example.com,63194 Schwartz Stream,North Emily,OK,74741,6YN6RU1TM08,B-H-00955,
B-C-01369,Claudia,Elliott,1965-04-16,(270) 555-0116,claudia.elliott1369@example.com,24044 Teresa Gateway Suite 206,New Monica,CO,80040,5R24TN8GW59,B-H-00956,
B-C-01370,Michele,Elliott,1982-12-25,(270) 555-0116,,24044 Teresa Gateway Suite 206,New Monica,CO,80040,,B-H-00956,
B-C-01371,Brittney,Neal,1959-06-11,(756) 555-0174,brittney.neal1371@example.com,277 Daniel Roads Suite 296,West Jamie,RI,02954,7T12RK4CD98,B-H-00957,
B-C-01372,Leah,Porter,1938-10-20,(282) 555-0109,leah.porter1372@example.com,027 Hannah Springs Apt. 856,Johnsonview,HI,96829,5D88XQ9EH79,B-H-00958,
B-C-01373,George,Lee,1954-02-24,(896) 555-0194,,753 Lucero Street,West Edwardhaven,PA,16940,2DV1GV8GK00,B-H-00959,
B-C-01374,Jasmine,Steele,1951-09-29,(264) 555-0107,jasmine.steele1374@example.com,66856 Anthony Shore,Wendyfurt,DC,20034,2YX0QJ2QE12,B-H-00960,
B-C-01375,Laurie,Floyd,1934-05-15,(714) 555-0102,laurie.floyd1375@example.com,1017 Shea Circles,Michaelport,NV,89424,1VG1J81HQ31,B-H-00961,
B-C-01376,Christina,Floyd,1933-11-24,(970) 555-0133,christina.floyd1376@example.com,1017 Shea Circles,Michaelport,NV,89424,8WC8CF2JP14,B-H-00961,
B-C-01377,Amanda,Lowery,2000-09-20,(934) 555-0191,,6194 Noble Roads,Roberttown,CT,06902,,B-H-00962,
B-C-01378,Sheena,Adams,1946-10-09,(310) 555-0116,,166 Daniel Bridge,East Johnland,MO,63902,9MU4G62NQ78,B-H-00963,
B-C-01379,Kristopher,Adams,1960-06-30,(760) 555-0127,kristopher.adams1379@example.com,166 Daniel Bridge,East Johnland,MO,63902,9MU3WE4RE76,B-H-00963,
B-C-01380,Matthew,Gamble,1945-08-24,(814) 555-0155,matthew.gamble1380@example.com,04098 Adams Neck,Lake Kristinahaven,PA,16952,1UV7JD8NU52,B-H-00964,
B-C-01381,Alyssa,Charles,1947-06-01,(467) 555-0195,alyssa.charles1381@example.com,356 Michelle Run Suite 693,Taylorburgh,NV,89894,4M99HJ9WG54,B-H-00965,
B-C-01382,Dillon,Horton,1941-03-17,(335) 555-0117,horton.family1383@example.com,71511 Berry Spur,Ballardfurt,NJ,07339,3D37P76FU52,B-H-00966,
B-C-01383,Walter,Horton,1952-07-07,(335) 555-0117,horton.family1383@example.com,71511 Berry Spur,Ballardfurt,NJ,07339,6K91XW2QD26,B-H-00966,
B-C-01384,Benjamin,Brown,1942-05-21,(681) 555-0157,benjamin.brown1384@example.com,00719 Nathan Fords,Port Brendafort,ND,58883,9CV0A95XX28,B-H-00967,
B-C-01385,Patrick,Patel,1940-08-07,(544) 555-0109,patrick.patel1385@example.com,9793 Wallace Glens Apt. 225,Jenniferbury,GA,31497,9X28Q33DV09,B-H-00968,
B-C-01386,John,Davis,1939-09-27,(560) 555-0141,john.davis1386@example.com,5866 Daniel Ridge Suite 484,New Tonyaview,PA,17731,7AU2MW4AA14,B-H-00969,
B-C-01387,Jennifer,Davis,1942-05-14,(333) 555-0130,jennifer.davis1387@example.com,5866 Daniel Ridge Suite 484,New Tonyaview,PA,17731,1F71TQ9CR22,B-H-00969,
B-C-01388,Michelle,Baker,1955-06-10,(622) 555-0174,,3564 Porter Crossing,Smithberg,WV,25392,3R58P87KQ72,B-H-00970,
B-C-01389,Douglas,Baker,1941-05-02,(385) 555-0176,douglas.baker1389@example.com,3564 Porter Crossing,Smithberg,WV,25392,6GG7RE3AF28,B-H-00970,
B-C-01390,Tyler,Gray,1939-11-10,(607) 555-0120,tyler.gray1390@example.com,298 Harris Path,North Anne,RI,02860,7CE5P19UY31,B-H-00971,
B-C-01391,Jonathan,Barrett,1951-03-22,(385) 555-0188,jonathan.barrett1391@example.com,830 Ryan Inlet Suite 982,Lake Sarahshire,CT,06400,3XK0V44DG82,B-H-00972,
B-C-01392,Brandon,Barrett,1947-04-15,(385) 555-0188,brandon.barrett1392@example.com,830 Ryan Inlet Suite 982,Lake Sarahshire,CT,06400,3DQ2DM2PG62,B-H-00972,
B-C-01393,Frank,Davis,1955-08-29,(431) 555-0184,frank.davis1393@example.com,11932 Park Avenue,Kennedyville,OR,97191,8HJ7FG4UN89,B-H-00973,
B-C-01394,Connie,Wilson,1946-04-21,(620) 555-0167,connie.wilson1394@example.com,81891 Samantha Tunnel Apt. 830,West Shelleymouth,WV,25791,4KK0E79QY87,B-H-00974,
B-C-01395,Kathryn,Jones,1952-11-02,(816) 555-0180,kathryn.jones1395@example.com,034 Greene Islands Suite 625,East Samanthafort,CO,80848,7HQ8CU5HF43,B-H-00975,
B-C-01396,Mary,Gordon,1933-12-19,(511) 555-0103,mary.gordon1396@example.com,814 Dana Estate,Port Brian,NJ,07989,8J00DC4UA03,B-H-00976,
B-C-01397,Christina,Gordon,1954-11-25,(509) 555-0196,christina.gordon1397@example.com,814 Dana Estate,Port Brian,NJ,07989,9YP8GJ7MC15,B-H-00976,
B-C-01398,Megan,Lin,1937-06-19,(817) 555-0164,megan.lin1398@example.com,207 Smith Estates,Salazarmouth,PA,16934,4MH7Y93TV60,B-H-00977,
B-C-01399,Kristen,Jackson,1934-01-17,(835) 555-0141,,583 Jackson Junctions Apt. 919,Stewartborough,NE,68877,7D39J73TA01,B-H-00978,
B-C-01400,Max,Jackson,1946-04-29,(835) 555-0141,max.jackson1400@example.com,583 Jackson Junctions Apt. 919,Stewartborough,NE,68877,6V54N66YF53,B-H-00978,
B-C-01401,Jeffrey,Edwards,1946-11-27,(686) 555-0138,,251 David Alley Apt. 404,Brownville,GA,31260,9YM9HE9TE16,B-H-00979,
B-C-01402,Karen,Edwards,1958-11-08,(283) 555-0153,karen.edwards1402@example.com,251 David Alley Apt. 404,Brownville,GA,31260,8R93PP5RK84,B-H-00979,
B-C-01403,Bryan,Riley,1951-12-11,(424) 555-0103,bryan.riley1403@example.com,1894 Vanessa Road,Melissamouth,WV,25339,5YF7RE2JP92,B-H-00980,
B-C-01404,Brian,Le,1979-02-09,(926) 555-0193,,47263 Cassie Glens,New Derekton,NC,27954,,B-H-00981,
B-C-01405,Christopher,Smith,1995-09-30,(297) 555-0149,,67821 Debbie Landing Suite 272,Charlesmouth,UT,84346,1VG8WE4UT06,B-H-00982,
B-C-01406,Thomas,Orr,1939-06-09,(640) 555-0167,thomas.orr1406@example.com,95660 Wright Ridge Apt. 585,Whitneyview,CT,06479,8YG7TV7RT96,B-H-00983,
B-C-01407,Katherine,Mccarthy,1939-07-28,(338) 555-0185,katherine.mccarthy1407@example.com,21642 Kimberly Stream,Lisastad,WY,83102,7UP5E82JE12,B-H-00984,
B-C-01408,Jessica,Moore,1989-09-02,(246) 555-0191,,9029 Mayer Prairie,Port Andrew,RI,02909,,B-H-00985,
B-C-01409,Caroline,Barber,1949-11-21,(316) 555-0148,caroline.barber1409@example.com,5019 Aaron Fort,Virginiaville,MA,01171,3AG9D88AM75,B-H-00986,
B-C-01410,Michelle,Barber,1986-07-02,(579) 555-0138,michelle.barber1410@example.com,5019 Aaron Fort,Virginiaville,MA,01171,,B-H-00986,
B-C-01411,James,Carpenter,1952-06-07,(481) 555-0180,james.carpenter1411@example.com,936 Ashley Meadow Suite 957,East Denise,MO,64719,8RR2U10PE15,B-H-00987,
B-C-01412,Richard,Carpenter,1998-01-10,(481) 555-0180,richard.carpenter1412@example.com,936 Ashley Meadow Suite 957,East Denise,MO,64719,,B-H-00987,
B-C-01413,Carlos,Carter,1943-12-01,(798) 555-0160,carlos.carter1413@example.com,227 Bailey Shoal,Whitehaven,NC,28732,7A96GR6EG89,B-H-00988,
B-C-01414,Robert,Carter,1993-09-22,(622) 555-0190,robert.carter1414@example.com,227 Bailey Shoal,Whitehaven,NC,28732,,B-H-00988,
B-C-01415,Karina,Walls,1954-12-05,(249) 555-0129,karina.walls1415@example.com,819 Tina Forest,North Dianeton,CT,06995,7YQ7UP0EN10,B-H-00989,
B-C-01416,Sandra,Marsh,1969-11-02,(695) 555-0147,sandra.marsh1416@example.com,20482 Charles Divide Suite 992,Stevenside,OK,74575,,B-H-00990,
B-C-01417,Stephanie,Marsh,1979-09-11,(695) 555-0147,stephanie.marsh1417@example.com,20482 Charles Divide Suite 992,Stevenside,OK,74575,,B-H-00990,
B-C-01418,Carolyn,Williams,1942-02-24,(362) 555-0155,carolyn.williams1418@example.com,19997 Gary Throughway,Perezport,SD,57651,7JE8A11QN29,B-H-00991,
B-C-01419,Misty,Brown,1947-02-17,(940) 555-0197,misty.brown1419@example.com,978 Oconnell Spring Suite 179,Castanedaland,KY,42642,7RQ1FD8XJ63,B-H-00992,
B-C-01420,Lori,Banks,1952-02-05,(411) 555-0184,lori.banks1420@example.com,035 Taylor Corner Apt. 338,New Patriciaport,CO,80933,4J33KD6GC26,B-H-00993,
B-C-01421,Nicholas,Parker,1949-07-28,(818) 555-0128,nicholas.parker1421@example.com,57479 Amanda Lakes Apt. 932,Lake Daniel,PA,15590,2D03MX7CY70,B-H-00994,
B-C-01422,Susan,Parker,1952-02-17,(425) 555-0161,susan.parker1422@example.com,57479 Amanda Lakes Apt. 932,Lake Daniel,PA,15590,2GK8FJ1QU65,B-H-00994,
B-C-01423,Charles,Bryant,1936-04-09,(384) 555-0137,,95848 Pamela Highway Apt. 038,Aaronfort,SD,57395,8R26U55EC52,B-H-00995,
B-C-01424,Jeffrey,Turner,1970-07-10,(686) 555-0100,jeffrey.turner1424@example.com,9153 Mercer Landing,Jimmyshire,CT,06422,,B-H-00996,
B-C-01425,Walter,Anderson,1956-04-17,(926) 555-0155,,73245 Jimenez Circle,South Sarahfort,CT,06402,5DV2T11GA19,B-H-00997,
B-C-01426,Amanda,Anderson,1956-03-18,(649) 555-0144,amanda.anderson1426@example.com,73245 Jimenez Circle,South Sarahfort,CT,06402,6C19F17JC57,B-H-00997,
B-C-01427,Michael,Ortiz,1955-02-26,(821) 555-0100,,1005 Michelle Expressway,New Bryceshire,NC,28497,6EV8F88CK27,B-H-00998,
B-C-01428,Holly,Ortiz,1958-06-13,(821) 555-0100,,1005 Michelle Expressway,New Bryceshire,NC,28497,4M20VJ2VN61,B-H-00998,
B-C-01429,Daniel,Foster,1979-12-10,(936) 555-0184,daniel.foster1429@example.com,96735 Garcia Plaza,Mcdanielland,WV,25138,,B-H-00999,
B-C-01430,Rebecca,Ortiz,1992-03-01,(744) 555-0195,rebecca.ortiz1430@example.com,73874 Clayton Plains Apt. 225,North Melissafort,KY,40978,8WA2TU2QK45,B-H-01000,
B-C-01431,Alicia,Reed,1938-08-14,(969) 555-0198,alicia.reed1431@example.com,028 Nicole Walks Apt. 049,South Donald,ND,58160,2Q43DN5AW59,B-H-01001,
B-C-01432,Karen,Leon,1946-02-07,(401) 555-0192,karen.leon1432@example.com,73768 Wells Mount Suite 051,Goodshire,NV,89017,4FR6YM9JW07,B-H-01002,
B-C-01433,Edward,Harris,1988-01-10,(516) 555-0161,,589 Garner Port,South Kelly,CT,06971,,B-H-01003,
B-C-01434,Michael,Hoffman,1955-06-07,(541) 555-0156,michael.hoffman1434@example.com,44856 Melissa Brook Suite 683,South Steven,GA,31193,1NQ9MH7DU20,B-H-01004,
B-C-01435,Amber,Carey,1951-06-04,(681) 555-0169,,102 Jessica Tunnel,Lake Carlhaven,WY,83151,2H53R83TN44,B-H-01005,
B-C-01436,Patrick,Velasquez,1945-02-10,(349) 555-0180,patrick.velasquez1436@example.com,48290 Sabrina Inlet,New Joshua,SD,57581,1Q70VW1VC06,B-H-01006,
B-C-01437,Jamie,Velasquez,1986-10-07,(425) 555-0135,jamie.velasquez1437@example.com,48290 Sabrina Inlet,New Joshua,SD,57581,,B-H-01006,
B-C-01438,Danielle,Pratt,1947-12-09,(393) 555-0192,,2892 Nicole Unions,Williamsmouth,TX,79653,6F40HK6VE78,B-H-01007,
B-C-01439,Richard,Pratt,1945-08-29,(393) 555-0192,richard.pratt1439@example.com,2892 Nicole Unions,Williamsmouth,TX,79653,9F65R20QH52,B-H-01007,
B-C-01440,Tara,Walters,1944-06-07,(572) 555-0195,tara.walters1440@example.com,93818 Karen Track Apt. 871,Port Michellestad,WY,82297,8RJ7KJ8UW42,B-H-01008,
B-C-01441,Sarah,Brock,1957-02-26,(727) 555-0197,sarah.brock1441@example.com,5558 Nancy Burg Suite 783,Riveratown,AR,72338,8UC0MN3XX00,B-H-01009,
B-C-01442,Michael,Thomas,1944-01-27,(413) 555-0152,michael.thomas1442@example.com,00427 Emily Cliffs,Greeneton,PA,15517,9VE6DA6NW55,B-H-01010,
B-C-01443,Morgan,Blake,1935-03-07,(612) 555-0167,morgan.blake1443@example.com,86009 Potts Cliffs Apt. 146,New Ivanfurt,CT,06228,2AW7TY3FV97,B-H-01011,
B-C-01444,James,Blake,1936-01-26,(554) 555-0192,james.blake1444@example.com,86009 Potts Cliffs Apt. 146,New Ivanfurt,CT,06228,1P13V17QG99,B-H-01011,
B-C-01445,Jessica,Whitehead,1975-07-09,(905) 555-0143,jessica.whitehead1445@example.com,51134 Desiree Fall Suite 853,Suttonstad,OR,97929,,B-H-01012,
B-C-01446,Maria,Ellis,1952-10-09,(645) 555-0120,maria.ellis1446@example.com,252 Dyer Landing,Millerberg,SD,57102,6F52T71EU80,B-H-01013,
B-C-01447,Gloria,Ellis,1940-11-29,(645) 555-0120,gloria.ellis1447@example.com,252 Dyer Landing,Millerberg,SD,57102,4PA7UM1KK52,B-H-01013,
B-C-01448,Paul,Carter,1998-08-30,(293) 555-0172,paul.carter1448@example.com,246 Sarah Walks,West Austinton,LA,70574,,B-H-01014,
B-C-01449,Adam,Carter,1951-02-20,(293) 555-0172,adam.carter1449@example.com,246 Sarah Walks,West Austinton,LA,70574,4PX6KP9XN69,B-H-01014,
B-C-01450,Mary,Henderson,2004-11-09,(904) 555-0142,mary.henderson1450@example.com,8650 Jamie Road,Mikeview,OK,74475,,B-H-01015,
B-C-01451,Matthew,Henderson,1951-05-16,(806) 555-0116,matthew.henderson1451@example.com,8650 Jamie Road,Mikeview,OK,74475,5C87E68EF45,B-H-01015,
B-C-01452,Melissa,Glenn,1957-06-10,(382) 555-0171,melissa.glenn1452@example.com,04501 Davis Glens,East Tammy,NJ,07029,3WP5J95XN20,B-H-01016,
B-C-01453,Loretta,Garner,1934-06-25,(293) 555-0107,loretta.garner1453@example.com,723 Davis Junctions,North Susanview,OK,73628,1R53MP9RH30,B-H-01017,
B-C-01454,Amanda,Mccormick,1934-04-24,(539) 555-0183,amanda.mccormick1454@example.com,0911 Christopher Port Apt. 555,Terryport,AZ,86428,7YM6Q57EP41,B-H-01018,
B-C-01455,Brittany,Mccormick,1951-03-26,(446) 555-0129,brittany.mccormick1455@example.com,0911 Christopher Port Apt. 555,Terryport,AZ,86428,2T15D51UJ99,B-H-01018,
B-C-01456,Melissa,Allen,1944-04-01,(531) 555-0186,melissa.allen1456@example.com,16212 Smith Square Suite 021,Corymouth,DE,19711,3Q37WC1AH77,B-H-01019,
B-C-01457,Robert,Allen,1942-10-20,(349) 555-0151,,16212 Smith Square Suite 021,Corymouth,DE,19711,2GT3R26MC10,B-H-01019,
B-C-01458,Lori,Hansen,2004-10-27,(232) 555-0123,,334 Schaefer Canyon,Donovantown,PA,18996,,B-H-01020,
B-C-01459,Tim,Hansen,1941-12-14,(232) 555-0123,tim.hansen1459@example.com,334 Schaefer Canyon,Donovantown,PA,18996,4W68H06GQ26,B-H-01020,
B-C-01460,Maria,Bass,1942-02-17,(743) 555-0186,maria.bass1460@example.com,65585 Harding Motorway Apt. 719,South Bruce,WV,24722,5JM4VP3PK64,B-H-01021,
B-C-01461,Jacqueline,Evans,1944-03-07,(467) 555-0148,jacqueline.evans1461@example.com,8277 Richard Ridges,Port Julie,KY,40148,6XM9U92FC42,B-H-01022,
B-C-01462,Erin,Evans,1954-09-05,(467) 555-0148,erin.evans1462@example.com,8277 Richard Ridges,Port Julie,KY,40148,6WK2XE4JP44,B-H-01022,
B-C-01463,Michele,Reynolds,1957-11-17,(605) 555-0186,michele.reynolds1463@example.com,081 Smith Ridge,East Nicole,DC,56992,6CX7T77MQ11,B-H-01023,
B-C-01464,Mario,Reynolds,1948-07-25,(605) 555-0186,mario.reynolds1464@example.com,081 Smith Ridge,East Nicole,DC,56992,5QE1C29DT61,B-H-01023,
B-C-01465,Elizabeth,White,1956-03-12,(272) 555-0160,elizabeth.white1465@example.com,838 Desiree Pine Apt. 845,East Eileen,NV,89428,3MN3NP0YP68,B-H-01024,
B-C-01466,Jennifer,Shaffer,1951-11-17,(478) 555-0139,jennifer.shaffer1466@example.com,31763 Campos Oval,New Juantown,NE,68092,1G95K99CQ27,B-H-01025,
B-C-01467,Jeffrey,Hunter,1957-06-14,(355) 555-0123,jeffrey.hunter1467@example.com,5666 Michael Ridge Apt. 784,Port Andreaberg,WV,25943,9NH4R28WD21,B-H-01026,
B-C-01468,Jill,Perez,1946-04-11,(984) 555-0189,jill.perez1468@example.com,2791 David Well,Port Amberborough,LA,70504,4K86CF4HG16,B-H-01027,
B-C-01469,Brianna,Perez,1942-07-05,(984) 555-0189,brianna.perez1469@example.com,2791 David Well,Port Amberborough,LA,70504,6RX7D21PY44,B-H-01027,
B-C-01470,Christina,Chandler,1952-07-09,(613) 555-0172,christina.chandler1470@example.com,0343 Shannon Inlet Suite 847,Cabrerafurt,CO,80552,8H88FP4UP70,B-H-01028,
B-C-01471,Jessica,Foster,1942-08-21,(667) 555-0171,jessica.foster1471@example.com,483 Villa Drive Apt. 512,South Kevin,NE,68335,8GH5QN7JN59,B-H-01029,
B-C-01472,David,Johnson,1937-10-25,(235) 555-0160,,94414 Watson Squares,New Davidchester,WY,82388,1VM9YT0EE07,B-H-01030,
B-C-01473,Sandra,Mathis,1939-10-30,(843) 555-0115,sandra.mathis1473@example.com,749 Walters Street Apt. 918,New Erichaven,OH,45382,5E70TQ9GR26,B-H-01031,
B-C-01474,Steve,Wolfe,1939-05-22,(693) 555-0152,steve.wolfe1474@example.com,887 Baldwin Run Suite 622,South Sarahton,CT,06418,3GN2PM1AV57,B-H-01032,
B-C-01475,Brent,Osborne,1938-11-25,(492) 555-0101,brent.osborne1475@example.com,557 Miller Trafficway Apt. 037,East Jeffrey,DC,20515,5PP8MP1VK69,B-H-01033,
B-C-01476,Amy,Ryan,1991-10-25,(702) 555-0150,ryan.family1476@example.com,398 Kimberly Trafficway,Jamesland,MO,64895,,B-H-01034,
B-C-01477,Sean,Ryan,1960-03-11,(702) 555-0150,ryan.family1476@example.com,398 Kimberly Trafficway,Jamesland,MO,64895,6C24A15QQ95,B-H-01034,
B-C-01478,Stephen,Jones,1959-03-25,(361) 555-0197,stephen.jones1478@example.com,28728 Alexandria Villages Apt. 006,Port Crystal,KY,40473,2C41TM9AT53,B-H-01035,
B-C-01479,Cynthia,Rodriguez,1963-12-28,(987) 555-0114,cynthia.rodriguez1479@example.com,748 Michael Point Suite 269,South Stephaniehaven,HI,96812,,B-H-01036,
B-C-01480,Brandon,Rodriguez,2001-05-10,(456) 555-0168,brandon.rodriguez1480@example.com,748 Michael Point Suite 269,South Stephaniehaven,HI,96812,,B-H-01036,
B-C-01481,Jason,Banks,1938-01-26,(209) 555-0144,jason.banks1481@example.com,420 Santiago Stream,Dariusfort,WV,25684,8QX8RX2YU40,B-H-01037,
B-C-01482,Nicole,Anderson,1936-09-25,(328) 555-0140,nicole.anderson1482@example.com,385 Samantha Causeway Suite 283,Cheyennechester,VA,23701,9Y79NX1AM01,B-H-01038,
B-C-01483,Jared,Price,1955-12-22,(377) 555-0115,jared.price1483@example.com,8079 Hogan Trail Apt. 664,Port Neil,PA,18212,6AN2J28CU67,B-H-01039,
B-C-01484,Rachel,Wilson,1937-09-20,(893) 555-0160,rachel.wilson1484@example.com,51280 Guzman Extensions,South Raymond,MO,63142,5M97W89HU85,B-H-01040,
B-C-01485,Maria,Rowland,1947-02-24,(265) 555-0191,maria.rowland1485@example.com,121 David Motorway Suite 476,Danielberg,MA,01145,9WX0WF9QP14,B-H-01041,
B-C-01486,Javier,Williams,1935-03-10,(452) 555-0112,javier.williams1486@example.com,5297 Acosta Turnpike,Lake Sherryfort,OK,73121,7UK2YE6UW34,B-H-01042,
B-C-01487,Jack,Williams,1950-03-28,(382) 555-0122,,5297 Acosta Turnpike,Lake Sherryfort,OK,73121,1E01KP0PM99,B-H-01042,
B-C-01488,Gina,Randolph,1939-12-11,(330) 555-0178,,57498 Keith Freeway Suite 881,Jessicahaven,NC,27480,5TP9WA0XA82,B-H-01043,
B-C-01489,Elizabeth,Harrison,1945-02-10,(848) 555-0132,elizabeth.harrison1489@example.com,3010 Daniel Oval,East Sarahfort,CT,06071,4GF2E29HE35,B-H-01044,
B-C-01490,Miranda,Harrison,1936-03-26,(848) 555-0132,miranda.harrison1490@example.com,3010 Daniel Oval,East Sarahfort,CT,06071,6RP0QK5GH58,B-H-01044,
B-C-01491,Martin,Deleon,1943-09-04,(912) 555-0122,martin.deleon1491@example.com,1113 Jeremy Skyway Apt. 095,Howardton,DE,19911,9A86PT4YF54,B-H-01045,
B-C-01492,Kim,Lane,1934-09-20,(641) 555-0106,kenneth.lane1493@example.com,594 Fischer Loop Suite 258,Kingport,OH,44945,4Q98FQ9EE63,B-H-01046,
B-C-01493,Kenneth,Lane,1946-12-09,(641) 555-0106,kenneth.lane1493@example.com,594 Fischer Loop Suite 258,Kingport,OH,44945,3JA6M58MG05,B-H-01046,
B-C-01494,Paul,Brown,1944-03-06,(285) 555-0150,paul.brown1494@example.com,23321 Michael Port,Roymouth,RI,02869,9G88YN7MD50,B-H-01047,
B-C-01495,Alexander,Jenkins,1953-05-28,(499) 555-0181,alexander.jenkins1495@example.com,5081 Stevenson Lodge,Port Tiffanyland,VA,23051,8WJ0MC6RV46,B-H-01048,
B-C-01496,Christopher,Jenkins,1994-08-17,(499) 555-0181,christopher.jenkins1496@example.com,5081 Stevenson Lodge,Port Tiffanyland,VA,23051,,B-H-01048,
B-C-01497,Charles,Hernandez,1941-09-28,(346) 555-0153,charles.hernandez1497@example.com,56357 Patrick Court Suite 755,West Kristinmouth,HI,96784,6FP5UP1MK33,B-H-01049,
B-C-01498,Kristi,Hernandez,1945-09-16,(346) 555-0153,kristi.hernandez1498@example.com,56357 Patrick Court Suite 755,West Kristinmouth,HI,96784,6FY5E34CC72,B-H-01049,
B-C-01499,Roy,Russo,1960-02-11,(422) 555-0159,roy.russo1499@example.com,32303 Blackburn Stravenue,Aguilarville,DE,19765,6K68EJ2NU96,B-H-01050,
B-C-01500,Shaun,Russo,1943-08-04,(422) 555-0159,shaun.russo1500@example.com,32303 Blackburn Stravenue,Aguilarville,DE,19765,2J71UM9TP70,B-H-01050,
B-C-01501,Kevin,Garcia,1958-08-07,(293) 555-0119,,516 Tim Forks,Davisville,KY,40831,4Q24AG7AE16,,
B-C-01502,Kristen,Walker,1957-10-23,(465) 555-0153,,520 Bright Green Suite 660,West Jessica,CT,06728,4UE5H69VV54,,
B-C-01503,Christina,Stewart,1938-08-14,(647) 555-0148,,141 Jessica Oval Suite 523,West Christineborough,UT,84460,1YT9GD5WJ50,,
B-C-01504,Joseph,Mejia,1954-04-24,(287) 555-0132,,84094 Manuel Fields,Joshuamouth,OR,97756,5JQ9UA9JD70,,
B-C-01505,John,Dickerson,1938-01-20,(473) 555-0155,,6024 Mary Meadows Apt. 394,Christinaside,TX,79708,2QR3GV2KR30,,
B-C-01506,Rachel,Wilson,1937-09-20,(893) 555-0160,,6437 Greene Road Suite 072,North Dana,MO,63177,5M97W89HU85,,
B-C-01507,Thomas,Bryant,1934-08-29,(629) 555-0142,,687 Jennifer Summit,West Michaelstad,CO,80480,1EA9JR0XD94,,
B-C-01508,Amanda,Rollins,1943-12-31,(375) 555-0123,,4547 Singh Ways Apt. 112,East Sarah,CA,92471,1DN1JT8RG68,,
B-C-01509,Chloe,Wright,2007-11-17,(573) 555-0167,,76311 Gomez Loop Suite 010,Chandlerville,AL,35845,,B-H-00204,
B-C-01510,Leroy,Phillips,2004-01-22,(415) 555-0123,,59212 Weber Prairie,Oscarhaven,RI,02841,,B-H-00457,
B-C-01511,Jessica,King,2009-05-26,(206) 555-0122,,888 Peter Mountains,Lake Paulstad,KY,42288,,B-H-00346,
B-C-01512,Ashley,Winters,2016-06-30,(960) 555-0130,,43842 Mendez Course Apt. 992,Lake Claudia,DE,19824,,B-H-00726,
B-C-01513,James,Rivera,2010-10-22,(766) 555-0132,,04991 Mitchell Row Suite 287,Jamesville,NJ,07902,,B-H-00429,
B-C-01514,Andrew,Kaufman,2004-05-22,(621) 555-0176,,0641 Alyssa Freeway,Vasquezton,VT,05875,,B-H-00812,
B-C-01515,Ronald,Cruz,2015-04-03,(953) 555-0161,,0948 Jessica Village Suite 138,North Jessicaside,TX,77884,,B-H-00189,
B-C-01516,George,Carney,2022-10-13,(557) 555-0111,,98179 Simmons Vista,Jordanshire,MO,65643,,B-H-00238,
B-C-01517,Brittany,Wells,2020-01-13,(647) 555-0177,,342 Teresa Courts,New Melissa,NE,68636,,B-H-00440,
B-C-01518,Keith,Mcfarland,2017-04-04,(300) 555-0163,,0816 Wallace Rapid,North Kelseyborough,OH,43402,,B-H-00351,
B-C-01519,Kim,Stuart,2001-08-19,(866) 555-0154,,409 Tina Circle,Codytown,DE,19753,,B-H-00597,
B-C-01520,Nicholas,Townsend,2018-10-02,(803) 555-0171,,0715 Lynch Inlet,Gayport,KY,42085,,B-H-00620,
B-C-01521,Victoria,Richards,2012-07-26,(419) 555-0113,,6597 Howell Haven,Brenthaven,WI,54706,,B-H-00591,
B-C-01522,Tammy,Sparks,2021-11-03,(440) 555-0105,,22528 Timothy Throughway,Anthonyfurt,AR,71826,,B-H-00830,
B-C-01523,Anita,Thomas,2012-06-19,(910) 555-0144,,93096 Miller Spur,Davisville,CA,93725,,B-H-00532,
B-C-01524,Tyler,Smith,2023-04-22,(804) 555-0163,,563 Edward Mission,Roseton,CO,80150,,B-H-00055,
B-C-01525,John,Green,2019-01-03,(594) 555-0123,,21905 Jason Roads,Scotttown,TX,75153,,B-H-00700,
B-C-01526,James,Delgado,2004-05-20,(463) 555-0145,,6720 Brian Dam Suite 028,Lake Williamberg,PA,18129,,B-H-00645,
B-C-01527,Christina,Jackson,1944-11-13,(220) 555-0142,christina.jackson138@example.com,50455 Thomas Pines,Knightburgh,GA,31212,9KV8DK6KN71,B-H-00099,
B-C-01528,Roberta,Murphy,1940-10-11,(831) 555-0195,roberta.murphy198@example.com,104 Johnson Lakes,North Renee,CA,91710,8F26FK6TQ24,B-H-00146,
B-C-01529,Stephanie,Jones,1959-03-25,(361) 555-0197,stephanie.jones1478@example.com,28728 Alexandria Villages Apt. 006,Port Crystal,KY,40473,2PC9XU1KP79,B-H-01035,
B-C-01530,Mario,Espinoza,1936-05-03,(887) 555-0171,mario.espinoza596@example.com,4064 Laura Plaza Suite 368,Fosterburgh,WI,54069,1AT4EH4TV61,B-H-00419,
B-C-01531,Andrew,Sparks,1944-11-23,(790) 555-0156,andrew.sparks308@example.com,861 Craig Squares,Andradeburgh,CA,93303,3XF2TG3KA29,B-H-00220,
B-C-01532,Danielle,Martinez,1957-02-13,(421) 555-0155,danielle.martinez119@example.com,1256 Lewis Forks,Rodriguezmouth,SD,57026,8FK8CQ1RY84,B-H-00086,
B-C-01533,Andrea,Holland,2005-02-23,(680) 555-0140,,73652 Davis Falls Suite 223,Hardingburgh,WV,26017,,B-H-00410,
B-C-01534,Erica,Rivera,1951-08-28,(467) 555-0101,,18513 Timothy Port,Ochoaport,UT,84707,8NV4XW1AR20,B-H-00586,
B-C-01535,Stephen,Kirk,1957-12-15,(493) 555-0144,stephen.kirk1193@example.com,4721 Williams Walks Suite 669,South Michael,TX,78449,2J69RN1XP32,B-H-00834,
B-C-01536,Danielle,Camacho,1942-10-31,(854) 555-0147,danielle.camacho692@example.com,3836 Hopkins Harbor,East Courtneyshire,OH,45859,7MG9XU4NQ16,B-H-00478,
B-C-01537,Dennis,Melendez,1936-08-22,(905) 555-0151,dennis.melendez1158@example.com,53537 Goodman Crescent Apt. 765,West Annland,KY,41644,8JV3J16PY85,B-H-00810,
B-C-01538,Briana,Anderson,1937-12-05,(735) 555-0174,briana.anderson42@example.com,571 Kyle Springs,Lake Katelyn,TX,77335,5M92RP5AX41,B-H-00031,
B-C-01539,Roberta,Miranda,2002-05-03,(604) 555-0127,roberta.miranda475@example.com,432 Gutierrez Point Apt. 652,Joshuafort,TX,78088,,B-H-00334,
B-C-01540,Paula,Bradford,1948-09-13,(620) 555-0102,paula.bradford39@example.com,3493 Ashley Key Apt. 496,South James,OR,97678,3KC7Q56KE56,B-H-00029,
B-C-01541,Michelle,Willis,1947-02-18,(897) 555-0190,michelle.willis633@example.com,19165 Lopez Passage Suite 231,North Eric,FL,34761,1H74TF7QU07,B-H-00442,
B-C-01542,Michelle,Smith,1941-09-10,(530) 555-0167,michelle.smith1105@example.com,3904 Daniels Bypass Apt. 225,East Jamie,TX,79931,7UX6TU3DT18,B-H-00770,
B-C-01543,Dylan,Kane,1980-12-17,(383) 555-0121,,53293 Maria Plaza,New Jason,VT,05943,,B-H-00379,
B-C-01544,Derrick,Long,1977-07-10,(473) 555-0153,,4384 Connie Wells Suite 084,East Matthew,OR,97095,,B-H-00004,
B-C-01545,George,Andrews,1984-09-05,(409) 555-0106,,1098 Jamie Keys,Josephport,CO,81332,,B-H-00264,
B-C-01546,Alexis,Jackson,1986-09-05,(805) 555-0149,,73420 Williamson Rapid,Edwardstad,DE,19755,,B-H-00023,
B-C-01547,Kevin,Cox,1973-05-31,(219) 555-0170,,00053 Kennedy Rest,South Jackfort,VA,22212,,B-H-00619,
B-C-01548,Steven,Porter,1975-07-15,(412) 555-0179,,3098 Flowers Crossing Suite 795,Danieltown,NE,68741,,B-H-00034,
B-C-01549,Manuel,Mclean,1984-01-03,(304) 555-0140,,26610 Wilson Vista,South Kathryntown,MO,64512,,B-H-00455,
B-C-01550,Marcus,Barrett,1964-10-08,(349) 555-0147,,83437 Johnson Crescent Apt. 727,Nathanfurt,UT,84758,,B-H-00894,
B-C-01551,Greg,Walsh,1970-10-28,(478) 555-0113,,9673 Salazar Key Suite 727,Jeffreyport,KY,40075,,B-H-00425,
B-C-01552,Shannon,Miller,1969-10-28,(672) 555-0141,,655 Russell Junctions Apt. 548,South Juan,VA,23967,,B-H-00861,
B-C-01553,Jacob,House,1969-12-07,(211) 555-0154,,129 Welch Isle Apt. 910,East Samantha,VA,24029,,B-H-00201,
B-C-01554,Kevin,Myers,1984-02-29,(849) 555-0165,,92310 Kennedy Groves,Jamesfort,KY,40044,,B-H-00877,
B-C-01555,Charles,Woods,1967-10-13,(485) 555-0153,,7312 Tran Road Apt. 228,Port Kathleen,RI,02874,,B-H-00094,
B-C-01556,Dale,Frank,1967-07-29,(448) 555-0144,,39304 Ryan Junction Apt. 802,Curtisport,NC,28362,,B-H-00090,
B-C-01557,Ronald,Zamora,1977-04-05,(652) 555-0123,,4486 Morales Ports Suite 974,South Lisafurt,MO,63668,,B-H-00499,
B-C-01558,Anthony,Jacobs,1972-01-05,(306) 555-0151,,6219 Gonzalez Plains,North Matthewfort,UT,84416,,B-H-00412,
B-C-01559,James,Jennings,1973-08-03,(549) 555-0147,,41600 Patrick Terrace,Port Jimmy,DC,20241,,B-H-00012,
B-C-01560,Mark,Davis,1982-03-26,(570) 555-0184,,586 Powell Underpass Apt. 395,West Andrea,MO,64797,,B-H-00601,
