carrier,statement_period,line_no,carrier_member_id,member_name,member_dob,policy_ref,agent_npn,amount,commission_type,paid_date
Northwind Health,2026-06,1,NW-726400,Mary Fernandez,1986-09-13,B-P-00002,49066206,16.00,RENEWAL,2026-07-15
Northwind Health,2026-06,2,NW-337316,Heather Cannon,1947-05-31,B-P-00009,59893296,26.25,RENEWAL,2026-07-15
Northwind Health,2026-06,3,NW-814762,Annette Vasquez,1934-04-30,B-P-00038,91146902,19.00,RENEWAL,2026-07-15
Northwind Health,2026-06,4,NW-825719,Annette Vasquez,1934-04-30,B-P-00039,91146902,4.20,RENEWAL,2026-07-15
Northwind Health,2026-06,5,NW-392551,Jessica Combs,1965-03-24,B-P-00080,20671937,22.00,NEW,2026-07-15
Northwind Health,2026-06,6,NW-806701,Benjamin Garcia,1962-02-19,B-P-00086,59893296,16.00,RENEWAL,2026-07-15
Northwind Health,2026-06,7,NW-190018,Michael Smith,1994-05-01,B-P-00093,49066206,22.00,NEW,2026-07-15
Northwind Health,2026-06,8,NW-147614,Darryl Smith,1955-08-04,B-P-00095,81157097,52.50,NEW,2026-07-15
Northwind Health,2026-06,9,NW-703348,Robert Russell,1948-12-13,B-P-00104,93619366,26.25,RENEWAL,2026-07-15
Northwind Health,2026-06,10,NW-786716,Elizabeth Moore,1941-04-02,B-P-00124,43888211,26.25,RENEWAL,2026-07-15
Northwind Health,2026-06,11,NW-290917,Dylan Rowe,1954-04-02,B-P-00134,51446845,52.50,NEW,2026-07-15
Northwind Health,2026-06,12,NW-663938,Sherry Higgins,1981-09-03,B-P-00137,14829889,22.00,NEW,2026-07-15
Northwind Health,2026-06,13,NW-596274,Stacey Mcdonald,1936-01-09,B-P-00149,81157097,26.25,RENEWAL,2026-07-15
Northwind Health,2026-06,14,NW-922681,Ryan West,1972-11-10,B-P-00151,75084135,22.00,NEW,2026-07-15
Northwind Health,2026-06,15,NW-809244,Andrew Frank,1951-11-02,B-P-00166,93619366,19.00,RENEWAL,2026-07-15
Northwind Health,2026-06,16,NW-379327,Andrew Frank,1951-11-02,B-P-00167,93619366,4.20,RENEWAL,2026-07-15
Northwind Health,2026-06,17,NW-539400,Jennifer Brown,1936-11-08,B-P-00175,81157097,26.25,RENEWAL,2026-07-15
Northwind Health,2026-06,18,NW-291459,Christian Jackson,1944-11-13,B-P-00182,26047628,26.25,RENEWAL,2026-07-15
Northwind Health,2026-06,19,NW-715823,Christopher Glenn,1948-05-07,B-P-00193,75084135,52.50,NEW,2026-07-15
Northwind Health,2026-06,20,NW-313032,Jeffrey Hayes,1949-12-29,B-P-00194,59893296,26.25,RENEWAL,2026-07-15
Northwind Health,2026-06,21,NW-303670,David Weaver,1946-09-23,B-P-00199,93619366,52.50,NEW,2026-07-15
Northwind Health,2026-06,22,NW-217768,Denise Garcia,1983-12-20,B-P-00201,24647567,22.00,NEW,2026-07-15
Northwind Health,2026-06,23,NW-640300,Kevin Gonzalez,1950-05-11,B-P-00205,43888211,26.25,RENEWAL,2026-07-15
Northwind Health,2026-06,24,NW-917662,Eileen Clark,1935-11-19,B-P-00213,90228424,26.25,RENEWAL,2026-07-15
Northwind Health,2026-06,25,NW-648679,Candace Potts,1953-09-01,B-P-00222,84583776,26.25,RENEWAL,2026-07-15
Northwind Health,2026-06,26,NW-457774,Lindsey Brown,1965-10-23,B-P-00223,26047628,22.00,NEW,2026-07-15
Northwind Health,2026-06,27,NW-661661,Justin Kennedy,1963-01-19,B-P-00226,26047628,16.00,RENEWAL,2026-07-15
Northwind Health,2026-06,28,NW-855609,James Brown,1956-12-23,B-P-00236,59893296,26.25,RENEWAL,2026-07-15
Northwind Health,2026-06,29,NW-905147,James Sanford,1949-10-16,B-P-00241,45462976,26.25,RENEWAL,2026-07-15
Northwind Health,2026-06,30,NW-549569,Richard Burton,1945-02-21,B-P-00250,37947372,4.20,RENEWAL,2026-07-15
Northwind Health,2026-06,31,NW-479996,Jerry Patel,1953-02-25,B-P-00253,98787777,26.25,RENEWAL,2026-07-15
Northwind Health,2026-06,32,NW-274494,Robert Reed,1955-10-23,B-P-00263,49066206,19.00,RENEWAL,2026-07-15
Northwind Health,2026-06,33,NW-411553,Robert Reed,1955-10-23,B-P-00264,49066206,4.20,RENEWAL,2026-07-15
Northwind Health,2026-06,34,NW-893763,Matthew Pineda,1950-07-24,B-P-00277,51446845,19.00,RENEWAL,2026-07-15
Northwind Health,2026-06,35,NW-537219,Matthew Pineda,1950-07-24,B-P-00278,51446845,4.20,RENEWAL,2026-07-15
Northwind Health,2026-06,36,NW-673535,Debra Ray,1969-04-03,B-P-00286,49066206,22.00,NEW,2026-07-15
Northwind Health,2026-06,37,NW-424617,Suzanne Miller,1960-09-28,B-P-00288,24647567,52.50,NEW,2026-07-15
Northwind Health,2026-06,38,NW-841482,Colin King,1985-02-13,B-P-00293,20671937,22.00,NEW,2026-07-15
Northwind Health,2026-06,39,NW-873907,Jack Torres,1984-06-25,B-P-00300,64493418,26.25,RENEWAL,2026-07-15
Northwind Health,2026-06,40,NW-549575,Deborah Johnson,1957-08-12,B-P-00305,37947372,52.50,NEW,2026-07-15
Northwind Health,2026-06,41,NW-843451,Zachary Lopez,1936-12-07,B-P-00306,43888211,26.25,RENEWAL,2026-07-15
Northwind Health,2026-06,42,NW-575523,Kevin Garcia,1958-08-07,B-P-00325,43888211,52.50,NEW,2026-07-15
Northwind Health,2026-06,43,NW-928564,Christopher Lara,1951-07-09,B-P-00346,50399119,26.25,RENEWAL,2026-07-15
Northwind Health,2026-06,44,NW-129033,Kelly Strong,1957-07-26,B-P-00348,20671937,26.25,RENEWAL,2026-07-15
Northwind Health,2026-06,45,NW-871393,Phillip Hopkins,1988-01-30,B-P-00350,24647567,16.00,RENEWAL,2026-07-15
Northwind Health,2026-06,46,NW-798233,Elizabeth Marsh,1957-04-18,B-P-00356,45462976,52.50,NEW,2026-07-15
Northwind Health,2026-06,47,NW-263820,Erik Jordan,1937-07-27,B-P-00377,45462976,26.25,RENEWAL,2026-07-15
Northwind Health,2026-06,48,NW-761538,Wendy Johnson,1954-09-14,B-P-00381,59893296,26.25,RENEWAL,2026-07-15
Northwind Health,2026-06,49,NW-941825,Maria Wilson,1957-02-24,B-P-00386,59893296,26.25,RENEWAL,2026-07-15
Northwind Health,2026-06,50,NW-791394,Amanda Wilson,1993-04-16,B-P-00388,59893296,22.00,NEW,2026-07-15
Northwind Health,2026-06,51,NW-616556,Anthony Ochoa,1997-02-24,B-P-00392,9527070,22.00,NEW,2026-07-15
Northwind Health,2026-06,52,NW-898637,Tasha Lopez,1934-08-19,B-P-00398,20671937,26.25,RENEWAL,2026-07-15
Northwind Health,2026-06,53,NW-234284,Brian Yoder,1951-04-05,B-P-00422,24647567,26.25,RENEWAL,2026-07-15
Northwind Health,2026-06,54,NW-179525,Melinda Smith,1948-07-15,B-P-00423,94445646,26.25,RENEWAL,2026-07-15
Northwind Health,2026-06,55,NW-643546,Richard Hill,1951-12-24,B-P-00441,69777236,26.25,RENEWAL,2026-07-15
Northwind Health,2026-06,56,NW-813063,Taylor Jones,1950-09-14,B-P-00442,14829889,19.00,RENEWAL,2026-07-15
Northwind Health,2026-06,57,NW-939498,Taylor Jones,1950-09-14,B-P-00443,14829889,4.20,RENEWAL,2026-07-15
Northwind Health,2026-06,58,NW-530496,Tara James,1938-12-30,B-P-00445,24647567,26.25,RENEWAL,2026-07-15
Northwind Health,2026-06,59,NW-891726,Andrew Castro,1947-05-22,B-P-00446,50979283,26.25,RENEWAL,2026-07-15
Northwind Health,2026-06,60,NW-447012,Megan Cooper,1946-03-10,B-P-00448,20671937,52.50,NEW,2026-07-15
Northwind Health,2026-06,61,NW-490446,Benjamin Elliott,1940-10-31,B-P-00458,14829889,26.25,RENEWAL,2026-07-15
Northwind Health,2026-06,62,NW-863967,Jose Wright,1941-07-26,B-P-00482,24647567,26.25,RENEWAL,2026-07-15
Northwind Health,2026-06,63,NW-815287,Miguel Bryant,1953-12-03,B-P-00501,90228424,52.50,NEW,2026-07-15
Northwind Health,2026-06,64,NW-110275,David Banks,1988-11-04,B-P-00506,14829889,16.00,RENEWAL,2026-07-15
Northwind Health,2026-06,65,NW-968229,Jonathan Ritter,1946-01-29,B-P-00515,64493418,26.25,RENEWAL,2026-07-15
Northwind Health,2026-06,66,NW-683353,Nicole Rowe,1960-01-27,B-P-00534,26047628,52.50,NEW,2026-07-15
Northwind Health,2026-06,67,NW-793909,William Davis,1960-08-25,B-P-00539,50399119,38.00,NEW,2026-07-15
Northwind Health,2026-06,68,NW-321041,William Davis,1960-08-25,B-P-00540,50399119,8.40,NEW,2026-07-15
Northwind Health,2026-06,69,NW-454714,Kaylee Archer,1959-03-14,B-P-00542,64493418,26.25,RENEWAL,2026-07-15
Northwind Health,2026-06,70,NW-214301,Sherri Dunn,1995-12-30,B-P-00548,94445646,22.00,NEW,2026-07-15
Northwind Health,2026-06,71,NW-763962,Brian Dunn,1955-02-02,B-P-00549,94445646,26.25,RENEWAL,2026-07-15
Northwind Health,2026-06,72,NW-958618,Nicholas Moreno,1935-12-31,B-P-00555,49066206,26.25,RENEWAL,2026-07-15
Northwind Health,2026-06,73,NW-689469,Bonnie Hopkins,1946-02-02,B-P-00556,75084135,26.25,RENEWAL,2026-07-15
Northwind Health,2026-06,74,NW-668146,Pamela Dunn,1936-09-11,B-P-00588,81157097,52.50,NEW,2026-07-15
Northwind Health,2026-06,75,NW-495299,Tiffany Savage,1956-02-13,B-P-00592,24647567,4.20,RENEWAL,2026-07-15
Northwind Health,2026-06,76,NW-659207,Courtney Price,1958-03-09,B-P-00602,14829889,52.50,NEW,2026-07-15
Northwind Health,2026-06,77,NW-752989,Pamela Jackson,1985-04-21,B-P-00609,67876966,16.00,RENEWAL,2026-07-15
Northwind Health,2026-06,78,NW-811129,Amanda Dixon,1951-01-15,B-P-00614,51446845,19.00,RENEWAL,2026-07-15
Northwind Health,2026-06,79,NW-904197,Amanda Dixon,1951-01-15,B-P-00615,51446845,4.20,RENEWAL,2026-07-15
Northwind Health,2026-06,80,NW-309212,Margaret Santiago,1991-10-10,B-P-00617,45462976,22.00,NEW,2026-07-15
Northwind Health,2026-06,81,NW-677899,Robert Roberts,1955-02-25,B-P-00640,84583776,26.25,RENEWAL,2026-07-15
Northwind Health,2026-06,82,NW-986491,Adam Martin,1966-06-09,B-P-00641,81157097,16.00,RENEWAL,2026-07-15
Northwind Health,2026-06,83,NW-690920,Susan Smith,1958-12-29,B-P-00647,26047628,26.25,RENEWAL,2026-07-15
Northwind Health,2026-06,84,NW-488863,Amy Jennings,1958-07-31,B-P-00649,37947372,26.25,RENEWAL,2026-07-15
Northwind Health,2026-06,85,NW-333697,Frances Randolph,1951-03-02,B-P-00676,64493418,26.25,RENEWAL,2026-07-15
Northwind Health,2026-06,86,NW-136794,Megan Kidd-Munoz,1947-07-05,B-P-00682,50399119,26.25,RENEWAL,2026-07-15
Northwind Health,2026-06,87,NW-953518,Melissa Higgins,1937-09-05,B-P-00702,45462976,19.00,RENEWAL,2026-07-15
Northwind Health,2026-06,88,NW-468997,Melissa Higgins,1937-09-05,B-P-00703,45462976,4.20,RENEWAL,2026-07-15
Northwind Health,2026-06,89,NW-266139,Gregory Buchanan,1956-08-06,B-P-00719,81157097,4.20,RENEWAL,2026-07-15
Northwind Health,2026-06,90,NW-784273,David Walker,1986-09-08,B-P-00725,81157097,16.00,RENEWAL,2026-07-15
Northwind Health,2026-06,91,NW-588322,Justin Morse,1948-04-29,B-P-00756,26047628,52.50,NEW,2026-07-15
Northwind Health,2026-06,92,NW-801813,Elizabeth Morse,1954-09-30,B-P-00757,26047628,19.00,RENEWAL,2026-07-15
Northwind Health,2026-06,93,NW-780005,Elizabeth Morse,1954-09-30,B-P-00758,26047628,4.20,RENEWAL,2026-07-15
Northwind Health,2026-06,94,NW-691193,Jason Holland,1950-12-25,B-P-00763,64493418,4.20,RENEWAL,2026-07-15
Northwind Health,2026-06,95,NW-577391,Anthony Jacobs,1937-04-30,B-P-00767,45462976,38.00,NEW,2026-07-15
Northwind Health,2026-06,96,NW-541935,Anthony Jacobs,1937-04-30,B-P-00768,45462976,8.40,NEW,2026-07-15
Northwind Health,2026-06,97,NW-152197,Vincent Lyons,1966-07-22,B-P-00770,50979283,22.00,NEW,2026-07-15
Northwind Health,2026-06,98,NW-617312,Steven Bond,1945-01-30,B-P-00777,64493418,26.25,RENEWAL,2026-07-15
Northwind Health,2026-06,99,NW-740633,Nathan Espinoza,1940-02-24,B-P-00779,50979283,19.00,RENEWAL,2026-07-15
Northwind Health,2026-06,100,NW-475857,Nathan Espinoza,1940-02-24,B-P-00780,50979283,4.20,RENEWAL,2026-07-15
Northwind Health,2026-06,101,NW-532627,Greg Walsh,1944-09-14,B-P-00791,43888211,38.00,NEW,2026-07-15
Northwind Health,2026-06,102,NW-992976,Greg Walsh,1944-09-14,B-P-00792,43888211,8.40,NEW,2026-07-15
Northwind Health,2026-06,103,NW-398087,Cynthia Bell,1946-03-08,B-P-00806,81157097,26.25,RENEWAL,2026-07-15
Northwind Health,2026-06,104,NW-742873,Wanda Smith,1945-08-15,B-P-00813,81157097,19.00,RENEWAL,2026-07-15
Northwind Health,2026-06,105,NW-985363,Wanda Smith,1945-08-15,B-P-00814,81157097,4.20,RENEWAL,2026-07-15
Northwind Health,2026-06,106,NW-327937,Savannah Wells,1999-01-13,B-P-00820,94445646,16.00,RENEWAL,2026-07-15
Northwind Health,2026-06,107,NW-753245,Heather Riggs,1984-07-29,B-P-00838,91146902,16.00,RENEWAL,2026-07-15
Northwind Health,2026-06,108,NW-547859,Aaron Hancock,1944-10-29,B-P-00839,50399119,26.25,RENEWAL,2026-07-15
Northwind Health,2026-06,109,NW-388352,Anthony Braun,1957-08-08,B-P-00845,91146902,26.25,RENEWAL,2026-07-15
Northwind Health,2026-06,110,NW-113385,Tara Zimmerman,1945-09-08,B-P-00846,59893296,4.20,RENEWAL,2026-07-15
Northwind Health,2026-06,111,NW-142037,Stacie Martinez,1978-05-16,B-P-00863,24647567,16.00,RENEWAL,2026-07-15
Northwind Health,2026-06,112,NW-338070,George Norman,1957-08-28,B-P-00874,93619366,19.00,RENEWAL,2026-07-15
Northwind Health,2026-06,113,NW-162051,George Norman,1957-08-28,B-P-00875,93619366,4.20,RENEWAL,2026-07-15
Northwind Health,2026-06,114,NW-466638,Jaclyn Harper,1958-07-16,B-P-00885,9527070,52.50,NEW,2026-07-15
Northwind Health,2026-06,115,NW-849825,Zachary Moore,1944-10-27,B-P-00897,37947372,52.50,NEW,2026-07-15
Northwind Health,2026-06,116,NW-956386,Kristi Smith,1937-12-03,B-P-00900,90228424,52.50,NEW,2026-07-15
Northwind Health,2026-06,117,NW-782773,David Craig,1951-04-21,B-P-00925,51446845,26.25,RENEWAL,2026-07-15
Northwind Health,2026-06,118,NW-823209,Logan Smith,1974-09-19,B-P-00928,94445646,52.50,NEW,2026-07-15
Northwind Health,2026-06,119,NW-968618,Christian Carr,1941-05-29,B-P-00938,93619366,26.25,RENEWAL,2026-07-15
Northwind Health,2026-06,120,NW-326638,Alexis Zamora,1957-04-03,B-P-00941,81157097,26.25,RENEWAL,2026-07-15
Northwind Health,2026-06,121,NW-395039,Daniel Clark,1942-11-04,B-P-00944,59893296,26.25,RENEWAL,2026-07-15
Northwind Health,2026-06,122,NW-919314,Tommy Parker,1975-10-20,B-P-00947,26047628,16.00,RENEWAL,2026-07-15
Northwind Health,2026-06,123,NW-929050,Juan Ball,1953-02-28,B-P-00962,67876966,19.00,RENEWAL,2026-07-15
Northwind Health,2026-06,124,NW-336539,Juan Ball,1953-02-28,B-P-00963,67876966,4.20,RENEWAL,2026-07-15
Northwind Health,2026-06,125,NW-184912,Lauren Lewis,1966-12-12,B-P-00971,69777236,22.00,NEW,2026-07-15
Northwind Health,2026-06,126,NW-851484,Candace Harris,1945-05-06,B-P-00989,37947372,26.25,RENEWAL,2026-07-15
Northwind Health,2026-06,127,NW-298029,Margaret Liu,1952-06-27,B-P-01002,9527070,38.00,NEW,2026-07-15
Northwind Health,2026-06,128,NW-241221,Margaret Liu,1952-06-27,B-P-01003,9527070,8.40,NEW,2026-07-15
Northwind Health,2026-06,129,NW-856859,Jennifer Green,1981-08-06,B-P-01005,45462976,16.00,RENEWAL,2026-07-15
Northwind Health,2026-06,130,NW-359629,Lynn Walters,1988-12-06,B-P-01009,45462976,22.00,NEW,2026-07-15
Northwind Health,2026-06,131,NW-403134,Mary Schmidt,1959-09-22,B-P-01022,50399119,8.40,NEW,2026-07-15
Northwind Health,2026-06,132,NW-535928,Corey Stuart,1941-05-22,B-P-01033,64493418,26.25,RENEWAL,2026-07-15
Northwind Health,2026-06,133,NW-386800,Jessica West-Mays,1990-08-23,B-P-01037,75084135,16.00,RENEWAL,2026-07-15
Northwind Health,2026-06,134,NW-676962,Kayla Williams,1986-08-03,B-P-01048,59893296,16.00,RENEWAL,2026-07-15
Northwind Health,2026-06,135,NW-739886,Sherry Reed,1955-05-06,B-P-01053,59893296,52.50,NEW,2026-07-15
Northwind Health,2026-06,136,NW-326264,Sophia Novak,1958-04-26,B-P-01071,45462976,26.25,RENEWAL,2026-07-15
Northwind Health,2026-06,137,NW-578177,Diane Hansen,1944-01-01,B-P-01080,64493418,26.25,RENEWAL,2026-07-15
Northwind Health,2026-06,138,NW-346716,Kara Anderson,1952-03-12,B-P-01085,81157097,38.00,NEW,2026-07-15
Northwind Health,2026-06,139,NW-288811,Kara Anderson,1952-03-12,B-P-01086,81157097,8.40,NEW,2026-07-15
Northwind Health,2026-06,140,NW-946563,John Carpenter,1945-06-27,B-P-01093,69777236,26.25,RENEWAL,2026-07-15
Northwind Health,2026-06,141,NW-392789,Eric Rivera,1951-08-28,B-P-01097,45462976,26.25,RENEWAL,2026-07-15
Northwind Health,2026-06,142,NW-270333,Ryan Pena,1986-08-17,B-P-01104,14829889,16.00,RENEWAL,2026-07-15
Northwind Health,2026-06,143,NW-811946,Katherine Richards,1977-03-24,B-P-01107,50979283,16.00,RENEWAL,2026-07-15
Northwind Health,2026-06,144,NW-817564,Ian Rivers,2003-02-05,B-P-01120,43888211,22.00,NEW,2026-07-15
Northwind Health,2026-06,145,NW-708854,Ryan Boyd,1938-07-26,B-P-01133,14829889,26.25,RENEWAL,2026-07-15
Northwind Health,2026-06,146,NW-662790,Richard Boyd,1955-12-30,B-P-01134,14829889,19.00,RENEWAL,2026-07-15
Northwind Health,2026-06,147,NW-901554,Richard Boyd,1955-12-30,B-P-01135,14829889,4.20,RENEWAL,2026-07-15
Northwind Health,2026-06,148,NW-912247,Bruce Perez,1956-04-19,B-P-01140,50399119,26.25,RENEWAL,2026-07-15
Northwind Health,2026-06,149,NW-754153,Gary Perez,1950-11-09,B-P-01141,50399119,26.25,RENEWAL,2026-07-15
Northwind Health,2026-06,150,NW-935683,Joseph Estrada,1938-05-05,B-P-01149,64493418,38.00,NEW,2026-07-15
Northwind Health,2026-06,151,NW-479273,Joseph Estrada,1938-05-05,B-P-01150,64493418,8.40,NEW,2026-07-15
Northwind Health,2026-06,152,NW-870857,Anna Hensley,1985-05-25,B-P-01151,91146902,16.00,RENEWAL,2026-07-15
Northwind Health,2026-06,153,NW-524426,Nicholas Hensley,1955-09-13,B-P-01152,91146902,4.20,RENEWAL,2026-07-15
Northwind Health,2026-06,154,NW-343650,Thomas Walsh,1949-01-11,B-P-01154,20671937,26.25,RENEWAL,2026-07-15
Northwind Health,2026-06,155,NW-773834,Thomas Cox,1982-04-17,B-P-01156,98787777,22.00,NEW,2026-07-15
Northwind Health,2026-06,156,NW-692952,Kevin Cox,1947-12-19,B-P-01158,98787777,26.25,RENEWAL,2026-07-15
Northwind Health,2026-06,157,NW-561890,David Williams,1941-01-26,B-P-01161,93619366,26.25,RENEWAL,2026-07-15
Northwind Health,2026-06,158,NW-990839,Brian Carney,1955-12-08,B-P-01164,20671937,52.50,NEW,2026-07-15
Northwind Health,2026-06,159,NW-976888,Luis Combs,1951-12-21,B-P-01179,67876966,4.20,RENEWAL,2026-07-15
Northwind Health,2026-06,160,NW-111314,Kevin Nolan,1949-03-11,B-P-01188,59893296,52.50,NEW,2026-07-15
Northwind Health,2026-06,161,NW-240275,Angela Higgins,1958-03-29,B-P-01190,50979283,26.25,RENEWAL,2026-07-15
Northwind Health,2026-06,162,NW-367553,Claire Kelley,1956-07-15,B-P-01201,49066206,8.40,NEW,2026-07-15
Northwind Health,2026-06,163,NW-293308,Amber Brock,1945-01-13,B-P-01210,43888211,4.20,RENEWAL,2026-07-15
Northwind Health,2026-06,164,NW-413754,Marc Brock,1949-06-16,B-P-01211,43888211,38.00,NEW,2026-07-15
Northwind Health,2026-06,165,NW-585027,Marc Brock,1949-06-16,B-P-01212,43888211,8.40,NEW,2026-07-15
Northwind Health,2026-06,166,NW-640961,Kevin Vargas,1967-12-11,B-P-01214,14829889,22.00,NEW,2026-07-15
Northwind Health,2026-06,167,NW-730003,Crystal Bass,1982-10-17,B-P-01218,50399119,16.00,RENEWAL,2026-07-15
Northwind Health,2026-06,168,NW-420478,Katelyn Benson,1960-04-15,B-P-01226,59893296,52.50,NEW,2026-07-15
Northwind Health,2026-06,169,NW-823608,Ronnie Blake,1951-12-26,B-P-01236,98787777,4.20,RENEWAL,2026-07-15
Northwind Health,2026-06,170,NW-678066,Victor Jennings,1936-09-20,B-P-01237,26047628,52.50,NEW,2026-07-15
Northwind Health,2026-06,171,NW-635379,Sean Hill,1990-09-30,B-P-01241,50979283,22.00,NEW,2026-07-15
Northwind Health,2026-06,172,NW-743170,Norma Thornton,1953-08-15,B-P-01243,9527070,52.50,NEW,2026-07-15
Northwind Health,2026-06,173,NW-896122,Stephen Whitney,1939-04-06,B-P-01247,93619366,52.50,NEW,2026-07-15
Northwind Health,2026-06,174,NW-637303,Mary Wood,1938-12-23,B-P-01256,49066206,52.50,NEW,2026-07-15
Northwind Health,2026-06,175,NW-975725,Kelly Espinoza,1960-04-16,B-P-01268,26047628,26.25,RENEWAL,2026-07-15
Northwind Health,2026-06,176,NW-606338,Douglas Dennis,1937-11-27,B-P-01279,20671937,26.25,RENEWAL,2026-07-15
Northwind Health,2026-06,177,NW-815198,Kristy Cantrell,1942-02-12,B-P-01289,37947372,4.20,RENEWAL,2026-07-15
Northwind Health,2026-06,178,NW-678638,Bradley Kaufman,1950-12-22,B-P-01294,84583776,26.25,RENEWAL,2026-07-15
Northwind Health,2026-06,179,NW-290975,Barbara Martin,1971-12-29,B-P-01297,45462976,26.25,RENEWAL,2026-07-15
Northwind Health,2026-06,180,NW-199856,Sharon Foley,1939-12-11,B-P-01302,59893296,26.25,RENEWAL,2026-07-15
Northwind Health,2026-06,181,NW-476693,Shannon Bell,1979-11-14,B-P-01306,37947372,22.00,NEW,2026-07-15
Northwind Health,2026-06,182,NW-414633,Kyle Green,1994-03-31,B-P-01307,14829889,22.00,NEW,2026-07-15
Northwind Health,2026-06,183,NW-339871,William Delgado,1972-09-16,B-P-01308,20671937,22.00,NEW,2026-07-15
Northwind Health,2026-06,184,NW-630142,Lauren Kim,1935-06-05,B-P-01328,50979283,19.00,RENEWAL,2026-07-15
Northwind Health,2026-06,185,NW-494095,Lauren Kim,1935-06-05,B-P-01329,50979283,4.20,RENEWAL,2026-07-15
Northwind Health,2026-06,186,NW-864982,Eric Herrera,1936-12-17,B-P-01338,93619366,19.00,RENEWAL,2026-07-15
Northwind Health,2026-06,187,NW-143674,Eric Herrera,1936-12-17,B-P-01339,93619366,4.20,RENEWAL,2026-07-15
Northwind Health,2026-06,188,NW-199017,Richard Clark,1946-02-23,B-P-01348,67876966,52.50,NEW,2026-07-15
Northwind Health,2026-06,189,NW-826973,Jessica Bradley,1944-06-13,B-P-01376,51446845,26.25,RENEWAL,2026-07-15
Northwind Health,2026-06,190,NW-850435,Veronica Williams,1936-12-03,B-P-01391,50979283,19.00,RENEWAL,2026-07-15
Northwind Health,2026-06,191,NW-371993,Veronica Williams,1936-12-03,B-P-01392,50979283,4.20,RENEWAL,2026-07-15
Northwind Health,2026-06,192,NW-187779,Michael Williams,1958-08-18,B-P-01393,50979283,26.25,RENEWAL,2026-07-15
Northwind Health,2026-06,193,NW-882359,Sarah Harrell,1998-05-09,B-P-01398,43888211,22.00,NEW,2026-07-15
Northwind Health,2026-06,194,NW-556546,Timothy Wallace,1960-03-11,B-P-01401,75084135,26.25,RENEWAL,2026-07-15
Northwind Health,2026-06,195,NW-559554,Jessica Esparza,1941-02-03,B-P-01407,50399119,8.40,NEW,2026-07-15
Northwind Health,2026-06,196,NW-936087,Michelle Lin,1933-10-23,B-P-01418,51446845,26.25,RENEWAL,2026-07-15
Northwind Health,2026-06,197,NW-158615,Rachel Wiggins,1933-12-22,B-P-01420,37947372,26.25,RENEWAL,2026-07-15
Northwind Health,2026-06,198,NW-643447,David Mendoza,1935-07-03,B-P-01430,43888211,38.00,NEW,2026-07-15
Northwind Health,2026-06,199,NW-623554,David Mendoza,1935-07-03,B-P-01431,43888211,8.40,NEW,2026-07-15
Northwind Health,2026-06,200,NW-962284,Charles Friedman,1958-01-09,B-P-01446,90228424,8.40,NEW,2026-07-15
Northwind Health,2026-06,201,NW-446033,Joshua Watson,1958-07-23,B-P-01449,50979283,38.00,NEW,2026-07-15
Northwind Health,2026-06,202,NW-159728,Joshua Watson,1958-07-23,B-P-01450,50979283,8.40,NEW,2026-07-15
Northwind Health,2026-06,203,NW-384621,Sarah Copeland,1950-07-02,B-P-01452,81157097,26.25,RENEWAL,2026-07-15
Northwind Health,2026-06,204,NW-820913,Sandra Thompson,1952-10-04,B-P-01460,49066206,26.25,RENEWAL,2026-07-15
Northwind Health,2026-06,205,NW-387685,Sarah Boyd,1941-08-23,B-P-01468,51446845,26.25,RENEWAL,2026-07-15
Northwind Health,2026-06,206,NW-435845,Kari Jones,1956-07-28,B-P-01471,49066206,52.50,NEW,2026-07-15
Northwind Health,2026-06,207,NW-978764,Sarah King,1951-12-08,B-P-01473,50399119,26.25,RENEWAL,2026-07-15
Northwind Health,2026-06,208,NW-148476,Matthew Noble,1934-02-03,B-P-01474,49066206,26.25,RENEWAL,2026-07-15
Northwind Health,2026-06,209,NW-182283,Lisa Woods,1989-01-01,B-P-01483,94445646,16.00,RENEWAL,2026-07-15
Northwind Health,2026-06,210,NW-729093,Allison Murray,1939-12-21,B-P-01496,24647567,26.25,RENEWAL,2026-07-15
Northwind Health,2026-06,211,NW-307907,Patrick Murray,1944-04-02,B-P-01497,24647567,26.25,RENEWAL,2026-07-15
Northwind Health,2026-06,212,NW-181193,Aaron Miller,1946-03-14,B-P-01524,49066206,19.00,RENEWAL,2026-07-15
Northwind Health,2026-06,213,NW-418099,Aaron Miller,1946-03-14,B-P-01525,49066206,4.20,RENEWAL,2026-07-15
Northwind Health,2026-06,214,NW-911270,Ethan Martinez,1957-11-15,B-P-01546,24647567,4.20,RENEWAL,2026-07-15
Northwind Health,2026-06,215,NW-840979,Terri Lewis,1975-11-17,B-P-01556,84583776,22.00,NEW,2026-07-15
Northwind Health,2026-06,216,NW-500049,Karen Newman,1980-11-28,B-P-01560,84583776,16.00,RENEWAL,2026-07-15
Northwind Health,2026-06,217,NW-292065,Jeremy Leon,1950-01-18,B-P-01567,37947372,26.25,RENEWAL,2026-07-15
Northwind Health,2026-06,218,NW-297377,William Blair,1958-08-08,B-P-01573,37947372,26.25,RENEWAL,2026-07-15
Northwind Health,2026-06,219,NW-564820,Brenda Blair,1949-11-28,B-P-01577,37947372,52.50,NEW,2026-07-15
Northwind Health,2026-06,220,NW-558456,Keith Smith,1949-03-01,B-P-01596,91146902,26.25,RENEWAL,2026-07-15
Northwind Health,2026-06,221,NW-561540,Heather Myers,1946-07-18,B-P-01599,51446845,52.50,NEW,2026-07-15
Northwind Health,2026-06,222,NW-606370,Terrance Crawford,2002-03-15,B-P-01605,69777236,22.00,NEW,2026-07-15
Northwind Health,2026-06,223,NW-365488,Russell Haynes,1954-12-16,B-P-01619,59893296,26.25,RENEWAL,2026-07-15
Northwind Health,2026-06,224,NW-160403,Ronnie Johnson,1985-12-17,B-P-01635,26047628,16.00,RENEWAL,2026-07-15
Northwind Health,2026-06,225,NW-297635,April Medina,1999-12-25,B-P-01661,43888211,16.00,RENEWAL,2026-07-15
Northwind Health,2026-06,226,NW-134037,Heather Arnold,1945-07-19,B-P-01667,9527070,26.25,RENEWAL,2026-07-15
Northwind Health,2026-06,227,NW-481086,Sarah Morgan,1941-10-18,B-P-01685,93619366,26.25,RENEWAL,2026-07-15
Northwind Health,2026-06,228,NW-684258,Colleen Walters,1944-05-20,B-P-01687,43888211,52.50,NEW,2026-07-15
Northwind Health,2026-06,229,NW-205170,Gerald Jones,1976-12-10,B-P-01689,90228424,16.00,RENEWAL,2026-07-15
Northwind Health,2026-06,230,NW-505979,Melissa Green,1984-11-22,B-P-01691,43888211,26.25,RENEWAL,2026-07-15
Northwind Health,2026-06,231,NW-390501,Timothy Wallace,1944-11-15,B-P-01707,84583776,19.00,RENEWAL,2026-07-15
Northwind Health,2026-06,232,NW-780352,Timothy Wallace,1944-11-15,B-P-01708,84583776,4.20,RENEWAL,2026-07-15
Northwind Health,2026-06,233,NW-640552,Amy Bell,1945-07-13,B-P-01709,24647567,26.25,RENEWAL,2026-07-15
Northwind Health,2026-06,234,NW-375037,Christopher Black,1950-04-22,B-P-01710,91146902,4.20,RENEWAL,2026-07-15
Northwind Health,2026-06,235,NW-348460,Karen Brown,1956-11-27,B-P-01719,81157097,26.25,RENEWAL,2026-07-15
Northwind Health,2026-06,236,NW-476012,Cynthia Steele,1957-12-26,B-P-01738,45462976,19.00,RENEWAL,2026-07-15
Northwind Health,2026-06,237,NW-865866,Cynthia Steele,1957-12-26,B-P-01739,45462976,4.20,RENEWAL,2026-07-15
Northwind Health,2026-06,238,NW-281689,Nancy Peck,1950-05-01,B-P-01746,98787777,52.50,NEW,2026-07-15
Northwind Health,2026-06,239,NW-705662,Jason Mendez,1940-09-02,B-P-01753,50399119,19.00,RENEWAL,2026-07-15
Northwind Health,2026-06,240,NW-771147,Jason Mendez,1940-09-02,B-P-01754,50399119,4.20,RENEWAL,2026-07-15
Northwind Health,2026-06,241,NW-131846,Mark Davis,1938-11-04,B-P-01767,50399119,19.00,RENEWAL,2026-07-15
Northwind Health,2026-06,242,NW-794271,Mark Davis,1938-11-04,B-P-01768,50399119,4.20,RENEWAL,2026-07-15
Northwind Health,2026-06,243,NW-933893,Taylor Davis,1986-04-16,B-P-01769,50399119,16.00,RENEWAL,2026-07-15
Northwind Health,2026-06,244,NW-398358,Gregory Sanders,1960-06-23,B-P-01775,84583776,52.50,NEW,2026-07-15
Northwind Health,2026-06,245,NW-786468,Tina Giles,1942-09-26,B-P-01779,45462976,52.50,NEW,2026-07-15
Northwind Health,2026-06,246,NW-126954,Emily Giles,1988-02-22,B-P-01780,45462976,16.00,RENEWAL,2026-07-15
Northwind Health,2026-06,247,NW-943251,Christina Floyd,1933-11-24,B-P-01792,37947372,4.20,RENEWAL,2026-07-15
Northwind Health,2026-06,248,NW-958884,Amanda Lowery,2000-09-20,B-P-01794,20671937,22.00,NEW,2026-07-15
Northwind Health,2026-06,249,NW-934877,Tyler Gray,1939-11-10,B-P-01809,37947372,19.00,RENEWAL,2026-07-15
Northwind Health,2026-06,250,NW-921231,Tyler Gray,1939-11-10,B-P-01810,37947372,4.20,RENEWAL,2026-07-15
Northwind Health,2026-06,251,NW-305828,Mary Gordon,1933-12-19,B-P-01817,75084135,26.25,RENEWAL,2026-07-15
Northwind Health,2026-06,252,NW-747099,Bryan Riley,1951-12-11,B-P-01825,75084135,19.00,RENEWAL,2026-07-15
Northwind Health,2026-06,253,NW-918642,Bryan Riley,1951-12-11,B-P-01826,75084135,4.20,RENEWAL,2026-07-15
Northwind Health,2026-06,254,NW-886319,Christopher Smith,1995-09-30,B-P-01828,45462976,26.25,RENEWAL,2026-07-15
Northwind Health,2026-06,255,NW-590427,Jessica Moore,1989-09-02,B-P-01831,37947372,16.00,RENEWAL,2026-07-15
Northwind Health,2026-06,256,NW-111120,Sandra Marsh,1969-11-02,B-P-01839,67876966,16.00,RENEWAL,2026-07-15
Northwind Health,2026-06,257,NW-386316,Misty Brown,1947-02-17,B-P-01842,43888211,26.25,RENEWAL,2026-07-15
Northwind Health,2026-06,258,NW-305088,Susan Parker,1952-02-17,B-P-01848,64493418,26.25,RENEWAL,2026-07-15
Northwind Health,2026-06,259,NW-329742,Walter Anderson,1956-04-17,B-P-01852,24647567,38.00,NEW,2026-07-15
Northwind Health,2026-06,260,NW-565436,Walter Anderson,1956-04-17,B-P-01853,24647567,8.40,NEW,2026-07-15
Northwind Health,2026-06,261,NW-774597,Daniel Foster,1979-12-10,B-P-01859,64493418,22.00,NEW,2026-07-15
Northwind Health,2026-06,262,NW-762768,Michael Hoffman,1955-06-07,B-P-01864,26047628,19.00,RENEWAL,2026-07-15
Northwind Health,2026-06,263,NW-337634,Michael Hoffman,1955-06-07,B-P-01865,26047628,4.20,RENEWAL,2026-07-15
Northwind Health,2026-06,264,NW-333716,Morgan Blake,1935-03-07,B-P-01874,24647567,26.25,RENEWAL,2026-07-15
Northwind Health,2026-06,265,NW-984652,Melissa Glenn,1957-06-10,B-P-01885,75084135,52.50,NEW,2026-07-15
Northwind Health,2026-06,266,NW-345491,Amanda Mccormick,1934-04-24,B-P-01887,9527070,26.25,RENEWAL,2026-07-15
Northwind Health,2026-06,267,NW-588851,Brittany Mccormick,1951-03-26,B-P-01888,9527070,26.25,RENEWAL,2026-07-15
Northwind Health,2026-06,268,NW-690446,Sean Ryan,1960-03-11,B-P-01918,69777236,38.00,NEW,2026-07-15
Northwind Health,2026-06,269,NW-149179,Sean Ryan,1960-03-11,B-P-01919,69777236,8.40,NEW,2026-07-15
Northwind Health,2026-06,270,NW-903273,Javier Williams,1935-03-10,B-P-01931,90228424,8.40,NEW,2026-07-15
Northwind Health,2026-06,271,NW-830711,Paul Brown,1944-03-06,B-P-01941,37947372,19.00,RENEWAL,2026-07-15
Northwind Health,2026-06,272,NW-214763,Paul Brown,1944-03-06,B-P-01942,37947372,4.20,RENEWAL,2026-07-15
Northwind Health,2026-06,273,NW-652175,Alexander Jenkins,1953-05-28,B-P-01943,98787777,19.00,RENEWAL,2026-07-15
Northwind Health,2026-06,274,NW-291964,Alexander Jenkins,1953-05-28,B-P-01944,98787777,4.20,RENEWAL,2026-07-15
Northwind Health,2026-06,275,NW-948594,Christopher Jenkins,1994-08-17,B-P-01945,98787777,16.00,RENEWAL,2026-07-15
Northwind Health,2026-06,276,NW-897350,Matthew Deleon,1941-11-03,B-P-01970,26047628,26.25,RENEWAL,2026-07-15
Northwind Health,2026-06,277,NW-534376,Todd Cisneros,1951-11-07,B-P-01973,14829889,19.00,RENEWAL,2026-07-15
Northwind Health,2026-06,278,NW-528643,Todd Cisneros,1951-11-07,B-P-01974,14829889,4.20,RENEWAL,2026-07-15
Northwind Health,2026-06,279,NW-927739,Elizabeth Johnson,1947-07-22,B-P-01976,14829889,52.50,NEW,2026-07-15
Northwind Health,2026-06,280,NW-100537,Richard Perez,2000-08-21,B-P-01978,93619366,22.00,NEW,2026-07-15
Northwind Health,2026-06,281,NW-961702,Christina Jackson,1944-11-13,B-P-01997,26047628,26.25,RENEWAL,2026-07-15
Northwind Health,2026-06,282,NW-453226,Erica Rivera,1951-08-28,B-P-02005,45462976,26.25,RENEWAL,2026-07-15
Northwind Health,2026-06,283,NW-204581,Kevin Cox,1973-05-31,B-P-02023,98787777,22.00,NEW,2026-07-15
Northwind Health,2026-06,284,NW-255285,Steven Porter,1975-07-15,B-P-02024,94445646,16.00,RENEWAL,2026-07-15
Northwind Health,2026-06,285,NW-755778,Greg Walsh,1970-10-28,B-P-02029,81157097,16.00,RENEWAL,2026-07-15
Northwind Health,2026-06,286,NW-659755,Jacob House,1969-12-07,B-P-02031,98787777,22.00,NEW,2026-07-15
Northwind Health,2026-06,287,NW-946717,Charles Woods,1967-10-13,B-P-02034,37947372,22.00,NEW,2026-07-15
Bluepeak,2026-06,1,BP-246120,Cody Mason,1955-03-31,B-P-00007,81157097,26.25,RENEWAL,2026-07-15
Bluepeak,2026-06,2,BP-456809,Katherine Smith,1965-12-24,B-P-00018,59893296,26.25,RENEWAL,2026-07-15
Bluepeak,2026-06,3,BP-703143,Ralph Li,1988-05-15,B-P-00025,91146902,22.00,NEW,2026-07-15
Bluepeak,2026-06,4,BP-884634,Jill Graves,1938-09-01,B-P-00029,94445646,26.25,RENEWAL,2026-07-15
Bluepeak,2026-06,5,BP-840477,Samuel Daniels,1958-05-04,B-P-00031,93619366,52.50,NEW,2026-07-15
Bluepeak,2026-06,6,BP-638060,Victoria Williams,1935-05-06,B-P-00047,26047628,52.50,NEW,2026-07-15
Bluepeak,2026-06,7,BP-165851,Paul Bradford,1948-09-13,B-P-00048,43888211,26.25,RENEWAL,2026-07-15
Bluepeak,2026-06,8,BP-682074,Adrienne Rivas,1956-08-01,B-P-00066,94445646,19.00,RENEWAL,2026-07-15
Bluepeak,2026-06,9,BP-840307,Adrienne Rivas,1956-08-01,B-P-00067,94445646,4.20,RENEWAL,2026-07-15
Bluepeak,2026-06,10,BP-108451,Sarah Sanchez,1943-08-10,B-P-00071,90228424,52.50,NEW,2026-07-15
Bluepeak,2026-06,11,BP-688337,Christopher Smith-Ford,1950-06-12,B-P-00099,14829889,26.25,RENEWAL,2026-07-15
Bluepeak,2026-06,12,BP-940762,Megan Nelson,1948-05-30,B-P-00119,84583776,26.25,RENEWAL,2026-07-15
Bluepeak,2026-06,13,BP-981520,Bobby Ortiz-Gonzalez,1945-12-31,B-P-00121,49066206,26.25,RENEWAL,2026-07-15
Bluepeak,2026-06,14,BP-152926,Donna Ortiz,1958-11-27,B-P-00123,49066206,4.20,RENEWAL,2026-07-15
Bluepeak,2026-06,15,BP-378553,Cynthia Wagner,1935-10-24,B-P-00125,90228424,26.25,RENEWAL,2026-07-15
Bluepeak,2026-06,16,BP-982529,Kenneth Mcdonald,1954-07-19,B-P-00148,81157097,26.25,RENEWAL,2026-07-15
Bluepeak,2026-06,17,BP-272120,Ashley Foster,1938-01-06,B-P-00150,59893296,52.50,NEW,2026-07-15
Bluepeak,2026-06,18,BP-946722,Daniel Martinez,1957-02-13,B-P-00153,14829889,19.00,RENEWAL,2026-07-15
Bluepeak,2026-06,19,BP-402862,Daniel Martinez,1957-02-13,B-P-00154,14829889,4.20,RENEWAL,2026-07-15
Bluepeak,2026-06,20,BP-917748,Donna Cline,1941-12-09,B-P-00161,51446845,52.50,NEW,2026-07-15
Bluepeak,2026-06,21,BP-240344,Michael Eaton,1959-04-19,B-P-00195,90228424,52.50,NEW,2026-07-15
Bluepeak,2026-06,22,BP-271365,Philip Sullivan,1950-08-06,B-P-00207,24647567,26.25,RENEWAL,2026-07-15
Bluepeak,2026-06,23,BP-527880,Micheal Chung,1944-06-05,B-P-00208,45462976,26.25,RENEWAL,2026-07-15
Bluepeak,2026-06,24,BP-392934,Steven Nguyen,1952-02-01,B-P-00214,93619366,52.50,NEW,2026-07-15
Bluepeak,2026-06,25,BP-251762,David Frey,1940-06-02,B-P-00219,90228424,52.50,NEW,2026-07-15
Bluepeak,2026-06,26,BP-268095,Michael Caldwell,1993-06-02,B-P-00230,20671937,22.00,NEW,2026-07-15
Bluepeak,2026-06,27,BP-559950,Kevin Brown,2000-07-13,B-P-00238,59893296,22.00,NEW,2026-07-15
Bluepeak,2026-06,28,BP-432719,Dana Aguilar,1952-12-17,B-P-00254,20671937,26.25,RENEWAL,2026-07-15
Bluepeak,2026-06,29,BP-733403,Angela Walker,1970-07-14,B-P-00266,20671937,22.00,NEW,2026-07-15
Bluepeak,2026-06,30,BP-290847,Megan Rivera,1959-03-20,B-P-00269,43888211,19.00,RENEWAL,2026-07-15
Bluepeak,2026-06,31,BP-610755,Megan Rivera,1959-03-20,B-P-00270,43888211,4.20,RENEWAL,2026-07-15
Bluepeak,2026-06,32,BP-711850,Allen Mendoza,1944-11-13,B-P-00272,20671937,26.25,RENEWAL,2026-07-15
Bluepeak,2026-06,33,BP-636237,Garrett Jones,1936-06-02,B-P-00273,26047628,26.25,RENEWAL,2026-07-15
Bluepeak,2026-06,34,BP-907990,Jacqueline Vasquez,1986-07-28,B-P-00281,26047628,22.00,NEW,2026-07-15
Bluepeak,2026-06,35,BP-776909,Jessica Bishop,1944-04-25,B-P-00291,94445646,26.25,RENEWAL,2026-07-15
Bluepeak,2026-06,36,BP-262851,Ronald Howard,1948-07-28,B-P-00295,93619366,26.25,RENEWAL,2026-07-15
Bluepeak,2026-06,37,BP-585302,Thomas Thomas,1945-03-24,B-P-00296,45462976,8.40,NEW,2026-07-15
Bluepeak,2026-06,38,BP-251182,James Lopez,1953-02-22,B-P-00308,43888211,52.50,NEW,2026-07-15
Bluepeak,2026-06,39,BP-470426,Dwayne Smith,1953-09-30,B-P-00329,90228424,38.00,NEW,2026-07-15
Bluepeak,2026-06,40,BP-811713,Dwayne Smith,1953-09-30,B-P-00330,90228424,8.40,NEW,2026-07-15
Bluepeak,2026-06,41,BP-673728,Charles Robinson,1938-11-04,B-P-00331,64493418,8.40,NEW,2026-07-15
Bluepeak,2026-06,42,BP-774046,Jonathan Cruz,1939-05-27,B-P-00335,14829889,52.50,NEW,2026-07-15
Bluepeak,2026-06,43,BP-176361,Sharon Dickson,1938-04-13,B-P-00352,43888211,26.25,RENEWAL,2026-07-15
Bluepeak,2026-06,44,BP-849369,Anthony Peterson,1946-12-14,B-P-00354,75084135,52.50,NEW,2026-07-15
Bluepeak,2026-06,45,BP-322111,Heather Terrell,1959-02-03,B-P-00360,98787777,26.25,RENEWAL,2026-07-15
Bluepeak,2026-06,46,BP-988848,Steven Brown,1943-09-15,B-P-00362,64493418,8.40,NEW,2026-07-15
Bluepeak,2026-06,47,BP-905969,David Miller,1995-02-01,B-P-00371,69777236,22.00,NEW,2026-07-15
Bluepeak,2026-06,48,BP-672688,Jason Hanson,1936-04-07,B-P-00375,93619366,52.50,NEW,2026-07-15
Bluepeak,2026-06,49,BP-305776,Robert Morris,1957-06-05,B-P-00383,51446845,26.25,RENEWAL,2026-07-15
Bluepeak,2026-06,50,BP-959506,Andrea Sparks,1944-11-23,B-P-00399,50399119,52.50,NEW,2026-07-15
Bluepeak,2026-06,51,BP-241212,Vincent Ramsey,1959-01-23,B-P-00404,51446845,19.00,RENEWAL,2026-07-15
Bluepeak,2026-06,52,BP-196753,Vincent Ramsey,1959-01-23,B-P-00405,51446845,4.20,RENEWAL,2026-07-15
Bluepeak,2026-06,53,BP-674315,Karen Nguyen,1959-06-20,B-P-00406,91146902,19.00,RENEWAL,2026-07-15
Bluepeak,2026-06,54,BP-762853,Karen Nguyen,1959-06-20,B-P-00407,91146902,4.20,RENEWAL,2026-07-15
Bluepeak,2026-06,55,BP-907142,Brandon Banks,1953-04-22,B-P-00428,49066206,26.25,RENEWAL,2026-07-15
Bluepeak,2026-06,56,BP-748929,Kiara Fitzgerald,1936-02-03,B-P-00431,84583776,26.25,RENEWAL,2026-07-15
Bluepeak,2026-06,57,BP-987587,Chase Wise,2003-07-15,B-P-00435,45462976,22.00,NEW,2026-07-15
Bluepeak,2026-06,58,BP-562004,Yvonne Hobbs,1946-12-26,B-P-00457,69777236,26.25,RENEWAL,2026-07-15
Bluepeak,2026-06,59,BP-381388,Debra Lara,1960-01-13,B-P-00460,20671937,52.50,NEW,2026-07-15
Bluepeak,2026-06,60,BP-400141,Joseph Wright,1935-08-12,B-P-00481,24647567,52.50,NEW,2026-07-15
Bluepeak,2026-06,61,BP-603573,Amanda Edwards,1935-03-27,B-P-00486,98787777,26.25,RENEWAL,2026-07-15
Bluepeak,2026-06,62,BP-770047,Michelle Johnston,1944-01-24,B-P-00489,43888211,26.25,RENEWAL,2026-07-15
Bluepeak,2026-06,63,BP-443633,Morgan Tucker,1939-07-16,B-P-00491,67876966,52.50,NEW,2026-07-15
Bluepeak,2026-06,64,BP-697262,Brittany Phillips,1957-01-30,B-P-00495,93619366,26.25,RENEWAL,2026-07-15
Bluepeak,2026-06,65,BP-431341,Eric Cruz,1950-03-15,B-P-00535,59893296,38.00,NEW,2026-07-15
Bluepeak,2026-06,66,BP-147247,Eric Cruz,1950-03-15,B-P-00536,59893296,8.40,NEW,2026-07-15
Bluepeak,2026-06,67,BP-705280,Gregory Cox,1963-01-12,B-P-00563,59893296,22.00,NEW,2026-07-15
Bluepeak,2026-06,68,BP-671299,Rachel Ramirez,1994-03-12,B-P-00564,59893296,16.00,RENEWAL,2026-07-15
Bluepeak,2026-06,69,BP-356919,Gregory Smith,1952-08-21,B-P-00575,50979283,52.50,NEW,2026-07-15
Bluepeak,2026-06,70,BP-757304,Dana Guzman,1933-12-25,B-P-00578,94445646,19.00,RENEWAL,2026-07-15
Bluepeak,2026-06,71,BP-142525,Dana Guzman,1933-12-25,B-P-00579,94445646,4.20,RENEWAL,2026-07-15
Bluepeak,2026-06,72,BP-385095,Dustin Le,1988-12-25,B-P-00585,49066206,22.00,NEW,2026-07-15
Bluepeak,2026-06,73,BP-194834,Frank Salas,1933-11-30,B-P-00593,59893296,26.25,RENEWAL,2026-07-15
Bluepeak,2026-06,74,BP-967318,Allen Turner,1952-05-09,B-P-00595,26047628,26.25,RENEWAL,2026-07-15
Bluepeak,2026-06,75,BP-414648,Ashley Townsend,1936-11-24,B-P-00596,24647567,4.20,RENEWAL,2026-07-15
Bluepeak,2026-06,76,BP-797051,Christine Rodriguez,1956-09-02,B-P-00604,51446845,26.25,RENEWAL,2026-07-15
Bluepeak,2026-06,77,BP-837650,Christopher Griffin,1946-05-14,B-P-00618,98787777,26.25,RENEWAL,2026-07-15
Bluepeak,2026-06,78,BP-138317,Jennifer Rodriguez,1941-01-26,B-P-00626,20671937,26.25,RENEWAL,2026-07-15
Bluepeak,2026-06,79,BP-408426,Andrew Hall,1978-09-05,B-P-00644,49066206,22.00,NEW,2026-07-15
Bluepeak,2026-06,80,BP-870687,Susan Wolfe,1996-03-07,B-P-00656,94445646,16.00,RENEWAL,2026-07-15
Bluepeak,2026-06,81,BP-869729,Samuel Miller-Gray,1935-10-27,B-P-00659,59893296,26.25,RENEWAL,2026-07-15
Bluepeak,2026-06,82,BP-517440,Melissa Figueroa,1971-06-30,B-P-00664,24647567,22.00,NEW,2026-07-15
Bluepeak,2026-06,83,BP-795945,Cynthia Harris,1935-08-06,B-P-00670,51446845,26.25,RENEWAL,2026-07-15
Bluepeak,2026-06,84,BP-596924,Jamie Hart,1956-07-02,B-P-00671,14829889,19.00,RENEWAL,2026-07-15
Bluepeak,2026-06,85,BP-375619,Jamie Hart,1956-07-02,B-P-00672,14829889,4.20,RENEWAL,2026-07-15
Bluepeak,2026-06,86,BP-405457,Mary Randolph,1948-11-21,B-P-00678,64493418,19.00,RENEWAL,2026-07-15
Bluepeak,2026-06,87,BP-696415,Mary Randolph,1948-11-21,B-P-00679,64493418,4.20,RENEWAL,2026-07-15
Bluepeak,2026-06,88,BP-820004,Christopher Potter,1946-05-18,B-P-00684,14829889,4.20,RENEWAL,2026-07-15
Bluepeak,2026-06,89,BP-271025,Erika Potter,1955-12-17,B-P-00685,14829889,8.40,NEW,2026-07-15
Bluepeak,2026-06,90,BP-136390,Kevin Hill,1957-12-29,B-P-00688,64493418,52.50,NEW,2026-07-15
Bluepeak,2026-06,91,BP-119440,Morgan Brown,1994-08-04,B-P-00690,69777236,16.00,RENEWAL,2026-07-15
Bluepeak,2026-06,92,BP-533330,Shaun Higgins,1944-08-08,B-P-00701,45462976,8.40,NEW,2026-07-15
Bluepeak,2026-06,93,BP-986654,Darren Taylor,1940-09-16,B-P-00716,94445646,26.25,RENEWAL,2026-07-15
Bluepeak,2026-06,94,BP-752525,Elizabeth Buchanan-Orozco,1958-09-21,B-P-00720,81157097,26.25,RENEWAL,2026-07-15
Bluepeak,2026-06,95,BP-670431,Holly Keller,2001-01-03,B-P-00721,94445646,22.00,NEW,2026-07-15
Bluepeak,2026-06,96,BP-418181,Katelyn Davis,1974-06-27,B-P-00739,45462976,22.00,NEW,2026-07-15
Bluepeak,2026-06,97,BP-468149,Renee Banks,1937-12-20,B-P-00754,50979283,52.50,NEW,2026-07-15
Bluepeak,2026-06,98,BP-298298,Dawn Mcpherson,1958-10-09,B-P-00759,84583776,19.00,RENEWAL,2026-07-15
Bluepeak,2026-06,99,BP-287634,Dawn Mcpherson,1958-10-09,B-P-00760,84583776,4.20,RENEWAL,2026-07-15
Bluepeak,2026-06,100,BP-248990,Joseph Holloway,1967-01-02,B-P-00774,67876966,16.00,RENEWAL,2026-07-15
Bluepeak,2026-06,101,BP-728798,Maria Espinoza,1936-05-03,B-P-00778,50979283,26.25,RENEWAL,2026-07-15
Bluepeak,2026-06,102,BP-135952,Peter Williams,1945-06-30,B-P-00784,59893296,26.25,RENEWAL,2026-07-15
Bluepeak,2026-06,103,BP-427419,Brandon Cameron,1943-04-09,B-P-00801,50979283,26.25,RENEWAL,2026-07-15
Bluepeak,2026-06,104,BP-774313,Todd Potts,1936-06-06,B-P-00831,59893296,19.00,RENEWAL,2026-07-15
Bluepeak,2026-06,105,BP-111890,Todd Potts,1936-06-06,B-P-00832,59893296,4.20,RENEWAL,2026-07-15
Bluepeak,2026-06,106,BP-758065,Tiffany Fields,1954-02-04,B-P-00860,84583776,26.25,RENEWAL,2026-07-15
Bluepeak,2026-06,107,BP-822867,Nicole Ray,1982-11-25,B-P-00881,49066206,22.00,NEW,2026-07-15
Bluepeak,2026-06,108,BP-969246,Summer Harper,1945-04-12,B-P-00883,9527070,19.00,RENEWAL,2026-07-15
Bluepeak,2026-06,109,BP-442740,Summer Harper,1945-04-12,B-P-00884,9527070,4.20,RENEWAL,2026-07-15
Bluepeak,2026-06,110,BP-632541,Jeremy Newman,1938-11-11,B-P-00886,98787777,19.00,RENEWAL,2026-07-15
Bluepeak,2026-06,111,BP-973385,Jeremy Newman,1938-11-11,B-P-00887,98787777,4.20,RENEWAL,2026-07-15
Bluepeak,2026-06,112,BP-531150,Kristina Gardner,1957-02-12,B-P-00892,91146902,52.50,NEW,2026-07-15
Bluepeak,2026-06,113,BP-150805,Brenda Gutierrez,1955-04-20,B-P-00902,45462976,19.00,RENEWAL,2026-07-15
Bluepeak,2026-06,114,BP-722417,Brenda Gutierrez,1955-04-20,B-P-00903,45462976,4.20,RENEWAL,2026-07-15
Bluepeak,2026-06,115,BP-552069,Sandra Ortiz,1984-08-13,B-P-00910,67876966,22.00,NEW,2026-07-15
Bluepeak,2026-06,116,BP-681795,Zoe Wilson,1953-02-11,B-P-00912,75084135,52.50,NEW,2026-07-15
Bluepeak,2026-06,117,BP-653947,Billy Myers,1934-04-12,B-P-00918,51446845,38.00,NEW,2026-07-15
Bluepeak,2026-06,118,BP-670718,Billy Myers,1934-04-12,B-P-00919,51446845,8.40,NEW,2026-07-15
Bluepeak,2026-06,119,BP-609402,Amanda Craig,1953-04-20,B-P-00924,51446845,52.50,NEW,2026-07-15
Bluepeak,2026-06,120,BP-887566,Roy Carr,1970-03-23,B-P-00936,93619366,22.00,NEW,2026-07-15
Bluepeak,2026-06,121,BP-888638,Anthony Clark,1957-08-28,B-P-00945,59893296,26.25,RENEWAL,2026-07-15
Bluepeak,2026-06,122,BP-463195,Joseph Grimes,1937-08-25,B-P-00952,98787777,26.25,RENEWAL,2026-07-15
Bluepeak,2026-06,123,BP-565387,Steven Mata,1982-02-02,B-P-00953,50399119,26.25,RENEWAL,2026-07-15
Bluepeak,2026-06,124,BP-320823,Jesus Ball,1993-10-23,B-P-00961,67876966,16.00,RENEWAL,2026-07-15
Bluepeak,2026-06,125,BP-877960,Lisa Blackburn,1941-04-11,B-P-00964,84583776,26.25,RENEWAL,2026-07-15
Bluepeak,2026-06,126,BP-975885,Wesley Lewis,1969-01-15,B-P-00973,69777236,52.50,NEW,2026-07-15
Bluepeak,2026-06,127,BP-996171,Teresa Bautista,1942-04-27,B-P-00985,84583776,4.20,RENEWAL,2026-07-15
Bluepeak,2026-06,128,BP-969553,Jeremy Taylor,1981-04-20,B-P-00993,26047628,16.00,RENEWAL,2026-07-15
Bluepeak,2026-06,129,BP-367278,Kimberly Flores,1935-09-14,B-P-00994,90228424,26.25,RENEWAL,2026-07-15
Bluepeak,2026-06,130,BP-211872,Adriana Jones,1948-10-20,B-P-01013,64493418,52.50,NEW,2026-07-15
Bluepeak,2026-06,131,BP-935672,Erin Adams,1956-05-04,B-P-01019,50399119,26.25,RENEWAL,2026-07-15
Bluepeak,2026-06,132,BP-897314,David Johnson,1944-06-28,B-P-01020,20671937,26.25,RENEWAL,2026-07-15
Bluepeak,2026-06,133,BP-440514,Matthew Little,1955-06-30,B-P-01034,37947372,52.50,NEW,2026-07-15
Bluepeak,2026-06,134,BP-264804,Jacqueline Medina,1937-05-27,B-P-01040,84583776,19.00,RENEWAL,2026-07-15
Bluepeak,2026-06,135,BP-722590,Jacqueline Medina,1937-05-27,B-P-01041,84583776,4.20,RENEWAL,2026-07-15
Bluepeak,2026-06,136,BP-723988,Stephen Murray,1997-11-01,B-P-01052,90228424,22.00,NEW,2026-07-15
Bluepeak,2026-06,137,BP-252914,Robert Evans,1935-08-14,B-P-01057,67876966,52.50,NEW,2026-07-15
Bluepeak,2026-06,138,BP-907011,Christopher Garrett,1941-02-28,B-P-01081,50399119,26.25,RENEWAL,2026-07-15
Bluepeak,2026-06,139,BP-429605,Brad Zuniga,1987-01-18,B-P-01083,93619366,22.00,NEW,2026-07-15
Bluepeak,2026-06,140,BP-744462,Craig Levy,1994-06-11,B-P-01099,64493418,22.00,NEW,2026-07-15
Bluepeak,2026-06,141,BP-611685,Nancy Levy,1978-05-21,B-P-01101,64493418,22.00,NEW,2026-07-15
Bluepeak,2026-06,142,BP-830101,Mary Smith,1959-09-13,B-P-01129,26047628,19.00,RENEWAL,2026-07-15
Bluepeak,2026-06,143,BP-875862,Mary Smith,1959-09-13,B-P-01130,26047628,4.20,RENEWAL,2026-07-15
Bluepeak,2026-06,144,BP-995517,David Estrada,1943-01-16,B-P-01145,9527070,38.00,NEW,2026-07-15
Bluepeak,2026-06,145,BP-720068,David Estrada,1943-01-16,B-P-01146,9527070,8.40,NEW,2026-07-15
Bluepeak,2026-06,146,BP-405467,Cassandra Estrada,1934-02-14,B-P-01148,64493418,26.25,RENEWAL,2026-07-15
Bluepeak,2026-06,147,BP-906747,Melissa Robinson,1956-11-06,B-P-01153,51446845,26.25,RENEWAL,2026-07-15
Bluepeak,2026-06,148,BP-488813,Wanda Walsh,1957-02-21,B-P-01155,20671937,26.25,RENEWAL,2026-07-15
Bluepeak,2026-06,149,BP-298007,Laura Townsend,1946-08-05,B-P-01159,43888211,26.25,RENEWAL,2026-07-15
Bluepeak,2026-06,150,BP-338797,Joshua Cherry,1949-10-25,B-P-01173,84583776,52.50,NEW,2026-07-15
Bluepeak,2026-06,151,BP-925867,Daniel Cox,1971-11-13,B-P-01177,20671937,22.00,NEW,2026-07-15
Bluepeak,2026-06,152,BP-786369,Kevin Combs,1978-03-24,B-P-01180,67876966,4.20,RENEWAL,2026-07-15
Bluepeak,2026-06,153,BP-638419,Kevin Harris,1973-03-09,B-P-01192,64493418,16.00,RENEWAL,2026-07-15
Bluepeak,2026-06,154,BP-990593,Joshua Crosby,1958-09-09,B-P-01200,50979283,52.50,NEW,2026-07-15
Bluepeak,2026-06,155,BP-864909,Mark Matthews,1966-04-12,B-P-01233,67876966,16.00,RENEWAL,2026-07-15
Bluepeak,2026-06,156,BP-319378,Chris Booker,1965-02-25,B-P-01252,75084135,16.00,RENEWAL,2026-07-15
Bluepeak,2026-06,157,BP-275865,Thomas Cummings,1950-05-15,B-P-01261,84583776,26.25,RENEWAL,2026-07-15
Bluepeak,2026-06,158,BP-243878,Carlos Ward,1983-12-24,B-P-01270,67876966,26.25,RENEWAL,2026-07-15
Bluepeak,2026-06,159,BP-359694,Catherine Ward,1944-02-05,B-P-01272,67876966,26.25,RENEWAL,2026-07-15
Bluepeak,2026-06,160,BP-336948,Melissa Adams,1952-03-12,B-P-01283,14829889,26.25,RENEWAL,2026-07-15
Bluepeak,2026-06,161,BP-984064,Kimberly Hampton,1937-06-18,B-P-01288,9527070,4.20,RENEWAL,2026-07-15
Bluepeak,2026-06,162,BP-107441,Jeremy Kaufman,1938-06-23,B-P-01295,84583776,19.00,RENEWAL,2026-07-15
Bluepeak,2026-06,163,BP-512376,Jeremy Kaufman,1938-06-23,B-P-01296,84583776,4.20,RENEWAL,2026-07-15
Bluepeak,2026-06,164,BP-954854,Heather Foley,1942-04-15,B-P-01300,59893296,26.25,RENEWAL,2026-07-15
Bluepeak,2026-06,165,BP-998597,Paul Sanchez,1972-03-26,B-P-01303,64493418,16.00,RENEWAL,2026-07-15
Bluepeak,2026-06,166,BP-642510,Jason Sanchez,1938-08-16,B-P-01304,64493418,26.25,RENEWAL,2026-07-15
Bluepeak,2026-06,167,BP-582129,Paul Gomez,1956-07-20,B-P-01318,26047628,26.25,RENEWAL,2026-07-15
Bluepeak,2026-06,168,BP-514028,Kathryn Miller,1951-10-10,B-P-01345,59893296,52.50,NEW,2026-07-15
Bluepeak,2026-06,169,BP-302447,Audrey Williams,1949-01-26,B-P-01352,90228424,26.25,RENEWAL,2026-07-15
Bluepeak,2026-06,170,BP-536841,David Jacobs,1942-09-20,B-P-01354,67876966,26.25,RENEWAL,2026-07-15
Bluepeak,2026-06,171,BP-981945,Jessica Robertson,1955-12-20,B-P-01363,98787777,26.25,RENEWAL,2026-07-15
Bluepeak,2026-06,172,BP-652487,Susan Baker,1969-12-20,B-P-01364,93619366,16.00,RENEWAL,2026-07-15
Bluepeak,2026-06,173,BP-622002,Shawn Jones,1949-04-22,B-P-01368,84583776,26.25,RENEWAL,2026-07-15
Bluepeak,2026-06,174,BP-881238,David Jones,1937-01-04,B-P-01369,84583776,26.25,RENEWAL,2026-07-15
Bluepeak,2026-06,175,BP-879599,Daniel Porter,1998-06-17,B-P-01377,20671937,22.00,NEW,2026-07-15
Bluepeak,2026-06,176,BP-674707,Tina Mcintyre,1949-02-14,B-P-01381,51446845,38.00,NEW,2026-07-15
Bluepeak,2026-06,177,BP-923444,Tina Mcintyre,1949-02-14,B-P-01382,51446845,8.40,NEW,2026-07-15
Bluepeak,2026-06,178,BP-356728,Joshua Scott,1943-11-26,B-P-01383,67876966,26.25,RENEWAL,2026-07-15
Bluepeak,2026-06,179,BP-544444,Debbie Smith,1949-04-01,B-P-01395,20671937,26.25,RENEWAL,2026-07-15
Bluepeak,2026-06,180,BP-280255,Robert Esparza,1939-05-10,B-P-01408,50399119,26.25,RENEWAL,2026-07-15
Bluepeak,2026-06,181,BP-193772,Christine Finley,1988-03-12,B-P-01410,90228424,16.00,RENEWAL,2026-07-15
Bluepeak,2026-06,182,BP-211331,Chelsea Finley,1934-12-24,B-P-01411,90228424,26.25,RENEWAL,2026-07-15
Bluepeak,2026-06,183,BP-110386,George Simon,1953-01-05,B-P-01414,90228424,38.00,NEW,2026-07-15
Bluepeak,2026-06,184,BP-769478,George Simon,1953-01-05,B-P-01415,90228424,8.40,NEW,2026-07-15
Bluepeak,2026-06,185,BP-863885,Eric Miller,1947-07-01,B-P-01428,64493418,26.25,RENEWAL,2026-07-15
Bluepeak,2026-06,186,BP-407410,Alexandra Newton,1947-07-10,B-P-01447,67876966,52.50,NEW,2026-07-15
Bluepeak,2026-06,187,BP-539407,Michael Copeland,1983-07-10,B-P-01453,81157097,22.00,NEW,2026-07-15
Bluepeak,2026-06,188,BP-385993,Mathew Freeman,1991-06-22,B-P-01455,50979283,22.00,NEW,2026-07-15
Bluepeak,2026-06,189,BP-848543,Denise Smith,1995-04-21,B-P-01457,93619366,22.00,NEW,2026-07-15
Bluepeak,2026-06,190,BP-353964,Allen Hart,1941-06-07,B-P-01462,64493418,52.50,NEW,2026-07-15
Bluepeak,2026-06,191,BP-170826,Christian Kelly,1991-06-21,B-P-01467,64493418,22.00,NEW,2026-07-15
Bluepeak,2026-06,192,BP-227193,Michael Sullivan,1947-08-11,B-P-01476,67876966,26.25,RENEWAL,2026-07-15
Bluepeak,2026-06,193,BP-498659,Samantha Smith,1941-08-18,B-P-01494,26047628,26.25,RENEWAL,2026-07-15
Bluepeak,2026-06,194,BP-812754,Jesse Morgan,1935-06-12,B-P-01513,91146902,26.25,RENEWAL,2026-07-15
Bluepeak,2026-06,195,BP-660399,Melanie Colon,1944-03-29,B-P-01519,24647567,19.00,RENEWAL,2026-07-15
Bluepeak,2026-06,196,BP-301630,Melanie Colon,1944-03-29,B-P-01520,24647567,4.20,RENEWAL,2026-07-15
Bluepeak,2026-06,197,BP-917013,Karen Walker,1934-02-26,B-P-01522,81157097,26.25,RENEWAL,2026-07-15
Bluepeak,2026-06,198,BP-684819,Paul Turner,1949-07-24,B-P-01531,20671937,19.00,RENEWAL,2026-07-15
Bluepeak,2026-06,199,BP-211914,Paul Turner,1949-07-24,B-P-01532,20671937,4.20,RENEWAL,2026-07-15
Bluepeak,2026-06,200,BP-799736,Rebecca Walker,1953-04-18,B-P-01534,90228424,26.25,RENEWAL,2026-07-15
Bluepeak,2026-06,201,BP-966281,Teresa Wilson,1941-07-25,B-P-01536,84583776,26.25,RENEWAL,2026-07-15
Bluepeak,2026-06,202,BP-483311,Antonio Bernard,1976-09-16,B-P-01538,67876966,22.00,NEW,2026-07-15
Bluepeak,2026-06,203,BP-983227,Kellie Richard,1965-05-08,B-P-01543,49066206,22.00,NEW,2026-07-15
Bluepeak,2026-06,204,BP-161617,John Thomas,1944-07-14,B-P-01558,67876966,26.25,RENEWAL,2026-07-15
Bluepeak,2026-06,205,BP-531717,Chris Scott,1952-03-30,B-P-01585,14829889,26.25,RENEWAL,2026-07-15
Bluepeak,2026-06,206,BP-233430,Robert Barrera,1954-04-19,B-P-01587,43888211,52.50,NEW,2026-07-15
Bluepeak,2026-06,207,BP-834715,Daniel Keith,1959-04-04,B-P-01590,64493418,38.00,NEW,2026-07-15
Bluepeak,2026-06,208,BP-133969,Daniel Keith,1959-04-04,B-P-01591,64493418,8.40,NEW,2026-07-15
Bluepeak,2026-06,209,BP-874327,Kendra Myers,1934-10-08,B-P-01597,51446845,26.25,RENEWAL,2026-07-15
Bluepeak,2026-06,210,BP-970651,James Gomez-Smith,1947-05-30,B-P-01600,98787777,26.25,RENEWAL,2026-07-15
Bluepeak,2026-06,211,BP-343347,Robert Mendoza,1949-06-25,B-P-01602,45462976,26.25,RENEWAL,2026-07-15
Bluepeak,2026-06,212,BP-686186,Glenn Mendoza,1947-02-13,B-P-01603,45462976,19.00,RENEWAL,2026-07-15
Bluepeak,2026-06,213,BP-398182,Glenn Mendoza,1947-02-13,B-P-01604,45462976,4.20,RENEWAL,2026-07-15
Bluepeak,2026-06,214,BP-413416,Micheal Cooley,1964-08-12,B-P-01614,69777236,16.00,RENEWAL,2026-07-15
Bluepeak,2026-06,215,BP-415816,Sarah Cooley,1968-01-06,B-P-01615,69777236,26.25,RENEWAL,2026-07-15
Bluepeak,2026-06,216,BP-559119,Michael Jones,1942-03-20,B-P-01629,69777236,19.00,RENEWAL,2026-07-15
Bluepeak,2026-06,217,BP-914333,Michael Jones,1942-03-20,B-P-01630,69777236,4.20,RENEWAL,2026-07-15
Bluepeak,2026-06,218,BP-840952,David Johnson,1941-08-17,B-P-01634,26047628,52.50,NEW,2026-07-15
Bluepeak,2026-06,219,BP-993516,Brandi Johnson,1939-07-22,B-P-01636,26047628,52.50,NEW,2026-07-15
Bluepeak,2026-06,220,BP-762704,Robert Tanner,2001-11-06,B-P-01653,90228424,22.00,NEW,2026-07-15
Bluepeak,2026-06,221,BP-641841,Scott Byrd,1942-09-05,B-P-01657,64493418,26.25,RENEWAL,2026-07-15
Bluepeak,2026-06,222,BP-102306,Cassandra Jones,1939-02-10,B-P-01663,81157097,52.50,NEW,2026-07-15
Bluepeak,2026-06,223,BP-929450,Tanya Morgan,1957-06-04,B-P-01684,93619366,52.50,NEW,2026-07-15
Bluepeak,2026-06,224,BP-773722,Linda Jones,1944-02-23,B-P-01688,90228424,26.25,RENEWAL,2026-07-15
Bluepeak,2026-06,225,BP-142593,Tracy Woods,1960-03-13,B-P-01693,69777236,38.00,NEW,2026-07-15
Bluepeak,2026-06,226,BP-156128,Tracy Woods,1960-03-13,B-P-01694,69777236,8.40,NEW,2026-07-15
Bluepeak,2026-06,227,BP-410373,Jacqueline Clark,1960-03-27,B-P-01697,84583776,52.50,NEW,2026-07-15
Bluepeak,2026-06,228,BP-130083,Jonathan Sawyer,1948-05-26,B-P-01700,49066206,26.25,RENEWAL,2026-07-15
Bluepeak,2026-06,229,BP-414079,Timothy Taylor,2004-05-02,B-P-01702,67876966,16.00,RENEWAL,2026-07-15
Bluepeak,2026-06,230,BP-818704,Frank Jacobson,1952-09-21,B-P-01704,26047628,4.20,RENEWAL,2026-07-15
Bluepeak,2026-06,231,BP-262768,Rebekah Williams,1944-07-26,B-P-01714,75084135,52.50,NEW,2026-07-15
Bluepeak,2026-06,232,BP-527375,Brian Castro,1990-08-16,B-P-01723,90228424,19.00,RENEWAL,2026-07-15
Bluepeak,2026-06,233,BP-912920,Brian Castro,1990-08-16,B-P-01724,90228424,4.20,RENEWAL,2026-07-15
Bluepeak,2026-06,234,BP-249526,Dawn Riggs,1938-02-25,B-P-01725,51446845,4.20,RENEWAL,2026-07-15
Bluepeak,2026-06,235,BP-660319,Carl Coleman,1962-04-01,B-P-01743,37947372,22.00,NEW,2026-07-15
Bluepeak,2026-06,236,BP-661275,Brett Steele,1954-03-01,B-P-01777,50979283,26.25,RENEWAL,2026-07-15
Bluepeak,2026-06,237,BP-589987,Leah Porter,1938-10-20,B-P-01787,50399119,52.50,NEW,2026-07-15
Bluepeak,2026-06,238,BP-277436,Laurie Floyd,1934-05-15,B-P-01791,37947372,26.25,RENEWAL,2026-07-15
Bluepeak,2026-06,239,BP-536829,Matthew Gamble,1945-08-24,B-P-01797,50399119,52.50,NEW,2026-07-15
Bluepeak,2026-06,240,BP-577947,Jennifer Davis,1942-05-14,B-P-01806,50399119,26.25,RENEWAL,2026-07-15
Bluepeak,2026-06,241,BP-167626,Jonathan Barrett,1951-03-22,B-P-01811,14829889,52.50,NEW,2026-07-15
Bluepeak,2026-06,242,BP-157228,Megan Lin,1937-06-19,B-P-01820,50399119,4.20,RENEWAL,2026-07-15
Bluepeak,2026-06,243,BP-448633,Karen Edwards,1958-11-08,B-P-01824,51446845,26.25,RENEWAL,2026-07-15
Bluepeak,2026-06,244,BP-666822,James Carpenter,1952-06-07,B-P-01834,81157097,26.25,RENEWAL,2026-07-15
Bluepeak,2026-06,245,BP-439895,Richard Carpenter,1998-01-10,B-P-01835,81157097,22.00,NEW,2026-07-15
Bluepeak,2026-06,246,BP-587213,Nicholas Parker,1949-07-28,B-P-01845,64493418,19.00,RENEWAL,2026-07-15
Bluepeak,2026-06,247,BP-341904,Nicholas Parker,1949-07-28,B-P-01846,64493418,4.20,RENEWAL,2026-07-15
Bluepeak,2026-06,248,BP-668466,Karen Leon,1946-02-07,B-P-01862,37947372,4.20,RENEWAL,2026-07-15
Bluepeak,2026-06,249,BP-779207,Gloria Ellis,1940-11-29,B-P-01879,14829889,26.25,RENEWAL,2026-07-15
Bluepeak,2026-06,250,BP-741332,Michele Reynolds,1957-11-17,B-P-01899,24647567,38.00,NEW,2026-07-15
Bluepeak,2026-06,251,BP-971846,Michele Reynolds,1957-11-17,B-P-01900,24647567,8.40,NEW,2026-07-15
Bluepeak,2026-06,252,BP-495885,Jennifer Shaffer,1951-11-17,B-P-01903,91146902,52.50,NEW,2026-07-15
Bluepeak,2026-06,253,BP-356500,Jeffrey Hunter,1957-06-14,B-P-01904,64493418,52.50,NEW,2026-07-15
Bluepeak,2026-06,254,BP-560161,Jason Banks,1938-01-26,B-P-01925,69777236,26.25,RENEWAL,2026-07-15
Bluepeak,2026-06,255,BP-727525,Jared Price,1955-12-22,B-P-01927,91146902,26.25,RENEWAL,2026-07-15
Bluepeak,2026-06,256,BP-446008,Gina Randolph,1939-12-11,B-P-01933,98787777,26.25,RENEWAL,2026-07-15
Bluepeak,2026-06,257,BP-452285,Martin Deleon,1943-09-04,B-P-01936,69777236,19.00,RENEWAL,2026-07-15
Bluepeak,2026-06,258,BP-849797,Martin Deleon,1943-09-04,B-P-01937,69777236,4.20,RENEWAL,2026-07-15
Bluepeak,2026-06,259,BP-806476,Kristi Hernandez,1945-09-16,B-P-01948,81157097,26.25,RENEWAL,2026-07-15
Bluepeak,2026-06,260,BP-393152,Zachary Crane,1937-12-22,B-P-01963,49066206,52.50,NEW,2026-07-15
Bluepeak,2026-06,261,BP-831861,Stephanie Myers,1940-08-06,B-P-01968,43888211,52.50,NEW,2026-07-15
Bluepeak,2026-06,262,BP-587575,Joshua Salazar,2002-05-10,B-P-01972,91146902,22.00,NEW,2026-07-15
Bluepeak,2026-06,263,BP-517792,Mario Espinoza,1936-05-03,B-P-02000,50979283,26.25,RENEWAL,2026-07-15
Bluepeak,2026-06,264,BP-190350,Andrew Sparks,1944-11-23,B-P-02001,50399119,52.50,NEW,2026-07-15
Bluepeak,2026-06,265,BP-675062,Danielle Martinez,1957-02-13,B-P-02002,14829889,19.00,RENEWAL,2026-07-15
Bluepeak,2026-06,266,BP-631452,Danielle Martinez,1957-02-13,B-P-02003,14829889,4.20,RENEWAL,2026-07-15
Bluepeak,2026-06,267,BP-817072,Paula Bradford,1948-09-13,B-P-02013,43888211,26.25,RENEWAL,2026-07-15
Bluepeak,2026-06,268,BP-696208,George Andrews,1984-09-05,B-P-02021,49066206,22.00,NEW,2026-07-15
Bluepeak,2026-06,269,BP-893874,Manuel Mclean,1984-01-03,B-P-02026,69777236,22.00,NEW,2026-07-15
Bluepeak,2026-06,270,BP-462127,Marcus Barrett,1964-10-08,B-P-02028,45462976,22.00,NEW,2026-07-15
Bluepeak,2026-06,271,BP-331849,Anthony Jacobs,1972-01-05,B-P-02039,45462976,22.00,NEW,2026-07-15
Bluepeak,2026-06,272,BP-153300,Mark Davis,1982-03-26,B-P-02041,81157097,22.00,NEW,2026-07-15
Harborline,2026-06,1,HL-437878,Michael Robinson,1963-09-10,B-P-00004,98787777,16.00,RENEWAL,2026-07-15
Harborline,2026-06,2,HL-187422,Kimberly Lopez,1934-05-21,B-P-00008,14829889,26.25,RENEWAL,2026-07-15
Harborline,2026-06,3,HL-714693,Dennis Cannon,1975-04-12,B-P-00010,59893296,26.25,RENEWAL,2026-07-15
Harborline,2026-06,4,HL-346945,James Johnson,1946-01-15,B-P-00011,64493418,4.20,RENEWAL,2026-07-15
Harborline,2026-06,5,HL-869959,Gabriella Simon,1951-06-19,B-P-00012,51446845,26.25,RENEWAL,2026-07-15
Harborline,2026-06,6,HL-576075,Stephen Mejia,1990-10-08,B-P-00014,43888211,16.00,RENEWAL,2026-07-15
Harborline,2026-06,7,HL-196420,Colleen Franklin,1958-04-10,B-P-00022,20671937,52.50,NEW,2026-07-15
Harborline,2026-06,8,HL-373864,Alexis Jackson,1957-10-23,B-P-00034,59893296,4.20,RENEWAL,2026-07-15
Harborline,2026-06,9,HL-517758,Richard Williams,1944-02-10,B-P-00045,26047628,8.40,NEW,2026-07-15
Harborline,2026-06,10,HL-605579,Ronnie Bradford,1967-02-24,B-P-00050,43888211,22.00,NEW,2026-07-15
Harborline,2026-06,11,HL-943036,Jason Fritz,1949-01-10,B-P-00051,37947372,52.50,NEW,2026-07-15
Harborline,2026-06,12,HL-735042,Brian Anderson,1937-12-05,B-P-00053,50399119,52.50,NEW,2026-07-15
Harborline,2026-06,13,HL-633101,Angelica Blevins,1934-07-16,B-P-00059,64493418,26.25,RENEWAL,2026-07-15
Harborline,2026-06,14,HL-858264,Megan Dalton,1953-04-29,B-P-00074,49066206,38.00,NEW,2026-07-15
Harborline,2026-06,15,HL-848679,Megan Dalton,1953-04-29,B-P-00075,49066206,8.40,NEW,2026-07-15
Harborline,2026-06,16,HL-433067,Belinda Garcia,1948-11-21,B-P-00087,59893296,26.25,RENEWAL,2026-07-15
Harborline,2026-06,17,HL-848611,Melissa Lopez,1940-01-24,B-P-00091,49066206,26.25,RENEWAL,2026-07-15
Harborline,2026-06,18,HL-158373,Christian Carter,1996-03-19,B-P-00097,50399119,16.00,RENEWAL,2026-07-15
Harborline,2026-06,19,HL-752028,Susan Sanchez,1944-10-07,B-P-00138,20671937,52.50,NEW,2026-07-15
Harborline,2026-06,20,HL-922396,Ralph Becker,1968-09-23,B-P-00152,67876966,16.00,RENEWAL,2026-07-15
Harborline,2026-06,21,HL-998759,Kevin Phillips,1940-04-12,B-P-00155,49066206,26.25,RENEWAL,2026-07-15
Harborline,2026-06,22,HL-531802,Amanda Carter,1936-07-16,B-P-00172,59893296,52.50,NEW,2026-07-15
Harborline,2026-06,23,HL-100998,Teresa West,1997-02-03,B-P-00173,45462976,16.00,RENEWAL,2026-07-15
Harborline,2026-06,24,HL-298944,Mary Williams,1952-11-03,B-P-00178,37947372,38.00,NEW,2026-07-15
Harborline,2026-06,25,HL-730648,Mary Williams,1952-11-03,B-P-00179,37947372,8.40,NEW,2026-07-15
Harborline,2026-06,26,HL-387247,Amy Woods,1975-03-12,B-P-00181,14829889,16.00,RENEWAL,2026-07-15
Harborline,2026-06,27,HL-111102,Christopher Lee,1934-09-06,B-P-00204,9527070,26.25,RENEWAL,2026-07-15
Harborline,2026-06,28,HL-161909,Frank Holland,1946-05-18,B-P-00228,75084135,26.25,RENEWAL,2026-07-15
Harborline,2026-06,29,HL-136769,William Fields,1989-03-08,B-P-00244,90228424,22.00,NEW,2026-07-15
Harborline,2026-06,30,HL-752839,Kristina Burton,1954-05-20,B-P-00251,37947372,26.25,RENEWAL,2026-07-15
Harborline,2026-06,31,HL-976926,Grace Collins,1948-12-30,B-P-00252,75084135,52.50,NEW,2026-07-15
Harborline,2026-06,32,HL-999022,Peter Herrera,1958-08-08,B-P-00257,81157097,26.25,RENEWAL,2026-07-15
Harborline,2026-06,33,HL-764868,William Edwards,1944-11-04,B-P-00259,94445646,38.00,NEW,2026-07-15
Harborline,2026-06,34,HL-860461,William Edwards,1944-11-04,B-P-00260,94445646,8.40,NEW,2026-07-15
Harborline,2026-06,35,HL-600258,Brent Edwards,1943-02-09,B-P-00261,94445646,26.25,RENEWAL,2026-07-15
Harborline,2026-06,36,HL-827983,Kristen Walker,1957-10-23,B-P-00267,20671937,52.50,NEW,2026-07-15
Harborline,2026-06,37,HL-706957,Jessica French,1961-12-09,B-P-00271,20671937,22.00,NEW,2026-07-15
Harborline,2026-06,38,HL-894483,Grant Jones,1957-05-06,B-P-00274,26047628,19.00,RENEWAL,2026-07-15
Harborline,2026-06,39,HL-500634,Grant Jones,1957-05-06,B-P-00275,26047628,4.20,RENEWAL,2026-07-15
Harborline,2026-06,40,HL-289091,Fred Miller,1936-04-25,B-P-00287,24647567,26.25,RENEWAL,2026-07-15
Harborline,2026-06,41,HL-142321,Tamara Rodriguez,1936-12-18,B-P-00297,24647567,19.00,RENEWAL,2026-07-15
Harborline,2026-06,42,HL-595294,Tamara Rodriguez,1936-12-18,B-P-00298,24647567,4.20,RENEWAL,2026-07-15
Harborline,2026-06,43,HL-508283,Laura Bradford,1970-06-20,B-P-00301,43888211,22.00,NEW,2026-07-15
Harborline,2026-06,44,HL-121566,Andrew Deleon-Hodge,1942-10-11,B-P-00303,91146902,26.25,RENEWAL,2026-07-15
Harborline,2026-06,45,HL-912530,Matthew Smith,1934-08-09,B-P-00310,43888211,26.25,RENEWAL,2026-07-15
Harborline,2026-06,46,HL-725283,Andrew Smith,1954-03-01,B-P-00312,43888211,26.25,RENEWAL,2026-07-15
Harborline,2026-06,47,HL-744464,Donald Thompson,1945-02-20,B-P-00317,51446845,26.25,RENEWAL,2026-07-15
Harborline,2026-06,48,HL-178486,Rodney Burns,1954-08-09,B-P-00324,90228424,26.25,RENEWAL,2026-07-15
Harborline,2026-06,49,HL-752977,Lee Mitchell,1954-05-25,B-P-00328,98787777,4.20,RENEWAL,2026-07-15
Harborline,2026-06,50,HL-800362,James Cruz,1997-10-24,B-P-00336,14829889,22.00,NEW,2026-07-15
Harborline,2026-06,51,HL-250180,Chelsea Hopkins,1976-05-30,B-P-00349,24647567,22.00,NEW,2026-07-15
Harborline,2026-06,52,HL-149946,Lynn Ochoa,1951-12-31,B-P-00389,9527070,19.00,RENEWAL,2026-07-15
Harborline,2026-06,53,HL-332968,Lynn Ochoa,1951-12-31,B-P-00390,9527070,4.20,RENEWAL,2026-07-15
Harborline,2026-06,54,HL-149339,Lynn Mccarthy,1935-06-15,B-P-00396,45462976,26.25,RENEWAL,2026-07-15
Harborline,2026-06,55,HL-619551,Tyrone Greene,1940-04-21,B-P-00403,37947372,26.25,RENEWAL,2026-07-15
Harborline,2026-06,56,HL-853291,Sarah Crane,1948-12-14,B-P-00411,49066206,4.20,RENEWAL,2026-07-15
Harborline,2026-06,57,HL-977924,Denise Martin,1964-12-04,B-P-00412,37947372,22.00,NEW,2026-07-15
Harborline,2026-06,58,HL-540888,Lauren Nguyen,1936-09-12,B-P-00416,93619366,4.20,RENEWAL,2026-07-15
Harborline,2026-06,59,HL-425210,Devon Guzman,1971-02-20,B-P-00418,94445646,22.00,NEW,2026-07-15
Harborline,2026-06,60,HL-826992,David Ford,1945-08-01,B-P-00450,59893296,52.50,NEW,2026-07-15
Harborline,2026-06,61,HL-810734,Amanda Larson,1985-08-14,B-P-00451,69777236,16.00,RENEWAL,2026-07-15
Harborline,2026-06,62,HL-991590,Matthew Burke,1997-12-15,B-P-00454,90228424,22.00,NEW,2026-07-15
Harborline,2026-06,63,HL-973168,Amanda Knight,1943-03-22,B-P-00467,37947372,19.00,RENEWAL,2026-07-15
Harborline,2026-06,64,HL-477086,Amanda Knight,1943-03-22,B-P-00468,37947372,4.20,RENEWAL,2026-07-15
Harborline,2026-06,65,HL-904699,Brooke Poole,1935-08-27,B-P-00469,94445646,26.25,RENEWAL,2026-07-15
Harborline,2026-06,66,HL-439815,John Hall,1942-04-27,B-P-00470,84583776,19.00,RENEWAL,2026-07-15
Harborline,2026-06,67,HL-828048,John Hall,1942-04-27,B-P-00471,84583776,4.20,RENEWAL,2026-07-15
Harborline,2026-06,68,HL-213363,Diane Rodriguez,1934-12-23,B-P-00473,26047628,19.00,RENEWAL,2026-07-15
Harborline,2026-06,69,HL-256149,Diane Rodriguez,1934-12-23,B-P-00474,26047628,4.20,RENEWAL,2026-07-15
Harborline,2026-06,70,HL-615072,Claudia Brown,1956-02-13,B-P-00478,84583776,52.50,NEW,2026-07-15
Harborline,2026-06,71,HL-214488,James Jackson,1954-06-24,B-P-00497,9527070,52.50,NEW,2026-07-15
Harborline,2026-06,72,HL-801939,Marc Martinez,1956-11-08,B-P-00504,94445646,52.50,NEW,2026-07-15
Harborline,2026-06,73,HL-630338,Laura Mccullough,1954-09-28,B-P-00519,59893296,52.50,NEW,2026-07-15
Harborline,2026-06,74,HL-466406,John Francis,1942-02-11,B-P-00550,37947372,19.00,RENEWAL,2026-07-15
Harborline,2026-06,75,HL-459976,John Francis,1942-02-11,B-P-00551,37947372,4.20,RENEWAL,2026-07-15
Harborline,2026-06,76,HL-706399,Timothy Rodriguez,1983-01-10,B-P-00605,51446845,16.00,RENEWAL,2026-07-15
Harborline,2026-06,77,HL-120763,Austin Phelps,1943-06-03,B-P-00607,20671937,26.25,RENEWAL,2026-07-15
Harborline,2026-06,78,HL-509230,Cheryl Gregory,1953-07-08,B-P-00611,91146902,26.25,RENEWAL,2026-07-15
Harborline,2026-06,79,HL-356714,Megan Newman,1949-05-27,B-P-00620,51446845,19.00,RENEWAL,2026-07-15
Harborline,2026-06,80,HL-214267,Megan Newman,1949-05-27,B-P-00621,51446845,4.20,RENEWAL,2026-07-15
Harborline,2026-06,81,HL-521910,Amy Cole,1946-09-30,B-P-00624,45462976,26.25,RENEWAL,2026-07-15
Harborline,2026-06,82,HL-439060,Darren Cole,1959-02-14,B-P-00625,45462976,52.50,NEW,2026-07-15
Harborline,2026-06,83,HL-963534,Allen King,1962-09-27,B-P-00642,81157097,16.00,RENEWAL,2026-07-15
Harborline,2026-06,84,HL-717250,Judy Hall,1937-08-14,B-P-00645,49066206,26.25,RENEWAL,2026-07-15
Harborline,2026-06,85,HL-372344,Nicholas Mcfarland,1988-10-26,B-P-00652,50979283,22.00,NEW,2026-07-15
Harborline,2026-06,86,HL-329949,James Huber,1945-02-25,B-P-00657,50979283,8.40,NEW,2026-07-15
Harborline,2026-06,87,HL-641796,Sara Peterson,1946-04-05,B-P-00661,84583776,26.25,RENEWAL,2026-07-15
Harborline,2026-06,88,HL-157068,Amber Glover,1960-03-22,B-P-00663,67876966,8.40,NEW,2026-07-15
Harborline,2026-06,89,HL-966451,Andrew Pena,1949-02-26,B-P-00674,37947372,19.00,RENEWAL,2026-07-15
Harborline,2026-06,90,HL-581894,Andrew Pena,1949-02-26,B-P-00675,37947372,4.20,RENEWAL,2026-07-15
Harborline,2026-06,91,HL-964371,Craig Brown,1949-08-24,B-P-00692,69777236,52.50,NEW,2026-07-15
Harborline,2026-06,92,HL-980622,Lacey Ross,1972-06-23,B-P-00697,59893296,22.00,NEW,2026-07-15
Harborline,2026-06,93,HL-900966,Thomas Ross,1956-12-01,B-P-00698,59893296,26.25,RENEWAL,2026-07-15
Harborline,2026-06,94,HL-836830,Nicole Lopez,1940-04-09,B-P-00712,84583776,8.40,NEW,2026-07-15
Harborline,2026-06,95,HL-251373,Deanna Williams,1953-01-30,B-P-00713,26047628,26.25,RENEWAL,2026-07-15
Harborline,2026-06,96,HL-574602,Thomas Williams,1939-08-16,B-P-00715,26047628,26.25,RENEWAL,2026-07-15
Harborline,2026-06,97,HL-908215,Meagan Jackson,1965-07-20,B-P-00727,26047628,22.00,NEW,2026-07-15
Harborline,2026-06,98,HL-678142,Donald Dawson,1988-06-02,B-P-00728,91146902,16.00,RENEWAL,2026-07-15
Harborline,2026-06,99,HL-676044,Brenda Mccarty,1982-11-11,B-P-00736,50399119,16.00,RENEWAL,2026-07-15
Harborline,2026-06,100,HL-324251,Dana Hood-Adams,1979-04-12,B-P-00740,50399119,16.00,RENEWAL,2026-07-15
Harborline,2026-06,101,HL-820567,Kristina Hood,1941-05-25,B-P-00741,50399119,8.40,NEW,2026-07-15
Harborline,2026-06,102,HL-490089,Amanda Contreras,1944-07-03,B-P-00744,94445646,19.00,RENEWAL,2026-07-15
Harborline,2026-06,103,HL-999632,Amanda Contreras,1944-07-03,B-P-00745,94445646,4.20,RENEWAL,2026-07-15
Harborline,2026-06,104,HL-552930,Edward Gordon,1940-11-20,B-P-00750,91146902,26.25,RENEWAL,2026-07-15
Harborline,2026-06,105,HL-668276,Earl Banks,1974-02-28,B-P-00755,50979283,16.00,RENEWAL,2026-07-15
Harborline,2026-06,106,HL-207322,Andrew Holland,2005-02-23,B-P-00761,64493418,16.00,RENEWAL,2026-07-15
Harborline,2026-06,107,HL-775809,Matthew Lyons,1948-06-03,B-P-00771,50979283,26.25,RENEWAL,2026-07-15
Harborline,2026-06,108,HL-211214,Ian Holloway,1971-04-01,B-P-00773,67876966,52.50,NEW,2026-07-15
Harborline,2026-06,109,HL-389738,Allison Hoffman,1952-03-20,B-P-00775,69777236,26.25,RENEWAL,2026-07-15
Harborline,2026-06,110,HL-258775,John Tapia,1999-05-26,B-P-00776,69777236,16.00,RENEWAL,2026-07-15
Harborline,2026-06,111,HL-226661,Dorothy Johnson,1939-08-15,B-P-00783,14829889,26.25,RENEWAL,2026-07-15
Harborline,2026-06,112,HL-135541,Lawrence Walker,1937-11-08,B-P-00790,50399119,26.25,RENEWAL,2026-07-15
Harborline,2026-06,113,HL-691149,Brandon Berg,1937-09-07,B-P-00798,20671937,26.25,RENEWAL,2026-07-15
Harborline,2026-06,114,HL-397507,Ryan Cameron,1942-03-11,B-P-00800,50979283,26.25,RENEWAL,2026-07-15
Harborline,2026-06,115,HL-872186,Brandon Smith,1959-09-23,B-P-00812,24647567,26.25,RENEWAL,2026-07-15
Harborline,2026-06,116,HL-994762,Austin Thompson,1960-08-05,B-P-00833,37947372,52.50,NEW,2026-07-15
Harborline,2026-06,117,HL-472785,James Thompson,1940-03-13,B-P-00835,37947372,26.25,RENEWAL,2026-07-15
Harborline,2026-06,118,HL-204870,Lawrence Peters,1935-10-25,B-P-00841,45462976,26.25,RENEWAL,2026-07-15
Harborline,2026-06,119,HL-315241,Holly White,2002-02-18,B-P-00849,93619366,16.00,RENEWAL,2026-07-15
Harborline,2026-06,120,HL-441567,Stacey Wiggins,1948-02-04,B-P-00856,94445646,26.25,RENEWAL,2026-07-15
Harborline,2026-06,121,HL-261136,Thomas Hamilton,1941-06-02,B-P-00865,94445646,26.25,RENEWAL,2026-07-15
Harborline,2026-06,122,HL-801190,Catherine Lopez,1945-01-28,B-P-00867,93619366,26.25,RENEWAL,2026-07-15
Harborline,2026-06,123,HL-475464,Kevin Davidson,1955-12-25,B-P-00876,24647567,26.25,RENEWAL,2026-07-15
Harborline,2026-06,124,HL-145732,Amy Obrien,1949-03-19,B-P-00877,64493418,26.25,RENEWAL,2026-07-15
Harborline,2026-06,125,HL-580677,Joe Obrien,1941-03-21,B-P-00879,64493418,52.50,NEW,2026-07-15
Harborline,2026-06,126,HL-916518,Monique Johnson,1944-05-13,B-P-00896,93619366,52.50,NEW,2026-07-15
Harborline,2026-06,127,HL-167646,Katherine Wright,1981-10-30,B-P-00905,91146902,16.00,RENEWAL,2026-07-15
Harborline,2026-06,128,HL-262148,Ricky Moore-Gonzalez,1970-12-29,B-P-00913,94445646,16.00,RENEWAL,2026-07-15
Harborline,2026-06,129,HL-416508,Kimberly White,1954-03-29,B-P-00916,26047628,26.25,RENEWAL,2026-07-15
Harborline,2026-06,130,HL-551350,Joshua Lyons,2001-11-30,B-P-00922,93619366,22.00,NEW,2026-07-15
Harborline,2026-06,131,HL-883891,Ronald Zamora,1940-07-10,B-P-00940,81157097,26.25,RENEWAL,2026-07-15
Harborline,2026-06,132,HL-261076,Charles Allen,1946-09-21,B-P-00942,50399119,4.20,RENEWAL,2026-07-15
Harborline,2026-06,133,HL-173372,Leslie Allen,1984-12-30,B-P-00943,50399119,16.00,RENEWAL,2026-07-15
Harborline,2026-06,134,HL-975206,Darren Huff,1950-01-26,B-P-00946,24647567,26.25,RENEWAL,2026-07-15
Harborline,2026-06,135,HL-174494,Lauren Parker,1959-02-18,B-P-00968,43888211,26.25,RENEWAL,2026-07-15
Harborline,2026-06,136,HL-877247,William Richards,1957-05-20,B-P-00978,90228424,52.50,NEW,2026-07-15
Harborline,2026-06,137,HL-375079,Jeff Orozco,1947-02-26,B-P-00995,98787777,26.25,RENEWAL,2026-07-15
Harborline,2026-06,138,HL-819538,Jason Simmons,1958-04-20,B-P-00996,91146902,26.25,RENEWAL,2026-07-15
Harborline,2026-06,139,HL-522273,Eddie Smith,1948-05-31,B-P-01007,67876966,52.50,NEW,2026-07-15
Harborline,2026-06,140,HL-933267,Gabrielle Torres,1989-12-13,B-P-01018,84583776,22.00,NEW,2026-07-15
Harborline,2026-06,141,HL-502343,Nicole Johnson,1943-03-20,B-P-01023,9527070,26.25,RENEWAL,2026-07-15
Harborline,2026-06,142,HL-631045,Anthony Simmons,1938-01-02,B-P-01031,50399119,26.25,RENEWAL,2026-07-15
Harborline,2026-06,143,HL-771461,Alexander Fletcher,1948-11-23,B-P-01036,9527070,52.50,NEW,2026-07-15
Harborline,2026-06,144,HL-846883,Nicole Bautista,1957-04-18,B-P-01044,64493418,19.00,RENEWAL,2026-07-15
Harborline,2026-06,145,HL-304207,Nicole Bautista,1957-04-18,B-P-01045,64493418,4.20,RENEWAL,2026-07-15
Harborline,2026-06,146,HL-166381,Mark Williams,1933-11-10,B-P-01046,59893296,19.00,RENEWAL,2026-07-15
Harborline,2026-06,147,HL-196942,Mark Williams,1933-11-10,B-P-01047,59893296,4.20,RENEWAL,2026-07-15
Harborline,2026-06,148,HL-823125,Michael Horton,1933-11-28,B-P-01060,64493418,52.50,NEW,2026-07-15
Harborline,2026-06,149,HL-557990,Suzanne Dunlap,2003-02-06,B-P-01069,75084135,16.00,RENEWAL,2026-07-15
Harborline,2026-06,150,HL-916044,Melody Fletcher,1948-02-17,B-P-01073,93619366,26.25,RENEWAL,2026-07-15
Harborline,2026-06,151,HL-929028,Virginia Fletcher,1967-07-31,B-P-01074,93619366,22.00,NEW,2026-07-15
Harborline,2026-06,152,HL-967058,Nicholas Hansen,1993-04-02,B-P-01079,64493418,26.25,RENEWAL,2026-07-15
Harborline,2026-06,153,HL-899268,Peggy Johnson,1970-10-12,B-P-01096,91146902,16.00,RENEWAL,2026-07-15
Harborline,2026-06,154,HL-478340,Chad Pena,1956-01-30,B-P-01105,14829889,26.25,RENEWAL,2026-07-15
Harborline,2026-06,155,HL-745873,Diamond Davenport,1936-01-14,B-P-01111,45462976,26.25,RENEWAL,2026-07-15
Harborline,2026-06,156,HL-657171,Frank Perez,1950-11-14,B-P-01116,64493418,26.25,RENEWAL,2026-07-15
Harborline,2026-06,157,HL-279085,Adam Stuart,1963-01-27,B-P-01117,69777236,16.00,RENEWAL,2026-07-15
Harborline,2026-06,158,HL-892739,Michael Lopez,1955-03-09,B-P-01118,45462976,26.25,RENEWAL,2026-07-15
Harborline,2026-06,159,HL-432507,Anthony Lowe,1937-10-06,B-P-01127,14829889,8.40,NEW,2026-07-15
Harborline,2026-06,160,HL-167888,Christopher Richmond,1954-11-06,B-P-01131,64493418,26.25,RENEWAL,2026-07-15
Harborline,2026-06,161,HL-559406,Hannah Long,1934-12-27,B-P-01137,93619366,26.25,RENEWAL,2026-07-15
Harborline,2026-06,162,HL-800044,Christian Cross-Perkins,1971-06-07,B-P-01139,91146902,22.00,NEW,2026-07-15
Harborline,2026-06,163,HL-111749,Michael Hawkins,1950-07-19,B-P-01162,37947372,26.25,RENEWAL,2026-07-15
Harborline,2026-06,164,HL-563442,Donna Jennings,1950-11-24,B-P-01166,49066206,26.25,RENEWAL,2026-07-15
Harborline,2026-06,165,HL-807796,Scott Wood,1940-05-19,B-P-01167,67876966,26.25,RENEWAL,2026-07-15
Harborline,2026-06,166,HL-525289,Megan Davis,2000-06-05,B-P-01172,69777236,16.00,RENEWAL,2026-07-15
Harborline,2026-06,167,HL-509023,Hannah Garcia,1944-01-02,B-P-01189,98787777,26.25,RENEWAL,2026-07-15
Harborline,2026-06,168,HL-816687,Carolyn Gould,1943-06-09,B-P-01198,24647567,52.50,NEW,2026-07-15
Harborline,2026-06,169,HL-411805,Michelle Anderson,1979-08-23,B-P-01207,24647567,26.25,RENEWAL,2026-07-15
Harborline,2026-06,170,HL-324592,Julia Hernandez,1934-08-06,B-P-01221,51446845,26.25,RENEWAL,2026-07-15
Harborline,2026-06,171,HL-239540,Gregory Hernandez,1944-06-14,B-P-01222,51446845,26.25,RENEWAL,2026-07-15
Harborline,2026-06,172,HL-814614,Grant Gutierrez,1985-02-24,B-P-01228,9527070,16.00,RENEWAL,2026-07-15
Harborline,2026-06,173,HL-654705,Edward Patel,1954-09-12,B-P-01230,26047628,26.25,RENEWAL,2026-07-15
Harborline,2026-06,174,HL-656145,Maurice Valdez,1956-06-16,B-P-01231,84583776,19.00,RENEWAL,2026-07-15
Harborline,2026-06,175,HL-723333,Maurice Valdez,1956-06-16,B-P-01232,84583776,4.20,RENEWAL,2026-07-15
Harborline,2026-06,176,HL-277386,Cassandra Perry,1938-09-17,B-P-01245,14829889,26.25,RENEWAL,2026-07-15
Harborline,2026-06,177,HL-160804,Deanna Terry,1945-01-15,B-P-01251,69777236,52.50,NEW,2026-07-15
Harborline,2026-06,178,HL-605720,Gregory Wood,1946-09-15,B-P-01257,49066206,26.25,RENEWAL,2026-07-15
Harborline,2026-06,179,HL-867235,Ashley Martinez,1955-03-05,B-P-01260,9527070,26.25,RENEWAL,2026-07-15
Harborline,2026-06,180,HL-852483,Evan Wright,1949-06-20,B-P-01263,91146902,26.25,RENEWAL,2026-07-15
Harborline,2026-06,181,HL-140940,Barry Adams,2001-10-30,B-P-01282,14829889,16.00,RENEWAL,2026-07-15
Harborline,2026-06,182,HL-947132,Kayla Horne,1975-01-13,B-P-01291,37947372,22.00,NEW,2026-07-15
Harborline,2026-06,183,HL-582794,Deborah Travis,1938-10-20,B-P-01309,90228424,4.20,RENEWAL,2026-07-15
Harborline,2026-06,184,HL-607150,Melinda Travis,1960-04-15,B-P-01310,90228424,52.50,NEW,2026-07-15
Harborline,2026-06,185,HL-877152,Stacy Shepard,1946-05-07,B-P-01312,37947372,19.00,RENEWAL,2026-07-15
Harborline,2026-06,186,HL-715082,Stacy Shepard,1946-05-07,B-P-01313,37947372,4.20,RENEWAL,2026-07-15
Harborline,2026-06,187,HL-908138,Melissa Simmons,1981-12-14,B-P-01325,43888211,22.00,NEW,2026-07-15
Harborline,2026-06,188,HL-647025,Victoria Mcdonald,1954-10-07,B-P-01326,50979283,19.00,RENEWAL,2026-07-15
Harborline,2026-06,189,HL-545088,Victoria Mcdonald,1954-10-07,B-P-01327,50979283,4.20,RENEWAL,2026-07-15
Harborline,2026-06,190,HL-516490,Cameron Stokes,1937-09-14,B-P-01335,69777236,26.25,RENEWAL,2026-07-15
Harborline,2026-06,191,HL-678938,Timothy Bell,1939-05-16,B-P-01336,9527070,26.25,RENEWAL,2026-07-15
Harborline,2026-06,192,HL-752931,Leslie Hill,1959-12-31,B-P-01342,81157097,4.20,RENEWAL,2026-07-15
Harborline,2026-06,193,HL-338365,Amanda Rollins,1943-12-31,B-P-01344,50399119,52.50,NEW,2026-07-15
Harborline,2026-06,194,HL-407239,Matthew Winters,1991-01-08,B-P-01351,69777236,16.00,RENEWAL,2026-07-15
Harborline,2026-06,195,HL-842560,Brian Jacobs,1952-07-05,B-P-01353,67876966,26.25,RENEWAL,2026-07-15
Harborline,2026-06,196,HL-235744,James Dennis,1937-02-08,B-P-01355,94445646,52.50,NEW,2026-07-15
Harborline,2026-06,197,HL-277106,Sandra Ayala,1952-03-18,B-P-01360,67876966,26.25,RENEWAL,2026-07-15
Harborline,2026-06,198,HL-890020,Daniel Robertson,1935-01-27,B-P-01362,98787777,52.50,NEW,2026-07-15
Harborline,2026-06,199,HL-574358,Mary Miller,1971-11-03,B-P-01373,91146902,16.00,RENEWAL,2026-07-15
Harborline,2026-06,200,HL-380144,Erik Jones,1956-10-02,B-P-01379,50399119,26.25,RENEWAL,2026-07-15
Harborline,2026-06,201,HL-555603,James Smith,1954-05-24,B-P-01394,20671937,52.50,NEW,2026-07-15
Harborline,2026-06,202,HL-747551,Priscilla Smith,1944-09-24,B-P-01396,20671937,4.20,RENEWAL,2026-07-15
Harborline,2026-06,203,HL-503783,Billy Wallace,1953-05-05,B-P-01400,75084135,52.50,NEW,2026-07-15
Harborline,2026-06,204,HL-399340,Maria Murphy,1940-10-02,B-P-01402,9527070,52.50,NEW,2026-07-15
Harborline,2026-06,205,HL-164929,Judith Wallace,1953-11-17,B-P-01404,91146902,26.25,RENEWAL,2026-07-15
Harborline,2026-06,206,HL-867353,Jill Flynn,2004-09-14,B-P-01409,64493418,22.00,NEW,2026-07-15
Harborline,2026-06,207,HL-838691,Blake Martinez,1937-02-17,B-P-01419,98787777,26.25,RENEWAL,2026-07-15
Harborline,2026-06,208,HL-474357,Debra Phillips,1953-03-24,B-P-01423,50979283,26.25,RENEWAL,2026-07-15
Harborline,2026-06,209,HL-812079,William Mendoza,1939-06-29,B-P-01429,43888211,26.25,RENEWAL,2026-07-15
Harborline,2026-06,210,HL-699685,Michael Smith,1941-09-10,B-P-01433,50399119,52.50,NEW,2026-07-15
Harborline,2026-06,211,HL-259579,Dustin Wade,1939-12-02,B-P-01436,84583776,26.25,RENEWAL,2026-07-15
Harborline,2026-06,212,HL-819173,Andrea Ferguson,1956-09-03,B-P-01437,98787777,19.00,RENEWAL,2026-07-15
Harborline,2026-06,213,HL-687442,Andrea Ferguson,1956-09-03,B-P-01438,98787777,4.20,RENEWAL,2026-07-15
Harborline,2026-06,214,HL-242446,Marie Williams,1942-01-27,B-P-01440,51446845,19.00,RENEWAL,2026-07-15
Harborline,2026-06,215,HL-437739,Marie Williams,1942-01-27,B-P-01441,51446845,4.20,RENEWAL,2026-07-15
Harborline,2026-06,216,HL-361333,David Fuller,1940-09-28,B-P-01443,50399119,26.25,RENEWAL,2026-07-15
Harborline,2026-06,217,HL-509658,William Freeman,1940-09-01,B-P-01456,50979283,26.25,RENEWAL,2026-07-15
Harborline,2026-06,218,HL-463471,Brenda Lee,1940-07-25,B-P-01477,90228424,52.50,NEW,2026-07-15
Harborline,2026-06,219,HL-518519,Diana Preston,1958-07-22,B-P-01479,24647567,52.50,NEW,2026-07-15
Harborline,2026-06,220,HL-772413,Denise Melendez,1936-08-22,B-P-01504,43888211,26.25,RENEWAL,2026-07-15
Harborline,2026-06,221,HL-786239,Scott Kaufman,1942-02-20,B-P-01509,84583776,52.50,NEW,2026-07-15
Harborline,2026-06,222,HL-647795,Amy Walker,1938-06-25,B-P-01521,81157097,52.50,NEW,2026-07-15
Harborline,2026-06,223,HL-392688,Michael Lynch,1941-12-15,B-P-01529,50979283,52.50,NEW,2026-07-15
Harborline,2026-06,224,HL-124076,Daniel Wilson,1949-03-08,B-P-01535,84583776,52.50,NEW,2026-07-15
Harborline,2026-06,225,HL-715083,Cassandra Collins,1935-06-05,B-P-01539,67876966,26.25,RENEWAL,2026-07-15
Harborline,2026-06,226,HL-420684,Craig Harper,1989-01-14,B-P-01547,43888211,16.00,RENEWAL,2026-07-15
Harborline,2026-06,227,HL-741491,Michael Harper,1949-07-29,B-P-01548,43888211,26.25,RENEWAL,2026-07-15
Harborline,2026-06,228,HL-141516,Jose Thomas,1950-03-14,B-P-01559,67876966,26.25,RENEWAL,2026-07-15
Harborline,2026-06,229,HL-364457,Sara Peters,1960-03-24,B-P-01578,94445646,19.00,RENEWAL,2026-07-15
Harborline,2026-06,230,HL-514660,Sara Peters,1960-03-24,B-P-01579,94445646,4.20,RENEWAL,2026-07-15
Harborline,2026-06,231,HL-192647,Daniel Gutierrez,1935-06-09,B-P-01580,69777236,19.00,RENEWAL,2026-07-15
Harborline,2026-06,232,HL-554282,Daniel Gutierrez,1935-06-09,B-P-01581,69777236,4.20,RENEWAL,2026-07-15
Harborline,2026-06,233,HL-106639,Shannon Miller,1937-04-11,B-P-01601,98787777,26.25,RENEWAL,2026-07-15
Harborline,2026-06,234,HL-214203,Kimberly Gonzalez,1937-10-17,B-P-01612,49066206,26.25,RENEWAL,2026-07-15
Harborline,2026-06,235,HL-137375,Jeffrey Williamson,1940-02-01,B-P-01626,51446845,26.25,RENEWAL,2026-07-15
Harborline,2026-06,236,HL-978060,Veronica Myers,1958-01-11,B-P-01632,43888211,4.20,RENEWAL,2026-07-15
Harborline,2026-06,237,HL-833162,Brandon Hoffman,1945-01-15,B-P-01639,98787777,52.50,NEW,2026-07-15
Harborline,2026-06,238,HL-123323,Joshua Lopez,1942-05-10,B-P-01641,81157097,26.25,RENEWAL,2026-07-15
Harborline,2026-06,239,HL-293617,John Dickerson,1938-01-20,B-P-01648,50399119,19.00,RENEWAL,2026-07-15
Harborline,2026-06,240,HL-342497,John Dickerson,1938-01-20,B-P-01649,50399119,4.20,RENEWAL,2026-07-15
Harborline,2026-06,241,HL-695977,Richard Kramer,1956-12-27,B-P-01666,50979283,26.25,RENEWAL,2026-07-15
Harborline,2026-06,242,HL-268099,Karen Chapman,1977-02-23,B-P-01676,49066206,22.00,NEW,2026-07-15
Harborline,2026-06,243,HL-328775,Mark Murray,1973-04-11,B-P-01716,26047628,22.00,NEW,2026-07-15
Harborline,2026-06,244,HL-659619,Gregory Watts,1971-10-23,B-P-01732,37947372,22.00,NEW,2026-07-15
Harborline,2026-06,245,HL-894398,Joshua Barnes,1982-09-18,B-P-01737,94445646,22.00,NEW,2026-07-15
Harborline,2026-06,246,HL-341770,Jessica Peck,1956-04-23,B-P-01744,98787777,38.00,NEW,2026-07-15
Harborline,2026-06,247,HL-560804,Jessica Peck,1956-04-23,B-P-01745,98787777,8.40,NEW,2026-07-15
Harborline,2026-06,248,HL-392280,Michael Prince,1949-07-20,B-P-01750,49066206,26.25,RENEWAL,2026-07-15
Harborline,2026-06,249,HL-414027,Thomas Miller,1955-08-06,B-P-01766,91146902,26.25,RENEWAL,2026-07-15
Harborline,2026-06,250,HL-956729,Christopher Adams,1985-12-28,B-P-01770,9527070,16.00,RENEWAL,2026-07-15
Harborline,2026-06,251,HL-765398,Emily Adams,1939-09-05,B-P-01771,9527070,26.25,RENEWAL,2026-07-15
Harborline,2026-06,252,HL-242916,Misty Solomon,2004-12-23,B-P-01774,67876966,22.00,NEW,2026-07-15
Harborline,2026-06,253,HL-326155,Deanna Harris,1933-10-15,B-P-01781,81157097,19.00,RENEWAL,2026-07-15
Harborline,2026-06,254,HL-776922,Deanna Harris,1933-10-15,B-P-01782,81157097,4.20,RENEWAL,2026-07-15
Harborline,2026-06,255,HL-143691,Brittney Neal,1959-06-11,B-P-01785,37947372,26.25,RENEWAL,2026-07-15
Harborline,2026-06,256,HL-471220,George Lee,1954-02-24,B-P-01788,64493418,26.25,RENEWAL,2026-07-15
Harborline,2026-06,257,HL-931198,Katherine Mccarthy,1939-07-28,B-P-01830,20671937,52.50,NEW,2026-07-15
Harborline,2026-06,258,HL-146007,Michelle Barber,1986-07-02,B-P-01833,90228424,16.00,RENEWAL,2026-07-15
Harborline,2026-06,259,HL-718524,Robert Carter,1993-09-22,B-P-01837,98787777,22.00,NEW,2026-07-15
Harborline,2026-06,260,HL-539525,Karina Walls,1954-12-05,B-P-01838,14829889,26.25,RENEWAL,2026-07-15
Harborline,2026-06,261,HL-752943,Stephanie Marsh,1979-09-11,B-P-01840,67876966,16.00,RENEWAL,2026-07-15
Harborline,2026-06,262,HL-365865,Amanda Anderson,1956-03-18,B-P-01854,24647567,4.20,RENEWAL,2026-07-15
Harborline,2026-06,263,HL-930506,Tara Walters,1944-06-07,B-P-01871,91146902,26.25,RENEWAL,2026-07-15
Harborline,2026-06,264,HL-880108,Lori Hansen,2004-10-27,B-P-01892,64493418,22.00,NEW,2026-07-15
Harborline,2026-06,265,HL-647965,Jill Perez,1946-04-11,B-P-01906,26047628,26.25,RENEWAL,2026-07-15
Harborline,2026-06,266,HL-752637,Steve Wolfe,1939-05-22,B-P-01914,14829889,26.25,RENEWAL,2026-07-15
Harborline,2026-06,267,HL-795004,Theresa Beck,1947-09-25,B-P-01951,50979283,19.00,RENEWAL,2026-07-15
Harborline,2026-06,268,HL-867355,Theresa Beck,1947-09-25,B-P-01952,50979283,4.20,RENEWAL,2026-07-15
Harborline,2026-06,269,HL-510400,Andrea Holland,2005-02-23,B-P-02004,64493418,16.00,RENEWAL,2026-07-15
Harborline,2026-06,270,HL-960756,Dennis Melendez,1936-08-22,B-P-02009,43888211,26.25,RENEWAL,2026-07-15
Harborline,2026-06,271,HL-317517,Briana Anderson,1937-12-05,B-P-02011,50399119,52.50,NEW,2026-07-15
Harborline,2026-06,272,HL-915081,Michelle Smith,1941-09-10,B-P-02016,50399119,52.50,NEW,2026-07-15
Harborline,2026-06,273,HL-369693,Dylan Kane,1980-12-17,B-P-02018,84583776,22.00,NEW,2026-07-15
Harborline,2026-06,274,HL-534286,Kevin Myers,1984-02-29,B-P-02032,43888211,22.00,NEW,2026-07-15
Cardinal Mutual,2026-06,1,CM-841994,Deanna Fernandez,1944-04-23,B-P-00001,49066206,26.25,RENEWAL,2026-07-15
Cardinal Mutual,2026-06,2,CM-353388,Lindsay Duran,1955-09-12,B-P-00036,51446845,26.25,RENEWAL,2026-07-15
Cardinal Mutual,2026-06,3,CM-629790,Jacqueline Vasquez,1950-11-03,B-P-00037,91146902,26.25,RENEWAL,2026-07-15
Cardinal Mutual,2026-06,4,CM-656520,Kathy Cook,1952-05-15,B-P-00054,98787777,26.25,RENEWAL,2026-07-15
Cardinal Mutual,2026-06,5,CM-463432,Jessica Murray,1944-02-29,B-P-00055,91146902,19.00,RENEWAL,2026-07-15
Cardinal Mutual,2026-06,6,CM-641988,Jessica Murray,1944-02-29,B-P-00056,91146902,4.20,RENEWAL,2026-07-15
Cardinal Mutual,2026-06,7,CM-186405,Dana Hansen,1957-08-09,B-P-00058,9527070,26.25,RENEWAL,2026-07-15
Cardinal Mutual,2026-06,8,CM-183658,Tara Rivas,1959-03-25,B-P-00065,94445646,26.25,RENEWAL,2026-07-15
Cardinal Mutual,2026-06,9,CM-102272,Thomas Vega-Rowland,1957-05-12,B-P-00072,75084135,52.50,NEW,2026-07-15
Cardinal Mutual,2026-06,10,CM-238890,Frank Mcdaniel,1951-09-05,B-P-00101,91146902,26.25,RENEWAL,2026-07-15
Cardinal Mutual,2026-06,11,CM-330219,Mitchell Russell,1960-08-04,B-P-00103,93619366,8.40,NEW,2026-07-15
Cardinal Mutual,2026-06,12,CM-118672,Chase Webb,1951-05-31,B-P-00105,20671937,26.25,RENEWAL,2026-07-15
Cardinal Mutual,2026-06,13,CM-871666,William Rowe,1938-06-23,B-P-00135,51446845,8.40,NEW,2026-07-15
Cardinal Mutual,2026-06,14,CM-397174,Melissa Gonzalez,1955-09-06,B-P-00142,69777236,52.50,NEW,2026-07-15
Cardinal Mutual,2026-06,15,CM-602538,Emma Williams,1959-03-17,B-P-00144,26047628,26.25,RENEWAL,2026-07-15
Cardinal Mutual,2026-06,16,CM-243240,Katie Zimmerman,1952-01-25,B-P-00145,59893296,26.25,RENEWAL,2026-07-15
Cardinal Mutual,2026-06,17,CM-155234,Tanya Zimmerman,1958-04-10,B-P-00147,59893296,52.50,NEW,2026-07-15
Cardinal Mutual,2026-06,18,CM-802270,Dale Frank,1934-03-09,B-P-00164,93619366,19.00,RENEWAL,2026-07-15
Cardinal Mutual,2026-06,19,CM-753408,Dale Frank,1934-03-09,B-P-00165,93619366,4.20,RENEWAL,2026-07-15
Cardinal Mutual,2026-06,20,CM-637224,Beth Cervantes,1945-03-31,B-P-00187,45462976,4.20,RENEWAL,2026-07-15
Cardinal Mutual,2026-06,21,CM-113014,William Tran,1956-03-18,B-P-00190,26047628,38.00,NEW,2026-07-15
Cardinal Mutual,2026-06,22,CM-972879,William Tran,1956-03-18,B-P-00191,26047628,8.40,NEW,2026-07-15
Cardinal Mutual,2026-06,23,CM-493331,Jamie Johnston,1981-04-08,B-P-00197,26047628,22.00,NEW,2026-07-15
Cardinal Mutual,2026-06,24,CM-243908,Wayne Brown,1947-04-29,B-P-00210,45462976,26.25,RENEWAL,2026-07-15
Cardinal Mutual,2026-06,25,CM-666659,Micheal Harvey,1957-08-16,B-P-00217,90228424,26.25,RENEWAL,2026-07-15
Cardinal Mutual,2026-06,26,CM-261560,Brandy Glenn,1944-01-13,B-P-00227,67876966,26.25,RENEWAL,2026-07-15
Cardinal Mutual,2026-06,27,CM-519281,Brad Gordon,1949-02-07,B-P-00233,50399119,26.25,RENEWAL,2026-07-15
Cardinal Mutual,2026-06,28,CM-962093,John Hoover,1941-12-15,B-P-00235,50399119,26.25,RENEWAL,2026-07-15
Cardinal Mutual,2026-06,29,CM-960882,Michael Green-Anderson,1937-09-04,B-P-00240,26047628,52.50,NEW,2026-07-15
Cardinal Mutual,2026-06,30,CM-554402,Sheryl Terrell,1956-08-20,B-P-00248,20671937,26.25,RENEWAL,2026-07-15
Cardinal Mutual,2026-06,31,CM-538457,April Wheeler,1948-03-03,B-P-00262,51446845,26.25,RENEWAL,2026-07-15
Cardinal Mutual,2026-06,32,CM-225077,Alexis Clark,1951-08-27,B-P-00283,59893296,26.25,RENEWAL,2026-07-15
Cardinal Mutual,2026-06,33,CM-942912,Dustin Watson,1942-11-07,B-P-00309,93619366,52.50,NEW,2026-07-15
Cardinal Mutual,2026-06,34,CM-690935,Helen Franklin,1952-10-15,B-P-00313,93619366,26.25,RENEWAL,2026-07-15
Cardinal Mutual,2026-06,35,CM-916081,Julie Thompson,1939-08-29,B-P-00316,51446845,52.50,NEW,2026-07-15
Cardinal Mutual,2026-06,36,CM-533550,Angela Williams,1950-01-16,B-P-00319,81157097,26.25,RENEWAL,2026-07-15
Cardinal Mutual,2026-06,37,CM-712739,Emily Williams,1934-10-10,B-P-00321,81157097,52.50,NEW,2026-07-15
Cardinal Mutual,2026-06,38,CM-980213,Brian Hawkins,1957-03-17,B-P-00332,75084135,26.25,RENEWAL,2026-07-15
Cardinal Mutual,2026-06,39,CM-326379,Steven Singleton,1943-10-23,B-P-00333,69777236,4.20,RENEWAL,2026-07-15
Cardinal Mutual,2026-06,40,CM-549629,Christine Wright,1947-02-18,B-P-00366,67876966,52.50,NEW,2026-07-15
Cardinal Mutual,2026-06,41,CM-429679,Susan Miller,1959-07-19,B-P-00369,69777236,4.20,RENEWAL,2026-07-15
Cardinal Mutual,2026-06,42,CM-626534,Danielle Quinn,1960-07-26,B-P-00376,84583776,52.50,NEW,2026-07-15
Cardinal Mutual,2026-06,43,CM-552404,Mason Hanson,1962-01-15,B-P-00379,67876966,16.00,RENEWAL,2026-07-15
Cardinal Mutual,2026-06,44,CM-625121,Brittany Hanson,1937-11-11,B-P-00380,67876966,26.25,RENEWAL,2026-07-15
Cardinal Mutual,2026-06,45,CM-177300,Michael Morris,1938-01-19,B-P-00385,51446845,26.25,RENEWAL,2026-07-15
Cardinal Mutual,2026-06,46,CM-375652,Manuel Castillo,1940-10-16,B-P-00395,14829889,26.25,RENEWAL,2026-07-15
Cardinal Mutual,2026-06,47,CM-507533,Kevin Knight,1955-01-07,B-P-00400,93619366,26.25,RENEWAL,2026-07-15
Cardinal Mutual,2026-06,48,CM-121237,Francisco Knight,1942-09-14,B-P-00401,93619366,26.25,RENEWAL,2026-07-15
Cardinal Mutual,2026-06,49,CM-178206,Donna Smith,1959-05-30,B-P-00424,94445646,52.50,NEW,2026-07-15
Cardinal Mutual,2026-06,50,CM-681078,Renee Colon,1949-10-02,B-P-00426,67876966,26.25,RENEWAL,2026-07-15
Cardinal Mutual,2026-06,51,CM-426317,Melissa Richardson,1941-02-13,B-P-00436,91146902,19.00,RENEWAL,2026-07-15
Cardinal Mutual,2026-06,52,CM-772806,Melissa Richardson,1941-02-13,B-P-00437,91146902,4.20,RENEWAL,2026-07-15
Cardinal Mutual,2026-06,53,CM-650069,Evelyn Dennis,1957-06-17,B-P-00452,51446845,26.25,RENEWAL,2026-07-15
Cardinal Mutual,2026-06,54,CM-923452,Erin Moore,1954-10-02,B-P-00463,51446845,19.00,RENEWAL,2026-07-15
Cardinal Mutual,2026-06,55,CM-168595,Erin Moore,1954-10-02,B-P-00464,51446845,4.20,RENEWAL,2026-07-15
Cardinal Mutual,2026-06,56,CM-930765,Tasha Rodriguez,1933-11-14,B-P-00475,26047628,26.25,RENEWAL,2026-07-15
Cardinal Mutual,2026-06,57,CM-390201,Martin Edwards,1934-09-03,B-P-00485,98787777,52.50,NEW,2026-07-15
Cardinal Mutual,2026-06,58,CM-229852,Jennifer Gutierrez,1943-05-17,B-P-00493,49066206,52.50,NEW,2026-07-15
Cardinal Mutual,2026-06,59,CM-520907,Kimberly Davis,1952-10-23,B-P-00498,20671937,26.25,RENEWAL,2026-07-15
Cardinal Mutual,2026-06,60,CM-607950,Marvin Beard,2004-01-17,B-P-00500,64493418,16.00,RENEWAL,2026-07-15
Cardinal Mutual,2026-06,61,CM-376383,Troy Thomas-Dougherty,1994-01-11,B-P-00509,49066206,16.00,RENEWAL,2026-07-15
Cardinal Mutual,2026-06,62,CM-332297,Todd Ritter,1942-12-06,B-P-00512,64493418,26.25,RENEWAL,2026-07-15
Cardinal Mutual,2026-06,63,CM-975840,Jack Patel,1983-04-24,B-P-00516,43888211,16.00,RENEWAL,2026-07-15
Cardinal Mutual,2026-06,64,CM-500637,John Mccullough,1973-06-18,B-P-00518,59893296,22.00,NEW,2026-07-15
Cardinal Mutual,2026-06,65,CM-503079,Scott Wright,1951-04-21,B-P-00533,69777236,26.25,RENEWAL,2026-07-15
Cardinal Mutual,2026-06,66,CM-584063,Matthew Moreno,1944-05-18,B-P-00554,49066206,26.25,RENEWAL,2026-07-15
Cardinal Mutual,2026-06,67,CM-247424,Ryan Reed,1942-06-18,B-P-00561,69777236,26.25,RENEWAL,2026-07-15
Cardinal Mutual,2026-06,68,CM-144656,Jill Smith,1972-12-29,B-P-00565,43888211,19.00,RENEWAL,2026-07-15
Cardinal Mutual,2026-06,69,CM-748068,Jill Smith,1972-12-29,B-P-00566,43888211,4.20,RENEWAL,2026-07-15
Cardinal Mutual,2026-06,70,CM-739130,Vanessa Hickman,1991-04-13,B-P-00573,37947372,16.00,RENEWAL,2026-07-15
Cardinal Mutual,2026-06,71,CM-877526,Matthew Morris,1995-07-08,B-P-00581,26047628,22.00,NEW,2026-07-15
Cardinal Mutual,2026-06,72,CM-825317,Ryan Mata,1942-07-11,B-P-00589,75084135,26.25,RENEWAL,2026-07-15
Cardinal Mutual,2026-06,73,CM-872892,Cynthia Mata,1975-12-24,B-P-00590,75084135,16.00,RENEWAL,2026-07-15
Cardinal Mutual,2026-06,74,CM-698900,Lindsey Smith,1936-03-12,B-P-00597,91146902,26.25,RENEWAL,2026-07-15
Cardinal Mutual,2026-06,75,CM-831302,Joshua Hartman,1942-06-10,B-P-00600,50399119,26.25,RENEWAL,2026-07-15
Cardinal Mutual,2026-06,76,CM-383860,Alyssa Reed,1951-10-23,B-P-00619,26047628,26.25,RENEWAL,2026-07-15
Cardinal Mutual,2026-06,77,CM-467313,Tracy George,1951-05-31,B-P-00622,81157097,52.50,NEW,2026-07-15
Cardinal Mutual,2026-06,78,CM-838282,Robert Miranda,2002-05-03,B-P-00623,14829889,16.00,RENEWAL,2026-07-15
Cardinal Mutual,2026-06,79,CM-745835,Angie Martin,1945-04-27,B-P-00632,81157097,4.20,RENEWAL,2026-07-15
Cardinal Mutual,2026-06,80,CM-305360,Tina Cole,1954-08-14,B-P-00639,24647567,26.25,RENEWAL,2026-07-15
Cardinal Mutual,2026-06,81,CM-305165,Carolyn Wright,1991-08-15,B-P-00662,94445646,52.50,NEW,2026-07-15
Cardinal Mutual,2026-06,82,CM-250859,Elizabeth Harris,1981-08-30,B-P-00669,51446845,22.00,NEW,2026-07-15
Cardinal Mutual,2026-06,83,CM-783078,Jacob Smith,1942-02-08,B-P-00700,49066206,52.50,NEW,2026-07-15
Cardinal Mutual,2026-06,84,CM-640005,Janice Murray,1946-08-08,B-P-00711,14829889,26.25,RENEWAL,2026-07-15
Cardinal Mutual,2026-06,85,CM-242688,Stephanie Anderson,1954-04-11,B-P-00724,50979283,26.25,RENEWAL,2026-07-15
Cardinal Mutual,2026-06,86,CM-693156,Willie Holt,1993-10-09,B-P-00729,75084135,16.00,RENEWAL,2026-07-15
Cardinal Mutual,2026-06,87,CM-289617,Bradley Suarez,1938-02-03,B-P-00730,50979283,26.25,RENEWAL,2026-07-15
Cardinal Mutual,2026-06,88,CM-597407,Joseph Johnson,1996-03-02,B-P-00731,50399119,22.00,NEW,2026-07-15
Cardinal Mutual,2026-06,89,CM-659794,Suzanne Sanford,1943-09-20,B-P-00733,20671937,52.50,NEW,2026-07-15
Cardinal Mutual,2026-06,90,CM-900075,Lauren Washington,1959-10-17,B-P-00735,64493418,26.25,RENEWAL,2026-07-15
Cardinal Mutual,2026-06,91,CM-609049,Jessica Contreras,1957-01-10,B-P-00743,94445646,52.50,NEW,2026-07-15
Cardinal Mutual,2026-06,92,CM-153928,Patrick Gordon,1933-10-02,B-P-00749,91146902,26.25,RENEWAL,2026-07-15
Cardinal Mutual,2026-06,93,CM-463659,Michael Blackburn,2003-11-30,B-P-00752,26047628,16.00,RENEWAL,2026-07-15
Cardinal Mutual,2026-06,94,CM-185447,Virginia Jenkins,1935-06-21,B-P-00793,51446845,38.00,NEW,2026-07-15
Cardinal Mutual,2026-06,95,CM-169729,Virginia Jenkins,1935-06-21,B-P-00794,51446845,8.40,NEW,2026-07-15
Cardinal Mutual,2026-06,96,CM-162379,Justin Hall,1955-02-11,B-P-00797,26047628,52.50,NEW,2026-07-15
Cardinal Mutual,2026-06,97,CM-704497,Deborah Rivera,1990-02-17,B-P-00799,75084135,16.00,RENEWAL,2026-07-15
Cardinal Mutual,2026-06,98,CM-582515,John Morris,1943-01-16,B-P-00804,37947372,52.50,NEW,2026-07-15
Cardinal Mutual,2026-06,99,CM-568856,Emily Lee,1948-04-14,B-P-00808,24647567,52.50,NEW,2026-07-15
Cardinal Mutual,2026-06,100,CM-985733,Kurt Elliott,1953-05-25,B-P-00818,84583776,26.25,RENEWAL,2026-07-15
Cardinal Mutual,2026-06,101,CM-168696,Helen Wells,1989-01-29,B-P-00819,94445646,22.00,NEW,2026-07-15
Cardinal Mutual,2026-06,102,CM-958073,Christopher Willis,1943-10-14,B-P-00828,90228424,26.25,RENEWAL,2026-07-15
Cardinal Mutual,2026-06,103,CM-759032,Alison Davis,1986-03-17,B-P-00829,84583776,22.00,NEW,2026-07-15
Cardinal Mutual,2026-06,104,CM-597802,John Bailey,1937-11-14,B-P-00837,91146902,52.50,NEW,2026-07-15
Cardinal Mutual,2026-06,105,CM-111838,David White,1976-11-22,B-P-00848,93619366,16.00,RENEWAL,2026-07-15
Cardinal Mutual,2026-06,106,CM-405340,Brandon White,1959-08-02,B-P-00853,64493418,19.00,RENEWAL,2026-07-15
Cardinal Mutual,2026-06,107,CM-987266,Brandon White,1959-08-02,B-P-00854,64493418,4.20,RENEWAL,2026-07-15
Cardinal Mutual,2026-06,108,CM-770569,William Phillips,1986-07-07,B-P-00858,37947372,22.00,NEW,2026-07-15
Cardinal Mutual,2026-06,109,CM-489519,Michael Warren,1940-01-12,B-P-00862,69777236,26.25,RENEWAL,2026-07-15
Cardinal Mutual,2026-06,110,CM-173106,Martha Hamilton,1944-11-30,B-P-00866,94445646,26.25,RENEWAL,2026-07-15
Cardinal Mutual,2026-06,111,CM-646957,Juan Page,1947-09-11,B-P-00871,37947372,52.50,NEW,2026-07-15
Cardinal Mutual,2026-06,112,CM-680636,Lori Vasquez,1954-03-12,B-P-00872,67876966,19.00,RENEWAL,2026-07-15
Cardinal Mutual,2026-06,113,CM-852989,Lori Vasquez,1954-03-12,B-P-00873,67876966,4.20,RENEWAL,2026-07-15
Cardinal Mutual,2026-06,114,CM-275879,Kelly Ray,1968-12-16,B-P-00882,49066206,22.00,NEW,2026-07-15
Cardinal Mutual,2026-06,115,CM-704816,Evan Clark,1954-02-02,B-P-00904,43888211,8.40,NEW,2026-07-15
Cardinal Mutual,2026-06,116,CM-223758,James Lyons,1939-02-23,B-P-00921,93619366,26.25,RENEWAL,2026-07-15
Cardinal Mutual,2026-06,117,CM-922829,Kim Graves,1954-03-25,B-P-00926,20671937,26.25,RENEWAL,2026-07-15
Cardinal Mutual,2026-06,118,CM-864409,Edward Griffith,1940-03-14,B-P-00932,75084135,26.25,RENEWAL,2026-07-15
Cardinal Mutual,2026-06,119,CM-505767,Jerome Lee,1939-12-14,B-P-00939,93619366,26.25,RENEWAL,2026-07-15
Cardinal Mutual,2026-06,120,CM-287407,Ryan Parker,1992-03-21,B-P-00948,26047628,22.00,NEW,2026-07-15
Cardinal Mutual,2026-06,121,CM-158233,Jose Mata,1949-11-10,B-P-00954,50399119,26.25,RENEWAL,2026-07-15
Cardinal Mutual,2026-06,122,CM-904647,Eric White,1994-12-20,B-P-00956,37947372,22.00,NEW,2026-07-15
Cardinal Mutual,2026-06,123,CM-557262,Melinda Osborne,1992-11-25,B-P-00959,20671937,22.00,NEW,2026-07-15
Cardinal Mutual,2026-06,124,CM-523483,Cody Richards,1937-06-06,B-P-00976,90228424,52.50,NEW,2026-07-15
Cardinal Mutual,2026-06,125,CM-932834,Shelby Stanley,1954-07-19,B-P-00981,50979283,19.00,RENEWAL,2026-07-15
Cardinal Mutual,2026-06,126,CM-288446,Shelby Stanley,1954-07-19,B-P-00982,50979283,4.20,RENEWAL,2026-07-15
Cardinal Mutual,2026-06,127,CM-160341,Cheryl Anderson,1937-02-14,B-P-00986,26047628,26.25,RENEWAL,2026-07-15
Cardinal Mutual,2026-06,128,CM-556375,Darren Miller,1955-07-28,B-P-00987,64493418,19.00,RENEWAL,2026-07-15
Cardinal Mutual,2026-06,129,CM-231192,Darren Miller,1955-07-28,B-P-00988,64493418,4.20,RENEWAL,2026-07-15
Cardinal Mutual,2026-06,130,CM-516147,Michael Liu,1954-12-05,B-P-01001,9527070,26.25,RENEWAL,2026-07-15
Cardinal Mutual,2026-06,131,CM-905682,Brandon Thomas,2000-06-17,B-P-01004,50399119,16.00,RENEWAL,2026-07-15
Cardinal Mutual,2026-06,132,CM-396470,Brian Garcia,1975-09-03,B-P-01029,51446845,16.00,RENEWAL,2026-07-15
Cardinal Mutual,2026-06,133,CM-647400,Keith Mays,1947-10-18,B-P-01039,75084135,52.50,NEW,2026-07-15
Cardinal Mutual,2026-06,134,CM-215659,Elizabeth Schneider,1972-04-06,B-P-01042,67876966,16.00,RENEWAL,2026-07-15
Cardinal Mutual,2026-06,135,CM-882604,Joseph Schneider,1999-04-20,B-P-01043,67876966,16.00,RENEWAL,2026-07-15
Cardinal Mutual,2026-06,136,CM-503002,Daniel Evans,1942-09-23,B-P-01055,67876966,19.00,RENEWAL,2026-07-15
Cardinal Mutual,2026-06,137,CM-488247,Daniel Evans,1942-09-23,B-P-01056,67876966,4.20,RENEWAL,2026-07-15
Cardinal Mutual,2026-06,138,CM-932925,Allison Horton,1955-10-03,B-P-01058,64493418,26.25,RENEWAL,2026-07-15
Cardinal Mutual,2026-06,139,CM-734655,Robert Carter,1945-12-14,B-P-01061,69777236,4.20,RENEWAL,2026-07-15
Cardinal Mutual,2026-06,140,CM-474799,Elizabeth Thompson,1940-05-14,B-P-01062,81157097,19.00,RENEWAL,2026-07-15
Cardinal Mutual,2026-06,141,CM-917252,Elizabeth Thompson,1940-05-14,B-P-01063,81157097,4.20,RENEWAL,2026-07-15
Cardinal Mutual,2026-06,142,CM-217636,Sandra Alvarez,1945-04-16,B-P-01075,20671937,52.50,NEW,2026-07-15
Cardinal Mutual,2026-06,143,CM-338103,Heidi Anderson,1956-09-20,B-P-01084,81157097,26.25,RENEWAL,2026-07-15
Cardinal Mutual,2026-06,144,CM-518812,Louis Davis,1950-05-15,B-P-01091,69777236,26.25,RENEWAL,2026-07-15
Cardinal Mutual,2026-06,145,CM-185633,Gabriella Carpenter,1960-07-22,B-P-01094,69777236,8.40,NEW,2026-07-15
Cardinal Mutual,2026-06,146,CM-402287,Sheila Norman,1934-11-26,B-P-01102,59893296,19.00,RENEWAL,2026-07-15
Cardinal Mutual,2026-06,147,CM-291877,Sheila Norman,1934-11-26,B-P-01103,59893296,4.20,RENEWAL,2026-07-15
Cardinal Mutual,2026-06,148,CM-685089,Alexa Smith,1954-05-23,B-P-01113,45462976,26.25,RENEWAL,2026-07-15
Cardinal Mutual,2026-06,149,CM-747764,Mark Davis,1945-12-09,B-P-01122,81157097,26.25,RENEWAL,2026-07-15
Cardinal Mutual,2026-06,150,CM-249609,Bradley Acevedo,1991-09-18,B-P-01124,45462976,16.00,RENEWAL,2026-07-15
Cardinal Mutual,2026-06,151,CM-297901,Daniel Lowe,1959-08-28,B-P-01128,14829889,52.50,NEW,2026-07-15
Cardinal Mutual,2026-06,152,CM-149625,Kristina Mckay,1941-08-15,B-P-01144,43888211,26.25,RENEWAL,2026-07-15
Cardinal Mutual,2026-06,153,CM-556571,Kristen James,1944-07-18,B-P-01147,69777236,26.25,RENEWAL,2026-07-15
Cardinal Mutual,2026-06,154,CM-252417,Ariel Cain,1937-10-03,B-P-01171,98787777,26.25,RENEWAL,2026-07-15
Cardinal Mutual,2026-06,155,CM-164889,Judy Ellis,1968-03-04,B-P-01175,81157097,16.00,RENEWAL,2026-07-15
Cardinal Mutual,2026-06,156,CM-371284,Cody Walker,1974-06-26,B-P-01181,91146902,16.00,RENEWAL,2026-07-15
Cardinal Mutual,2026-06,157,CM-675536,Benjamin Walker,1944-03-12,B-P-01184,91146902,19.00,RENEWAL,2026-07-15
Cardinal Mutual,2026-06,158,CM-170310,Benjamin Walker,1944-03-12,B-P-01185,91146902,4.20,RENEWAL,2026-07-15
Cardinal Mutual,2026-06,159,CM-306923,Emily Higgins,1956-02-11,B-P-01191,50979283,26.25,RENEWAL,2026-07-15
Cardinal Mutual,2026-06,160,CM-969676,William Reyes,1935-07-27,B-P-01197,37947372,52.50,NEW,2026-07-15
Cardinal Mutual,2026-06,161,CM-781233,Crystal Kelley,1941-04-27,B-P-01202,49066206,26.25,RENEWAL,2026-07-15
Cardinal Mutual,2026-06,162,CM-207979,Stanley Anderson,1960-02-27,B-P-01208,24647567,38.00,NEW,2026-07-15
Cardinal Mutual,2026-06,163,CM-297717,Stanley Anderson,1960-02-27,B-P-01209,24647567,8.40,NEW,2026-07-15
Cardinal Mutual,2026-06,164,CM-945195,Samuel Vargas,1988-11-24,B-P-01216,14829889,22.00,NEW,2026-07-15
Cardinal Mutual,2026-06,165,CM-923586,Mary Nunez,1934-10-01,B-P-01219,93619366,26.25,RENEWAL,2026-07-15
Cardinal Mutual,2026-06,166,CM-554111,Patrick Nunez,1944-10-02,B-P-01220,93619366,26.25,RENEWAL,2026-07-15
Cardinal Mutual,2026-06,167,CM-633145,Diana Waller,1951-12-11,B-P-01235,9527070,52.50,NEW,2026-07-15
Cardinal Mutual,2026-06,168,CM-991009,Jonathan Whitney,1956-10-02,B-P-01249,93619366,52.50,NEW,2026-07-15
Cardinal Mutual,2026-06,169,CM-388236,Keith Garcia,1992-06-07,B-P-01267,49066206,26.25,RENEWAL,2026-07-15
Cardinal Mutual,2026-06,170,CM-295296,Jason Ward,1966-03-23,B-P-01273,50979283,22.00,NEW,2026-07-15
Cardinal Mutual,2026-06,171,CM-841203,Ricky King,1959-11-05,B-P-01277,69777236,26.25,RENEWAL,2026-07-15
Cardinal Mutual,2026-06,172,CM-950125,Robert King,1958-01-22,B-P-01278,69777236,26.25,RENEWAL,2026-07-15
Cardinal Mutual,2026-06,173,CM-909043,Kristen Rocha,1997-08-15,B-P-01287,59893296,22.00,NEW,2026-07-15
Cardinal Mutual,2026-06,174,CM-834982,Tammy Sanchez,1949-01-21,B-P-01316,51446845,52.50,NEW,2026-07-15
Cardinal Mutual,2026-06,175,CM-950679,Marie Flores,1935-01-16,B-P-01323,14829889,26.25,RENEWAL,2026-07-15
Cardinal Mutual,2026-06,176,CM-950886,Jennifer Howard,1958-05-20,B-P-01331,26047628,19.00,RENEWAL,2026-07-15
Cardinal Mutual,2026-06,177,CM-857298,Jennifer Howard,1958-05-20,B-P-01332,26047628,4.20,RENEWAL,2026-07-15
Cardinal Mutual,2026-06,178,CM-280788,Ashley Hill,1940-07-09,B-P-01341,81157097,52.50,NEW,2026-07-15
Cardinal Mutual,2026-06,179,CM-753719,John Gutierrez,1958-01-05,B-P-01358,9527070,52.50,NEW,2026-07-15
Cardinal Mutual,2026-06,180,CM-452688,Frank King,1958-10-18,B-P-01366,24647567,4.20,RENEWAL,2026-07-15
Cardinal Mutual,2026-06,181,CM-495750,Evelyn Ford,1985-04-22,B-P-01372,50399119,22.00,NEW,2026-07-15
Cardinal Mutual,2026-06,182,CM-112069,Maria Hopkins,1938-09-12,B-P-01386,24647567,19.00,RENEWAL,2026-07-15
Cardinal Mutual,2026-06,183,CM-177163,Maria Hopkins,1938-09-12,B-P-01387,24647567,4.20,RENEWAL,2026-07-15
Cardinal Mutual,2026-06,184,CM-718248,Chase Mckenzie,1940-06-19,B-P-01388,59893296,26.25,RENEWAL,2026-07-15
Cardinal Mutual,2026-06,185,CM-342834,Matthew Simon,1949-02-15,B-P-01413,90228424,26.25,RENEWAL,2026-07-15
Cardinal Mutual,2026-06,186,CM-951616,Samantha Stout,1985-08-01,B-P-01416,26047628,16.00,RENEWAL,2026-07-15
Cardinal Mutual,2026-06,187,CM-802373,Amber Calhoun,1935-02-06,B-P-01426,59893296,52.50,NEW,2026-07-15
Cardinal Mutual,2026-06,188,CM-573860,Laura Smith,1938-01-21,B-P-01458,93619366,26.25,RENEWAL,2026-07-15
Cardinal Mutual,2026-06,189,CM-374048,Timothy Boyd,1999-02-11,B-P-01470,51446845,22.00,NEW,2026-07-15
Cardinal Mutual,2026-06,190,CM-197937,Kevin Mitchell,1934-01-27,B-P-01472,9527070,26.25,RENEWAL,2026-07-15
Cardinal Mutual,2026-06,191,CM-541970,Vincent Woods,1941-03-07,B-P-01482,94445646,26.25,RENEWAL,2026-07-15
Cardinal Mutual,2026-06,192,CM-159400,Lisa Moore,1968-04-02,B-P-01489,9527070,22.00,NEW,2026-07-15
Cardinal Mutual,2026-06,193,CM-163784,Katelyn Zimmerman,1962-08-06,B-P-01493,59893296,22.00,NEW,2026-07-15
Cardinal Mutual,2026-06,194,CM-918976,Glen Lynch,2000-01-03,B-P-01527,50979283,22.00,NEW,2026-07-15
Cardinal Mutual,2026-06,195,CM-799916,Judith Johnson,1959-01-15,B-P-01533,59893296,26.25,RENEWAL,2026-07-15
Cardinal Mutual,2026-06,196,CM-656767,Brianna Richard,1951-05-09,B-P-01540,49066206,26.25,RENEWAL,2026-07-15
Cardinal Mutual,2026-06,197,CM-637608,Jamie Richard,1970-11-21,B-P-01541,49066206,16.00,RENEWAL,2026-07-15
Cardinal Mutual,2026-06,198,CM-813465,Ryan Sparks,1962-09-25,B-P-01544,93619366,22.00,NEW,2026-07-15
Cardinal Mutual,2026-06,199,CM-983108,Tracey Moore,1942-01-24,B-P-01553,24647567,26.25,RENEWAL,2026-07-15
Cardinal Mutual,2026-06,200,CM-982949,John Lewis,1968-03-02,B-P-01557,84583776,16.00,RENEWAL,2026-07-15
Cardinal Mutual,2026-06,201,CM-907665,Michael Newman,1951-01-31,B-P-01562,84583776,26.25,RENEWAL,2026-07-15
Cardinal Mutual,2026-06,202,CM-739978,Charles Hernandez,1951-08-17,B-P-01568,81157097,26.25,RENEWAL,2026-07-15
Cardinal Mutual,2026-06,203,CM-694392,Richard Hughes,1936-06-30,B-P-01570,59893296,26.25,RENEWAL,2026-07-15
Cardinal Mutual,2026-06,204,CM-408462,Crystal Austin,1985-06-08,B-P-01571,67876966,22.00,NEW,2026-07-15
Cardinal Mutual,2026-06,205,CM-532307,Shirley Lewis,1949-09-08,B-P-01582,93619366,26.25,RENEWAL,2026-07-15
Cardinal Mutual,2026-06,206,CM-185816,Maria Cooper,1943-02-24,B-P-01583,93619366,26.25,RENEWAL,2026-07-15
Cardinal Mutual,2026-06,207,CM-854730,Daniel Cooper,1974-05-31,B-P-01584,93619366,22.00,NEW,2026-07-15
Cardinal Mutual,2026-06,208,CM-864622,Scott Black,1959-08-24,B-P-01588,93619366,26.25,RENEWAL,2026-07-15
Cardinal Mutual,2026-06,209,CM-754237,Joel Saunders,1988-02-01,B-P-01589,49066206,16.00,RENEWAL,2026-07-15
Cardinal Mutual,2026-06,210,CM-239109,Angela Munoz,1940-12-03,B-P-01593,69777236,26.25,RENEWAL,2026-07-15
Cardinal Mutual,2026-06,211,CM-527706,Erika Smith,1951-04-17,B-P-01594,91146902,26.25,RENEWAL,2026-07-15
Cardinal Mutual,2026-06,212,CM-462964,Elizabeth Crawford,1942-05-21,B-P-01607,69777236,52.50,NEW,2026-07-15
Cardinal Mutual,2026-06,213,CM-467636,Brent Mcneil,1947-11-22,B-P-01608,51446845,38.00,NEW,2026-07-15
Cardinal Mutual,2026-06,214,CM-838767,Brent Mcneil,1947-11-22,B-P-01609,51446845,8.40,NEW,2026-07-15
Cardinal Mutual,2026-06,215,CM-371195,Kristin Dickerson,1942-07-04,B-P-01616,67876966,4.20,RENEWAL,2026-07-15
Cardinal Mutual,2026-06,216,CM-439889,Brandon Simon,1938-06-14,B-P-01617,98787777,26.25,RENEWAL,2026-07-15
Cardinal Mutual,2026-06,217,CM-824264,Amanda Lara,1960-01-26,B-P-01618,50979283,4.20,RENEWAL,2026-07-15
Cardinal Mutual,2026-06,218,CM-363774,Tiffany Gilbert,1988-05-24,B-P-01652,50979283,16.00,RENEWAL,2026-07-15
Cardinal Mutual,2026-06,219,CM-648532,Meghan Carlson,1939-12-03,B-P-01662,50979283,26.25,RENEWAL,2026-07-15
Cardinal Mutual,2026-06,220,CM-609358,Joyce Kramer,1934-02-07,B-P-01665,50979283,26.25,RENEWAL,2026-07-15
Cardinal Mutual,2026-06,221,CM-298330,Matthew Chapman,1977-06-24,B-P-01674,49066206,22.00,NEW,2026-07-15
Cardinal Mutual,2026-06,222,CM-975733,Phillip Torres,1935-09-06,B-P-01679,64493418,26.25,RENEWAL,2026-07-15
Cardinal Mutual,2026-06,223,CM-290772,Noah Roy,1941-02-14,B-P-01681,93619366,26.25,RENEWAL,2026-07-15
Cardinal Mutual,2026-06,224,CM-553336,Melissa Roy,1952-02-18,B-P-01682,93619366,8.40,NEW,2026-07-15
Cardinal Mutual,2026-06,225,CM-194956,Wayne Clark,1939-03-27,B-P-01696,84583776,26.25,RENEWAL,2026-07-15
Cardinal Mutual,2026-06,226,CM-396522,Laura Townsend,1954-12-23,B-P-01698,26047628,26.25,RENEWAL,2026-07-15
Cardinal Mutual,2026-06,227,CM-501715,Tricia Sawyer,1942-05-03,B-P-01699,49066206,26.25,RENEWAL,2026-07-15
Cardinal Mutual,2026-06,228,CM-805207,Tina Castro,1938-08-16,B-P-01722,90228424,4.20,RENEWAL,2026-07-15
Cardinal Mutual,2026-06,229,CM-897258,Marie Watkins,1944-03-18,B-P-01752,45462976,52.50,NEW,2026-07-15
Cardinal Mutual,2026-06,230,CM-596132,Karl Mendez,1957-12-06,B-P-01755,50399119,26.25,RENEWAL,2026-07-15
Cardinal Mutual,2026-06,231,CM-330807,James Grant-Taylor,1935-07-06,B-P-01758,50399119,38.00,NEW,2026-07-15
Cardinal Mutual,2026-06,232,CM-382777,James Grant-Taylor,1935-07-06,B-P-01759,50399119,8.40,NEW,2026-07-15
Cardinal Mutual,2026-06,233,CM-843165,Eric King,1940-10-28,B-P-01762,64493418,19.00,RENEWAL,2026-07-15
Cardinal Mutual,2026-06,234,CM-676123,Eric King,1940-10-28,B-P-01763,64493418,4.20,RENEWAL,2026-07-15
Cardinal Mutual,2026-06,235,CM-763201,Claudia Elliott,1965-04-16,B-P-01783,64493418,26.25,RENEWAL,2026-07-15
Cardinal Mutual,2026-06,236,CM-521259,Michele Elliott,1982-12-25,B-P-01784,64493418,22.00,NEW,2026-07-15
Cardinal Mutual,2026-06,237,CM-365926,Jasmine Steele,1951-09-29,B-P-01790,24647567,52.50,NEW,2026-07-15
Cardinal Mutual,2026-06,238,CM-209601,Sheena Adams,1946-10-09,B-P-01795,69777236,52.50,NEW,2026-07-15
Cardinal Mutual,2026-06,239,CM-445625,Walter Horton,1952-07-07,B-P-01801,75084135,26.25,RENEWAL,2026-07-15
Cardinal Mutual,2026-06,240,CM-323414,Benjamin Brown,1942-05-21,B-P-01803,93619366,52.50,NEW,2026-07-15
Cardinal Mutual,2026-06,241,CM-702669,Patrick Patel,1940-08-07,B-P-01804,26047628,52.50,NEW,2026-07-15
Cardinal Mutual,2026-06,242,CM-336088,Michelle Baker,1955-06-10,B-P-01807,75084135,52.50,NEW,2026-07-15
Cardinal Mutual,2026-06,243,CM-788973,Douglas Baker,1941-05-02,B-P-01808,75084135,52.50,NEW,2026-07-15
Cardinal Mutual,2026-06,244,CM-953495,Kathryn Jones,1952-11-02,B-P-01816,49066206,26.25,RENEWAL,2026-07-15
Cardinal Mutual,2026-06,245,CM-682880,Kristen Jackson,1934-01-17,B-P-01821,91146902,8.40,NEW,2026-07-15
Cardinal Mutual,2026-06,246,CM-883441,Max Jackson,1946-04-29,B-P-01822,91146902,52.50,NEW,2026-07-15
Cardinal Mutual,2026-06,247,CM-235620,Jeffrey Edwards,1946-11-27,B-P-01823,51446845,52.50,NEW,2026-07-15
Cardinal Mutual,2026-06,248,CM-217057,Caroline Barber,1949-11-21,B-P-01832,90228424,52.50,NEW,2026-07-15
Cardinal Mutual,2026-06,249,CM-495841,Carlos Carter,1943-12-01,B-P-01836,98787777,26.25,RENEWAL,2026-07-15
Cardinal Mutual,2026-06,250,CM-822418,Jeffrey Turner,1970-07-10,B-P-01851,20671937,16.00,RENEWAL,2026-07-15
Cardinal Mutual,2026-06,251,CM-398242,Edward Harris,1988-01-10,B-P-01863,20671937,16.00,RENEWAL,2026-07-15
Cardinal Mutual,2026-06,252,CM-548538,Richard Pratt,1945-08-29,B-P-01870,50399119,26.25,RENEWAL,2026-07-15
Cardinal Mutual,2026-06,253,CM-515908,James Blake,1936-01-26,B-P-01875,24647567,52.50,NEW,2026-07-15
Cardinal Mutual,2026-06,254,CM-735853,Jessica Whitehead,1975-07-09,B-P-01877,93619366,22.00,NEW,2026-07-15
Cardinal Mutual,2026-06,255,CM-870148,Paul Carter,1998-08-30,B-P-01880,26047628,22.00,NEW,2026-07-15
Cardinal Mutual,2026-06,256,CM-733093,Adam Carter,1951-02-20,B-P-01881,26047628,26.25,RENEWAL,2026-07-15
Cardinal Mutual,2026-06,257,CM-809810,Mary Henderson,2004-11-09,B-P-01883,81157097,22.00,NEW,2026-07-15
Cardinal Mutual,2026-06,258,CM-159017,Matthew Henderson,1951-05-16,B-P-01884,81157097,8.40,NEW,2026-07-15
Cardinal Mutual,2026-06,259,CM-144366,Loretta Garner,1934-06-25,B-P-01886,81157097,52.50,NEW,2026-07-15
Cardinal Mutual,2026-06,260,CM-184408,Brianna Perez,1942-07-05,B-P-01907,26047628,26.25,RENEWAL,2026-07-15
Cardinal Mutual,2026-06,261,CM-567995,Stephen Jones,1959-03-25,B-P-01920,81157097,52.50,NEW,2026-07-15
Cardinal Mutual,2026-06,262,CM-293377,Brandon Rodriguez,2001-05-10,B-P-01924,50399119,22.00,NEW,2026-07-15
Cardinal Mutual,2026-06,263,CM-930695,Nicole Anderson,1936-09-25,B-P-01926,98787777,52.50,NEW,2026-07-15
Cardinal Mutual,2026-06,264,CM-601246,Miranda Harrison,1936-03-26,B-P-01935,20671937,26.25,RENEWAL,2026-07-15
Cardinal Mutual,2026-06,265,CM-946993,Kevin Khan,1965-08-27,B-P-01954,45462976,52.50,NEW,2026-07-15
Cardinal Mutual,2026-06,266,CM-965576,Melissa Johnson,1942-09-29,B-P-01958,9527070,38.00,NEW,2026-07-15
Cardinal Mutual,2026-06,267,CM-345063,Melissa Johnson,1942-09-29,B-P-01959,9527070,8.40,NEW,2026-07-15
Cardinal Mutual,2026-06,268,CM-221062,Stephanie Jones,1959-03-25,B-P-01999,81157097,52.50,NEW,2026-07-15
Cardinal Mutual,2026-06,269,CM-282750,Roberta Miranda,2002-05-03,B-P-02012,14829889,16.00,RENEWAL,2026-07-15
Summit Health Plans,2026-06,1,SH-718237,Maria Moody,1952-09-27,B-P-00003,45462976,26.25,RENEWAL,2026-07-15
Summit Health Plans,2026-06,2,SH-159996,Derrick Long,1948-10-09,B-P-00005,9527070,19.00,RENEWAL,2026-07-15
Summit Health Plans,2026-06,3,SH-768544,Derrick Long,1948-10-09,B-P-00006,9527070,4.20,RENEWAL,2026-07-15
Summit Health Plans,2026-06,4,SH-795824,Joseph Mejia,1954-04-24,B-P-00013,43888211,52.50,NEW,2026-07-15
Summit Health Plans,2026-06,5,SH-778651,Stephen Smith,1942-01-18,B-P-00017,59893296,26.25,RENEWAL,2026-07-15
Summit Health Plans,2026-06,6,SH-161353,Sarah Shannon,1963-03-08,B-P-00020,50399119,26.25,RENEWAL,2026-07-15
Summit Health Plans,2026-06,7,SH-636772,Kylie Franklin,1934-09-06,B-P-00021,20671937,26.25,RENEWAL,2026-07-15
Summit Health Plans,2026-06,8,SH-824878,Tyler Li,1937-12-14,B-P-00026,91146902,26.25,RENEWAL,2026-07-15
Summit Health Plans,2026-06,9,SH-847858,Pamela Graves,1945-07-26,B-P-00027,94445646,26.25,RENEWAL,2026-07-15
Summit Health Plans,2026-06,10,SH-546858,Lori Bailey,1933-11-14,B-P-00032,26047628,26.25,RENEWAL,2026-07-15
Summit Health Plans,2026-06,11,SH-241409,Wesley Simpson,1974-04-11,B-P-00033,90228424,16.00,RENEWAL,2026-07-15
Summit Health Plans,2026-06,12,SH-267131,Seth Watson,1978-11-05,B-P-00043,14829889,19.00,RENEWAL,2026-07-15
Summit Health Plans,2026-06,13,SH-189345,Seth Watson,1978-11-05,B-P-00044,14829889,4.20,RENEWAL,2026-07-15
Summit Health Plans,2026-06,14,SH-310748,Jennifer Leonard,1937-05-23,B-P-00068,93619366,19.00,RENEWAL,2026-07-15
Summit Health Plans,2026-06,15,SH-354796,Jennifer Leonard,1937-05-23,B-P-00069,93619366,4.20,RENEWAL,2026-07-15
Summit Health Plans,2026-06,16,SH-276744,David Graham,1935-12-11,B-P-00070,98787777,26.25,RENEWAL,2026-07-15
Summit Health Plans,2026-06,17,SH-970749,Sean Wilson,1955-07-19,B-P-00078,93619366,26.25,RENEWAL,2026-07-15
Summit Health Plans,2026-06,18,SH-387046,Christie Andrews,1937-08-25,B-P-00084,64493418,26.25,RENEWAL,2026-07-15
Summit Health Plans,2026-06,19,SH-129823,Theresa Barrett,1947-12-05,B-P-00089,94445646,52.50,NEW,2026-07-15
Summit Health Plans,2026-06,20,SH-948978,Gina Smith,1964-03-06,B-P-00098,14829889,16.00,RENEWAL,2026-07-15
Summit Health Plans,2026-06,21,SH-436434,Dustin Mcdaniel,1945-03-15,B-P-00100,91146902,26.25,RENEWAL,2026-07-15
Summit Health Plans,2026-06,22,SH-417925,William Ellison,1934-06-20,B-P-00107,91146902,26.25,RENEWAL,2026-07-15
Summit Health Plans,2026-06,23,SH-486210,Ronald Arnold,1958-04-11,B-P-00114,9527070,52.50,NEW,2026-07-15
Summit Health Plans,2026-06,24,SH-244024,Pam Reed,1937-06-28,B-P-00120,75084135,26.25,RENEWAL,2026-07-15
Summit Health Plans,2026-06,25,SH-561033,Jessica Ortiz,1944-08-28,B-P-00122,49066206,26.25,RENEWAL,2026-07-15
Summit Health Plans,2026-06,26,SH-385237,Gary Wagner,1950-06-13,B-P-00126,90228424,26.25,RENEWAL,2026-07-15
Summit Health Plans,2026-06,27,SH-302104,Sheryl Martin,1940-03-24,B-P-00129,43888211,52.50,NEW,2026-07-15
Summit Health Plans,2026-06,28,SH-115278,Hunter Gonzalez,1944-01-08,B-P-00139,69777236,19.00,RENEWAL,2026-07-15
Summit Health Plans,2026-06,29,SH-376195,Hunter Gonzalez,1944-01-08,B-P-00140,69777236,4.20,RENEWAL,2026-07-15
Summit Health Plans,2026-06,30,SH-568755,Keith Phillips,1973-07-26,B-P-00157,49066206,22.00,NEW,2026-07-15
Summit Health Plans,2026-06,31,SH-626273,Jennifer Suarez,1937-07-04,B-P-00158,98787777,19.00,RENEWAL,2026-07-15
Summit Health Plans,2026-06,32,SH-849885,Jennifer Suarez,1937-07-04,B-P-00159,98787777,4.20,RENEWAL,2026-07-15
Summit Health Plans,2026-06,33,SH-887550,Charles Woods,1938-01-25,B-P-00174,37947372,4.20,RENEWAL,2026-07-15
Summit Health Plans,2026-06,34,SH-234678,Ashley Ellison,1944-06-27,B-P-00188,91146902,26.25,RENEWAL,2026-07-15
Summit Health Plans,2026-06,35,SH-726724,John Tran,1959-06-12,B-P-00189,26047628,26.25,RENEWAL,2026-07-15
Summit Health Plans,2026-06,36,SH-686172,David Roy,1935-10-07,B-P-00202,64493418,26.25,RENEWAL,2026-07-15
Summit Health Plans,2026-06,37,SH-339247,Carolyn Brown,1999-09-22,B-P-00211,45462976,16.00,RENEWAL,2026-07-15
Summit Health Plans,2026-06,38,SH-955078,Amy Moore,1943-08-31,B-P-00212,94445646,26.25,RENEWAL,2026-07-15
Summit Health Plans,2026-06,39,SH-943444,Heather Potts,1979-08-01,B-P-00221,84583776,22.00,NEW,2026-07-15
Summit Health Plans,2026-06,40,SH-448410,David Gordon,1952-10-15,B-P-00231,50399119,19.00,RENEWAL,2026-07-15
Summit Health Plans,2026-06,41,SH-624327,David Gordon,1952-10-15,B-P-00232,50399119,4.20,RENEWAL,2026-07-15
Summit Health Plans,2026-06,42,SH-271297,Hunter Hoover,1949-08-05,B-P-00234,50399119,26.25,RENEWAL,2026-07-15
Summit Health Plans,2026-06,43,SH-544342,Jennifer Fields,1991-04-06,B-P-00242,90228424,22.00,NEW,2026-07-15
Summit Health Plans,2026-06,44,SH-460722,Julie Bates,1941-03-17,B-P-00246,45462976,52.50,NEW,2026-07-15
Summit Health Plans,2026-06,45,SH-868919,Debbie Ford,1960-02-16,B-P-00249,20671937,52.50,NEW,2026-07-15
Summit Health Plans,2026-06,46,SH-795322,Justin Rodriguez,1939-11-08,B-P-00255,14829889,4.20,RENEWAL,2026-07-15
Summit Health Plans,2026-06,47,SH-885899,Robert Murphy,1940-10-11,B-P-00258,50399119,26.25,RENEWAL,2026-07-15
Summit Health Plans,2026-06,48,SH-615107,Ross Reed,1980-06-13,B-P-00265,49066206,22.00,NEW,2026-07-15
Summit Health Plans,2026-06,49,SH-554370,Nicholas Pineda,1952-03-18,B-P-00279,51446845,19.00,RENEWAL,2026-07-15
Summit Health Plans,2026-06,50,SH-678812,Nicholas Pineda,1952-03-18,B-P-00280,51446845,4.20,RENEWAL,2026-07-15
Summit Health Plans,2026-06,51,SH-406534,Chad Hammond,1987-10-15,B-P-00282,90228424,16.00,RENEWAL,2026-07-15
Summit Health Plans,2026-06,52,SH-369595,Thomas Friedman,1998-06-03,B-P-00299,90228424,16.00,RENEWAL,2026-07-15
Summit Health Plans,2026-06,53,SH-462019,Jennifer Rodriguez,1962-10-09,B-P-00302,69777236,16.00,RENEWAL,2026-07-15
Summit Health Plans,2026-06,54,SH-190028,Andrew Lopez,1959-11-08,B-P-00307,43888211,52.50,NEW,2026-07-15
Summit Health Plans,2026-06,55,SH-228312,Carol Williams,1945-07-25,B-P-00318,81157097,26.25,RENEWAL,2026-07-15
Summit Health Plans,2026-06,56,SH-342933,Samuel Burns,1974-06-24,B-P-00322,90228424,26.25,RENEWAL,2026-07-15
Summit Health Plans,2026-06,57,SH-725568,Jerome Garcia,1946-08-04,B-P-00327,43888211,52.50,NEW,2026-07-15
Summit Health Plans,2026-06,58,SH-646333,Shawn Johns,1940-03-07,B-P-00337,67876966,26.25,RENEWAL,2026-07-15
Summit Health Plans,2026-06,59,SH-192791,Caitlyn Strong,1945-12-31,B-P-00347,20671937,26.25,RENEWAL,2026-07-15
Summit Health Plans,2026-06,60,SH-827654,Rachel Dickson,1947-01-20,B-P-00351,43888211,26.25,RENEWAL,2026-07-15
Summit Health Plans,2026-06,61,SH-296653,Gregory Barnett,1947-04-30,B-P-00357,26047628,26.25,RENEWAL,2026-07-15
Summit Health Plans,2026-06,62,SH-144960,Cynthia Barnett,1955-12-03,B-P-00358,26047628,26.25,RENEWAL,2026-07-15
Summit Health Plans,2026-06,63,SH-154559,Jacob House,1939-03-14,B-P-00361,98787777,26.25,RENEWAL,2026-07-15
Summit Health Plans,2026-06,64,SH-470979,John Serrano,1936-03-30,B-P-00373,24647567,26.25,RENEWAL,2026-07-15
Summit Health Plans,2026-06,65,SH-350171,Curtis Johnson,1948-12-27,B-P-00382,59893296,52.50,NEW,2026-07-15
Summit Health Plans,2026-06,66,SH-415066,Megan Castillo,1938-08-29,B-P-00394,14829889,52.50,NEW,2026-07-15
Summit Health Plans,2026-06,67,SH-688157,Peggy Lopez,1947-03-18,B-P-00397,20671937,26.25,RENEWAL,2026-07-15
Summit Health Plans,2026-06,68,SH-318896,Jermaine Yoder,1936-04-28,B-P-00420,24647567,26.25,RENEWAL,2026-07-15
Summit Health Plans,2026-06,69,SH-574429,Tonya Yoder,1936-08-15,B-P-00421,24647567,26.25,RENEWAL,2026-07-15
Summit Health Plans,2026-06,70,SH-529681,Kendra Banks,1939-07-24,B-P-00429,49066206,26.25,RENEWAL,2026-07-15
Summit Health Plans,2026-06,71,SH-693270,Tammy Fitzgerald,1951-10-14,B-P-00430,84583776,26.25,RENEWAL,2026-07-15
Summit Health Plans,2026-06,72,SH-396822,Michael Hill,1936-12-06,B-P-00439,69777236,26.25,RENEWAL,2026-07-15
Summit Health Plans,2026-06,73,SH-805591,Terri Smith,1956-07-16,B-P-00447,93619366,26.25,RENEWAL,2026-07-15
Summit Health Plans,2026-06,74,SH-832304,Christopher Hobbs,1948-10-28,B-P-00456,69777236,26.25,RENEWAL,2026-07-15
Summit Health Plans,2026-06,75,SH-429280,Wesley Gross,1958-05-05,B-P-00459,93619366,52.50,NEW,2026-07-15
Summit Health Plans,2026-06,76,SH-755038,Alicia Lee,1936-09-01,B-P-00461,90228424,52.50,NEW,2026-07-15
Summit Health Plans,2026-06,77,SH-516975,Andrew Brown,1939-05-21,B-P-00476,84583776,26.25,RENEWAL,2026-07-15
Summit Health Plans,2026-06,78,SH-665400,Taylor Robinson,1951-10-13,B-P-00479,43888211,26.25,RENEWAL,2026-07-15
Summit Health Plans,2026-06,79,SH-163523,Michael Gutierrez,1942-01-14,B-P-00494,49066206,26.25,RENEWAL,2026-07-15
Summit Health Plans,2026-06,80,SH-363688,Kevin Beard,1947-09-24,B-P-00499,64493418,4.20,RENEWAL,2026-07-15
Summit Health Plans,2026-06,81,SH-243495,Stephen Bryant,1940-04-18,B-P-00502,90228424,4.20,RENEWAL,2026-07-15
Summit Health Plans,2026-06,82,SH-730883,Lisa Mcgrath,1946-08-23,B-P-00510,9527070,26.25,RENEWAL,2026-07-15
Summit Health Plans,2026-06,83,SH-517877,Shawn Ritter,1939-05-02,B-P-00513,64493418,19.00,RENEWAL,2026-07-15
Summit Health Plans,2026-06,84,SH-232705,Shawn Ritter,1939-05-02,B-P-00514,64493418,4.20,RENEWAL,2026-07-15
Summit Health Plans,2026-06,85,SH-992593,Amanda Pittman,1965-04-11,B-P-00520,20671937,22.00,NEW,2026-07-15
Summit Health Plans,2026-06,86,SH-320941,Haley Little,1956-05-15,B-P-00547,26047628,52.50,NEW,2026-07-15
Summit Health Plans,2026-06,87,SH-603376,Alyssa Campos,1948-10-30,B-P-00552,49066206,26.25,RENEWAL,2026-07-15
Summit Health Plans,2026-06,88,SH-485391,Derek Sanford,1954-08-31,B-P-00558,45462976,52.50,NEW,2026-07-15
Summit Health Plans,2026-06,89,SH-637554,Andrea Ruiz,1937-04-07,B-P-00570,91146902,26.25,RENEWAL,2026-07-15
Summit Health Plans,2026-06,90,SH-408319,Scott Holmes,1950-10-08,B-P-00577,50399119,26.25,RENEWAL,2026-07-15
Summit Health Plans,2026-06,91,SH-444618,Stephanie Barrett,1937-11-08,B-P-00582,75084135,19.00,RENEWAL,2026-07-15
Summit Health Plans,2026-06,92,SH-214025,Stephanie Barrett,1937-11-08,B-P-00583,75084135,4.20,RENEWAL,2026-07-15
Summit Health Plans,2026-06,93,SH-928490,Morgan Turner,1938-06-25,B-P-00594,26047628,26.25,RENEWAL,2026-07-15
Summit Health Plans,2026-06,94,SH-846604,Brianna Quinn,1981-04-09,B-P-00629,37947372,22.00,NEW,2026-07-15
Summit Health Plans,2026-06,95,SH-872825,Alice Jackson,1996-06-15,B-P-00634,45462976,26.25,RENEWAL,2026-07-15
Summit Health Plans,2026-06,96,SH-751595,Amanda Cole,1933-12-21,B-P-00637,24647567,26.25,RENEWAL,2026-07-15
Summit Health Plans,2026-06,97,SH-881239,John Hall,1944-07-25,B-P-00646,49066206,26.25,RENEWAL,2026-07-15
Summit Health Plans,2026-06,98,SH-360823,Caitlin Shannon,1940-09-20,B-P-00650,20671937,19.00,RENEWAL,2026-07-15
Summit Health Plans,2026-06,99,SH-312402,Caitlin Shannon,1940-09-20,B-P-00651,20671937,4.20,RENEWAL,2026-07-15
Summit Health Plans,2026-06,100,SH-908125,Shane Moody,1934-06-16,B-P-00654,67876966,19.00,RENEWAL,2026-07-15
Summit Health Plans,2026-06,101,SH-289559,Shane Moody,1934-06-16,B-P-00655,67876966,4.20,RENEWAL,2026-07-15
Summit Health Plans,2026-06,102,SH-171552,Nicole Rogers,1959-11-02,B-P-00666,14829889,19.00,RENEWAL,2026-07-15
Summit Health Plans,2026-06,103,SH-774323,Nicole Rogers,1959-11-02,B-P-00667,14829889,4.20,RENEWAL,2026-07-15
Summit Health Plans,2026-06,104,SH-554109,Theresa Mayo,1948-08-14,B-P-00681,93619366,26.25,RENEWAL,2026-07-15
Summit Health Plans,2026-06,105,SH-859019,Jacqueline Ryan,1991-05-28,B-P-00683,20671937,22.00,NEW,2026-07-15
Summit Health Plans,2026-06,106,SH-325740,Stacey Hill,1994-11-14,B-P-00687,64493418,26.25,RENEWAL,2026-07-15
Summit Health Plans,2026-06,107,SH-598116,Adriana Evans,1975-10-29,B-P-00693,93619366,19.00,RENEWAL,2026-07-15
Summit Health Plans,2026-06,108,SH-398455,Adriana Evans,1975-10-29,B-P-00694,93619366,4.20,RENEWAL,2026-07-15
Summit Health Plans,2026-06,109,SH-678852,Dylan Kane,1941-09-23,B-P-00704,84583776,19.00,RENEWAL,2026-07-15
Summit Health Plans,2026-06,110,SH-382728,Dylan Kane,1941-09-23,B-P-00705,84583776,4.20,RENEWAL,2026-07-15
Summit Health Plans,2026-06,111,SH-936387,Kaylee Greene,1954-11-23,B-P-00707,9527070,19.00,RENEWAL,2026-07-15
Summit Health Plans,2026-06,112,SH-754325,Kaylee Greene,1954-11-23,B-P-00708,9527070,4.20,RENEWAL,2026-07-15
Summit Health Plans,2026-06,113,SH-920688,Jessica Morrison,1959-08-10,B-P-00709,51446845,26.25,RENEWAL,2026-07-15
Summit Health Plans,2026-06,114,SH-142801,Kevin Morrison,1940-05-29,B-P-00710,51446845,26.25,RENEWAL,2026-07-15
Summit Health Plans,2026-06,115,SH-390200,Nicole Keller,1940-10-15,B-P-00722,94445646,38.00,NEW,2026-07-15
Summit Health Plans,2026-06,116,SH-692975,Nicole Keller,1940-10-15,B-P-00723,94445646,8.40,NEW,2026-07-15
Summit Health Plans,2026-06,117,SH-489499,Briana Walker,1957-10-31,B-P-00726,81157097,4.20,RENEWAL,2026-07-15
Summit Health Plans,2026-06,118,SH-630780,Ronald Sanford,1943-04-01,B-P-00734,20671937,52.50,NEW,2026-07-15
Summit Health Plans,2026-06,119,SH-685910,William Harrell,1967-06-10,B-P-00748,81157097,22.00,NEW,2026-07-15
Summit Health Plans,2026-06,120,SH-119841,Joel Price,1939-06-04,B-P-00764,90228424,26.25,RENEWAL,2026-07-15
Summit Health Plans,2026-06,121,SH-537171,Walter Price,1967-05-24,B-P-00766,90228424,22.00,NEW,2026-07-15
Summit Health Plans,2026-06,122,SH-569379,Laura Campos,1959-09-01,B-P-00781,50399119,52.50,NEW,2026-07-15
Summit Health Plans,2026-06,123,SH-698601,Kerry Hall,1944-01-04,B-P-00796,26047628,8.40,NEW,2026-07-15
Summit Health Plans,2026-06,124,SH-513910,Michael Brock,1993-03-27,B-P-00802,67876966,26.25,RENEWAL,2026-07-15
Summit Health Plans,2026-06,125,SH-393348,Craig Miller,1952-10-14,B-P-00805,37947372,26.25,RENEWAL,2026-07-15
Summit Health Plans,2026-06,126,SH-332623,Jeffrey Elliott,1948-03-03,B-P-00817,84583776,52.50,NEW,2026-07-15
Summit Health Plans,2026-06,127,SH-619902,Patrick Sanchez,1947-08-27,B-P-00824,81157097,26.25,RENEWAL,2026-07-15
Summit Health Plans,2026-06,128,SH-592073,Christine Bailey,1986-10-28,B-P-00836,91146902,16.00,RENEWAL,2026-07-15
Summit Health Plans,2026-06,129,SH-233039,Sheri Hancock,1934-01-09,B-P-00840,50399119,4.20,RENEWAL,2026-07-15
Summit Health Plans,2026-06,130,SH-444897,Charles Peters,1944-07-03,B-P-00842,45462976,19.00,RENEWAL,2026-07-15
Summit Health Plans,2026-06,131,SH-206835,Charles Peters,1944-07-03,B-P-00843,45462976,4.20,RENEWAL,2026-07-15
Summit Health Plans,2026-06,132,SH-659834,Margaret Zimmerman,1936-07-27,B-P-00847,59893296,52.50,NEW,2026-07-15
Summit Health Plans,2026-06,133,SH-883337,Richard Maldonado,1951-11-02,B-P-00850,14829889,26.25,RENEWAL,2026-07-15
Summit Health Plans,2026-06,134,SH-716537,Matthew Maldonado,1950-06-14,B-P-00851,14829889,26.25,RENEWAL,2026-07-15
Summit Health Plans,2026-06,135,SH-592405,Hunter Fields,1947-03-10,B-P-00859,84583776,26.25,RENEWAL,2026-07-15
Summit Health Plans,2026-06,136,SH-871098,Julie Johnson,1950-06-10,B-P-00861,26047628,26.25,RENEWAL,2026-07-15
Summit Health Plans,2026-06,137,SH-362395,Derek Martinez,1949-10-16,B-P-00864,24647567,26.25,RENEWAL,2026-07-15
Summit Health Plans,2026-06,138,SH-486673,Ryan Lopez,1959-03-23,B-P-00868,93619366,52.50,NEW,2026-07-15
Summit Health Plans,2026-06,139,SH-487143,Kyle Nguyen,1955-12-01,B-P-00888,9527070,52.50,NEW,2026-07-15
Summit Health Plans,2026-06,140,SH-443661,Alan Freeman,1940-01-23,B-P-00890,14829889,52.50,NEW,2026-07-15
Summit Health Plans,2026-06,141,SH-331777,Devin Johnson,1943-05-19,B-P-00895,93619366,26.25,RENEWAL,2026-07-15
Summit Health Plans,2026-06,142,SH-456921,Wanda Smith,1945-03-07,B-P-00898,90228424,26.25,RENEWAL,2026-07-15
Summit Health Plans,2026-06,143,SH-149951,Daniel Camacho,1942-10-31,B-P-00901,50979283,8.40,NEW,2026-07-15
Summit Health Plans,2026-06,144,SH-367584,Holly Gonzalez,1952-07-22,B-P-00915,94445646,52.50,NEW,2026-07-15
Summit Health Plans,2026-06,145,SH-449552,Benjamin Holland,1943-09-23,B-P-00920,26047628,26.25,RENEWAL,2026-07-15
Summit Health Plans,2026-06,146,SH-585279,Roberto Rivera,1937-12-06,B-P-00923,26047628,26.25,RENEWAL,2026-07-15
Summit Health Plans,2026-06,147,SH-927521,Deborah Schultz,1940-05-19,B-P-00933,67876966,19.00,RENEWAL,2026-07-15
Summit Health Plans,2026-06,148,SH-453652,Deborah Schultz,1940-05-19,B-P-00934,67876966,4.20,RENEWAL,2026-07-15
Summit Health Plans,2026-06,149,SH-503275,Stacy Fox,1948-11-09,B-P-00949,51446845,26.25,RENEWAL,2026-07-15
Summit Health Plans,2026-06,150,SH-842540,Monica Henderson,1941-03-02,B-P-00951,51446845,26.25,RENEWAL,2026-07-15
Summit Health Plans,2026-06,151,SH-888045,Joshua Collins,1954-02-14,B-P-00957,26047628,4.20,RENEWAL,2026-07-15
Summit Health Plans,2026-06,152,SH-884079,Traci Collins,1945-12-14,B-P-00958,26047628,26.25,RENEWAL,2026-07-15
Summit Health Plans,2026-06,153,SH-544567,Steven Dawson,1946-04-10,B-P-00965,59893296,19.00,RENEWAL,2026-07-15
Summit Health Plans,2026-06,154,SH-650018,Steven Dawson,1946-04-10,B-P-00966,59893296,4.20,RENEWAL,2026-07-15
Summit Health Plans,2026-06,155,SH-417212,Renee Dawson,1956-11-08,B-P-00967,59893296,26.25,RENEWAL,2026-07-15
Summit Health Plans,2026-06,156,SH-641371,Tara Horton,1938-09-28,B-P-00969,94445646,26.25,RENEWAL,2026-07-15
Summit Health Plans,2026-06,157,SH-226948,Sara Stanley,1943-07-12,B-P-00979,50979283,19.00,RENEWAL,2026-07-15
Summit Health Plans,2026-06,158,SH-298811,Sara Stanley,1943-07-12,B-P-00980,50979283,4.20,RENEWAL,2026-07-15
Summit Health Plans,2026-06,159,SH-791873,Audrey Bautista,1949-12-17,B-P-00983,84583776,19.00,RENEWAL,2026-07-15
Summit Health Plans,2026-06,160,SH-546663,Audrey Bautista,1949-12-17,B-P-00984,84583776,4.20,RENEWAL,2026-07-15
Summit Health Plans,2026-06,161,SH-513430,Brenda Harris,1957-05-12,B-P-00990,37947372,26.25,RENEWAL,2026-07-15
Summit Health Plans,2026-06,162,SH-225641,Walter Nelson,1980-03-10,B-P-01011,43888211,4.20,RENEWAL,2026-07-15
Summit Health Plans,2026-06,163,SH-215547,Laura Russell,1953-04-19,B-P-01025,67876966,26.25,RENEWAL,2026-07-15
Summit Health Plans,2026-06,164,SH-273331,Breanna Brooks,1969-02-17,B-P-01049,81157097,26.25,RENEWAL,2026-07-15
Summit Health Plans,2026-06,165,SH-835956,Bradley Jackson,1938-11-15,B-P-01054,91146902,26.25,RENEWAL,2026-07-15
Summit Health Plans,2026-06,166,SH-114152,Ryan Mitchell,1999-01-22,B-P-01064,50979283,16.00,RENEWAL,2026-07-15
Summit Health Plans,2026-06,167,SH-869449,Latoya Anderson,2000-05-08,B-P-01067,64493418,16.00,RENEWAL,2026-07-15
Summit Health Plans,2026-06,168,SH-988502,David Levine,1950-02-27,B-P-01068,90228424,52.50,NEW,2026-07-15
Summit Health Plans,2026-06,169,SH-862356,Brian Gonzales,1950-02-21,B-P-01077,49066206,26.25,RENEWAL,2026-07-15
Summit Health Plans,2026-06,170,SH-753241,Kathryn Conway,1973-06-15,B-P-01087,59893296,26.25,RENEWAL,2026-07-15
Summit Health Plans,2026-06,171,SH-433287,Paula Flowers,1948-07-07,B-P-01092,9527070,26.25,RENEWAL,2026-07-15
Summit Health Plans,2026-06,172,SH-209422,Sheila Johnson,1942-07-07,B-P-01095,91146902,26.25,RENEWAL,2026-07-15
Summit Health Plans,2026-06,173,SH-602814,Jamie Walters,1933-10-28,B-P-01106,59893296,26.25,RENEWAL,2026-07-15
Summit Health Plans,2026-06,174,SH-351785,Tonya Huffman,1951-04-25,B-P-01109,37947372,26.25,RENEWAL,2026-07-15
Summit Health Plans,2026-06,175,SH-546242,Craig Wilson,1944-07-13,B-P-01115,81157097,26.25,RENEWAL,2026-07-15
Summit Health Plans,2026-06,176,SH-153399,Casey Cunningham,1956-03-30,B-P-01121,64493418,52.50,NEW,2026-07-15
Summit Health Plans,2026-06,177,SH-160724,David Miller,1934-02-05,B-P-01125,90228424,26.25,RENEWAL,2026-07-15
Summit Health Plans,2026-06,178,SH-236333,Mary Miller,1949-12-29,B-P-01126,90228424,26.25,RENEWAL,2026-07-15
Summit Health Plans,2026-06,179,SH-962531,Lindsey Richmond,1951-05-18,B-P-01132,64493418,52.50,NEW,2026-07-15
Summit Health Plans,2026-06,180,SH-729402,Douglas Long,2005-09-07,B-P-01136,93619366,16.00,RENEWAL,2026-07-15
Summit Health Plans,2026-06,181,SH-589356,Gene Collins,1935-12-07,B-P-01142,26047628,26.25,RENEWAL,2026-07-15
Summit Health Plans,2026-06,182,SH-130720,Matthew Higgins,1996-10-10,B-P-01168,50979283,16.00,RENEWAL,2026-07-15
Summit Health Plans,2026-06,183,SH-897330,Amanda Higgins,1937-09-13,B-P-01170,50979283,52.50,NEW,2026-07-15
Summit Health Plans,2026-06,184,SH-881328,Edward Munoz,1935-10-21,B-P-01186,9527070,52.50,NEW,2026-07-15
Summit Health Plans,2026-06,185,SH-582907,Richard Harris,1953-07-20,B-P-01193,64493418,19.00,RENEWAL,2026-07-15
Summit Health Plans,2026-06,186,SH-605404,Richard Harris,1953-07-20,B-P-01194,64493418,4.20,RENEWAL,2026-07-15
Summit Health Plans,2026-06,187,SH-252404,Billy Reyes,1952-04-27,B-P-01196,37947372,52.50,NEW,2026-07-15
Summit Health Plans,2026-06,188,SH-510524,Charles Gould,1949-11-04,B-P-01199,24647567,26.25,RENEWAL,2026-07-15
Summit Health Plans,2026-06,189,SH-760010,Candace Delgado,1994-05-03,B-P-01204,91146902,16.00,RENEWAL,2026-07-15
Summit Health Plans,2026-06,190,SH-254830,Elizabeth Little,1950-08-20,B-P-01206,50399119,26.25,RENEWAL,2026-07-15
Summit Health Plans,2026-06,191,SH-253861,Larry Burke,1953-01-31,B-P-01224,9527070,19.00,RENEWAL,2026-07-15
Summit Health Plans,2026-06,192,SH-911990,Larry Burke,1953-01-31,B-P-01225,9527070,4.20,RENEWAL,2026-07-15
Summit Health Plans,2026-06,193,SH-764616,Curtis Brown,2001-05-13,B-P-01244,98787777,16.00,RENEWAL,2026-07-15
Summit Health Plans,2026-06,194,SH-121982,Michelle Taylor,1992-07-28,B-P-01265,51446845,22.00,NEW,2026-07-15
Summit Health Plans,2026-06,195,SH-212393,Marc Morgan,1942-02-14,B-P-01276,98787777,26.25,RENEWAL,2026-07-15
Summit Health Plans,2026-06,196,SH-104449,Julia Dennis,1957-01-02,B-P-01280,20671937,26.25,RENEWAL,2026-07-15
Summit Health Plans,2026-06,197,SH-855318,Michael Dennis,1957-12-18,B-P-01281,20671937,4.20,RENEWAL,2026-07-15
Summit Health Plans,2026-06,198,SH-862381,Henry Valentine,1999-03-25,B-P-01284,14829889,16.00,RENEWAL,2026-07-15
Summit Health Plans,2026-06,199,SH-617402,Robin Rocha,1952-06-03,B-P-01285,59893296,26.25,RENEWAL,2026-07-15
Summit Health Plans,2026-06,200,SH-618419,Melissa Ward,1934-02-12,B-P-01292,26047628,26.25,RENEWAL,2026-07-15
Summit Health Plans,2026-06,201,SH-197840,Kimberly Smith,1943-02-03,B-P-01298,90228424,19.00,RENEWAL,2026-07-15
Summit Health Plans,2026-06,202,SH-420912,Kimberly Smith,1943-02-03,B-P-01299,90228424,4.20,RENEWAL,2026-07-15
Summit Health Plans,2026-06,203,SH-987604,Raymond Miller,1954-05-12,B-P-01311,59893296,26.25,RENEWAL,2026-07-15
Summit Health Plans,2026-06,204,SH-191325,Kevin Morris,1941-12-10,B-P-01315,93619366,26.25,RENEWAL,2026-07-15
Summit Health Plans,2026-06,205,SH-120325,Anna Parker,1942-12-02,B-P-01317,84583776,52.50,NEW,2026-07-15
Summit Health Plans,2026-06,206,SH-869610,Elijah Ramirez,1957-07-25,B-P-01321,98787777,26.25,RENEWAL,2026-07-15
Summit Health Plans,2026-06,207,SH-152228,Meagan Simmons,1934-02-26,B-P-01324,43888211,52.50,NEW,2026-07-15
Summit Health Plans,2026-06,208,SH-890018,Laura Moran,1996-02-01,B-P-01350,81157097,22.00,NEW,2026-07-15
Summit Health Plans,2026-06,209,SH-608135,Glen Dennis,1950-06-03,B-P-01356,94445646,26.25,RENEWAL,2026-07-15
Summit Health Plans,2026-06,210,SH-609311,Melinda Ayala,1939-01-06,B-P-01361,67876966,8.40,NEW,2026-07-15
Summit Health Plans,2026-06,211,SH-327189,Frederick Sanchez,1954-01-31,B-P-01365,45462976,26.25,RENEWAL,2026-07-15
Summit Health Plans,2026-06,212,SH-422123,Andre King,1940-02-27,B-P-01367,24647567,26.25,RENEWAL,2026-07-15
Summit Health Plans,2026-06,213,SH-695323,Tammy Ford,1933-12-16,B-P-01370,50399119,26.25,RENEWAL,2026-07-15
Summit Health Plans,2026-06,214,SH-837500,Stacy Miller,2002-07-02,B-P-01375,91146902,22.00,NEW,2026-07-15
Summit Health Plans,2026-06,215,SH-817993,Derrick Jones,1933-11-03,B-P-01378,50399119,26.25,RENEWAL,2026-07-15
Summit Health Plans,2026-06,216,SH-827138,Courtney Scott,1960-07-31,B-P-01384,67876966,38.00,NEW,2026-07-15
Summit Health Plans,2026-06,217,SH-349138,Courtney Scott,1960-07-31,B-P-01385,67876966,8.40,NEW,2026-07-15
Summit Health Plans,2026-06,218,SH-560352,Madison Alexander,1954-05-31,B-P-01389,75084135,26.25,RENEWAL,2026-07-15
Summit Health Plans,2026-06,219,SH-973576,Justin Williams,1998-04-17,B-P-01390,50979283,22.00,NEW,2026-07-15
Summit Health Plans,2026-06,220,SH-148191,Joshua Barker,1950-07-30,B-P-01412,37947372,4.20,RENEWAL,2026-07-15
Summit Health Plans,2026-06,221,SH-250219,Sandra Lloyd,1940-07-13,B-P-01421,93619366,38.00,NEW,2026-07-15
Summit Health Plans,2026-06,222,SH-728870,Sandra Lloyd,1940-07-13,B-P-01422,93619366,8.40,NEW,2026-07-15
Summit Health Plans,2026-06,223,SH-718655,Samantha Phillips,1955-07-31,B-P-01424,50979283,26.25,RENEWAL,2026-07-15
Summit Health Plans,2026-06,224,SH-621568,Michelle Burns,1952-08-20,B-P-01442,84583776,26.25,RENEWAL,2026-07-15
Summit Health Plans,2026-06,225,SH-488437,David Bean,1960-07-06,B-P-01444,93619366,52.50,NEW,2026-07-15
Summit Health Plans,2026-06,226,SH-702550,George Thomas,1988-08-22,B-P-01445,24647567,52.50,NEW,2026-07-15
Summit Health Plans,2026-06,227,SH-911977,Jeff Chen,1941-12-29,B-P-01451,90228424,26.25,RENEWAL,2026-07-15
Summit Health Plans,2026-06,228,SH-383173,David Moore,1942-04-26,B-P-01487,9527070,52.50,NEW,2026-07-15
Summit Health Plans,2026-06,229,SH-802091,Veronica Morse,1934-03-19,B-P-01499,91146902,26.25,RENEWAL,2026-07-15
Summit Health Plans,2026-06,230,SH-463262,Jason Wheeler,1938-04-10,B-P-01503,84583776,52.50,NEW,2026-07-15
Summit Health Plans,2026-06,231,SH-203437,Amanda Mitchell,1944-07-24,B-P-01505,24647567,26.25,RENEWAL,2026-07-15
Summit Health Plans,2026-06,232,SH-939519,Douglas Kaufman,2004-10-15,B-P-01507,84583776,22.00,NEW,2026-07-15
Summit Health Plans,2026-06,233,SH-205400,Heather Thomas,1951-01-18,B-P-01511,50399119,26.25,RENEWAL,2026-07-15
Summit Health Plans,2026-06,234,SH-505366,Rachel Johnson,1988-02-06,B-P-01515,50399119,22.00,NEW,2026-07-15
Summit Health Plans,2026-06,235,SH-684915,Jesse Cantrell,1955-12-31,B-P-01516,26047628,19.00,RENEWAL,2026-07-15
Summit Health Plans,2026-06,236,SH-584387,Jesse Cantrell,1955-12-31,B-P-01517,26047628,4.20,RENEWAL,2026-07-15
Summit Health Plans,2026-06,237,SH-312884,Jennifer Kirk,1941-12-17,B-P-01552,14829889,52.50,NEW,2026-07-15
Summit Health Plans,2026-06,238,SH-712776,Ashley Barton,1938-03-06,B-P-01563,49066206,52.50,NEW,2026-07-15
Summit Health Plans,2026-06,239,SH-473614,Gary Blair,1934-05-25,B-P-01574,37947372,19.00,RENEWAL,2026-07-15
Summit Health Plans,2026-06,240,SH-350616,Gary Blair,1934-05-25,B-P-01575,37947372,4.20,RENEWAL,2026-07-15
Summit Health Plans,2026-06,241,SH-598127,Olivia Keith,1972-10-27,B-P-01592,51446845,16.00,RENEWAL,2026-07-15
Summit Health Plans,2026-06,242,SH-340198,Teresa Brown,1947-11-18,B-P-01610,64493418,19.00,RENEWAL,2026-07-15
Summit Health Plans,2026-06,243,SH-657154,Teresa Brown,1947-11-18,B-P-01611,64493418,4.20,RENEWAL,2026-07-15
Summit Health Plans,2026-06,244,SH-823474,Alicia Myers,1949-08-13,B-P-01620,64493418,26.25,RENEWAL,2026-07-15
Summit Health Plans,2026-06,245,SH-131105,Katherine Hoffman,1976-02-26,B-P-01637,98787777,16.00,RENEWAL,2026-07-15
Summit Health Plans,2026-06,246,SH-702580,Angela Dillon,1943-08-22,B-P-01645,43888211,52.50,NEW,2026-07-15
Summit Health Plans,2026-06,247,SH-795235,Trevor Mcpherson,1952-03-27,B-P-01655,24647567,52.50,NEW,2026-07-15
Summit Health Plans,2026-06,248,SH-780955,Tiffany Byrd,1935-02-25,B-P-01658,64493418,52.50,NEW,2026-07-15
Summit Health Plans,2026-06,249,SH-668454,Heather Medina,1958-03-16,B-P-01659,43888211,38.00,NEW,2026-07-15
Summit Health Plans,2026-06,250,SH-879531,Heather Medina,1958-03-16,B-P-01660,43888211,8.40,NEW,2026-07-15
Summit Health Plans,2026-06,251,SH-771619,Steven Mccoy,1956-01-24,B-P-01671,98787777,52.50,NEW,2026-07-15
Summit Health Plans,2026-06,252,SH-945950,Jacqueline Mccoy,1935-07-20,B-P-01672,98787777,52.50,NEW,2026-07-15
Summit Health Plans,2026-06,253,SH-208571,Michael Cuevas,1952-08-21,B-P-01690,45462976,26.25,RENEWAL,2026-07-15
Summit Health Plans,2026-06,254,SH-527169,Elizabeth Ray,1999-01-18,B-P-01692,14829889,16.00,RENEWAL,2026-07-15
Summit Health Plans,2026-06,255,SH-298421,Christian Woods,1951-10-01,B-P-01695,69777236,26.25,RENEWAL,2026-07-15
Summit Health Plans,2026-06,256,SH-970935,Amanda Wilson,1955-01-05,B-P-01701,84583776,26.25,RENEWAL,2026-07-15
Summit Health Plans,2026-06,257,SH-483071,David Rodriguez,1935-06-25,B-P-01703,20671937,26.25,RENEWAL,2026-07-15
Summit Health Plans,2026-06,258,SH-778575,Samantha Smith,1943-06-06,B-P-01720,98787777,19.00,RENEWAL,2026-07-15
Summit Health Plans,2026-06,259,SH-517580,Samantha Smith,1943-06-06,B-P-01721,98787777,4.20,RENEWAL,2026-07-15
Summit Health Plans,2026-06,260,SH-703219,Daniel Rodriguez,1944-06-12,B-P-01728,84583776,52.50,NEW,2026-07-15
Summit Health Plans,2026-06,261,SH-980713,Joseph Barnes,1939-09-22,B-P-01735,94445646,52.50,NEW,2026-07-15
Summit Health Plans,2026-06,262,SH-405699,Michael Steele,1948-04-24,B-P-01742,45462976,26.25,RENEWAL,2026-07-15
Summit Health Plans,2026-06,263,SH-202174,Katherine Stephens,1946-01-30,B-P-01748,49066206,52.50,NEW,2026-07-15
Summit Health Plans,2026-06,264,SH-381362,Carol Stephens,1942-06-05,B-P-01749,49066206,26.25,RENEWAL,2026-07-15
Summit Health Plans,2026-06,265,SH-582979,Michael King,1957-08-23,B-P-01761,64493418,52.50,NEW,2026-07-15
Summit Health Plans,2026-06,266,SH-854866,Benjamin Miller,1972-07-13,B-P-01765,91146902,22.00,NEW,2026-07-15
Summit Health Plans,2026-06,267,SH-390444,Ricardo Powell,1941-11-10,B-P-01772,94445646,26.25,RENEWAL,2026-07-15
Summit Health Plans,2026-06,268,SH-223422,Alyssa Charles,1947-06-01,B-P-01798,37947372,8.40,NEW,2026-07-15
Summit Health Plans,2026-06,269,SH-896963,John Davis,1939-09-27,B-P-01805,50399119,26.25,RENEWAL,2026-07-15
Summit Health Plans,2026-06,270,SH-417067,Connie Wilson,1946-04-21,B-P-01815,64493418,26.25,RENEWAL,2026-07-15
Summit Health Plans,2026-06,271,SH-457206,Brian Le,1979-02-09,B-P-01827,93619366,16.00,RENEWAL,2026-07-15
Summit Health Plans,2026-06,272,SH-104850,Thomas Orr,1939-06-09,B-P-01829,20671937,26.25,RENEWAL,2026-07-15
Summit Health Plans,2026-06,273,SH-478123,Lori Banks,1952-02-05,B-P-01843,59893296,19.00,RENEWAL,2026-07-15
Summit Health Plans,2026-06,274,SH-948971,Lori Banks,1952-02-05,B-P-01844,59893296,4.20,RENEWAL,2026-07-15
Summit Health Plans,2026-06,275,SH-371071,Charles Bryant,1936-04-09,B-P-01850,84583776,52.50,NEW,2026-07-15
Summit Health Plans,2026-06,276,SH-435846,Michael Ortiz,1955-02-26,B-P-01855,98787777,19.00,RENEWAL,2026-07-15
Summit Health Plans,2026-06,277,SH-108828,Michael Ortiz,1955-02-26,B-P-01856,98787777,4.20,RENEWAL,2026-07-15
Summit Health Plans,2026-06,278,SH-750766,Holly Ortiz,1958-06-13,B-P-01857,98787777,26.25,RENEWAL,2026-07-15
Summit Health Plans,2026-06,279,SH-564807,Amber Carey,1951-06-04,B-P-01866,20671937,52.50,NEW,2026-07-15
Summit Health Plans,2026-06,280,SH-344897,Patrick Velasquez,1945-02-10,B-P-01867,14829889,52.50,NEW,2026-07-15
Summit Health Plans,2026-06,281,SH-955003,Jamie Velasquez,1986-10-07,B-P-01868,14829889,16.00,RENEWAL,2026-07-15
Summit Health Plans,2026-06,282,SH-998238,Sarah Brock,1957-02-26,B-P-01872,98787777,26.25,RENEWAL,2026-07-15
Summit Health Plans,2026-06,283,SH-299612,Michael Thomas,1944-01-27,B-P-01873,91146902,26.25,RENEWAL,2026-07-15
Summit Health Plans,2026-06,284,SH-631789,Melissa Allen,1944-04-01,B-P-01889,59893296,26.25,RENEWAL,2026-07-15
Summit Health Plans,2026-06,285,SH-797272,Tim Hansen,1941-12-14,B-P-01893,64493418,26.25,RENEWAL,2026-07-15
Summit Health Plans,2026-06,286,SH-289170,Erin Evans,1954-09-05,B-P-01898,81157097,26.25,RENEWAL,2026-07-15
Summit Health Plans,2026-06,287,SH-566351,David Johnson,1937-10-25,B-P-01911,84583776,26.25,RENEWAL,2026-07-15
Summit Health Plans,2026-06,288,SH-676529,Cynthia Rodriguez,1963-12-28,B-P-01922,50399119,22.00,NEW,2026-07-15
Summit Health Plans,2026-06,289,SH-423806,Maria Rowland,1947-02-24,B-P-01930,90228424,52.50,NEW,2026-07-15
Summit Health Plans,2026-06,290,SH-801791,Elizabeth Harrison,1945-02-10,B-P-01934,20671937,52.50,NEW,2026-07-15
Summit Health Plans,2026-06,291,SH-878887,Kim Lane,1934-09-20,B-P-01938,50979283,26.25,RENEWAL,2026-07-15
Summit Health Plans,2026-06,292,SH-288764,Charles Hernandez,1941-09-28,B-P-01946,81157097,38.00,NEW,2026-07-15
Summit Health Plans,2026-06,293,SH-673472,Charles Hernandez,1941-09-28,B-P-01947,81157097,8.40,NEW,2026-07-15
Summit Health Plans,2026-06,294,SH-669785,Shaun Russo,1943-08-04,B-P-01950,69777236,26.25,RENEWAL,2026-07-15
Summit Health Plans,2026-06,295,SH-942427,Brandon Le,1948-01-31,B-P-01955,49066206,19.00,RENEWAL,2026-07-15
Summit Health Plans,2026-06,296,SH-603814,Brandon Le,1948-01-31,B-P-01956,49066206,4.20,RENEWAL,2026-07-15
Summit Health Plans,2026-06,297,SH-677919,Jeff Boyer,1936-07-11,B-P-01957,43888211,26.25,RENEWAL,2026-07-15
Summit Health Plans,2026-06,298,SH-997454,Michelle Nguyen,1969-03-02,B-P-01961,93619366,22.00,NEW,2026-07-15
Summit Health Plans,2026-06,299,SH-715049,Sherri Sanford,1942-03-30,B-P-01965,45462976,26.25,RENEWAL,2026-07-15
Summit Health Plans,2026-06,300,SH-833842,Daniel Williams,1979-01-11,B-P-01966,14829889,26.25,RENEWAL,2026-07-15
Summit Health Plans,2026-06,301,SH-696146,Holly Russell,1950-05-15,B-P-01971,93619366,26.25,RENEWAL,2026-07-15
Summit Health Plans,2026-06,302,SH-446037,Roberta Murphy,1940-10-11,B-P-01998,50399119,26.25,RENEWAL,2026-07-15
Summit Health Plans,2026-06,303,SH-686595,Danielle Camacho,1942-10-31,B-P-02008,50979283,8.40,NEW,2026-07-15
Summit Health Plans,2026-06,304,SH-624808,Shannon Miller,1969-10-28,B-P-02030,98787777,16.00,RENEWAL,2026-07-15
Meridian Care,2026-06,1,MC-625001,Richard Morrison,2004-08-16,B-P-00015,64493418,16.00,RENEWAL,2026-07-15
Meridian Care,2026-06,2,MC-223802,James Jennings,1946-06-28,B-P-00016,24647567,26.25,RENEWAL,2026-07-15
Meridian Care,2026-06,3,MC-547183,Madison Franklin,1943-08-17,B-P-00019,94445646,26.25,RENEWAL,2026-07-15
Meridian Care,2026-06,4,MC-660349,Jesse Griffin-Steele,1956-12-02,B-P-00040,67876966,26.25,RENEWAL,2026-07-15
Meridian Care,2026-06,5,MC-407093,Wanda Steele,1933-10-10,B-P-00041,67876966,19.00,RENEWAL,2026-07-15
Meridian Care,2026-06,6,MC-345637,Wanda Steele,1933-10-10,B-P-00042,67876966,4.20,RENEWAL,2026-07-15
Meridian Care,2026-06,7,MC-240661,Steven Porter,1952-09-29,B-P-00057,94445646,26.25,RENEWAL,2026-07-15
Meridian Care,2026-06,8,MC-687981,Katherine Morgan-Willis,1937-03-03,B-P-00060,93619366,19.00,RENEWAL,2026-07-15
Meridian Care,2026-06,9,MC-906779,Katherine Morgan-Willis,1937-03-03,B-P-00061,93619366,4.20,RENEWAL,2026-07-15
Meridian Care,2026-06,10,MC-697312,Rodney Lee,1945-09-10,B-P-00062,49066206,19.00,RENEWAL,2026-07-15
Meridian Care,2026-06,11,MC-206804,Rodney Lee,1945-09-10,B-P-00063,49066206,4.20,RENEWAL,2026-07-15
Meridian Care,2026-06,12,MC-857750,Veronica Dalton,1946-02-15,B-P-00073,49066206,4.20,RENEWAL,2026-07-15
Meridian Care,2026-06,13,MC-999349,Anthony Wilson,1946-10-07,B-P-00076,93619366,38.00,NEW,2026-07-15
Meridian Care,2026-06,14,MC-282965,Anthony Wilson,1946-10-07,B-P-00077,93619366,8.40,NEW,2026-07-15
Meridian Care,2026-06,15,MC-281749,Jennifer Bond,1937-08-14,B-P-00083,67876966,26.25,RENEWAL,2026-07-15
Meridian Care,2026-06,16,MC-649447,David Murray,1992-10-30,B-P-00085,14829889,22.00,NEW,2026-07-15
Meridian Care,2026-06,17,MC-908720,Joshua Lopez,1967-04-04,B-P-00090,49066206,16.00,RENEWAL,2026-07-15
Meridian Care,2026-06,18,MC-473857,Anthony Schmitt,1994-04-14,B-P-00094,24647567,16.00,RENEWAL,2026-07-15
Meridian Care,2026-06,19,MC-576948,Tina Carter,1943-08-22,B-P-00096,50399119,26.25,RENEWAL,2026-07-15
Meridian Care,2026-06,20,MC-241887,Michael Ellison,1975-01-21,B-P-00106,91146902,16.00,RENEWAL,2026-07-15
Meridian Care,2026-06,21,MC-737556,Christopher Curtis,1994-05-14,B-P-00109,75084135,22.00,NEW,2026-07-15
Meridian Care,2026-06,22,MC-491991,Brandy Curtis,1952-12-18,B-P-00110,75084135,19.00,RENEWAL,2026-07-15
Meridian Care,2026-06,23,MC-260367,Brandy Curtis,1952-12-18,B-P-00111,75084135,4.20,RENEWAL,2026-07-15
Meridian Care,2026-06,24,MC-776161,Adam Curtis,1937-07-14,B-P-00112,75084135,52.50,NEW,2026-07-15
Meridian Care,2026-06,25,MC-562146,Erin Arnold,1945-11-16,B-P-00115,9527070,38.00,NEW,2026-07-15
Meridian Care,2026-06,26,MC-235276,Erin Arnold,1945-11-16,B-P-00116,9527070,8.40,NEW,2026-07-15
Meridian Care,2026-06,27,MC-404918,James Solis,1959-11-26,B-P-00117,93619366,52.50,NEW,2026-07-15
Meridian Care,2026-06,28,MC-171299,Christopher Solis,1944-04-23,B-P-00118,93619366,52.50,NEW,2026-07-15
Meridian Care,2026-06,29,MC-640636,Nicholas Ramos,1941-01-08,B-P-00130,37947372,19.00,RENEWAL,2026-07-15
Meridian Care,2026-06,30,MC-344916,Nicholas Ramos,1941-01-08,B-P-00131,37947372,4.20,RENEWAL,2026-07-15
Meridian Care,2026-06,31,MC-545686,Bruce Cline,1949-09-23,B-P-00162,51446845,19.00,RENEWAL,2026-07-15
Meridian Care,2026-06,32,MC-366060,Bruce Cline,1949-09-23,B-P-00163,51446845,4.20,RENEWAL,2026-07-15
Meridian Care,2026-06,33,MC-413893,Amanda Carter,1965-09-17,B-P-00170,59893296,16.00,RENEWAL,2026-07-15
Meridian Care,2026-06,34,MC-712113,Andrew Myers,1960-01-07,B-P-00176,24647567,52.50,NEW,2026-07-15
Meridian Care,2026-06,35,MC-864059,Aaron Myers,1994-02-02,B-P-00177,24647567,16.00,RENEWAL,2026-07-15
Meridian Care,2026-06,36,MC-629204,Elizabeth Williams,1944-03-08,B-P-00180,37947372,26.25,RENEWAL,2026-07-15
Meridian Care,2026-06,37,MC-159873,Amy Jackson,1988-07-13,B-P-00183,26047628,16.00,RENEWAL,2026-07-15
Meridian Care,2026-06,38,MC-223001,Howard Hudson,1940-05-28,B-P-00184,20671937,26.25,RENEWAL,2026-07-15
Meridian Care,2026-06,39,MC-620821,Timothy Cervantes,1939-01-23,B-P-00186,45462976,52.50,NEW,2026-07-15
Meridian Care,2026-06,40,MC-771295,Rachel Weaver,1951-01-01,B-P-00200,93619366,26.25,RENEWAL,2026-07-15
Meridian Care,2026-06,41,MC-243648,Joshua Carter,1956-02-12,B-P-00203,9527070,52.50,NEW,2026-07-15
Meridian Care,2026-06,42,MC-989477,Marvin Patton,1937-03-10,B-P-00216,24647567,26.25,RENEWAL,2026-07-15
Meridian Care,2026-06,43,MC-887541,Dean Frey,1960-06-15,B-P-00218,90228424,52.50,NEW,2026-07-15
Meridian Care,2026-06,44,MC-163383,Brandon Crawford,1936-03-31,B-P-00224,81157097,26.25,RENEWAL,2026-07-15
Meridian Care,2026-06,45,MC-725052,Melanie Crawford,1952-12-27,B-P-00225,81157097,26.25,RENEWAL,2026-07-15
Meridian Care,2026-06,46,MC-569585,Holly Mcdaniel,1951-10-28,B-P-00268,51446845,26.25,RENEWAL,2026-07-15
Meridian Care,2026-06,47,MC-453807,Brianna Pineda,1935-08-15,B-P-00276,51446845,26.25,RENEWAL,2026-07-15
Meridian Care,2026-06,48,MC-842991,Brian Wiley,1940-06-21,B-P-00284,90228424,26.25,RENEWAL,2026-07-15
Meridian Care,2026-06,49,MC-532855,April Simmons,1977-08-24,B-P-00290,93619366,22.00,NEW,2026-07-15
Meridian Care,2026-06,50,MC-741265,Brittany Johnson,1940-11-03,B-P-00304,37947372,26.25,RENEWAL,2026-07-15
Meridian Care,2026-06,51,MC-658767,Matthew Franklin,1972-03-15,B-P-00314,93619366,22.00,NEW,2026-07-15
Meridian Care,2026-06,52,MC-998491,Diana Anderson,1957-03-28,B-P-00334,51446845,26.25,RENEWAL,2026-07-15
Meridian Care,2026-06,53,MC-399579,Bradley Johns,1971-09-21,B-P-00339,67876966,22.00,NEW,2026-07-15
Meridian Care,2026-06,54,MC-675550,Adam Jones,1953-07-29,B-P-00341,93619366,52.50,NEW,2026-07-15
Meridian Care,2026-06,55,MC-288185,Thomas Bryant,1934-08-29,B-P-00343,49066206,26.25,RENEWAL,2026-07-15
Meridian Care,2026-06,56,MC-745776,Jennifer Lara,1935-05-25,B-P-00344,50399119,19.00,RENEWAL,2026-07-15
Meridian Care,2026-06,57,MC-189237,Jennifer Lara,1935-05-25,B-P-00345,50399119,4.20,RENEWAL,2026-07-15
Meridian Care,2026-06,58,MC-705130,Angel Dickson,1934-07-16,B-P-00353,43888211,4.20,RENEWAL,2026-07-15
Meridian Care,2026-06,59,MC-854058,Rachel Robinson-Terrell,1947-07-01,B-P-00359,98787777,26.25,RENEWAL,2026-07-15
Meridian Care,2026-06,60,MC-188112,James Wright,2001-10-20,B-P-00368,67876966,22.00,NEW,2026-07-15
Meridian Care,2026-06,61,MC-252905,Gina Bradford,1937-03-16,B-P-00378,9527070,26.25,RENEWAL,2026-07-15
Meridian Care,2026-06,62,MC-737048,Danielle Greene,1978-06-11,B-P-00402,37947372,26.25,RENEWAL,2026-07-15
Meridian Care,2026-06,63,MC-162569,James Nguyen,2001-03-03,B-P-00408,91146902,16.00,RENEWAL,2026-07-15
Meridian Care,2026-06,64,MC-111031,Tammie Brooks,1959-02-26,B-P-00413,50399119,26.25,RENEWAL,2026-07-15
Meridian Care,2026-06,65,MC-128642,Andrea Ross,1958-09-17,B-P-00427,75084135,52.50,NEW,2026-07-15
Meridian Care,2026-06,66,MC-495196,Cindy Wise,1935-04-07,B-P-00432,45462976,19.00,RENEWAL,2026-07-15
Meridian Care,2026-06,67,MC-157784,Cindy Wise,1935-04-07,B-P-00433,45462976,4.20,RENEWAL,2026-07-15
Meridian Care,2026-06,68,MC-830509,David Carney,1997-10-09,B-P-00438,81157097,16.00,RENEWAL,2026-07-15
Meridian Care,2026-06,69,MC-995393,Mandy Shaffer,1943-12-04,B-P-00444,59893296,26.25,RENEWAL,2026-07-15
Meridian Care,2026-06,70,MC-875830,Larry Moore,1959-09-13,B-P-00462,51446845,52.50,NEW,2026-07-15
Meridian Care,2026-06,71,MC-200425,Jonathan Chavez,1935-02-03,B-P-00465,43888211,38.00,NEW,2026-07-15
Meridian Care,2026-06,72,MC-631799,Jonathan Chavez,1935-02-03,B-P-00466,43888211,8.40,NEW,2026-07-15
Meridian Care,2026-06,73,MC-321848,Brooke Hall,1938-09-14,B-P-00472,84583776,26.25,RENEWAL,2026-07-15
Meridian Care,2026-06,74,MC-449615,Danielle Robinson,1951-02-15,B-P-00480,43888211,26.25,RENEWAL,2026-07-15
Meridian Care,2026-06,75,MC-938845,George Andrews,1952-01-30,B-P-00483,64493418,52.50,NEW,2026-07-15
Meridian Care,2026-06,76,MC-416469,Christina Johnston,1954-05-08,B-P-00488,43888211,26.25,RENEWAL,2026-07-15
Meridian Care,2026-06,77,MC-989071,Jeremy Tucker,1948-07-02,B-P-00490,67876966,8.40,NEW,2026-07-15
Meridian Care,2026-06,78,MC-934947,John Johnson,1942-02-03,B-P-00492,98787777,52.50,NEW,2026-07-15
Meridian Care,2026-06,79,MC-679435,Brandon Martinez,1953-08-08,B-P-00505,94445646,26.25,RENEWAL,2026-07-15
Meridian Care,2026-06,80,MC-655264,Julie Hanson,1998-12-30,B-P-00508,37947372,22.00,NEW,2026-07-15
Meridian Care,2026-06,81,MC-919362,Kelly Pittman,1939-01-27,B-P-00522,20671937,26.25,RENEWAL,2026-07-15
Meridian Care,2026-06,82,MC-139549,Austin Morales,1956-02-28,B-P-00523,64493418,19.00,RENEWAL,2026-07-15
Meridian Care,2026-06,83,MC-815828,Austin Morales,1956-02-28,B-P-00524,64493418,4.20,RENEWAL,2026-07-15
Meridian Care,2026-06,84,MC-981672,Christy Morales,1940-03-17,B-P-00525,64493418,19.00,RENEWAL,2026-07-15
Meridian Care,2026-06,85,MC-729502,Christy Morales,1940-03-17,B-P-00526,64493418,4.20,RENEWAL,2026-07-15
Meridian Care,2026-06,86,MC-686755,Christina Stewart,1938-08-14,B-P-00528,45462976,52.50,NEW,2026-07-15
Meridian Care,2026-06,87,MC-579478,Tyler Stewart,1945-03-05,B-P-00530,45462976,26.25,RENEWAL,2026-07-15
Meridian Care,2026-06,88,MC-309455,Christina Andrews,1943-11-07,B-P-00531,9527070,38.00,NEW,2026-07-15
Meridian Care,2026-06,89,MC-726018,Christina Andrews,1943-11-07,B-P-00532,9527070,8.40,NEW,2026-07-15
Meridian Care,2026-06,90,MC-548367,Travis Cruz,1986-07-24,B-P-00537,59893296,16.00,RENEWAL,2026-07-15
Meridian Care,2026-06,91,MC-669270,Richard Davis,1940-02-07,B-P-00538,50399119,26.25,RENEWAL,2026-07-15
Meridian Care,2026-06,92,MC-323530,James Archer,1952-07-04,B-P-00541,64493418,26.25,RENEWAL,2026-07-15
Meridian Care,2026-06,93,MC-276260,John Little,1949-02-21,B-P-00545,26047628,26.25,RENEWAL,2026-07-15
Meridian Care,2026-06,94,MC-120080,Michele Reed,1995-02-20,B-P-00560,69777236,22.00,NEW,2026-07-15
Meridian Care,2026-06,95,MC-821651,George Sanchez,1957-06-08,B-P-00567,90228424,52.50,NEW,2026-07-15
Meridian Care,2026-06,96,MC-662385,Holly Sanchez,1978-12-10,B-P-00568,90228424,19.00,RENEWAL,2026-07-15
Meridian Care,2026-06,97,MC-350024,Holly Sanchez,1978-12-10,B-P-00569,90228424,4.20,RENEWAL,2026-07-15
Meridian Care,2026-06,98,MC-305257,Anthony Kelley,1990-07-03,B-P-00571,51446845,16.00,RENEWAL,2026-07-15
Meridian Care,2026-06,99,MC-572855,Charles Holmes,1996-10-13,B-P-00576,50399119,16.00,RENEWAL,2026-07-15
Meridian Care,2026-06,100,MC-865537,Derek Martinez,1944-09-10,B-P-00598,14829889,26.25,RENEWAL,2026-07-15
Meridian Care,2026-06,101,MC-984698,Brandon Hartman,1942-11-29,B-P-00601,50399119,26.25,RENEWAL,2026-07-15
Meridian Care,2026-06,102,MC-490453,Rick Jackson,1959-06-18,B-P-00610,67876966,52.50,NEW,2026-07-15
Meridian Care,2026-06,103,MC-789241,Joy Dixon,1955-05-21,B-P-00612,51446845,19.00,RENEWAL,2026-07-15
Meridian Care,2026-06,104,MC-607100,Joy Dixon,1955-05-21,B-P-00613,51446845,4.20,RENEWAL,2026-07-15
Meridian Care,2026-06,105,MC-937571,Ann Mcmillan,1959-08-10,B-P-00630,69777236,52.50,NEW,2026-07-15
Meridian Care,2026-06,106,MC-181767,Tyler Mcmillan,1941-05-13,B-P-00631,69777236,26.25,RENEWAL,2026-07-15
Meridian Care,2026-06,107,MC-899331,Austin Martin,1956-02-09,B-P-00633,81157097,26.25,RENEWAL,2026-07-15
Meridian Care,2026-06,108,MC-698333,Peter Lopez,1943-01-22,B-P-00636,75084135,52.50,NEW,2026-07-15
Meridian Care,2026-06,109,MC-206523,Karen Smith,1948-03-13,B-P-00648,26047628,26.25,RENEWAL,2026-07-15
Meridian Care,2026-06,110,MC-935945,Justin Moody,1944-10-13,B-P-00653,67876966,26.25,RENEWAL,2026-07-15
Meridian Care,2026-06,111,MC-822222,Charles Peterson,1945-05-28,B-P-00660,84583776,26.25,RENEWAL,2026-07-15
Meridian Care,2026-06,112,MC-867534,Danielle Randolph,1947-10-18,B-P-00677,64493418,26.25,RENEWAL,2026-07-15
Meridian Care,2026-06,113,MC-165695,Robert Fowler,1945-03-20,B-P-00689,50399119,4.20,RENEWAL,2026-07-15
Meridian Care,2026-06,114,MC-458555,Derek Evans,1955-11-21,B-P-00695,93619366,26.25,RENEWAL,2026-07-15
Meridian Care,2026-06,115,MC-715130,Larry Hicks,1982-03-14,B-P-00706,14829889,16.00,RENEWAL,2026-07-15
Meridian Care,2026-06,116,MC-417402,Craig Taylor,1936-05-20,B-P-00717,94445646,19.00,RENEWAL,2026-07-15
Meridian Care,2026-06,117,MC-100887,Craig Taylor,1936-05-20,B-P-00718,94445646,4.20,RENEWAL,2026-07-15
Meridian Care,2026-06,118,MC-971841,Thomas Davis,1953-02-04,B-P-00737,45462976,26.25,RENEWAL,2026-07-15
Meridian Care,2026-06,119,MC-446147,Reginald Stone,1936-03-15,B-P-00746,94445646,52.50,NEW,2026-07-15
Meridian Care,2026-06,120,MC-345516,Miranda Palmer,1952-12-26,B-P-00751,43888211,52.50,NEW,2026-07-15
Meridian Care,2026-06,121,MC-671762,Kaitlin Holland,1977-09-20,B-P-00762,64493418,16.00,RENEWAL,2026-07-15
Meridian Care,2026-06,122,MC-173730,Megan Miller,1974-09-09,B-P-00772,59893296,16.00,RENEWAL,2026-07-15
Meridian Care,2026-06,123,MC-741642,Andrea Williams,1948-10-21,B-P-00785,59893296,26.25,RENEWAL,2026-07-15
Meridian Care,2026-06,124,MC-938972,Antonio Stevens,1948-04-03,B-P-00787,45462976,26.25,RENEWAL,2026-07-15
Meridian Care,2026-06,125,MC-561994,Kylie Walker,1955-07-23,B-P-00788,50399119,19.00,RENEWAL,2026-07-15
Meridian Care,2026-06,126,MC-711857,Kylie Walker,1955-07-23,B-P-00789,50399119,4.20,RENEWAL,2026-07-15
Meridian Care,2026-06,127,MC-486712,Daniel Jenkins,1975-10-20,B-P-00795,51446845,16.00,RENEWAL,2026-07-15
Meridian Care,2026-06,128,MC-176001,Michael Lee,1947-11-09,B-P-00809,24647567,19.00,RENEWAL,2026-07-15
Meridian Care,2026-06,129,MC-493544,Michael Lee,1947-11-09,B-P-00810,24647567,4.20,RENEWAL,2026-07-15
Meridian Care,2026-06,130,MC-639680,Garrett Brown,1945-07-02,B-P-00811,50399119,26.25,RENEWAL,2026-07-15
Meridian Care,2026-06,131,MC-286022,Joseph Elliott,1948-10-18,B-P-00816,84583776,26.25,RENEWAL,2026-07-15
Meridian Care,2026-06,132,MC-598059,Jeremiah Sanchez,1944-07-16,B-P-00821,81157097,19.00,RENEWAL,2026-07-15
Meridian Care,2026-06,133,MC-174638,Jeremiah Sanchez,1944-07-16,B-P-00822,81157097,4.20,RENEWAL,2026-07-15
Meridian Care,2026-06,134,MC-989636,Sarah Willis,1970-02-04,B-P-00827,90228424,16.00,RENEWAL,2026-07-15
Meridian Care,2026-06,135,MC-511289,Katherine Potts,1957-01-07,B-P-00830,59893296,26.25,RENEWAL,2026-07-15
Meridian Care,2026-06,136,MC-839929,Paul Braun,1940-06-06,B-P-00844,91146902,26.25,RENEWAL,2026-07-15
Meridian Care,2026-06,137,MC-808976,Sydney Maldonado,1951-08-08,B-P-00852,14829889,26.25,RENEWAL,2026-07-15
Meridian Care,2026-06,138,MC-466498,Manuel Mclean,1949-02-27,B-P-00855,81157097,26.25,RENEWAL,2026-07-15
Meridian Care,2026-06,139,MC-421053,James Gardner,1978-07-25,B-P-00894,91146902,22.00,NEW,2026-07-15
Meridian Care,2026-06,140,MC-444868,Heidi Ward,1951-09-15,B-P-00907,45462976,19.00,RENEWAL,2026-07-15
Meridian Care,2026-06,141,MC-974308,Heidi Ward,1951-09-15,B-P-00908,45462976,4.20,RENEWAL,2026-07-15
Meridian Care,2026-06,142,MC-392747,Kristin Thompson,1956-12-21,B-P-00911,64493418,26.25,RENEWAL,2026-07-15
Meridian Care,2026-06,143,MC-477406,Paul Myers,1947-02-22,B-P-00917,51446845,26.25,RENEWAL,2026-07-15
Meridian Care,2026-06,144,MC-275219,Kathryn Smith,1940-12-01,B-P-00929,94445646,38.00,NEW,2026-07-15
Meridian Care,2026-06,145,MC-843186,Kathryn Smith,1940-12-01,B-P-00930,94445646,8.40,NEW,2026-07-15
Meridian Care,2026-06,146,MC-466648,Cindy Griffith,1956-01-21,B-P-00931,75084135,26.25,RENEWAL,2026-07-15
Meridian Care,2026-06,147,MC-257935,Steven Stark,1995-02-16,B-P-00950,75084135,16.00,RENEWAL,2026-07-15
Meridian Care,2026-06,148,MC-843210,Susan Ball,1953-06-05,B-P-00960,67876966,26.25,RENEWAL,2026-07-15
Meridian Care,2026-06,149,MC-269183,April Fletcher,1951-01-24,B-P-00974,90228424,52.50,NEW,2026-07-15
Meridian Care,2026-06,150,MC-393046,David Parker,1943-10-08,B-P-00991,90228424,19.00,RENEWAL,2026-07-15
Meridian Care,2026-06,151,MC-402257,David Parker,1943-10-08,B-P-00992,90228424,4.20,RENEWAL,2026-07-15
Meridian Care,2026-06,152,MC-438847,James Reynolds,1937-10-21,B-P-00997,49066206,26.25,RENEWAL,2026-07-15
Meridian Care,2026-06,153,MC-654153,John Liu,1936-05-31,B-P-00999,9527070,52.50,NEW,2026-07-15
Meridian Care,2026-06,154,MC-436587,Lori Lawrence,1946-03-07,B-P-01008,91146902,26.25,RENEWAL,2026-07-15
Meridian Care,2026-06,155,MC-184654,Brandon Nelson,1936-08-08,B-P-01010,43888211,4.20,RENEWAL,2026-07-15
Meridian Care,2026-06,156,MC-429364,Samuel Moreno,1965-11-24,B-P-01015,69777236,52.50,NEW,2026-07-15
Meridian Care,2026-06,157,MC-884834,Bonnie Moreno,1954-09-15,B-P-01016,69777236,52.50,NEW,2026-07-15
Meridian Care,2026-06,158,MC-846713,Vanessa Johnson,1958-09-12,B-P-01021,20671937,52.50,NEW,2026-07-15
Meridian Care,2026-06,159,MC-421150,Christopher Dixon,1934-09-15,B-P-01024,98787777,4.20,RENEWAL,2026-07-15
Meridian Care,2026-06,160,MC-809059,Danielle Francis,1945-05-03,B-P-01026,9527070,19.00,RENEWAL,2026-07-15
Meridian Care,2026-06,161,MC-600056,Danielle Francis,1945-05-03,B-P-01027,9527070,4.20,RENEWAL,2026-07-15
Meridian Care,2026-06,162,MC-556139,Sarah Williams,1944-03-21,B-P-01028,20671937,26.25,RENEWAL,2026-07-15
Meridian Care,2026-06,163,MC-116565,Shannon Garcia,1972-10-25,B-P-01030,51446845,16.00,RENEWAL,2026-07-15
Meridian Care,2026-06,164,MC-762910,Joseph Wood,1991-05-30,B-P-01051,50979283,52.50,NEW,2026-07-15
Meridian Care,2026-06,165,MC-211378,Linda Anderson,1958-01-30,B-P-01066,64493418,52.50,NEW,2026-07-15
Meridian Care,2026-06,166,MC-524173,Stephanie Novak,1992-02-21,B-P-01070,45462976,16.00,RENEWAL,2026-07-15
Meridian Care,2026-06,167,MC-555165,Lauren Alvarez,1951-04-11,B-P-01076,20671937,26.25,RENEWAL,2026-07-15
Meridian Care,2026-06,168,MC-767497,Angela Conway,1939-10-22,B-P-01088,59893296,19.00,RENEWAL,2026-07-15
Meridian Care,2026-06,169,MC-688080,Angela Conway,1939-10-22,B-P-01089,59893296,4.20,RENEWAL,2026-07-15
Meridian Care,2026-06,170,MC-635319,Hailey Smith,1955-11-14,B-P-01112,45462976,26.25,RENEWAL,2026-07-15
Meridian Care,2026-06,171,MC-861570,Courtney Wilson,1940-12-21,B-P-01114,81157097,26.25,RENEWAL,2026-07-15
Meridian Care,2026-06,172,MC-801018,James Acevedo,2003-06-04,B-P-01123,45462976,16.00,RENEWAL,2026-07-15
Meridian Care,2026-06,173,MC-537229,Katie Collins,1939-10-28,B-P-01143,26047628,52.50,NEW,2026-07-15
Meridian Care,2026-06,174,MC-964058,Victoria Lopez,1957-07-08,B-P-01163,9527070,52.50,NEW,2026-07-15
Meridian Care,2026-06,175,MC-735211,Krystal Jennings,1946-08-26,B-P-01165,49066206,26.25,RENEWAL,2026-07-15
Meridian Care,2026-06,176,MC-288051,Kayla Ellis,1938-10-06,B-P-01174,81157097,52.50,NEW,2026-07-15
Meridian Care,2026-06,177,MC-962545,Stephanie Walker,1960-02-01,B-P-01182,91146902,38.00,NEW,2026-07-15
Meridian Care,2026-06,178,MC-789958,Stephanie Walker,1960-02-01,B-P-01183,91146902,8.40,NEW,2026-07-15
Meridian Care,2026-06,179,MC-546569,Emma Bautista,1951-07-17,B-P-01203,59893296,26.25,RENEWAL,2026-07-15
Meridian Care,2026-06,180,MC-261134,Teresa Wolfe,1954-03-04,B-P-01217,90228424,26.25,RENEWAL,2026-07-15
Meridian Care,2026-06,181,MC-974476,Marcus Lawson,1996-10-10,B-P-01223,24647567,22.00,NEW,2026-07-15
Meridian Care,2026-06,182,MC-216247,Cody Gutierrez,1937-03-09,B-P-01227,9527070,52.50,NEW,2026-07-15
Meridian Care,2026-06,183,MC-559105,Allison Parker,1956-07-31,B-P-01238,9527070,38.00,NEW,2026-07-15
Meridian Care,2026-06,184,MC-958292,Allison Parker,1956-07-31,B-P-01239,9527070,8.40,NEW,2026-07-15
Meridian Care,2026-06,185,MC-186328,Krystal Wood,1946-10-18,B-P-01253,49066206,19.00,RENEWAL,2026-07-15
Meridian Care,2026-06,186,MC-125992,Krystal Wood,1946-10-18,B-P-01254,49066206,4.20,RENEWAL,2026-07-15
Meridian Care,2026-06,187,MC-675412,Mitchell Hamilton,1941-12-02,B-P-01258,75084135,26.25,RENEWAL,2026-07-15
Meridian Care,2026-06,188,MC-130188,Brittney Hamilton,1956-07-18,B-P-01259,75084135,26.25,RENEWAL,2026-07-15
Meridian Care,2026-06,189,MC-574641,Julie Shannon,1940-07-29,B-P-01262,59893296,26.25,RENEWAL,2026-07-15
Meridian Care,2026-06,190,MC-146710,Sharon Taylor,1960-07-01,B-P-01266,51446845,8.40,NEW,2026-07-15
Meridian Care,2026-06,191,MC-270438,Joseph Morgan,1952-03-13,B-P-01274,98787777,19.00,RENEWAL,2026-07-15
Meridian Care,2026-06,192,MC-858089,Joseph Morgan,1952-03-13,B-P-01275,98787777,4.20,RENEWAL,2026-07-15
Meridian Care,2026-06,193,MC-809832,Kathleen Ramirez,1963-02-25,B-P-01320,98787777,52.50,NEW,2026-07-15
Meridian Care,2026-06,194,MC-571467,Kathy Higgins,1958-05-06,B-P-01330,49066206,52.50,NEW,2026-07-15
Meridian Care,2026-06,195,MC-174879,Priscilla Stokes,1952-02-07,B-P-01333,69777236,19.00,RENEWAL,2026-07-15
Meridian Care,2026-06,196,MC-492844,Priscilla Stokes,1952-02-07,B-P-01334,69777236,4.20,RENEWAL,2026-07-15
Meridian Care,2026-06,197,MC-220727,Amanda Braun,1946-06-19,B-P-01343,81157097,26.25,RENEWAL,2026-07-15
Meridian Care,2026-06,198,MC-822463,Traci Lowery,1956-05-16,B-P-01346,37947372,26.25,RENEWAL,2026-07-15
Meridian Care,2026-06,199,MC-829996,Lawrence Castro,1941-02-07,B-P-01359,50399119,26.25,RENEWAL,2026-07-15
Meridian Care,2026-06,200,MC-487741,Michael Johnson,1958-03-12,B-P-01380,20671937,26.25,RENEWAL,2026-07-15
Meridian Care,2026-06,201,MC-614827,Cole Wallace,1948-10-22,B-P-01403,91146902,26.25,RENEWAL,2026-07-15
Meridian Care,2026-06,202,MC-549046,Crystal Miller,1948-10-06,B-P-01427,64493418,52.50,NEW,2026-07-15
Meridian Care,2026-06,203,MC-738304,Joseph Wade,1953-09-27,B-P-01434,84583776,19.00,RENEWAL,2026-07-15
Meridian Care,2026-06,204,MC-253256,Joseph Wade,1953-09-27,B-P-01435,84583776,4.20,RENEWAL,2026-07-15
Meridian Care,2026-06,205,MC-659332,Jenna Johnson,1953-05-18,B-P-01439,91146902,26.25,RENEWAL,2026-07-15
Meridian Care,2026-06,206,MC-463666,Roger Watson,1991-05-15,B-P-01448,50979283,16.00,RENEWAL,2026-07-15
Meridian Care,2026-06,207,MC-614836,Jesus Silva,1952-11-24,B-P-01459,20671937,52.50,NEW,2026-07-15
Meridian Care,2026-06,208,MC-859155,Michael Rice,1990-06-12,B-P-01464,50979283,22.00,NEW,2026-07-15
Meridian Care,2026-06,209,MC-950451,Nancy Gaines,1940-02-10,B-P-01465,20671937,19.00,RENEWAL,2026-07-15
Meridian Care,2026-06,210,MC-976186,Nancy Gaines,1940-02-10,B-P-01466,20671937,4.20,RENEWAL,2026-07-15
Meridian Care,2026-06,211,MC-283357,Nichole Noble,1959-03-29,B-P-01475,49066206,52.50,NEW,2026-07-15
Meridian Care,2026-06,212,MC-361960,Angela Preston,1947-05-01,B-P-01481,24647567,52.50,NEW,2026-07-15
Meridian Care,2026-06,213,MC-770828,Douglas Woods,1941-08-23,B-P-01484,94445646,19.00,RENEWAL,2026-07-15
Meridian Care,2026-06,214,MC-307287,Douglas Woods,1941-08-23,B-P-01485,94445646,4.20,RENEWAL,2026-07-15
Meridian Care,2026-06,215,MC-559999,Melinda Smith,1996-11-22,B-P-01495,26047628,16.00,RENEWAL,2026-07-15
Meridian Care,2026-06,216,MC-586847,Brandy Stone,1954-10-12,B-P-01500,90228424,19.00,RENEWAL,2026-07-15
Meridian Care,2026-06,217,MC-168318,Brandy Stone,1954-10-12,B-P-01501,90228424,4.20,RENEWAL,2026-07-15
Meridian Care,2026-06,218,MC-232528,Adrian Orr,1940-04-27,B-P-01502,45462976,26.25,RENEWAL,2026-07-15
Meridian Care,2026-06,219,MC-171469,Alyssa Cantrell,2005-06-20,B-P-01518,26047628,22.00,NEW,2026-07-15
Meridian Care,2026-06,220,MC-223171,John Silva,1943-05-03,B-P-01523,84583776,4.20,RENEWAL,2026-07-15
Meridian Care,2026-06,221,MC-973675,Renee Martinez,1955-05-05,B-P-01545,24647567,52.50,NEW,2026-07-15
Meridian Care,2026-06,222,MC-377067,Melvin Fitzgerald,1942-10-16,B-P-01549,81157097,26.25,RENEWAL,2026-07-15
Meridian Care,2026-06,223,MC-542154,Stephanie Kirk,1957-12-15,B-P-01550,14829889,38.00,NEW,2026-07-15
Meridian Care,2026-06,224,MC-967371,Stephanie Kirk,1957-12-15,B-P-01551,14829889,8.40,NEW,2026-07-15
Meridian Care,2026-06,225,MC-909758,Rebecca Santiago,1950-08-24,B-P-01555,45462976,26.25,RENEWAL,2026-07-15
Meridian Care,2026-06,226,MC-251830,John Barton,1936-10-21,B-P-01564,49066206,38.00,NEW,2026-07-15
Meridian Care,2026-06,227,MC-872429,John Barton,1936-10-21,B-P-01565,49066206,8.40,NEW,2026-07-15
Meridian Care,2026-06,228,MC-560910,Madison Hughes,1978-08-30,B-P-01569,59893296,22.00,NEW,2026-07-15
Meridian Care,2026-06,229,MC-853957,Chelsea Bernard,1953-08-31,B-P-01572,69777236,26.25,RENEWAL,2026-07-15
Meridian Care,2026-06,230,MC-941893,Bernard Garza,1996-07-29,B-P-01613,59893296,26.25,RENEWAL,2026-07-15
Meridian Care,2026-06,231,MC-393278,Janet Myers,1979-11-14,B-P-01621,64493418,22.00,NEW,2026-07-15
Meridian Care,2026-06,232,MC-341387,Gary Myers,1953-01-20,B-P-01622,64493418,19.00,RENEWAL,2026-07-15
Meridian Care,2026-06,233,MC-536237,Gary Myers,1953-01-20,B-P-01623,64493418,4.20,RENEWAL,2026-07-15
Meridian Care,2026-06,234,MC-738672,Tyler Williamson,1959-03-14,B-P-01624,51446845,26.25,RENEWAL,2026-07-15
Meridian Care,2026-06,235,MC-554377,Robert Brown,1996-08-06,B-P-01628,20671937,22.00,NEW,2026-07-15
Meridian Care,2026-06,236,MC-579226,Kevin Myers,1947-09-15,B-P-01631,43888211,26.25,RENEWAL,2026-07-15
Meridian Care,2026-06,237,MC-466157,Christopher Hoffman,1948-09-27,B-P-01640,98787777,4.20,RENEWAL,2026-07-15
Meridian Care,2026-06,238,MC-323392,Lindsey Oconnell,1952-11-16,B-P-01643,69777236,52.50,NEW,2026-07-15
Meridian Care,2026-06,239,MC-687505,Douglas Cline,1948-11-02,B-P-01646,64493418,19.00,RENEWAL,2026-07-15
Meridian Care,2026-06,240,MC-251962,Douglas Cline,1948-11-02,B-P-01647,64493418,4.20,RENEWAL,2026-07-15
Meridian Care,2026-06,241,MC-134592,Samantha Baxter,1940-06-24,B-P-01651,84583776,26.25,RENEWAL,2026-07-15
Meridian Care,2026-06,242,MC-325233,Trevor Mcpherson,1940-12-15,B-P-01656,24647567,26.25,RENEWAL,2026-07-15
Meridian Care,2026-06,243,MC-941642,Marcus Barrett,1937-09-15,B-P-01664,45462976,26.25,RENEWAL,2026-07-15
Meridian Care,2026-06,244,MC-122825,Sean Madden,1940-07-23,B-P-01669,51446845,52.50,NEW,2026-07-15
Meridian Care,2026-06,245,MC-298755,Jordan Diaz,1965-10-02,B-P-01670,75084135,22.00,NEW,2026-07-15
Meridian Care,2026-06,246,MC-372956,Dennis Moreno,1934-01-11,B-P-01677,91146902,26.25,RENEWAL,2026-07-15
Meridian Care,2026-06,247,MC-943728,Angela Moreno,1942-08-25,B-P-01678,91146902,26.25,RENEWAL,2026-07-15
Meridian Care,2026-06,248,MC-938963,Vanessa Torres,1935-08-06,B-P-01680,64493418,26.25,RENEWAL,2026-07-15
Meridian Care,2026-06,249,MC-268045,Keith Walters,1937-06-17,B-P-01686,43888211,26.25,RENEWAL,2026-07-15
Meridian Care,2026-06,250,MC-762913,Elizabeth Hall,1935-10-05,B-P-01706,93619366,52.50,NEW,2026-07-15
Meridian Care,2026-06,251,MC-282500,Joel Hogan,1938-02-20,B-P-01712,14829889,26.25,RENEWAL,2026-07-15
Meridian Care,2026-06,252,MC-987247,Sarah Hogan,1940-07-31,B-P-01713,14829889,26.25,RENEWAL,2026-07-15
Meridian Care,2026-06,253,MC-418231,Andrew Murray,1955-12-26,B-P-01717,26047628,4.20,RENEWAL,2026-07-15
Meridian Care,2026-06,254,MC-267439,Jacqueline White,1940-01-12,B-P-01718,50979283,26.25,RENEWAL,2026-07-15
Meridian Care,2026-06,255,MC-421914,Ashley Riggs,1991-01-04,B-P-01726,51446845,22.00,NEW,2026-07-15
Meridian Care,2026-06,256,MC-818550,Marcus Woods,1983-11-24,B-P-01730,75084135,22.00,NEW,2026-07-15
Meridian Care,2026-06,257,MC-202293,Julia Watts,1936-02-13,B-P-01733,37947372,52.50,NEW,2026-07-15
Meridian Care,2026-06,258,MC-792284,Jeffery Steele,1976-12-21,B-P-01741,45462976,22.00,NEW,2026-07-15
Meridian Care,2026-06,259,MC-526737,Nicholas Cruz,1951-08-28,B-P-01756,64493418,26.25,RENEWAL,2026-07-15
Meridian Care,2026-06,260,MC-757402,Daniel Hood,1945-03-08,B-P-01757,9527070,52.50,NEW,2026-07-15
Meridian Care,2026-06,261,MC-303906,Jacob Arias,1937-05-02,B-P-01778,24647567,52.50,NEW,2026-07-15
Meridian Care,2026-06,262,MC-157965,Kristopher Adams,1960-06-30,B-P-01796,69777236,52.50,NEW,2026-07-15
Meridian Care,2026-06,263,MC-213322,Dillon Horton,1941-03-17,B-P-01800,75084135,26.25,RENEWAL,2026-07-15
Meridian Care,2026-06,264,MC-548010,Brandon Barrett,1947-04-15,B-P-01813,14829889,26.25,RENEWAL,2026-07-15
Meridian Care,2026-06,265,MC-171550,Christina Gordon,1954-11-25,B-P-01819,75084135,26.25,RENEWAL,2026-07-15
Meridian Care,2026-06,266,MC-128082,Carolyn Williams,1942-02-24,B-P-01841,14829889,26.25,RENEWAL,2026-07-15
Meridian Care,2026-06,267,MC-829490,Rebecca Ortiz,1992-03-01,B-P-01860,81157097,4.20,RENEWAL,2026-07-15
Meridian Care,2026-06,268,MC-673456,Alicia Reed,1938-08-14,B-P-01861,93619366,26.25,RENEWAL,2026-07-15
Meridian Care,2026-06,269,MC-563904,Maria Ellis,1952-10-09,B-P-01878,14829889,4.20,RENEWAL,2026-07-15
Meridian Care,2026-06,270,MC-883450,Robert Allen,1942-10-20,B-P-01890,59893296,26.25,RENEWAL,2026-07-15
Meridian Care,2026-06,271,MC-573521,Maria Bass,1942-02-17,B-P-01894,69777236,19.00,RENEWAL,2026-07-15
Meridian Care,2026-06,272,MC-746567,Maria Bass,1942-02-17,B-P-01895,69777236,4.20,RENEWAL,2026-07-15
Meridian Care,2026-06,273,MC-985074,Jacqueline Evans,1944-03-07,B-P-01896,81157097,19.00,RENEWAL,2026-07-15
Meridian Care,2026-06,274,MC-288487,Jacqueline Evans,1944-03-07,B-P-01897,81157097,4.20,RENEWAL,2026-07-15
Meridian Care,2026-06,275,MC-876553,Mario Reynolds,1948-07-25,B-P-01901,24647567,26.25,RENEWAL,2026-07-15
Meridian Care,2026-06,276,MC-805054,Elizabeth White,1956-03-12,B-P-01902,45462976,26.25,RENEWAL,2026-07-15
Meridian Care,2026-06,277,MC-676671,Jessica Foster,1942-08-21,B-P-01909,94445646,26.25,RENEWAL,2026-07-15
Meridian Care,2026-06,278,MC-493459,Sandra Mathis,1939-10-30,B-P-01913,50979283,26.25,RENEWAL,2026-07-15
Meridian Care,2026-06,279,MC-969907,Brent Osborne,1938-11-25,B-P-01916,24647567,52.50,NEW,2026-07-15
Meridian Care,2026-06,280,MC-741345,Amy Ryan,1991-10-25,B-P-01917,69777236,22.00,NEW,2026-07-15
Meridian Care,2026-06,281,MC-650628,Rachel Wilson,1937-09-20,B-P-01928,81157097,26.25,RENEWAL,2026-07-15
Meridian Care,2026-06,282,MC-875582,Kenneth Lane,1946-12-09,B-P-01939,50979283,19.00,RENEWAL,2026-07-15
Meridian Care,2026-06,283,MC-790508,Kenneth Lane,1946-12-09,B-P-01940,50979283,4.20,RENEWAL,2026-07-15
Meridian Care,2026-06,284,MC-637248,Roy Russo,1960-02-11,B-P-01949,69777236,52.50,NEW,2026-07-15
Meridian Care,2026-06,285,MC-370026,Timothy Burke,1944-09-28,B-P-01964,98787777,4.20,RENEWAL,2026-07-15
Meridian Care,2026-06,286,MC-254224,Catherine Davis,1948-07-06,B-P-01969,26047628,26.25,RENEWAL,2026-07-15
Meridian Care,2026-06,287,MC-119628,Stephen Kirk,1957-12-15,B-P-02006,14829889,38.00,NEW,2026-07-15
Meridian Care,2026-06,288,MC-211987,Stephen Kirk,1957-12-15,B-P-02007,14829889,8.40,NEW,2026-07-15
Meridian Care,2026-06,289,MC-191617,Alexis Jackson,1986-09-05,B-P-02022,59893296,22.00,NEW,2026-07-15
Meridian Care,2026-06,290,MC-857355,Dale Frank,1967-07-29,B-P-02036,93619366,22.00,NEW,2026-07-15
Meridian Care,2026-06,291,MC-418781,Ronald Zamora,1977-04-05,B-P-02037,69777236,22.00,NEW,2026-07-15
Meridian Care,2026-06,292,MC-251033,James Jennings,1973-08-03,B-P-02040,24647567,22.00,NEW,2026-07-15
Northwind Health,2026-07,1,NW-726400,Mary Fernandez,1986-09-13,B-P-00002,49066206,16.00,RENEWAL,2026-08-15
Northwind Health,2026-07,2,NW-337316,Heather Cannon,1947-05-31,B-P-00009,59893296,26.25,RENEWAL,2026-08-15
Northwind Health,2026-07,3,NW-814762,Annette Vasquez,1934-04-30,B-P-00038,91146902,19.00,RENEWAL,2026-08-15
Northwind Health,2026-07,4,NW-825719,Annette Vasquez,1934-04-30,B-P-00039,91146902,4.20,RENEWAL,2026-08-15
Northwind Health,2026-07,5,NW-392551,Jessica Combs,1965-03-24,B-P-00080,20671937,22.00,NEW,2026-08-15
Northwind Health,2026-07,6,NW-806701,Benjamin Garcia,1962-02-19,B-P-00086,59893296,16.00,RENEWAL,2026-08-15
Northwind Health,2026-07,7,NW-190018,Michael Smith,1994-05-01,B-P-00093,49066206,22.00,NEW,2026-08-15
Northwind Health,2026-07,8,NW-147614,Darryl Smith,1955-08-04,B-P-00095,81157097,52.50,NEW,2026-08-15
Northwind Health,2026-07,9,NW-703348,Robert Russell,1948-12-13,B-P-00104,93619366,26.25,RENEWAL,2026-08-15
Northwind Health,2026-07,10,NW-786716,Elizabeth Moore,1941-04-02,B-P-00124,43888211,26.25,RENEWAL,2026-08-15
Northwind Health,2026-07,11,NW-290917,Dylan Rowe,1954-04-02,B-P-00134,51446845,52.50,NEW,2026-08-15
Northwind Health,2026-07,12,NW-663938,Sherry Higgins,1981-09-03,B-P-00137,14829889,22.00,NEW,2026-08-15
Northwind Health,2026-07,13,NW-596274,Stacey Mcdonald,1936-01-09,B-P-00149,81157097,26.25,RENEWAL,2026-08-15
Northwind Health,2026-07,14,NW-922681,Ryan West,1972-11-10,B-P-00151,75084135,22.00,NEW,2026-08-15
Northwind Health,2026-07,15,NW-809244,Andrew Frank,1951-11-02,B-P-00166,93619366,19.00,RENEWAL,2026-08-15
Northwind Health,2026-07,16,NW-379327,Andrew Frank,1951-11-02,B-P-00167,93619366,4.20,RENEWAL,2026-08-15
Northwind Health,2026-07,17,NW-539400,Jennifer Brown,1936-11-08,B-P-00175,81157097,26.25,RENEWAL,2026-08-15
Northwind Health,2026-07,18,NW-291459,Christian Jackson,1944-11-13,B-P-00182,26047628,26.25,RENEWAL,2026-08-15
Northwind Health,2026-07,19,NW-715823,Christopher Glenn,1948-05-07,B-P-00193,75084135,52.50,NEW,2026-08-15
Northwind Health,2026-07,20,NW-313032,Jeffrey Hayes,1949-12-29,B-P-00194,59893296,26.25,RENEWAL,2026-08-15
Northwind Health,2026-07,21,NW-303670,David Weaver,1946-09-23,B-P-00199,93619366,26.25,RENEWAL,2026-08-15
Northwind Health,2026-07,22,NW-217768,Denise Garcia,1983-12-20,B-P-00201,24647567,22.00,NEW,2026-08-15
Northwind Health,2026-07,23,NW-640300,Kevin Gonzalez,1950-05-11,B-P-00205,43888211,26.25,RENEWAL,2026-08-15
Northwind Health,2026-07,24,NW-917662,Eileen Clark,1935-11-19,B-P-00213,90228424,26.25,RENEWAL,2026-08-15
Northwind Health,2026-07,25,NW-648679,Candace Potts,1953-09-01,B-P-00222,84583776,26.25,RENEWAL,2026-08-15
Northwind Health,2026-07,26,NW-457774,Lindsey Brown,1965-10-23,B-P-00223,26047628,22.00,NEW,2026-08-15
Northwind Health,2026-07,27,NW-661661,Justin Kennedy,1963-01-19,B-P-00226,26047628,16.00,RENEWAL,2026-08-15
Northwind Health,2026-07,28,NW-855609,James Brown,1956-12-23,B-P-00236,59893296,26.25,RENEWAL,2026-08-15
Northwind Health,2026-07,29,NW-905147,James Sanford,1949-10-16,B-P-00241,45462976,26.25,RENEWAL,2026-08-15
Northwind Health,2026-07,30,NW-549569,Richard Burton,1945-02-21,B-P-00250,37947372,4.20,RENEWAL,2026-08-15
Northwind Health,2026-07,31,NW-479996,Jerry Patel,1953-02-25,B-P-00253,98787777,26.25,RENEWAL,2026-08-15
Northwind Health,2026-07,32,NW-274494,Robert Reed,1955-10-23,B-P-00263,49066206,19.00,RENEWAL,2026-08-15
Northwind Health,2026-07,33,NW-411553,Robert Reed,1955-10-23,B-P-00264,49066206,4.20,RENEWAL,2026-08-15
Northwind Health,2026-07,34,NW-893763,Matthew Pineda,1950-07-24,B-P-00277,51446845,19.00,RENEWAL,2026-08-15
Northwind Health,2026-07,35,NW-537219,Matthew Pineda,1950-07-24,B-P-00278,51446845,4.20,RENEWAL,2026-08-15
Northwind Health,2026-07,36,NW-673535,Debra Ray,1969-04-03,B-P-00286,49066206,22.00,NEW,2026-08-15
Northwind Health,2026-07,37,NW-424617,Suzanne Miller,1960-09-28,B-P-00288,24647567,52.50,NEW,2026-08-15
Northwind Health,2026-07,38,NW-841482,Colin King,1985-02-13,B-P-00293,20671937,22.00,NEW,2026-08-15
Northwind Health,2026-07,39,NW-873907,Jack Torres,1984-06-25,B-P-00300,64493418,26.25,RENEWAL,2026-08-15
Northwind Health,2026-07,40,NW-549575,Deborah Johnson,1957-08-12,B-P-00305,37947372,52.50,NEW,2026-08-15
Northwind Health,2026-07,41,NW-843451,Zachary Lopez,1936-12-07,B-P-00306,43888211,26.25,RENEWAL,2026-08-15
Northwind Health,2026-07,42,NW-575523,Kevin Garcia,1958-08-07,B-P-00325,43888211,26.25,RENEWAL,2026-08-15
Northwind Health,2026-07,43,NW-928564,Christopher Lara,1951-07-09,B-P-00346,50399119,26.25,RENEWAL,2026-08-15
Northwind Health,2026-07,44,NW-129033,Kelly Strong,1957-07-26,B-P-00348,20671937,26.25,RENEWAL,2026-08-15
Northwind Health,2026-07,45,NW-871393,Phillip Hopkins,1988-01-30,B-P-00350,24647567,16.00,RENEWAL,2026-08-15
Northwind Health,2026-07,46,NW-798233,Elizabeth Marsh,1957-04-18,B-P-00356,45462976,52.50,NEW,2026-08-15
Northwind Health,2026-07,47,NW-263820,Erik Jordan,1937-07-27,B-P-00377,45462976,26.25,RENEWAL,2026-08-15
Northwind Health,2026-07,48,NW-761538,Wendy Johnson,1954-09-14,B-P-00381,59893296,26.25,RENEWAL,2026-08-15
Northwind Health,2026-07,49,NW-941825,Maria Wilson,1957-02-24,B-P-00386,59893296,26.25,RENEWAL,2026-08-15
Northwind Health,2026-07,50,NW-791394,Amanda Wilson,1993-04-16,B-P-00388,59893296,22.00,NEW,2026-08-15
Northwind Health,2026-07,51,NW-616556,Anthony Ochoa,1997-02-24,B-P-00392,9527070,22.00,NEW,2026-08-15
Northwind Health,2026-07,52,NW-898637,Tasha Lopez,1934-08-19,B-P-00398,20671937,26.25,RENEWAL,2026-08-15
Northwind Health,2026-07,53,NW-234284,Brian Yoder,1951-04-05,B-P-00422,24647567,26.25,RENEWAL,2026-08-15
Northwind Health,2026-07,54,NW-179525,Melinda Smith,1948-07-15,B-P-00423,94445646,26.25,RENEWAL,2026-08-15
Northwind Health,2026-07,55,NW-643546,Richard Hill,1951-12-24,B-P-00441,69777236,26.25,RENEWAL,2026-08-15
Northwind Health,2026-07,56,NW-813063,Taylor Jones,1950-09-14,B-P-00442,14829889,19.00,RENEWAL,2026-08-15
Northwind Health,2026-07,57,NW-939498,Taylor Jones,1950-09-14,B-P-00443,14829889,4.20,RENEWAL,2026-08-15
Northwind Health,2026-07,58,NW-530496,Tara James,1938-12-30,B-P-00445,24647567,26.25,RENEWAL,2026-08-15
Northwind Health,2026-07,59,NW-891726,Andrew Castro,1947-05-22,B-P-00446,50979283,26.25,RENEWAL,2026-08-15
Northwind Health,2026-07,60,NW-447012,Megan Cooper,1946-03-10,B-P-00448,20671937,52.50,NEW,2026-08-15
Northwind Health,2026-07,61,NW-490446,Benjamin Elliott,1940-10-31,B-P-00458,14829889,26.25,RENEWAL,2026-08-15
Northwind Health,2026-07,62,NW-863967,Jose Wright,1941-07-26,B-P-00482,24647567,26.25,RENEWAL,2026-08-15
Northwind Health,2026-07,63,NW-815287,Miguel Bryant,1953-12-03,B-P-00501,90228424,52.50,NEW,2026-08-15
Northwind Health,2026-07,64,NW-110275,David Banks,1988-11-04,B-P-00506,14829889,16.00,RENEWAL,2026-08-15
Northwind Health,2026-07,65,NW-968229,Jonathan Ritter,1946-01-29,B-P-00515,64493418,26.25,RENEWAL,2026-08-15
Northwind Health,2026-07,66,NW-683353,Nicole Rowe,1960-01-27,B-P-00534,26047628,52.50,NEW,2026-08-15
Northwind Health,2026-07,67,NW-793909,William Davis,1960-08-25,B-P-00539,50399119,38.00,NEW,2026-08-15
Northwind Health,2026-07,68,NW-321041,William Davis,1960-08-25,B-P-00540,50399119,8.40,NEW,2026-08-15
Northwind Health,2026-07,69,NW-454714,Kaylee Archer,1959-03-14,B-P-00542,64493418,26.25,RENEWAL,2026-08-15
Northwind Health,2026-07,70,NW-214301,Sherri Dunn,1995-12-30,B-P-00548,94445646,22.00,NEW,2026-08-15
Northwind Health,2026-07,71,NW-763962,Brian Dunn,1955-02-02,B-P-00549,94445646,26.25,RENEWAL,2026-08-15
Northwind Health,2026-07,72,NW-958618,Nicholas Moreno,1935-12-31,B-P-00555,49066206,26.25,RENEWAL,2026-08-15
Northwind Health,2026-07,73,NW-689469,Bonnie Hopkins,1946-02-02,B-P-00556,75084135,26.25,RENEWAL,2026-08-15
Northwind Health,2026-07,74,NW-668146,Pamela Dunn,1936-09-11,B-P-00588,81157097,52.50,NEW,2026-08-15
Northwind Health,2026-07,75,NW-495299,Tiffany Savage,1956-02-13,B-P-00592,24647567,4.20,RENEWAL,2026-08-15
Northwind Health,2026-07,76,NW-659207,Courtney Price,1958-03-09,B-P-00602,14829889,52.50,NEW,2026-08-15
Northwind Health,2026-07,77,NW-752989,Pamela Jackson,1985-04-21,B-P-00609,67876966,16.00,RENEWAL,2026-08-15
Northwind Health,2026-07,78,NW-811129,Amanda Dixon,1951-01-15,B-P-00614,51446845,19.00,RENEWAL,2026-08-15
Northwind Health,2026-07,79,NW-904197,Amanda Dixon,1951-01-15,B-P-00615,51446845,4.20,RENEWAL,2026-08-15
Northwind Health,2026-07,80,NW-309212,Margaret Santiago,1991-10-10,B-P-00617,45462976,22.00,NEW,2026-08-15
Northwind Health,2026-07,81,NW-677899,Robert Roberts,1955-02-25,B-P-00640,84583776,26.25,RENEWAL,2026-08-15
Northwind Health,2026-07,82,NW-986491,Adam Martin,1966-06-09,B-P-00641,81157097,16.00,RENEWAL,2026-08-15
Northwind Health,2026-07,83,NW-690920,Susan Smith,1958-12-29,B-P-00647,26047628,26.25,RENEWAL,2026-08-15
Northwind Health,2026-07,84,NW-488863,Amy Jennings,1958-07-31,B-P-00649,37947372,26.25,RENEWAL,2026-08-15
Northwind Health,2026-07,85,NW-333697,Frances Randolph,1951-03-02,B-P-00676,64493418,26.25,RENEWAL,2026-08-15
Northwind Health,2026-07,86,NW-136794,Megan Kidd-Munoz,1947-07-05,B-P-00682,50399119,26.25,RENEWAL,2026-08-15
Northwind Health,2026-07,87,NW-953518,Melissa Higgins,1937-09-05,B-P-00702,45462976,19.00,RENEWAL,2026-08-15
Northwind Health,2026-07,88,NW-468997,Melissa Higgins,1937-09-05,B-P-00703,45462976,4.20,RENEWAL,2026-08-15
Northwind Health,2026-07,89,NW-266139,Gregory Buchanan,1956-08-06,B-P-00719,81157097,4.20,RENEWAL,2026-08-15
Northwind Health,2026-07,90,NW-784273,David Walker,1986-09-08,B-P-00725,81157097,16.00,RENEWAL,2026-08-15
Northwind Health,2026-07,91,NW-588322,Justin Morse,1948-04-29,B-P-00756,26047628,52.50,NEW,2026-08-15
Northwind Health,2026-07,92,NW-801813,Elizabeth Morse,1954-09-30,B-P-00757,26047628,19.00,RENEWAL,2026-08-15
Northwind Health,2026-07,93,NW-780005,Elizabeth Morse,1954-09-30,B-P-00758,26047628,4.20,RENEWAL,2026-08-15
Northwind Health,2026-07,94,NW-691193,Jason Holland,1950-12-25,B-P-00763,64493418,4.20,RENEWAL,2026-08-15
Northwind Health,2026-07,95,NW-577391,Anthony Jacobs,1937-04-30,B-P-00767,45462976,38.00,NEW,2026-08-15
Northwind Health,2026-07,96,NW-541935,Anthony Jacobs,1937-04-30,B-P-00768,45462976,8.40,NEW,2026-08-15
Northwind Health,2026-07,97,NW-152197,Vincent Lyons,1966-07-22,B-P-00770,50979283,22.00,NEW,2026-08-15
Northwind Health,2026-07,98,NW-617312,Steven Bond,1945-01-30,B-P-00777,64493418,26.25,RENEWAL,2026-08-15
Northwind Health,2026-07,99,NW-740633,Nathan Espinoza,1940-02-24,B-P-00779,50979283,19.00,RENEWAL,2026-08-15
Northwind Health,2026-07,100,NW-475857,Nathan Espinoza,1940-02-24,B-P-00780,50979283,4.20,RENEWAL,2026-08-15
Northwind Health,2026-07,101,NW-532627,Greg Walsh,1944-09-14,B-P-00791,43888211,38.00,NEW,2026-08-15
Northwind Health,2026-07,102,NW-992976,Greg Walsh,1944-09-14,B-P-00792,43888211,8.40,NEW,2026-08-15
Northwind Health,2026-07,103,NW-398087,Cynthia Bell,1946-03-08,B-P-00806,81157097,26.25,RENEWAL,2026-08-15
Northwind Health,2026-07,104,NW-742873,Wanda Smith,1945-08-15,B-P-00813,81157097,19.00,RENEWAL,2026-08-15
Northwind Health,2026-07,105,NW-985363,Wanda Smith,1945-08-15,B-P-00814,81157097,4.20,RENEWAL,2026-08-15
Northwind Health,2026-07,106,NW-327937,Savannah Wells,1999-01-13,B-P-00820,94445646,16.00,RENEWAL,2026-08-15
Northwind Health,2026-07,107,NW-753245,Heather Riggs,1984-07-29,B-P-00838,91146902,16.00,RENEWAL,2026-08-15
Northwind Health,2026-07,108,NW-547859,Aaron Hancock,1944-10-29,B-P-00839,50399119,26.25,RENEWAL,2026-08-15
Northwind Health,2026-07,109,NW-388352,Anthony Braun,1957-08-08,B-P-00845,91146902,26.25,RENEWAL,2026-08-15
Northwind Health,2026-07,110,NW-113385,Tara Zimmerman,1945-09-08,B-P-00846,59893296,4.20,RENEWAL,2026-08-15
Northwind Health,2026-07,111,NW-142037,Stacie Martinez,1978-05-16,B-P-00863,24647567,16.00,RENEWAL,2026-08-15
Northwind Health,2026-07,112,NW-338070,George Norman,1957-08-28,B-P-00874,93619366,19.00,RENEWAL,2026-08-15
Northwind Health,2026-07,113,NW-162051,George Norman,1957-08-28,B-P-00875,93619366,4.20,RENEWAL,2026-08-15
Northwind Health,2026-07,114,NW-466638,Jaclyn Harper,1958-07-16,B-P-00885,9527070,52.50,NEW,2026-08-15
Northwind Health,2026-07,115,NW-849825,Zachary Moore,1944-10-27,B-P-00897,37947372,26.25,RENEWAL,2026-08-15
Northwind Health,2026-07,116,NW-956386,Kristi Smith,1937-12-03,B-P-00900,90228424,52.50,NEW,2026-08-15
Northwind Health,2026-07,117,NW-782773,David Craig,1951-04-21,B-P-00925,51446845,26.25,RENEWAL,2026-08-15
Northwind Health,2026-07,118,NW-823209,Logan Smith,1974-09-19,B-P-00928,94445646,52.50,NEW,2026-08-15
Northwind Health,2026-07,119,NW-968618,Christian Carr,1941-05-29,B-P-00938,93619366,26.25,RENEWAL,2026-08-15
Northwind Health,2026-07,120,NW-326638,Alexis Zamora,1957-04-03,B-P-00941,81157097,26.25,RENEWAL,2026-08-15
Northwind Health,2026-07,121,NW-395039,Daniel Clark,1942-11-04,B-P-00944,59893296,26.25,RENEWAL,2026-08-15
Northwind Health,2026-07,122,NW-919314,Tommy Parker,1975-10-20,B-P-00947,26047628,16.00,RENEWAL,2026-08-15
Northwind Health,2026-07,123,NW-929050,Juan Ball,1953-02-28,B-P-00962,67876966,19.00,RENEWAL,2026-08-15
Northwind Health,2026-07,124,NW-336539,Juan Ball,1953-02-28,B-P-00963,67876966,4.20,RENEWAL,2026-08-15
Northwind Health,2026-07,125,NW-184912,Lauren Lewis,1966-12-12,B-P-00971,69777236,22.00,NEW,2026-08-15
Northwind Health,2026-07,126,NW-851484,Candace Harris,1945-05-06,B-P-00989,37947372,26.25,RENEWAL,2026-08-15
Northwind Health,2026-07,127,NW-298029,Margaret Liu,1952-06-27,B-P-01002,9527070,19.00,RENEWAL,2026-08-15
Northwind Health,2026-07,128,NW-241221,Margaret Liu,1952-06-27,B-P-01003,9527070,4.20,RENEWAL,2026-08-15
Northwind Health,2026-07,129,NW-856859,Jennifer Green,1981-08-06,B-P-01005,45462976,16.00,RENEWAL,2026-08-15
Northwind Health,2026-07,130,NW-359629,Lynn Walters,1988-12-06,B-P-01009,45462976,22.00,NEW,2026-08-15
Northwind Health,2026-07,131,NW-403134,Mary Schmidt,1959-09-22,B-P-01022,50399119,8.40,NEW,2026-08-15
Northwind Health,2026-07,132,NW-535928,Corey Stuart,1941-05-22,B-P-01033,64493418,26.25,RENEWAL,2026-08-15
Northwind Health,2026-07,133,NW-386800,Jessica West-Mays,1990-08-23,B-P-01037,75084135,16.00,RENEWAL,2026-08-15
Northwind Health,2026-07,134,NW-676962,Kayla Williams,1986-08-03,B-P-01048,59893296,16.00,RENEWAL,2026-08-15
Northwind Health,2026-07,135,NW-739886,Sherry Reed,1955-05-06,B-P-01053,59893296,52.50,NEW,2026-08-15
Northwind Health,2026-07,136,NW-326264,Sophia Novak,1958-04-26,B-P-01071,45462976,26.25,RENEWAL,2026-08-15
Northwind Health,2026-07,137,NW-578177,Diane Hansen,1944-01-01,B-P-01080,64493418,26.25,RENEWAL,2026-08-15
Northwind Health,2026-07,138,NW-346716,Kara Anderson,1952-03-12,B-P-01085,81157097,38.00,NEW,2026-08-15
Northwind Health,2026-07,139,NW-288811,Kara Anderson,1952-03-12,B-P-01086,81157097,8.40,NEW,2026-08-15
Northwind Health,2026-07,140,NW-946563,John Carpenter,1945-06-27,B-P-01093,69777236,26.25,RENEWAL,2026-08-15
Northwind Health,2026-07,141,NW-392789,Eric Rivera,1951-08-28,B-P-01097,45462976,26.25,RENEWAL,2026-08-15
Northwind Health,2026-07,142,NW-270333,Ryan Pena,1986-08-17,B-P-01104,14829889,16.00,RENEWAL,2026-08-15
Northwind Health,2026-07,143,NW-811946,Katherine Richards,1977-03-24,B-P-01107,50979283,16.00,RENEWAL,2026-08-15
Northwind Health,2026-07,144,NW-817564,Ian Rivers,2003-02-05,B-P-01120,43888211,22.00,NEW,2026-08-15
Northwind Health,2026-07,145,NW-708854,Ryan Boyd,1938-07-26,B-P-01133,14829889,26.25,RENEWAL,2026-08-15
Northwind Health,2026-07,146,NW-662790,Richard Boyd,1955-12-30,B-P-01134,14829889,19.00,RENEWAL,2026-08-15
Northwind Health,2026-07,147,NW-901554,Richard Boyd,1955-12-30,B-P-01135,14829889,4.20,RENEWAL,2026-08-15
Northwind Health,2026-07,148,NW-912247,Bruce Perez,1956-04-19,B-P-01140,50399119,26.25,RENEWAL,2026-08-15
Northwind Health,2026-07,149,NW-754153,Gary Perez,1950-11-09,B-P-01141,50399119,26.25,RENEWAL,2026-08-15
Northwind Health,2026-07,150,NW-935683,Joseph Estrada,1938-05-05,B-P-01149,64493418,38.00,NEW,2026-08-15
Northwind Health,2026-07,151,NW-479273,Joseph Estrada,1938-05-05,B-P-01150,64493418,8.40,NEW,2026-08-15
Northwind Health,2026-07,152,NW-870857,Anna Hensley,1985-05-25,B-P-01151,91146902,16.00,RENEWAL,2026-08-15
Northwind Health,2026-07,153,NW-524426,Nicholas Hensley,1955-09-13,B-P-01152,91146902,4.20,RENEWAL,2026-08-15
Northwind Health,2026-07,154,NW-343650,Thomas Walsh,1949-01-11,B-P-01154,20671937,26.25,RENEWAL,2026-08-15
Northwind Health,2026-07,155,NW-773834,Thomas Cox,1982-04-17,B-P-01156,98787777,22.00,NEW,2026-08-15
Northwind Health,2026-07,156,NW-692952,Kevin Cox,1947-12-19,B-P-01158,98787777,26.25,RENEWAL,2026-08-15
Northwind Health,2026-07,157,NW-561890,David Williams,1941-01-26,B-P-01161,93619366,26.25,RENEWAL,2026-08-15
Northwind Health,2026-07,158,NW-990839,Brian Carney,1955-12-08,B-P-01164,20671937,52.50,NEW,2026-08-15
Northwind Health,2026-07,159,NW-976888,Luis Combs,1951-12-21,B-P-01179,67876966,4.20,RENEWAL,2026-08-15
Northwind Health,2026-07,160,NW-111314,Kevin Nolan,1949-03-11,B-P-01188,59893296,52.50,NEW,2026-08-15
Northwind Health,2026-07,161,NW-240275,Angela Higgins,1958-03-29,B-P-01190,50979283,26.25,RENEWAL,2026-08-15
Northwind Health,2026-07,162,NW-367553,Claire Kelley,1956-07-15,B-P-01201,49066206,8.40,NEW,2026-08-15
Northwind Health,2026-07,163,NW-293308,Amber Brock,1945-01-13,B-P-01210,43888211,4.20,RENEWAL,2026-08-15
Northwind Health,2026-07,164,NW-413754,Marc Brock,1949-06-16,B-P-01211,43888211,38.00,NEW,2026-08-15
Northwind Health,2026-07,165,NW-585027,Marc Brock,1949-06-16,B-P-01212,43888211,8.40,NEW,2026-08-15
Northwind Health,2026-07,166,NW-640961,Kevin Vargas,1967-12-11,B-P-01214,14829889,22.00,NEW,2026-08-15
Northwind Health,2026-07,167,NW-730003,Crystal Bass,1982-10-17,B-P-01218,50399119,16.00,RENEWAL,2026-08-15
Northwind Health,2026-07,168,NW-420478,Katelyn Benson,1960-04-15,B-P-01226,59893296,26.25,RENEWAL,2026-08-15
Northwind Health,2026-07,169,NW-823608,Ronnie Blake,1951-12-26,B-P-01236,98787777,4.20,RENEWAL,2026-08-15
Northwind Health,2026-07,170,NW-678066,Victor Jennings,1936-09-20,B-P-01237,26047628,52.50,NEW,2026-08-15
Northwind Health,2026-07,171,NW-635379,Sean Hill,1990-09-30,B-P-01241,50979283,22.00,NEW,2026-08-15
Northwind Health,2026-07,172,NW-743170,Norma Thornton,1953-08-15,B-P-01243,9527070,52.50,NEW,2026-08-15
Northwind Health,2026-07,173,NW-896122,Stephen Whitney,1939-04-06,B-P-01247,93619366,52.50,NEW,2026-08-15
Northwind Health,2026-07,174,NW-637303,Mary Wood,1938-12-23,B-P-01256,49066206,52.50,NEW,2026-08-15
Northwind Health,2026-07,175,NW-975725,Kelly Espinoza,1960-04-16,B-P-01268,26047628,26.25,RENEWAL,2026-08-15
Northwind Health,2026-07,176,NW-606338,Douglas Dennis,1937-11-27,B-P-01279,20671937,26.25,RENEWAL,2026-08-15
Northwind Health,2026-07,177,NW-815198,Kristy Cantrell,1942-02-12,B-P-01289,37947372,4.20,RENEWAL,2026-08-15
Northwind Health,2026-07,178,NW-678638,Bradley Kaufman,1950-12-22,B-P-01294,84583776,26.25,RENEWAL,2026-08-15
Northwind Health,2026-07,179,NW-290975,Barbara Martin,1971-12-29,B-P-01297,45462976,26.25,RENEWAL,2026-08-15
Northwind Health,2026-07,180,NW-199856,Sharon Foley,1939-12-11,B-P-01302,59893296,26.25,RENEWAL,2026-08-15
Northwind Health,2026-07,181,NW-476693,Shannon Bell,1979-11-14,B-P-01306,37947372,22.00,NEW,2026-08-15
Northwind Health,2026-07,182,NW-414633,Kyle Green,1994-03-31,B-P-01307,14829889,22.00,NEW,2026-08-15
Northwind Health,2026-07,183,NW-339871,William Delgado,1972-09-16,B-P-01308,20671937,22.00,NEW,2026-08-15
Northwind Health,2026-07,184,NW-630142,Lauren Kim,1935-06-05,B-P-01328,50979283,19.00,RENEWAL,2026-08-15
Northwind Health,2026-07,185,NW-494095,Lauren Kim,1935-06-05,B-P-01329,50979283,4.20,RENEWAL,2026-08-15
Northwind Health,2026-07,186,NW-864982,Eric Herrera,1936-12-17,B-P-01338,93619366,19.00,RENEWAL,2026-08-15
Northwind Health,2026-07,187,NW-143674,Eric Herrera,1936-12-17,B-P-01339,93619366,4.20,RENEWAL,2026-08-15
Northwind Health,2026-07,188,NW-199017,Richard Clark,1946-02-23,B-P-01348,67876966,52.50,NEW,2026-08-15
Northwind Health,2026-07,189,NW-826973,Jessica Bradley,1944-06-13,B-P-01376,51446845,26.25,RENEWAL,2026-08-15
Northwind Health,2026-07,190,NW-850435,Veronica Williams,1936-12-03,B-P-01391,50979283,19.00,RENEWAL,2026-08-15
Northwind Health,2026-07,191,NW-371993,Veronica Williams,1936-12-03,B-P-01392,50979283,4.20,RENEWAL,2026-08-15
Northwind Health,2026-07,192,NW-187779,Michael Williams,1958-08-18,B-P-01393,50979283,26.25,RENEWAL,2026-08-15
Northwind Health,2026-07,193,NW-882359,Sarah Harrell,1998-05-09,B-P-01398,43888211,22.00,NEW,2026-08-15
Northwind Health,2026-07,194,NW-556546,Timothy Wallace,1960-03-11,B-P-01401,75084135,26.25,RENEWAL,2026-08-15
Northwind Health,2026-07,195,NW-559554,Jessica Esparza,1941-02-03,B-P-01407,50399119,8.40,NEW,2026-08-15
Northwind Health,2026-07,196,NW-936087,Michelle Lin,1933-10-23,B-P-01418,51446845,26.25,RENEWAL,2026-08-15
Northwind Health,2026-07,197,NW-158615,Rachel Wiggins,1933-12-22,B-P-01420,37947372,26.25,RENEWAL,2026-08-15
Northwind Health,2026-07,198,NW-643447,David Mendoza,1935-07-03,B-P-01430,43888211,38.00,NEW,2026-08-15
Northwind Health,2026-07,199,NW-623554,David Mendoza,1935-07-03,B-P-01431,43888211,8.40,NEW,2026-08-15
Northwind Health,2026-07,200,NW-962284,Charles Friedman,1958-01-09,B-P-01446,90228424,8.40,NEW,2026-08-15
Northwind Health,2026-07,201,NW-446033,Joshua Watson,1958-07-23,B-P-01449,50979283,19.00,RENEWAL,2026-08-15
Northwind Health,2026-07,202,NW-159728,Joshua Watson,1958-07-23,B-P-01450,50979283,4.20,RENEWAL,2026-08-15
Northwind Health,2026-07,203,NW-384621,Sarah Copeland,1950-07-02,B-P-01452,81157097,26.25,RENEWAL,2026-08-15
Northwind Health,2026-07,204,NW-820913,Sandra Thompson,1952-10-04,B-P-01460,49066206,26.25,RENEWAL,2026-08-15
Northwind Health,2026-07,205,NW-387685,Sarah Boyd,1941-08-23,B-P-01468,51446845,26.25,RENEWAL,2026-08-15
Northwind Health,2026-07,206,NW-435845,Kari Jones,1956-07-28,B-P-01471,49066206,52.50,NEW,2026-08-15
Northwind Health,2026-07,207,NW-978764,Sarah King,1951-12-08,B-P-01473,50399119,26.25,RENEWAL,2026-08-15
Northwind Health,2026-07,208,NW-148476,Matthew Noble,1934-02-03,B-P-01474,49066206,26.25,RENEWAL,2026-08-15
Northwind Health,2026-07,209,NW-182283,Lisa Woods,1989-01-01,B-P-01483,94445646,16.00,RENEWAL,2026-08-15
Northwind Health,2026-07,210,NW-729093,Allison Murray,1939-12-21,B-P-01496,24647567,26.25,RENEWAL,2026-08-15
Northwind Health,2026-07,211,NW-307907,Patrick Murray,1944-04-02,B-P-01497,24647567,26.25,RENEWAL,2026-08-15
Northwind Health,2026-07,212,NW-181193,Aaron Miller,1946-03-14,B-P-01524,49066206,19.00,RENEWAL,2026-08-15
Northwind Health,2026-07,213,NW-418099,Aaron Miller,1946-03-14,B-P-01525,49066206,4.20,RENEWAL,2026-08-15
Northwind Health,2026-07,214,NW-911270,Ethan Martinez,1957-11-15,B-P-01546,24647567,4.20,RENEWAL,2026-08-15
Northwind Health,2026-07,215,NW-840979,Terri Lewis,1975-11-17,B-P-01556,84583776,22.00,NEW,2026-08-15
Northwind Health,2026-07,216,NW-500049,Karen Newman,1980-11-28,B-P-01560,84583776,16.00,RENEWAL,2026-08-15
Northwind Health,2026-07,217,NW-292065,Jeremy Leon,1950-01-18,B-P-01567,37947372,26.25,RENEWAL,2026-08-15
Northwind Health,2026-07,218,NW-297377,William Blair,1958-08-08,B-P-01573,37947372,26.25,RENEWAL,2026-08-15
Northwind Health,2026-07,219,NW-564820,Brenda Blair,1949-11-28,B-P-01577,37947372,52.50,NEW,2026-08-15
Northwind Health,2026-07,220,NW-558456,Keith Smith,1949-03-01,B-P-01596,91146902,26.25,RENEWAL,2026-08-15
Northwind Health,2026-07,221,NW-561540,Heather Myers,1946-07-18,B-P-01599,51446845,52.50,NEW,2026-08-15
Northwind Health,2026-07,222,NW-606370,Terrance Crawford,2002-03-15,B-P-01605,69777236,22.00,NEW,2026-08-15
Northwind Health,2026-07,223,NW-365488,Russell Haynes,1954-12-16,B-P-01619,59893296,26.25,RENEWAL,2026-08-15
Northwind Health,2026-07,224,NW-160403,Ronnie Johnson,1985-12-17,B-P-01635,26047628,16.00,RENEWAL,2026-08-15
Northwind Health,2026-07,225,NW-297635,April Medina,1999-12-25,B-P-01661,43888211,16.00,RENEWAL,2026-08-15
Northwind Health,2026-07,226,NW-134037,Heather Arnold,1945-07-19,B-P-01667,9527070,26.25,RENEWAL,2026-08-15
Northwind Health,2026-07,227,NW-481086,Sarah Morgan,1941-10-18,B-P-01685,93619366,26.25,RENEWAL,2026-08-15
Northwind Health,2026-07,228,NW-684258,Colleen Walters,1944-05-20,B-P-01687,43888211,26.25,RENEWAL,2026-08-15
Northwind Health,2026-07,229,NW-205170,Gerald Jones,1976-12-10,B-P-01689,90228424,16.00,RENEWAL,2026-08-15
Northwind Health,2026-07,230,NW-505979,Melissa Green,1984-11-22,B-P-01691,43888211,26.25,RENEWAL,2026-08-15
Northwind Health,2026-07,231,NW-390501,Timothy Wallace,1944-11-15,B-P-01707,84583776,19.00,RENEWAL,2026-08-15
Northwind Health,2026-07,232,NW-780352,Timothy Wallace,1944-11-15,B-P-01708,84583776,4.20,RENEWAL,2026-08-15
Northwind Health,2026-07,233,NW-640552,Amy Bell,1945-07-13,B-P-01709,24647567,26.25,RENEWAL,2026-08-15
Northwind Health,2026-07,234,NW-375037,Christopher Black,1950-04-22,B-P-01710,91146902,4.20,RENEWAL,2026-08-15
Northwind Health,2026-07,235,NW-348460,Karen Brown,1956-11-27,B-P-01719,81157097,26.25,RENEWAL,2026-08-15
Northwind Health,2026-07,236,NW-476012,Cynthia Steele,1957-12-26,B-P-01738,45462976,19.00,RENEWAL,2026-08-15
Northwind Health,2026-07,237,NW-865866,Cynthia Steele,1957-12-26,B-P-01739,45462976,4.20,RENEWAL,2026-08-15
Northwind Health,2026-07,238,NW-281689,Nancy Peck,1950-05-01,B-P-01746,98787777,52.50,NEW,2026-08-15
Northwind Health,2026-07,239,NW-705662,Jason Mendez,1940-09-02,B-P-01753,50399119,19.00,RENEWAL,2026-08-15
Northwind Health,2026-07,240,NW-771147,Jason Mendez,1940-09-02,B-P-01754,50399119,4.20,RENEWAL,2026-08-15
Northwind Health,2026-07,241,NW-131846,Mark Davis,1938-11-04,B-P-01767,50399119,19.00,RENEWAL,2026-08-15
Northwind Health,2026-07,242,NW-794271,Mark Davis,1938-11-04,B-P-01768,50399119,4.20,RENEWAL,2026-08-15
Northwind Health,2026-07,243,NW-933893,Taylor Davis,1986-04-16,B-P-01769,50399119,16.00,RENEWAL,2026-08-15
Northwind Health,2026-07,244,NW-398358,Gregory Sanders,1960-06-23,B-P-01775,84583776,52.50,NEW,2026-08-15
Northwind Health,2026-07,245,NW-786468,Tina Giles,1942-09-26,B-P-01779,45462976,52.50,NEW,2026-08-15
Northwind Health,2026-07,246,NW-126954,Emily Giles,1988-02-22,B-P-01780,45462976,16.00,RENEWAL,2026-08-15
Northwind Health,2026-07,247,NW-943251,Christina Floyd,1933-11-24,B-P-01792,37947372,4.20,RENEWAL,2026-08-15
Northwind Health,2026-07,248,NW-958884,Amanda Lowery,2000-09-20,B-P-01794,20671937,22.00,NEW,2026-08-15
Northwind Health,2026-07,249,NW-934877,Tyler Gray,1939-11-10,B-P-01809,37947372,19.00,RENEWAL,2026-08-15
Northwind Health,2026-07,250,NW-921231,Tyler Gray,1939-11-10,B-P-01810,37947372,4.20,RENEWAL,2026-08-15
Northwind Health,2026-07,251,NW-305828,Mary Gordon,1933-12-19,B-P-01817,75084135,26.25,RENEWAL,2026-08-15
Northwind Health,2026-07,252,NW-747099,Bryan Riley,1951-12-11,B-P-01825,75084135,19.00,RENEWAL,2026-08-15
Northwind Health,2026-07,253,NW-918642,Bryan Riley,1951-12-11,B-P-01826,75084135,4.20,RENEWAL,2026-08-15
Northwind Health,2026-07,254,NW-886319,Christopher Smith,1995-09-30,B-P-01828,45462976,26.25,RENEWAL,2026-08-15
Northwind Health,2026-07,255,NW-590427,Jessica Moore,1989-09-02,B-P-01831,37947372,16.00,RENEWAL,2026-08-15
Northwind Health,2026-07,256,NW-111120,Sandra Marsh,1969-11-02,B-P-01839,67876966,16.00,RENEWAL,2026-08-15
Northwind Health,2026-07,257,NW-386316,Misty Brown,1947-02-17,B-P-01842,43888211,26.25,RENEWAL,2026-08-15
Northwind Health,2026-07,258,NW-305088,Susan Parker,1952-02-17,B-P-01848,64493418,26.25,RENEWAL,2026-08-15
Northwind Health,2026-07,259,NW-329742,Walter Anderson,1956-04-17,B-P-01852,24647567,38.00,NEW,2026-08-15
Northwind Health,2026-07,260,NW-565436,Walter Anderson,1956-04-17,B-P-01853,24647567,8.40,NEW,2026-08-15
Northwind Health,2026-07,261,NW-774597,Daniel Foster,1979-12-10,B-P-01859,64493418,22.00,NEW,2026-08-15
Northwind Health,2026-07,262,NW-762768,Michael Hoffman,1955-06-07,B-P-01864,26047628,19.00,RENEWAL,2026-08-15
Northwind Health,2026-07,263,NW-337634,Michael Hoffman,1955-06-07,B-P-01865,26047628,4.20,RENEWAL,2026-08-15
Northwind Health,2026-07,264,NW-333716,Morgan Blake,1935-03-07,B-P-01874,24647567,26.25,RENEWAL,2026-08-15
Northwind Health,2026-07,265,NW-984652,Melissa Glenn,1957-06-10,B-P-01885,75084135,26.25,RENEWAL,2026-08-15
Northwind Health,2026-07,266,NW-345491,Amanda Mccormick,1934-04-24,B-P-01887,9527070,26.25,RENEWAL,2026-08-15
Northwind Health,2026-07,267,NW-588851,Brittany Mccormick,1951-03-26,B-P-01888,9527070,26.25,RENEWAL,2026-08-15
Northwind Health,2026-07,268,NW-690446,Sean Ryan,1960-03-11,B-P-01918,69777236,38.00,NEW,2026-08-15
Northwind Health,2026-07,269,NW-149179,Sean Ryan,1960-03-11,B-P-01919,69777236,8.40,NEW,2026-08-15
Northwind Health,2026-07,270,NW-903273,Javier Williams,1935-03-10,B-P-01931,90228424,8.40,NEW,2026-08-15
Northwind Health,2026-07,271,NW-830711,Paul Brown,1944-03-06,B-P-01941,37947372,19.00,RENEWAL,2026-08-15
Northwind Health,2026-07,272,NW-214763,Paul Brown,1944-03-06,B-P-01942,37947372,4.20,RENEWAL,2026-08-15
Northwind Health,2026-07,273,NW-652175,Alexander Jenkins,1953-05-28,B-P-01943,98787777,19.00,RENEWAL,2026-08-15
Northwind Health,2026-07,274,NW-291964,Alexander Jenkins,1953-05-28,B-P-01944,98787777,4.20,RENEWAL,2026-08-15
Northwind Health,2026-07,275,NW-948594,Christopher Jenkins,1994-08-17,B-P-01945,98787777,16.00,RENEWAL,2026-08-15
Northwind Health,2026-07,276,NW-897350,Matthew Deleon,1941-11-03,B-P-01970,26047628,26.25,RENEWAL,2026-08-15
Northwind Health,2026-07,277,NW-534376,Todd Cisneros,1951-11-07,B-P-01973,14829889,19.00,RENEWAL,2026-08-15
Northwind Health,2026-07,278,NW-528643,Todd Cisneros,1951-11-07,B-P-01974,14829889,4.20,RENEWAL,2026-08-15
Northwind Health,2026-07,279,NW-927739,Elizabeth Johnson,1947-07-22,B-P-01976,14829889,52.50,NEW,2026-08-15
Northwind Health,2026-07,280,NW-100537,Richard Perez,2000-08-21,B-P-01978,93619366,22.00,NEW,2026-08-15
Northwind Health,2026-07,281,NW-961702,Christina Jackson,1944-11-13,B-P-01997,26047628,26.25,RENEWAL,2026-08-15
Northwind Health,2026-07,282,NW-453226,Erica Rivera,1951-08-28,B-P-02005,45462976,26.25,RENEWAL,2026-08-15
Northwind Health,2026-07,283,NW-204581,Kevin Cox,1973-05-31,B-P-02023,98787777,22.00,NEW,2026-08-15
Northwind Health,2026-07,284,NW-255285,Steven Porter,1975-07-15,B-P-02024,94445646,16.00,RENEWAL,2026-08-15
Northwind Health,2026-07,285,NW-755778,Greg Walsh,1970-10-28,B-P-02029,81157097,16.00,RENEWAL,2026-08-15
Northwind Health,2026-07,286,NW-659755,Jacob House,1969-12-07,B-P-02031,98787777,22.00,NEW,2026-08-15
Northwind Health,2026-07,287,NW-946717,Charles Woods,1967-10-13,B-P-02034,37947372,22.00,NEW,2026-08-15
Bluepeak,2026-07,1,BP-246120,Cody Mason,1955-03-31,B-P-00007,81157097,26.25,RENEWAL,2026-08-15
Bluepeak,2026-07,2,BP-456809,Katherine Smith,1965-12-24,B-P-00018,59893296,26.25,RENEWAL,2026-08-15
Bluepeak,2026-07,3,BP-703143,Ralph Li,1988-05-15,B-P-00025,91146902,22.00,NEW,2026-08-15
Bluepeak,2026-07,4,BP-884634,Jill Graves,1938-09-01,B-P-00029,94445646,26.25,RENEWAL,2026-08-15
Bluepeak,2026-07,5,BP-840477,Samuel Daniels,1958-05-04,B-P-00031,93619366,52.50,NEW,2026-08-15
Bluepeak,2026-07,6,BP-638060,Victoria Williams,1935-05-06,B-P-00047,26047628,52.50,NEW,2026-08-15
Bluepeak,2026-07,7,BP-165851,Paul Bradford,1948-09-13,B-P-00048,43888211,26.25,RENEWAL,2026-08-15
Bluepeak,2026-07,8,BP-682074,Adrienne Rivas,1956-08-01,B-P-00066,94445646,19.00,RENEWAL,2026-08-15
Bluepeak,2026-07,9,BP-840307,Adrienne Rivas,1956-08-01,B-P-00067,94445646,4.20,RENEWAL,2026-08-15
Bluepeak,2026-07,10,BP-108451,Sarah Sanchez,1943-08-10,B-P-00071,90228424,52.50,NEW,2026-08-15
Bluepeak,2026-07,11,BP-688337,Christopher Smith-Ford,1950-06-12,B-P-00099,14829889,26.25,RENEWAL,2026-08-15
Bluepeak,2026-07,12,BP-940762,Megan Nelson,1948-05-30,B-P-00119,84583776,26.25,RENEWAL,2026-08-15
Bluepeak,2026-07,13,BP-981520,Bobby Ortiz-Gonzalez,1945-12-31,B-P-00121,49066206,26.25,RENEWAL,2026-08-15
Bluepeak,2026-07,14,BP-152926,Donna Ortiz,1958-11-27,B-P-00123,49066206,4.20,RENEWAL,2026-08-15
Bluepeak,2026-07,15,BP-378553,Cynthia Wagner,1935-10-24,B-P-00125,90228424,26.25,RENEWAL,2026-08-15
Bluepeak,2026-07,16,BP-982529,Kenneth Mcdonald,1954-07-19,B-P-00148,81157097,26.25,RENEWAL,2026-08-15
Bluepeak,2026-07,17,BP-272120,Ashley Foster,1938-01-06,B-P-00150,59893296,52.50,NEW,2026-08-15
Bluepeak,2026-07,18,BP-946722,Daniel Martinez,1957-02-13,B-P-00153,14829889,19.00,RENEWAL,2026-08-15
Bluepeak,2026-07,19,BP-402862,Daniel Martinez,1957-02-13,B-P-00154,14829889,4.20,RENEWAL,2026-08-15
Bluepeak,2026-07,20,BP-917748,Donna Cline,1941-12-09,B-P-00161,51446845,26.25,RENEWAL,2026-08-15
Bluepeak,2026-07,21,BP-240344,Michael Eaton,1959-04-19,B-P-00195,90228424,52.50,NEW,2026-08-15
Bluepeak,2026-07,22,BP-271365,Philip Sullivan,1950-08-06,B-P-00207,24647567,26.25,RENEWAL,2026-08-15
Bluepeak,2026-07,23,BP-527880,Micheal Chung,1944-06-05,B-P-00208,45462976,26.25,RENEWAL,2026-08-15
Bluepeak,2026-07,24,BP-392934,Steven Nguyen,1952-02-01,B-P-00214,93619366,52.50,NEW,2026-08-15
Bluepeak,2026-07,25,BP-251762,David Frey,1940-06-02,B-P-00219,90228424,52.50,NEW,2026-08-15
Bluepeak,2026-07,26,BP-268095,Michael Caldwell,1993-06-02,B-P-00230,20671937,22.00,NEW,2026-08-15
Bluepeak,2026-07,27,BP-559950,Kevin Brown,2000-07-13,B-P-00238,59893296,22.00,NEW,2026-08-15
Bluepeak,2026-07,28,BP-432719,Dana Aguilar,1952-12-17,B-P-00254,20671937,26.25,RENEWAL,2026-08-15
Bluepeak,2026-07,29,BP-733403,Angela Walker,1970-07-14,B-P-00266,20671937,22.00,NEW,2026-08-15
Bluepeak,2026-07,30,BP-290847,Megan Rivera,1959-03-20,B-P-00269,43888211,19.00,RENEWAL,2026-08-15
Bluepeak,2026-07,31,BP-610755,Megan Rivera,1959-03-20,B-P-00270,43888211,4.20,RENEWAL,2026-08-15
Bluepeak,2026-07,32,BP-711850,Allen Mendoza,1944-11-13,B-P-00272,20671937,26.25,RENEWAL,2026-08-15
Bluepeak,2026-07,33,BP-636237,Garrett Jones,1936-06-02,B-P-00273,26047628,26.25,RENEWAL,2026-08-15
Bluepeak,2026-07,34,BP-907990,Jacqueline Vasquez,1986-07-28,B-P-00281,26047628,22.00,NEW,2026-08-15
Bluepeak,2026-07,35,BP-776909,Jessica Bishop,1944-04-25,B-P-00291,94445646,26.25,RENEWAL,2026-08-15
Bluepeak,2026-07,36,BP-262851,Ronald Howard,1948-07-28,B-P-00295,93619366,26.25,RENEWAL,2026-08-15
Bluepeak,2026-07,37,BP-585302,Thomas Thomas,1945-03-24,B-P-00296,45462976,8.40,NEW,2026-08-15
Bluepeak,2026-07,38,BP-251182,James Lopez,1953-02-22,B-P-00308,43888211,52.50,NEW,2026-08-15
Bluepeak,2026-07,39,BP-470426,Dwayne Smith,1953-09-30,B-P-00329,90228424,38.00,NEW,2026-08-15
Bluepeak,2026-07,40,BP-811713,Dwayne Smith,1953-09-30,B-P-00330,90228424,8.40,NEW,2026-08-15
Bluepeak,2026-07,41,BP-673728,Charles Robinson,1938-11-04,B-P-00331,64493418,4.20,RENEWAL,2026-08-15
Bluepeak,2026-07,42,BP-774046,Jonathan Cruz,1939-05-27,B-P-00335,14829889,52.50,NEW,2026-08-15
Bluepeak,2026-07,43,BP-176361,Sharon Dickson,1938-04-13,B-P-00352,43888211,26.25,RENEWAL,2026-08-15
Bluepeak,2026-07,44,BP-849369,Anthony Peterson,1946-12-14,B-P-00354,75084135,52.50,NEW,2026-08-15
Bluepeak,2026-07,45,BP-322111,Heather Terrell,1959-02-03,B-P-00360,98787777,26.25,RENEWAL,2026-08-15
Bluepeak,2026-07,46,BP-988848,Steven Brown,1943-09-15,B-P-00362,64493418,4.20,RENEWAL,2026-08-15
Bluepeak,2026-07,47,BP-905969,David Miller,1995-02-01,B-P-00371,69777236,22.00,NEW,2026-08-15
Bluepeak,2026-07,48,BP-672688,Jason Hanson,1936-04-07,B-P-00375,93619366,26.25,RENEWAL,2026-08-15
Bluepeak,2026-07,49,BP-305776,Robert Morris,1957-06-05,B-P-00383,51446845,26.25,RENEWAL,2026-08-15
Bluepeak,2026-07,50,BP-959506,Andrea Sparks,1944-11-23,B-P-00399,50399119,52.50,NEW,2026-08-15
Bluepeak,2026-07,51,BP-241212,Vincent Ramsey,1959-01-23,B-P-00404,51446845,19.00,RENEWAL,2026-08-15
Bluepeak,2026-07,52,BP-196753,Vincent Ramsey,1959-01-23,B-P-00405,51446845,4.20,RENEWAL,2026-08-15
Bluepeak,2026-07,53,BP-674315,Karen Nguyen,1959-06-20,B-P-00406,91146902,19.00,RENEWAL,2026-08-15
Bluepeak,2026-07,54,BP-762853,Karen Nguyen,1959-06-20,B-P-00407,91146902,4.20,RENEWAL,2026-08-15
Bluepeak,2026-07,55,BP-907142,Brandon Banks,1953-04-22,B-P-00428,49066206,26.25,RENEWAL,2026-08-15
Bluepeak,2026-07,56,BP-748929,Kiara Fitzgerald,1936-02-03,B-P-00431,84583776,26.25,RENEWAL,2026-08-15
Bluepeak,2026-07,57,BP-987587,Chase Wise,2003-07-15,B-P-00435,45462976,22.00,NEW,2026-08-15
Bluepeak,2026-07,58,BP-562004,Yvonne Hobbs,1946-12-26,B-P-00457,69777236,26.25,RENEWAL,2026-08-15
Bluepeak,2026-07,59,BP-381388,Debra Lara,1960-01-13,B-P-00460,20671937,52.50,NEW,2026-08-15
Bluepeak,2026-07,60,BP-400141,Joseph Wright,1935-08-12,B-P-00481,24647567,52.50,NEW,2026-08-15
Bluepeak,2026-07,61,BP-603573,Amanda Edwards,1935-03-27,B-P-00486,98787777,26.25,RENEWAL,2026-08-15
Bluepeak,2026-07,62,BP-770047,Michelle Johnston,1944-01-24,B-P-00489,43888211,26.25,RENEWAL,2026-08-15
Bluepeak,2026-07,63,BP-443633,Morgan Tucker,1939-07-16,B-P-00491,67876966,52.50,NEW,2026-08-15
Bluepeak,2026-07,64,BP-697262,Brittany Phillips,1957-01-30,B-P-00495,93619366,26.25,RENEWAL,2026-08-15
Bluepeak,2026-07,65,BP-431341,Eric Cruz,1950-03-15,B-P-00535,59893296,38.00,NEW,2026-08-15
Bluepeak,2026-07,66,BP-147247,Eric Cruz,1950-03-15,B-P-00536,59893296,8.40,NEW,2026-08-15
Bluepeak,2026-07,67,BP-705280,Gregory Cox,1963-01-12,B-P-00563,59893296,22.00,NEW,2026-08-15
Bluepeak,2026-07,68,BP-671299,Rachel Ramirez,1994-03-12,B-P-00564,59893296,16.00,RENEWAL,2026-08-15
Bluepeak,2026-07,69,BP-356919,Gregory Smith,1952-08-21,B-P-00575,50979283,52.50,NEW,2026-08-15
Bluepeak,2026-07,70,BP-757304,Dana Guzman,1933-12-25,B-P-00578,94445646,19.00,RENEWAL,2026-08-15
Bluepeak,2026-07,71,BP-142525,Dana Guzman,1933-12-25,B-P-00579,94445646,4.20,RENEWAL,2026-08-15
Bluepeak,2026-07,72,BP-385095,Dustin Le,1988-12-25,B-P-00585,49066206,22.00,NEW,2026-08-15
Bluepeak,2026-07,73,BP-194834,Frank Salas,1933-11-30,B-P-00593,59893296,26.25,RENEWAL,2026-08-15
Bluepeak,2026-07,74,BP-967318,Allen Turner,1952-05-09,B-P-00595,26047628,26.25,RENEWAL,2026-08-15
Bluepeak,2026-07,75,BP-414648,Ashley Townsend,1936-11-24,B-P-00596,24647567,4.20,RENEWAL,2026-08-15
Bluepeak,2026-07,76,BP-797051,Christine Rodriguez,1956-09-02,B-P-00604,51446845,26.25,RENEWAL,2026-08-15
Bluepeak,2026-07,77,BP-837650,Christopher Griffin,1946-05-14,B-P-00618,98787777,26.25,RENEWAL,2026-08-15
Bluepeak,2026-07,78,BP-138317,Jennifer Rodriguez,1941-01-26,B-P-00626,20671937,26.25,RENEWAL,2026-08-15
Bluepeak,2026-07,79,BP-408426,Andrew Hall,1978-09-05,B-P-00644,49066206,22.00,NEW,2026-08-15
Bluepeak,2026-07,80,BP-870687,Susan Wolfe,1996-03-07,B-P-00656,94445646,16.00,RENEWAL,2026-08-15
Bluepeak,2026-07,81,BP-869729,Samuel Miller-Gray,1935-10-27,B-P-00659,59893296,26.25,RENEWAL,2026-08-15
Bluepeak,2026-07,82,BP-517440,Melissa Figueroa,1971-06-30,B-P-00664,24647567,22.00,NEW,2026-08-15
Bluepeak,2026-07,83,BP-795945,Cynthia Harris,1935-08-06,B-P-00670,51446845,26.25,RENEWAL,2026-08-15
Bluepeak,2026-07,84,BP-596924,Jamie Hart,1956-07-02,B-P-00671,14829889,19.00,RENEWAL,2026-08-15
Bluepeak,2026-07,85,BP-375619,Jamie Hart,1956-07-02,B-P-00672,14829889,4.20,RENEWAL,2026-08-15
Bluepeak,2026-07,86,BP-405457,Mary Randolph,1948-11-21,B-P-00678,64493418,19.00,RENEWAL,2026-08-15
Bluepeak,2026-07,87,BP-696415,Mary Randolph,1948-11-21,B-P-00679,64493418,4.20,RENEWAL,2026-08-15
Bluepeak,2026-07,88,BP-820004,Christopher Potter,1946-05-18,B-P-00684,14829889,4.20,RENEWAL,2026-08-15
Bluepeak,2026-07,89,BP-271025,Erika Potter,1955-12-17,B-P-00685,14829889,8.40,NEW,2026-08-15
Bluepeak,2026-07,90,BP-136390,Kevin Hill,1957-12-29,B-P-00688,64493418,52.50,NEW,2026-08-15
Bluepeak,2026-07,91,BP-119440,Morgan Brown,1994-08-04,B-P-00690,69777236,16.00,RENEWAL,2026-08-15
Bluepeak,2026-07,92,BP-533330,Shaun Higgins,1944-08-08,B-P-00701,45462976,8.40,NEW,2026-08-15
Bluepeak,2026-07,93,BP-986654,Darren Taylor,1940-09-16,B-P-00716,94445646,26.25,RENEWAL,2026-08-15
Bluepeak,2026-07,94,BP-752525,Elizabeth Buchanan-Orozco,1958-09-21,B-P-00720,81157097,26.25,RENEWAL,2026-08-15
Bluepeak,2026-07,95,BP-670431,Holly Keller,2001-01-03,B-P-00721,94445646,22.00,NEW,2026-08-15
Bluepeak,2026-07,96,BP-418181,Katelyn Davis,1974-06-27,B-P-00739,45462976,22.00,NEW,2026-08-15
Bluepeak,2026-07,97,BP-468149,Renee Banks,1937-12-20,B-P-00754,50979283,52.50,NEW,2026-08-15
Bluepeak,2026-07,98,BP-298298,Dawn Mcpherson,1958-10-09,B-P-00759,84583776,19.00,RENEWAL,2026-08-15
Bluepeak,2026-07,99,BP-287634,Dawn Mcpherson,1958-10-09,B-P-00760,84583776,4.20,RENEWAL,2026-08-15
Bluepeak,2026-07,100,BP-248990,Joseph Holloway,1967-01-02,B-P-00774,67876966,16.00,RENEWAL,2026-08-15
Bluepeak,2026-07,101,BP-728798,Maria Espinoza,1936-05-03,B-P-00778,50979283,26.25,RENEWAL,2026-08-15
Bluepeak,2026-07,102,BP-135952,Peter Williams,1945-06-30,B-P-00784,59893296,26.25,RENEWAL,2026-08-15
Bluepeak,2026-07,103,BP-427419,Brandon Cameron,1943-04-09,B-P-00801,50979283,26.25,RENEWAL,2026-08-15
Bluepeak,2026-07,104,BP-774313,Todd Potts,1936-06-06,B-P-00831,59893296,19.00,RENEWAL,2026-08-15
Bluepeak,2026-07,105,BP-111890,Todd Potts,1936-06-06,B-P-00832,59893296,4.20,RENEWAL,2026-08-15
Bluepeak,2026-07,106,BP-758065,Tiffany Fields,1954-02-04,B-P-00860,84583776,26.25,RENEWAL,2026-08-15
Bluepeak,2026-07,107,BP-822867,Nicole Ray,1982-11-25,B-P-00881,49066206,22.00,NEW,2026-08-15
Bluepeak,2026-07,108,BP-969246,Summer Harper,1945-04-12,B-P-00883,9527070,19.00,RENEWAL,2026-08-15
Bluepeak,2026-07,109,BP-442740,Summer Harper,1945-04-12,B-P-00884,9527070,4.20,RENEWAL,2026-08-15
Bluepeak,2026-07,110,BP-632541,Jeremy Newman,1938-11-11,B-P-00886,98787777,19.00,RENEWAL,2026-08-15
Bluepeak,2026-07,111,BP-973385,Jeremy Newman,1938-11-11,B-P-00887,98787777,4.20,RENEWAL,2026-08-15
Bluepeak,2026-07,112,BP-531150,Kristina Gardner,1957-02-12,B-P-00892,91146902,52.50,NEW,2026-08-15
Bluepeak,2026-07,113,BP-150805,Brenda Gutierrez,1955-04-20,B-P-00902,45462976,19.00,RENEWAL,2026-08-15
Bluepeak,2026-07,114,BP-722417,Brenda Gutierrez,1955-04-20,B-P-00903,45462976,4.20,RENEWAL,2026-08-15
Bluepeak,2026-07,115,BP-552069,Sandra Ortiz,1984-08-13,B-P-00910,67876966,22.00,NEW,2026-08-15
Bluepeak,2026-07,116,BP-681795,Zoe Wilson,1953-02-11,B-P-00912,75084135,52.50,NEW,2026-08-15
Bluepeak,2026-07,117,BP-653947,Billy Myers,1934-04-12,B-P-00918,51446845,38.00,NEW,2026-08-15
Bluepeak,2026-07,118,BP-670718,Billy Myers,1934-04-12,B-P-00919,51446845,8.40,NEW,2026-08-15
Bluepeak,2026-07,119,BP-609402,Amanda Craig,1953-04-20,B-P-00924,51446845,52.50,NEW,2026-08-15
Bluepeak,2026-07,120,BP-887566,Roy Carr,1970-03-23,B-P-00936,93619366,22.00,NEW,2026-08-15
Bluepeak,2026-07,121,BP-888638,Anthony Clark,1957-08-28,B-P-00945,59893296,26.25,RENEWAL,2026-08-15
Bluepeak,2026-07,122,BP-463195,Joseph Grimes,1937-08-25,B-P-00952,98787777,26.25,RENEWAL,2026-08-15
Bluepeak,2026-07,123,BP-565387,Steven Mata,1982-02-02,B-P-00953,50399119,26.25,RENEWAL,2026-08-15
Bluepeak,2026-07,124,BP-320823,Jesus Ball,1993-10-23,B-P-00961,67876966,16.00,RENEWAL,2026-08-15
Bluepeak,2026-07,125,BP-877960,Lisa Blackburn,1941-04-11,B-P-00964,84583776,26.25,RENEWAL,2026-08-15
Bluepeak,2026-07,126,BP-975885,Wesley Lewis,1969-01-15,B-P-00973,69777236,52.50,NEW,2026-08-15
Bluepeak,2026-07,127,BP-996171,Teresa Bautista,1942-04-27,B-P-00985,84583776,4.20,RENEWAL,2026-08-15
Bluepeak,2026-07,128,BP-969553,Jeremy Taylor,1981-04-20,B-P-00993,26047628,16.00,RENEWAL,2026-08-15
Bluepeak,2026-07,129,BP-367278,Kimberly Flores,1935-09-14,B-P-00994,90228424,26.25,RENEWAL,2026-08-15
Bluepeak,2026-07,130,BP-211872,Adriana Jones,1948-10-20,B-P-01013,64493418,52.50,NEW,2026-08-15
Bluepeak,2026-07,131,BP-935672,Erin Adams,1956-05-04,B-P-01019,50399119,26.25,RENEWAL,2026-08-15
Bluepeak,2026-07,132,BP-897314,David Johnson,1944-06-28,B-P-01020,20671937,26.25,RENEWAL,2026-08-15
Bluepeak,2026-07,133,BP-440514,Matthew Little,1955-06-30,B-P-01034,37947372,52.50,NEW,2026-08-15
Bluepeak,2026-07,134,BP-264804,Jacqueline Medina,1937-05-27,B-P-01040,84583776,19.00,RENEWAL,2026-08-15
Bluepeak,2026-07,135,BP-722590,Jacqueline Medina,1937-05-27,B-P-01041,84583776,4.20,RENEWAL,2026-08-15
Bluepeak,2026-07,136,BP-723988,Stephen Murray,1997-11-01,B-P-01052,90228424,22.00,NEW,2026-08-15
Bluepeak,2026-07,137,BP-252914,Robert Evans,1935-08-14,B-P-01057,67876966,26.25,RENEWAL,2026-08-15
Bluepeak,2026-07,138,BP-907011,Christopher Garrett,1941-02-28,B-P-01081,50399119,26.25,RENEWAL,2026-08-15
Bluepeak,2026-07,139,BP-429605,Brad Zuniga,1987-01-18,B-P-01083,93619366,22.00,NEW,2026-08-15
Bluepeak,2026-07,140,BP-744462,Craig Levy,1994-06-11,B-P-01099,64493418,22.00,NEW,2026-08-15
Bluepeak,2026-07,141,BP-611685,Nancy Levy,1978-05-21,B-P-01101,64493418,22.00,NEW,2026-08-15
Bluepeak,2026-07,142,BP-830101,Mary Smith,1959-09-13,B-P-01129,26047628,19.00,RENEWAL,2026-08-15
Bluepeak,2026-07,143,BP-875862,Mary Smith,1959-09-13,B-P-01130,26047628,4.20,RENEWAL,2026-08-15
Bluepeak,2026-07,144,BP-995517,David Estrada,1943-01-16,B-P-01145,9527070,38.00,NEW,2026-08-15
Bluepeak,2026-07,145,BP-720068,David Estrada,1943-01-16,B-P-01146,9527070,8.40,NEW,2026-08-15
Bluepeak,2026-07,146,BP-405467,Cassandra Estrada,1934-02-14,B-P-01148,64493418,26.25,RENEWAL,2026-08-15
Bluepeak,2026-07,147,BP-906747,Melissa Robinson,1956-11-06,B-P-01153,51446845,26.25,RENEWAL,2026-08-15
Bluepeak,2026-07,148,BP-488813,Wanda Walsh,1957-02-21,B-P-01155,20671937,26.25,RENEWAL,2026-08-15
Bluepeak,2026-07,149,BP-298007,Laura Townsend,1946-08-05,B-P-01159,43888211,26.25,RENEWAL,2026-08-15
Bluepeak,2026-07,150,BP-338797,Joshua Cherry,1949-10-25,B-P-01173,84583776,26.25,RENEWAL,2026-08-15
Bluepeak,2026-07,151,BP-925867,Daniel Cox,1971-11-13,B-P-01177,20671937,22.00,NEW,2026-08-15
Bluepeak,2026-07,152,BP-786369,Kevin Combs,1978-03-24,B-P-01180,67876966,4.20,RENEWAL,2026-08-15
Bluepeak,2026-07,153,BP-638419,Kevin Harris,1973-03-09,B-P-01192,64493418,16.00,RENEWAL,2026-08-15
Bluepeak,2026-07,154,BP-990593,Joshua Crosby,1958-09-09,B-P-01200,50979283,52.50,NEW,2026-08-15
Bluepeak,2026-07,155,BP-864909,Mark Matthews,1966-04-12,B-P-01233,67876966,16.00,RENEWAL,2026-08-15
Bluepeak,2026-07,156,BP-319378,Chris Booker,1965-02-25,B-P-01252,75084135,16.00,RENEWAL,2026-08-15
Bluepeak,2026-07,157,BP-275865,Thomas Cummings,1950-05-15,B-P-01261,84583776,26.25,RENEWAL,2026-08-15
Bluepeak,2026-07,158,BP-243878,Carlos Ward,1983-12-24,B-P-01270,67876966,26.25,RENEWAL,2026-08-15
Bluepeak,2026-07,159,BP-359694,Catherine Ward,1944-02-05,B-P-01272,67876966,26.25,RENEWAL,2026-08-15
Bluepeak,2026-07,160,BP-336948,Melissa Adams,1952-03-12,B-P-01283,14829889,26.25,RENEWAL,2026-08-15
Bluepeak,2026-07,161,BP-984064,Kimberly Hampton,1937-06-18,B-P-01288,9527070,4.20,RENEWAL,2026-08-15
Bluepeak,2026-07,162,BP-107441,Jeremy Kaufman,1938-06-23,B-P-01295,84583776,19.00,RENEWAL,2026-08-15
Bluepeak,2026-07,163,BP-512376,Jeremy Kaufman,1938-06-23,B-P-01296,84583776,4.20,RENEWAL,2026-08-15
Bluepeak,2026-07,164,BP-954854,Heather Foley,1942-04-15,B-P-01300,59893296,26.25,RENEWAL,2026-08-15
Bluepeak,2026-07,165,BP-998597,Paul Sanchez,1972-03-26,B-P-01303,64493418,16.00,RENEWAL,2026-08-15
Bluepeak,2026-07,166,BP-642510,Jason Sanchez,1938-08-16,B-P-01304,64493418,26.25,RENEWAL,2026-08-15
Bluepeak,2026-07,167,BP-582129,Paul Gomez,1956-07-20,B-P-01318,26047628,26.25,RENEWAL,2026-08-15
Bluepeak,2026-07,168,BP-514028,Kathryn Miller,1951-10-10,B-P-01345,59893296,52.50,NEW,2026-08-15
Bluepeak,2026-07,169,BP-302447,Audrey Williams,1949-01-26,B-P-01352,90228424,26.25,RENEWAL,2026-08-15
Bluepeak,2026-07,170,BP-536841,David Jacobs,1942-09-20,B-P-01354,67876966,26.25,RENEWAL,2026-08-15
Bluepeak,2026-07,171,BP-981945,Jessica Robertson,1955-12-20,B-P-01363,98787777,26.25,RENEWAL,2026-08-15
Bluepeak,2026-07,172,BP-652487,Susan Baker,1969-12-20,B-P-01364,93619366,16.00,RENEWAL,2026-08-15
Bluepeak,2026-07,173,BP-622002,Shawn Jones,1949-04-22,B-P-01368,84583776,26.25,RENEWAL,2026-08-15
Bluepeak,2026-07,174,BP-881238,David Jones,1937-01-04,B-P-01369,84583776,26.25,RENEWAL,2026-08-15
Bluepeak,2026-07,175,BP-879599,Daniel Porter,1998-06-17,B-P-01377,20671937,22.00,NEW,2026-08-15
Bluepeak,2026-07,176,BP-674707,Tina Mcintyre,1949-02-14,B-P-01381,51446845,38.00,NEW,2026-08-15
Bluepeak,2026-07,177,BP-923444,Tina Mcintyre,1949-02-14,B-P-01382,51446845,8.40,NEW,2026-08-15
Bluepeak,2026-07,178,BP-356728,Joshua Scott,1943-11-26,B-P-01383,67876966,26.25,RENEWAL,2026-08-15
Bluepeak,2026-07,179,BP-544444,Debbie Smith,1949-04-01,B-P-01395,20671937,26.25,RENEWAL,2026-08-15
Bluepeak,2026-07,180,BP-280255,Robert Esparza,1939-05-10,B-P-01408,50399119,26.25,RENEWAL,2026-08-15
Bluepeak,2026-07,181,BP-193772,Christine Finley,1988-03-12,B-P-01410,90228424,16.00,RENEWAL,2026-08-15
Bluepeak,2026-07,182,BP-211331,Chelsea Finley,1934-12-24,B-P-01411,90228424,26.25,RENEWAL,2026-08-15
Bluepeak,2026-07,183,BP-110386,George Simon,1953-01-05,B-P-01414,90228424,38.00,NEW,2026-08-15
Bluepeak,2026-07,184,BP-769478,George Simon,1953-01-05,B-P-01415,90228424,8.40,NEW,2026-08-15
Bluepeak,2026-07,185,BP-863885,Eric Miller,1947-07-01,B-P-01428,64493418,26.25,RENEWAL,2026-08-15
Bluepeak,2026-07,186,BP-407410,Alexandra Newton,1947-07-10,B-P-01447,67876966,52.50,NEW,2026-08-15
Bluepeak,2026-07,187,BP-539407,Michael Copeland,1983-07-10,B-P-01453,81157097,22.00,NEW,2026-08-15
Bluepeak,2026-07,188,BP-385993,Mathew Freeman,1991-06-22,B-P-01455,50979283,22.00,NEW,2026-08-15
Bluepeak,2026-07,189,BP-848543,Denise Smith,1995-04-21,B-P-01457,93619366,22.00,NEW,2026-08-15
Bluepeak,2026-07,190,BP-353964,Allen Hart,1941-06-07,B-P-01462,64493418,52.50,NEW,2026-08-15
Bluepeak,2026-07,191,BP-170826,Christian Kelly,1991-06-21,B-P-01467,64493418,22.00,NEW,2026-08-15
Bluepeak,2026-07,192,BP-227193,Michael Sullivan,1947-08-11,B-P-01476,67876966,26.25,RENEWAL,2026-08-15
Bluepeak,2026-07,193,BP-498659,Samantha Smith,1941-08-18,B-P-01494,26047628,26.25,RENEWAL,2026-08-15
Bluepeak,2026-07,194,BP-812754,Jesse Morgan,1935-06-12,B-P-01513,91146902,26.25,RENEWAL,2026-08-15
Bluepeak,2026-07,195,BP-660399,Melanie Colon,1944-03-29,B-P-01519,24647567,19.00,RENEWAL,2026-08-15
Bluepeak,2026-07,196,BP-301630,Melanie Colon,1944-03-29,B-P-01520,24647567,4.20,RENEWAL,2026-08-15
Bluepeak,2026-07,197,BP-917013,Karen Walker,1934-02-26,B-P-01522,81157097,26.25,RENEWAL,2026-08-15
Bluepeak,2026-07,198,BP-684819,Paul Turner,1949-07-24,B-P-01531,20671937,19.00,RENEWAL,2026-08-15
Bluepeak,2026-07,199,BP-211914,Paul Turner,1949-07-24,B-P-01532,20671937,4.20,RENEWAL,2026-08-15
Bluepeak,2026-07,200,BP-799736,Rebecca Walker,1953-04-18,B-P-01534,90228424,26.25,RENEWAL,2026-08-15
Bluepeak,2026-07,201,BP-966281,Teresa Wilson,1941-07-25,B-P-01536,84583776,26.25,RENEWAL,2026-08-15
Bluepeak,2026-07,202,BP-483311,Antonio Bernard,1976-09-16,B-P-01538,67876966,22.00,NEW,2026-08-15
Bluepeak,2026-07,203,BP-983227,Kellie Richard,1965-05-08,B-P-01543,49066206,22.00,NEW,2026-08-15
Bluepeak,2026-07,204,BP-161617,John Thomas,1944-07-14,B-P-01558,67876966,26.25,RENEWAL,2026-08-15
Bluepeak,2026-07,205,BP-531717,Chris Scott,1952-03-30,B-P-01585,14829889,26.25,RENEWAL,2026-08-15
Bluepeak,2026-07,206,BP-233430,Robert Barrera,1954-04-19,B-P-01587,43888211,52.50,NEW,2026-08-15
Bluepeak,2026-07,207,BP-834715,Daniel Keith,1959-04-04,B-P-01590,64493418,38.00,NEW,2026-08-15
Bluepeak,2026-07,208,BP-133969,Daniel Keith,1959-04-04,B-P-01591,64493418,8.40,NEW,2026-08-15
Bluepeak,2026-07,209,BP-874327,Kendra Myers,1934-10-08,B-P-01597,51446845,26.25,RENEWAL,2026-08-15
Bluepeak,2026-07,210,BP-970651,James Gomez-Smith,1947-05-30,B-P-01600,98787777,26.25,RENEWAL,2026-08-15
Bluepeak,2026-07,211,BP-343347,Robert Mendoza,1949-06-25,B-P-01602,45462976,26.25,RENEWAL,2026-08-15
Bluepeak,2026-07,212,BP-686186,Glenn Mendoza,1947-02-13,B-P-01603,45462976,19.00,RENEWAL,2026-08-15
Bluepeak,2026-07,213,BP-398182,Glenn Mendoza,1947-02-13,B-P-01604,45462976,4.20,RENEWAL,2026-08-15
Bluepeak,2026-07,214,BP-413416,Micheal Cooley,1964-08-12,B-P-01614,69777236,16.00,RENEWAL,2026-08-15
Bluepeak,2026-07,215,BP-415816,Sarah Cooley,1968-01-06,B-P-01615,69777236,26.25,RENEWAL,2026-08-15
Bluepeak,2026-07,216,BP-559119,Michael Jones,1942-03-20,B-P-01629,69777236,19.00,RENEWAL,2026-08-15
Bluepeak,2026-07,217,BP-914333,Michael Jones,1942-03-20,B-P-01630,69777236,4.20,RENEWAL,2026-08-15
Bluepeak,2026-07,218,BP-840952,David Johnson,1941-08-17,B-P-01634,26047628,52.50,NEW,2026-08-15
Bluepeak,2026-07,219,BP-993516,Brandi Johnson,1939-07-22,B-P-01636,26047628,52.50,NEW,2026-08-15
Bluepeak,2026-07,220,BP-762704,Robert Tanner,2001-11-06,B-P-01653,90228424,22.00,NEW,2026-08-15
Bluepeak,2026-07,221,BP-641841,Scott Byrd,1942-09-05,B-P-01657,64493418,26.25,RENEWAL,2026-08-15
Bluepeak,2026-07,222,BP-102306,Cassandra Jones,1939-02-10,B-P-01663,81157097,52.50,NEW,2026-08-15
Bluepeak,2026-07,223,BP-929450,Tanya Morgan,1957-06-04,B-P-01684,93619366,52.50,NEW,2026-08-15
Bluepeak,2026-07,224,BP-773722,Linda Jones,1944-02-23,B-P-01688,90228424,26.25,RENEWAL,2026-08-15
Bluepeak,2026-07,225,BP-142593,Tracy Woods,1960-03-13,B-P-01693,69777236,38.00,NEW,2026-08-15
Bluepeak,2026-07,226,BP-156128,Tracy Woods,1960-03-13,B-P-01694,69777236,8.40,NEW,2026-08-15
Bluepeak,2026-07,227,BP-410373,Jacqueline Clark,1960-03-27,B-P-01697,84583776,52.50,NEW,2026-08-15
Bluepeak,2026-07,228,BP-130083,Jonathan Sawyer,1948-05-26,B-P-01700,49066206,26.25,RENEWAL,2026-08-15
Bluepeak,2026-07,229,BP-414079,Timothy Taylor,2004-05-02,B-P-01702,67876966,16.00,RENEWAL,2026-08-15
Bluepeak,2026-07,230,BP-818704,Frank Jacobson,1952-09-21,B-P-01704,26047628,4.20,RENEWAL,2026-08-15
Bluepeak,2026-07,231,BP-262768,Rebekah Williams,1944-07-26,B-P-01714,75084135,52.50,NEW,2026-08-15
Bluepeak,2026-07,232,BP-527375,Brian Castro,1990-08-16,B-P-01723,90228424,19.00,RENEWAL,2026-08-15
Bluepeak,2026-07,233,BP-912920,Brian Castro,1990-08-16,B-P-01724,90228424,4.20,RENEWAL,2026-08-15
Bluepeak,2026-07,234,BP-249526,Dawn Riggs,1938-02-25,B-P-01725,51446845,4.20,RENEWAL,2026-08-15
Bluepeak,2026-07,235,BP-660319,Carl Coleman,1962-04-01,B-P-01743,37947372,22.00,NEW,2026-08-15
Bluepeak,2026-07,236,BP-661275,Brett Steele,1954-03-01,B-P-01777,50979283,26.25,RENEWAL,2026-08-15
Bluepeak,2026-07,237,BP-589987,Leah Porter,1938-10-20,B-P-01787,50399119,52.50,NEW,2026-08-15
Bluepeak,2026-07,238,BP-277436,Laurie Floyd,1934-05-15,B-P-01791,37947372,26.25,RENEWAL,2026-08-15
Bluepeak,2026-07,239,BP-536829,Matthew Gamble,1945-08-24,B-P-01797,50399119,52.50,NEW,2026-08-15
Bluepeak,2026-07,240,BP-577947,Jennifer Davis,1942-05-14,B-P-01806,50399119,26.25,RENEWAL,2026-08-15
Bluepeak,2026-07,241,BP-167626,Jonathan Barrett,1951-03-22,B-P-01811,14829889,52.50,NEW,2026-08-15
Bluepeak,2026-07,242,BP-157228,Megan Lin,1937-06-19,B-P-01820,50399119,4.20,RENEWAL,2026-08-15
Bluepeak,2026-07,243,BP-448633,Karen Edwards,1958-11-08,B-P-01824,51446845,26.25,RENEWAL,2026-08-15
Bluepeak,2026-07,244,BP-666822,James Carpenter,1952-06-07,B-P-01834,81157097,26.25,RENEWAL,2026-08-15
Bluepeak,2026-07,245,BP-439895,Richard Carpenter,1998-01-10,B-P-01835,81157097,22.00,NEW,2026-08-15
Bluepeak,2026-07,246,BP-587213,Nicholas Parker,1949-07-28,B-P-01845,64493418,19.00,RENEWAL,2026-08-15
Bluepeak,2026-07,247,BP-341904,Nicholas Parker,1949-07-28,B-P-01846,64493418,4.20,RENEWAL,2026-08-15
Bluepeak,2026-07,248,BP-668466,Karen Leon,1946-02-07,B-P-01862,37947372,4.20,RENEWAL,2026-08-15
Bluepeak,2026-07,249,BP-779207,Gloria Ellis,1940-11-29,B-P-01879,14829889,26.25,RENEWAL,2026-08-15
Bluepeak,2026-07,250,BP-741332,Michele Reynolds,1957-11-17,B-P-01899,24647567,19.00,RENEWAL,2026-08-15
Bluepeak,2026-07,251,BP-971846,Michele Reynolds,1957-11-17,B-P-01900,24647567,4.20,RENEWAL,2026-08-15
Bluepeak,2026-07,252,BP-495885,Jennifer Shaffer,1951-11-17,B-P-01903,91146902,52.50,NEW,2026-08-15
Bluepeak,2026-07,253,BP-356500,Jeffrey Hunter,1957-06-14,B-P-01904,64493418,52.50,NEW,2026-08-15
Bluepeak,2026-07,254,BP-560161,Jason Banks,1938-01-26,B-P-01925,69777236,26.25,RENEWAL,2026-08-15
Bluepeak,2026-07,255,BP-727525,Jared Price,1955-12-22,B-P-01927,91146902,26.25,RENEWAL,2026-08-15
Bluepeak,2026-07,256,BP-446008,Gina Randolph,1939-12-11,B-P-01933,98787777,26.25,RENEWAL,2026-08-15
Bluepeak,2026-07,257,BP-452285,Martin Deleon,1943-09-04,B-P-01936,69777236,19.00,RENEWAL,2026-08-15
Bluepeak,2026-07,258,BP-849797,Martin Deleon,1943-09-04,B-P-01937,69777236,4.20,RENEWAL,2026-08-15
Bluepeak,2026-07,259,BP-806476,Kristi Hernandez,1945-09-16,B-P-01948,81157097,26.25,RENEWAL,2026-08-15
Bluepeak,2026-07,260,BP-393152,Zachary Crane,1937-12-22,B-P-01963,49066206,52.50,NEW,2026-08-15
Bluepeak,2026-07,261,BP-831861,Stephanie Myers,1940-08-06,B-P-01968,43888211,52.50,NEW,2026-08-15
Bluepeak,2026-07,262,BP-587575,Joshua Salazar,2002-05-10,B-P-01972,91146902,22.00,NEW,2026-08-15
Bluepeak,2026-07,263,BP-517792,Mario Espinoza,1936-05-03,B-P-02000,50979283,26.25,RENEWAL,2026-08-15
Bluepeak,2026-07,264,BP-190350,Andrew Sparks,1944-11-23,B-P-02001,50399119,52.50,NEW,2026-08-15
Bluepeak,2026-07,265,BP-675062,Danielle Martinez,1957-02-13,B-P-02002,14829889,19.00,RENEWAL,2026-08-15
Bluepeak,2026-07,266,BP-631452,Danielle Martinez,1957-02-13,B-P-02003,14829889,4.20,RENEWAL,2026-08-15
Bluepeak,2026-07,267,BP-817072,Paula Bradford,1948-09-13,B-P-02013,43888211,26.25,RENEWAL,2026-08-15
Bluepeak,2026-07,268,BP-696208,George Andrews,1984-09-05,B-P-02021,49066206,22.00,NEW,2026-08-15
Bluepeak,2026-07,269,BP-893874,Manuel Mclean,1984-01-03,B-P-02026,69777236,22.00,NEW,2026-08-15
Bluepeak,2026-07,270,BP-462127,Marcus Barrett,1964-10-08,B-P-02028,45462976,22.00,NEW,2026-08-15
Bluepeak,2026-07,271,BP-331849,Anthony Jacobs,1972-01-05,B-P-02039,45462976,22.00,NEW,2026-08-15
Bluepeak,2026-07,272,BP-153300,Mark Davis,1982-03-26,B-P-02041,81157097,22.00,NEW,2026-08-15
Harborline,2026-07,1,HL-437878,Michael Robinson,1963-09-10,B-P-00004,98787777,16.00,RENEWAL,2026-08-15
Harborline,2026-07,2,HL-187422,Kimberly Lopez,1934-05-21,B-P-00008,14829889,26.25,RENEWAL,2026-08-15
Harborline,2026-07,3,HL-714693,Dennis Cannon,1975-04-12,B-P-00010,59893296,26.25,RENEWAL,2026-08-15
Harborline,2026-07,4,HL-346945,James Johnson,1946-01-15,B-P-00011,64493418,4.20,RENEWAL,2026-08-15
Harborline,2026-07,5,HL-869959,Gabriella Simon,1951-06-19,B-P-00012,51446845,26.25,RENEWAL,2026-08-15
Harborline,2026-07,6,HL-576075,Stephen Mejia,1990-10-08,B-P-00014,43888211,16.00,RENEWAL,2026-08-15
Harborline,2026-07,7,HL-196420,Colleen Franklin,1958-04-10,B-P-00022,20671937,52.50,NEW,2026-08-15
Harborline,2026-07,8,HL-373864,Alexis Jackson,1957-10-23,B-P-00034,59893296,4.20,RENEWAL,2026-08-15
Harborline,2026-07,9,HL-517758,Richard Williams,1944-02-10,B-P-00045,26047628,8.40,NEW,2026-08-15
Harborline,2026-07,10,HL-605579,Ronnie Bradford,1967-02-24,B-P-00050,43888211,22.00,NEW,2026-08-15
Harborline,2026-07,11,HL-943036,Jason Fritz,1949-01-10,B-P-00051,37947372,52.50,NEW,2026-08-15
Harborline,2026-07,12,HL-735042,Brian Anderson,1937-12-05,B-P-00053,50399119,52.50,NEW,2026-08-15
Harborline,2026-07,13,HL-633101,Angelica Blevins,1934-07-16,B-P-00059,64493418,26.25,RENEWAL,2026-08-15
Harborline,2026-07,14,HL-858264,Megan Dalton,1953-04-29,B-P-00074,49066206,38.00,NEW,2026-08-15
Harborline,2026-07,15,HL-848679,Megan Dalton,1953-04-29,B-P-00075,49066206,8.40,NEW,2026-08-15
Harborline,2026-07,16,HL-433067,Belinda Garcia,1948-11-21,B-P-00087,59893296,26.25,RENEWAL,2026-08-15
Harborline,2026-07,17,HL-848611,Melissa Lopez,1940-01-24,B-P-00091,49066206,26.25,RENEWAL,2026-08-15
Harborline,2026-07,18,HL-158373,Christian Carter,1996-03-19,B-P-00097,50399119,16.00,RENEWAL,2026-08-15
Harborline,2026-07,19,HL-752028,Susan Sanchez,1944-10-07,B-P-00138,20671937,52.50,NEW,2026-08-15
Harborline,2026-07,20,HL-922396,Ralph Becker,1968-09-23,B-P-00152,67876966,16.00,RENEWAL,2026-08-15
Harborline,2026-07,21,HL-998759,Kevin Phillips,1940-04-12,B-P-00155,49066206,26.25,RENEWAL,2026-08-15
Harborline,2026-07,22,HL-531802,Amanda Carter,1936-07-16,B-P-00172,59893296,52.50,NEW,2026-08-15
Harborline,2026-07,23,HL-100998,Teresa West,1997-02-03,B-P-00173,45462976,16.00,RENEWAL,2026-08-15
Harborline,2026-07,24,HL-298944,Mary Williams,1952-11-03,B-P-00178,37947372,38.00,NEW,2026-08-15
Harborline,2026-07,25,HL-730648,Mary Williams,1952-11-03,B-P-00179,37947372,8.40,NEW,2026-08-15
Harborline,2026-07,26,HL-387247,Amy Woods,1975-03-12,B-P-00181,14829889,16.00,RENEWAL,2026-08-15
Harborline,2026-07,27,HL-111102,Christopher Lee,1934-09-06,B-P-00204,9527070,26.25,RENEWAL,2026-08-15
Harborline,2026-07,28,HL-161909,Frank Holland,1946-05-18,B-P-00228,75084135,26.25,RENEWAL,2026-08-15
Harborline,2026-07,29,HL-136769,William Fields,1989-03-08,B-P-00244,90228424,22.00,NEW,2026-08-15
Harborline,2026-07,30,HL-752839,Kristina Burton,1954-05-20,B-P-00251,37947372,26.25,RENEWAL,2026-08-15
Harborline,2026-07,31,HL-976926,Grace Collins,1948-12-30,B-P-00252,75084135,52.50,NEW,2026-08-15
Harborline,2026-07,32,HL-999022,Peter Herrera,1958-08-08,B-P-00257,81157097,26.25,RENEWAL,2026-08-15
Harborline,2026-07,33,HL-764868,William Edwards,1944-11-04,B-P-00259,94445646,38.00,NEW,2026-08-15
Harborline,2026-07,34,HL-860461,William Edwards,1944-11-04,B-P-00260,94445646,8.40,NEW,2026-08-15
Harborline,2026-07,35,HL-600258,Brent Edwards,1943-02-09,B-P-00261,94445646,26.25,RENEWAL,2026-08-15
Harborline,2026-07,36,HL-827983,Kristen Walker,1957-10-23,B-P-00267,20671937,26.25,RENEWAL,2026-08-15
Harborline,2026-07,37,HL-706957,Jessica French,1961-12-09,B-P-00271,20671937,22.00,NEW,2026-08-15
Harborline,2026-07,38,HL-894483,Grant Jones,1957-05-06,B-P-00274,26047628,19.00,RENEWAL,2026-08-15
Harborline,2026-07,39,HL-500634,Grant Jones,1957-05-06,B-P-00275,26047628,4.20,RENEWAL,2026-08-15
Harborline,2026-07,40,HL-289091,Fred Miller,1936-04-25,B-P-00287,24647567,26.25,RENEWAL,2026-08-15
Harborline,2026-07,41,HL-142321,Tamara Rodriguez,1936-12-18,B-P-00297,24647567,19.00,RENEWAL,2026-08-15
Harborline,2026-07,42,HL-595294,Tamara Rodriguez,1936-12-18,B-P-00298,24647567,4.20,RENEWAL,2026-08-15
Harborline,2026-07,43,HL-508283,Laura Bradford,1970-06-20,B-P-00301,43888211,22.00,NEW,2026-08-15
Harborline,2026-07,44,HL-121566,Andrew Deleon-Hodge,1942-10-11,B-P-00303,91146902,26.25,RENEWAL,2026-08-15
Harborline,2026-07,45,HL-912530,Matthew Smith,1934-08-09,B-P-00310,43888211,26.25,RENEWAL,2026-08-15
Harborline,2026-07,46,HL-725283,Andrew Smith,1954-03-01,B-P-00312,43888211,26.25,RENEWAL,2026-08-15
Harborline,2026-07,47,HL-744464,Donald Thompson,1945-02-20,B-P-00317,51446845,26.25,RENEWAL,2026-08-15
Harborline,2026-07,48,HL-178486,Rodney Burns,1954-08-09,B-P-00324,90228424,26.25,RENEWAL,2026-08-15
Harborline,2026-07,49,HL-752977,Lee Mitchell,1954-05-25,B-P-00328,98787777,4.20,RENEWAL,2026-08-15
Harborline,2026-07,50,HL-800362,James Cruz,1997-10-24,B-P-00336,14829889,22.00,NEW,2026-08-15
Harborline,2026-07,51,HL-250180,Chelsea Hopkins,1976-05-30,B-P-00349,24647567,22.00,NEW,2026-08-15
Harborline,2026-07,52,HL-149946,Lynn Ochoa,1951-12-31,B-P-00389,9527070,19.00,RENEWAL,2026-08-15
Harborline,2026-07,53,HL-332968,Lynn Ochoa,1951-12-31,B-P-00390,9527070,4.20,RENEWAL,2026-08-15
Harborline,2026-07,54,HL-149339,Lynn Mccarthy,1935-06-15,B-P-00396,45462976,26.25,RENEWAL,2026-08-15
Harborline,2026-07,55,HL-619551,Tyrone Greene,1940-04-21,B-P-00403,37947372,26.25,RENEWAL,2026-08-15
Harborline,2026-07,56,HL-853291,Sarah Crane,1948-12-14,B-P-00411,49066206,4.20,RENEWAL,2026-08-15
Harborline,2026-07,57,HL-977924,Denise Martin,1964-12-04,B-P-00412,37947372,22.00,NEW,2026-08-15
Harborline,2026-07,58,HL-540888,Lauren Nguyen,1936-09-12,B-P-00416,93619366,4.20,RENEWAL,2026-08-15
Harborline,2026-07,59,HL-425210,Devon Guzman,1971-02-20,B-P-00418,94445646,22.00,NEW,2026-08-15
Harborline,2026-07,60,HL-826992,David Ford,1945-08-01,B-P-00450,59893296,52.50,NEW,2026-08-15
Harborline,2026-07,61,HL-810734,Amanda Larson,1985-08-14,B-P-00451,69777236,16.00,RENEWAL,2026-08-15
Harborline,2026-07,62,HL-991590,Matthew Burke,1997-12-15,B-P-00454,90228424,22.00,NEW,2026-08-15
Harborline,2026-07,63,HL-973168,Amanda Knight,1943-03-22,B-P-00467,37947372,19.00,RENEWAL,2026-08-15
Harborline,2026-07,64,HL-477086,Amanda Knight,1943-03-22,B-P-00468,37947372,4.20,RENEWAL,2026-08-15
Harborline,2026-07,65,HL-904699,Brooke Poole,1935-08-27,B-P-00469,94445646,26.25,RENEWAL,2026-08-15
Harborline,2026-07,66,HL-439815,John Hall,1942-04-27,B-P-00470,84583776,19.00,RENEWAL,2026-08-15
Harborline,2026-07,67,HL-828048,John Hall,1942-04-27,B-P-00471,84583776,4.20,RENEWAL,2026-08-15
Harborline,2026-07,68,HL-213363,Diane Rodriguez,1934-12-23,B-P-00473,26047628,19.00,RENEWAL,2026-08-15
Harborline,2026-07,69,HL-256149,Diane Rodriguez,1934-12-23,B-P-00474,26047628,4.20,RENEWAL,2026-08-15
Harborline,2026-07,70,HL-615072,Claudia Brown,1956-02-13,B-P-00478,84583776,52.50,NEW,2026-08-15
Harborline,2026-07,71,HL-214488,James Jackson,1954-06-24,B-P-00497,9527070,52.50,NEW,2026-08-15
Harborline,2026-07,72,HL-801939,Marc Martinez,1956-11-08,B-P-00504,94445646,52.50,NEW,2026-08-15
Harborline,2026-07,73,HL-630338,Laura Mccullough,1954-09-28,B-P-00519,59893296,26.25,RENEWAL,2026-08-15
Harborline,2026-07,74,HL-466406,John Francis,1942-02-11,B-P-00550,37947372,19.00,RENEWAL,2026-08-15
Harborline,2026-07,75,HL-459976,John Francis,1942-02-11,B-P-00551,37947372,4.20,RENEWAL,2026-08-15
Harborline,2026-07,76,HL-706399,Timothy Rodriguez,1983-01-10,B-P-00605,51446845,16.00,RENEWAL,2026-08-15
Harborline,2026-07,77,HL-120763,Austin Phelps,1943-06-03,B-P-00607,20671937,26.25,RENEWAL,2026-08-15
Harborline,2026-07,78,HL-509230,Cheryl Gregory,1953-07-08,B-P-00611,91146902,26.25,RENEWAL,2026-08-15
Harborline,2026-07,79,HL-356714,Megan Newman,1949-05-27,B-P-00620,51446845,19.00,RENEWAL,2026-08-15
Harborline,2026-07,80,HL-214267,Megan Newman,1949-05-27,B-P-00621,51446845,4.20,RENEWAL,2026-08-15
Harborline,2026-07,81,HL-521910,Amy Cole,1946-09-30,B-P-00624,45462976,26.25,RENEWAL,2026-08-15
Harborline,2026-07,82,HL-439060,Darren Cole,1959-02-14,B-P-00625,45462976,52.50,NEW,2026-08-15
Harborline,2026-07,83,HL-963534,Allen King,1962-09-27,B-P-00642,81157097,16.00,RENEWAL,2026-08-15
Harborline,2026-07,84,HL-717250,Judy Hall,1937-08-14,B-P-00645,49066206,26.25,RENEWAL,2026-08-15
Harborline,2026-07,85,HL-372344,Nicholas Mcfarland,1988-10-26,B-P-00652,50979283,22.00,NEW,2026-08-15
Harborline,2026-07,86,HL-329949,James Huber,1945-02-25,B-P-00657,50979283,8.40,NEW,2026-08-15
Harborline,2026-07,87,HL-641796,Sara Peterson,1946-04-05,B-P-00661,84583776,26.25,RENEWAL,2026-08-15
Harborline,2026-07,88,HL-157068,Amber Glover,1960-03-22,B-P-00663,67876966,8.40,NEW,2026-08-15
Harborline,2026-07,89,HL-966451,Andrew Pena,1949-02-26,B-P-00674,37947372,19.00,RENEWAL,2026-08-15
Harborline,2026-07,90,HL-581894,Andrew Pena,1949-02-26,B-P-00675,37947372,4.20,RENEWAL,2026-08-15
Harborline,2026-07,91,HL-964371,Craig Brown,1949-08-24,B-P-00692,69777236,52.50,NEW,2026-08-15
Harborline,2026-07,92,HL-980622,Lacey Ross,1972-06-23,B-P-00697,59893296,22.00,NEW,2026-08-15
Harborline,2026-07,93,HL-900966,Thomas Ross,1956-12-01,B-P-00698,59893296,26.25,RENEWAL,2026-08-15
Harborline,2026-07,94,HL-836830,Nicole Lopez,1940-04-09,B-P-00712,84583776,8.40,NEW,2026-08-15
Harborline,2026-07,95,HL-251373,Deanna Williams,1953-01-30,B-P-00713,26047628,26.25,RENEWAL,2026-08-15
Harborline,2026-07,96,HL-574602,Thomas Williams,1939-08-16,B-P-00715,26047628,26.25,RENEWAL,2026-08-15
Harborline,2026-07,97,HL-908215,Meagan Jackson,1965-07-20,B-P-00727,26047628,22.00,NEW,2026-08-15
Harborline,2026-07,98,HL-678142,Donald Dawson,1988-06-02,B-P-00728,91146902,16.00,RENEWAL,2026-08-15
Harborline,2026-07,99,HL-676044,Brenda Mccarty,1982-11-11,B-P-00736,50399119,16.00,RENEWAL,2026-08-15
Harborline,2026-07,100,HL-324251,Dana Hood-Adams,1979-04-12,B-P-00740,50399119,16.00,RENEWAL,2026-08-15
Harborline,2026-07,101,HL-820567,Kristina Hood,1941-05-25,B-P-00741,50399119,8.40,NEW,2026-08-15
Harborline,2026-07,102,HL-490089,Amanda Contreras,1944-07-03,B-P-00744,94445646,19.00,RENEWAL,2026-08-15
Harborline,2026-07,103,HL-999632,Amanda Contreras,1944-07-03,B-P-00745,94445646,4.20,RENEWAL,2026-08-15
Harborline,2026-07,104,HL-552930,Edward Gordon,1940-11-20,B-P-00750,91146902,26.25,RENEWAL,2026-08-15
Harborline,2026-07,105,HL-668276,Earl Banks,1974-02-28,B-P-00755,50979283,16.00,RENEWAL,2026-08-15
Harborline,2026-07,106,HL-207322,Andrew Holland,2005-02-23,B-P-00761,64493418,16.00,RENEWAL,2026-08-15
Harborline,2026-07,107,HL-775809,Matthew Lyons,1948-06-03,B-P-00771,50979283,26.25,RENEWAL,2026-08-15
Harborline,2026-07,108,HL-211214,Ian Holloway,1971-04-01,B-P-00773,67876966,52.50,NEW,2026-08-15
Harborline,2026-07,109,HL-389738,Allison Hoffman,1952-03-20,B-P-00775,69777236,26.25,RENEWAL,2026-08-15
Harborline,2026-07,110,HL-258775,John Tapia,1999-05-26,B-P-00776,69777236,16.00,RENEWAL,2026-08-15
Harborline,2026-07,111,HL-226661,Dorothy Johnson,1939-08-15,B-P-00783,14829889,26.25,RENEWAL,2026-08-15
Harborline,2026-07,112,HL-135541,Lawrence Walker,1937-11-08,B-P-00790,50399119,26.25,RENEWAL,2026-08-15
Harborline,2026-07,113,HL-691149,Brandon Berg,1937-09-07,B-P-00798,20671937,26.25,RENEWAL,2026-08-15
Harborline,2026-07,114,HL-397507,Ryan Cameron,1942-03-11,B-P-00800,50979283,26.25,RENEWAL,2026-08-15
Harborline,2026-07,115,HL-872186,Brandon Smith,1959-09-23,B-P-00812,24647567,26.25,RENEWAL,2026-08-15
Harborline,2026-07,116,HL-994762,Austin Thompson,1960-08-05,B-P-00833,37947372,52.50,NEW,2026-08-15
Harborline,2026-07,117,HL-472785,James Thompson,1940-03-13,B-P-00835,37947372,26.25,RENEWAL,2026-08-15
Harborline,2026-07,118,HL-204870,Lawrence Peters,1935-10-25,B-P-00841,45462976,26.25,RENEWAL,2026-08-15
Harborline,2026-07,119,HL-315241,Holly White,2002-02-18,B-P-00849,93619366,16.00,RENEWAL,2026-08-15
Harborline,2026-07,120,HL-441567,Stacey Wiggins,1948-02-04,B-P-00856,94445646,26.25,RENEWAL,2026-08-15
Harborline,2026-07,121,HL-261136,Thomas Hamilton,1941-06-02,B-P-00865,94445646,26.25,RENEWAL,2026-08-15
Harborline,2026-07,122,HL-801190,Catherine Lopez,1945-01-28,B-P-00867,93619366,26.25,RENEWAL,2026-08-15
Harborline,2026-07,123,HL-475464,Kevin Davidson,1955-12-25,B-P-00876,24647567,26.25,RENEWAL,2026-08-15
Harborline,2026-07,124,HL-145732,Amy Obrien,1949-03-19,B-P-00877,64493418,26.25,RENEWAL,2026-08-15
Harborline,2026-07,125,HL-580677,Joe Obrien,1941-03-21,B-P-00879,64493418,52.50,NEW,2026-08-15
Harborline,2026-07,126,HL-916518,Monique Johnson,1944-05-13,B-P-00896,93619366,52.50,NEW,2026-08-15
Harborline,2026-07,127,HL-167646,Katherine Wright,1981-10-30,B-P-00905,91146902,16.00,RENEWAL,2026-08-15
Harborline,2026-07,128,HL-262148,Ricky Moore-Gonzalez,1970-12-29,B-P-00913,94445646,16.00,RENEWAL,2026-08-15
Harborline,2026-07,129,HL-416508,Kimberly White,1954-03-29,B-P-00916,26047628,26.25,RENEWAL,2026-08-15
Harborline,2026-07,130,HL-551350,Joshua Lyons,2001-11-30,B-P-00922,93619366,22.00,NEW,2026-08-15
Harborline,2026-07,131,HL-883891,Ronald Zamora,1940-07-10,B-P-00940,81157097,26.25,RENEWAL,2026-08-15
Harborline,2026-07,132,HL-261076,Charles Allen,1946-09-21,B-P-00942,50399119,4.20,RENEWAL,2026-08-15
Harborline,2026-07,133,HL-173372,Leslie Allen,1984-12-30,B-P-00943,50399119,16.00,RENEWAL,2026-08-15
Harborline,2026-07,134,HL-975206,Darren Huff,1950-01-26,B-P-00946,24647567,26.25,RENEWAL,2026-08-15
Harborline,2026-07,135,HL-174494,Lauren Parker,1959-02-18,B-P-00968,43888211,26.25,RENEWAL,2026-08-15
Harborline,2026-07,136,HL-877247,William Richards,1957-05-20,B-P-00978,90228424,52.50,NEW,2026-08-15
Harborline,2026-07,137,HL-375079,Jeff Orozco,1947-02-26,B-P-00995,98787777,26.25,RENEWAL,2026-08-15
Harborline,2026-07,138,HL-819538,Jason Simmons,1958-04-20,B-P-00996,91146902,26.25,RENEWAL,2026-08-15
Harborline,2026-07,139,HL-522273,Eddie Smith,1948-05-31,B-P-01007,67876966,52.50,NEW,2026-08-15
Harborline,2026-07,140,HL-933267,Gabrielle Torres,1989-12-13,B-P-01018,84583776,22.00,NEW,2026-08-15
Harborline,2026-07,141,HL-502343,Nicole Johnson,1943-03-20,B-P-01023,9527070,26.25,RENEWAL,2026-08-15
Harborline,2026-07,142,HL-631045,Anthony Simmons,1938-01-02,B-P-01031,50399119,26.25,RENEWAL,2026-08-15
Harborline,2026-07,143,HL-771461,Alexander Fletcher,1948-11-23,B-P-01036,9527070,52.50,NEW,2026-08-15
Harborline,2026-07,144,HL-846883,Nicole Bautista,1957-04-18,B-P-01044,64493418,19.00,RENEWAL,2026-08-15
Harborline,2026-07,145,HL-304207,Nicole Bautista,1957-04-18,B-P-01045,64493418,4.20,RENEWAL,2026-08-15
Harborline,2026-07,146,HL-166381,Mark Williams,1933-11-10,B-P-01046,59893296,19.00,RENEWAL,2026-08-15
Harborline,2026-07,147,HL-196942,Mark Williams,1933-11-10,B-P-01047,59893296,4.20,RENEWAL,2026-08-15
Harborline,2026-07,148,HL-823125,Michael Horton,1933-11-28,B-P-01060,64493418,52.50,NEW,2026-08-15
Harborline,2026-07,149,HL-557990,Suzanne Dunlap,2003-02-06,B-P-01069,75084135,16.00,RENEWAL,2026-08-15
Harborline,2026-07,150,HL-916044,Melody Fletcher,1948-02-17,B-P-01073,93619366,26.25,RENEWAL,2026-08-15
Harborline,2026-07,151,HL-929028,Virginia Fletcher,1967-07-31,B-P-01074,93619366,22.00,NEW,2026-08-15
Harborline,2026-07,152,HL-967058,Nicholas Hansen,1993-04-02,B-P-01079,64493418,26.25,RENEWAL,2026-08-15
Harborline,2026-07,153,HL-899268,Peggy Johnson,1970-10-12,B-P-01096,91146902,16.00,RENEWAL,2026-08-15
Harborline,2026-07,154,HL-478340,Chad Pena,1956-01-30,B-P-01105,14829889,26.25,RENEWAL,2026-08-15
Harborline,2026-07,155,HL-745873,Diamond Davenport,1936-01-14,B-P-01111,45462976,26.25,RENEWAL,2026-08-15
Harborline,2026-07,156,HL-657171,Frank Perez,1950-11-14,B-P-01116,64493418,26.25,RENEWAL,2026-08-15
Harborline,2026-07,157,HL-279085,Adam Stuart,1963-01-27,B-P-01117,69777236,16.00,RENEWAL,2026-08-15
Harborline,2026-07,158,HL-892739,Michael Lopez,1955-03-09,B-P-01118,45462976,26.25,RENEWAL,2026-08-15
Harborline,2026-07,159,HL-432507,Anthony Lowe,1937-10-06,B-P-01127,14829889,8.40,NEW,2026-08-15
Harborline,2026-07,160,HL-167888,Christopher Richmond,1954-11-06,B-P-01131,64493418,26.25,RENEWAL,2026-08-15
Harborline,2026-07,161,HL-559406,Hannah Long,1934-12-27,B-P-01137,93619366,26.25,RENEWAL,2026-08-15
Harborline,2026-07,162,HL-800044,Christian Cross-Perkins,1971-06-07,B-P-01139,91146902,22.00,NEW,2026-08-15
Harborline,2026-07,163,HL-111749,Michael Hawkins,1950-07-19,B-P-01162,37947372,26.25,RENEWAL,2026-08-15
Harborline,2026-07,164,HL-563442,Donna Jennings,1950-11-24,B-P-01166,49066206,26.25,RENEWAL,2026-08-15
Harborline,2026-07,165,HL-807796,Scott Wood,1940-05-19,B-P-01167,67876966,26.25,RENEWAL,2026-08-15
Harborline,2026-07,166,HL-525289,Megan Davis,2000-06-05,B-P-01172,69777236,16.00,RENEWAL,2026-08-15
Harborline,2026-07,167,HL-509023,Hannah Garcia,1944-01-02,B-P-01189,98787777,26.25,RENEWAL,2026-08-15
Harborline,2026-07,168,HL-816687,Carolyn Gould,1943-06-09,B-P-01198,24647567,52.50,NEW,2026-08-15
Harborline,2026-07,169,HL-411805,Michelle Anderson,1979-08-23,B-P-01207,24647567,26.25,RENEWAL,2026-08-15
Harborline,2026-07,170,HL-324592,Julia Hernandez,1934-08-06,B-P-01221,51446845,26.25,RENEWAL,2026-08-15
Harborline,2026-07,171,HL-239540,Gregory Hernandez,1944-06-14,B-P-01222,51446845,26.25,RENEWAL,2026-08-15
Harborline,2026-07,172,HL-814614,Grant Gutierrez,1985-02-24,B-P-01228,9527070,16.00,RENEWAL,2026-08-15
Harborline,2026-07,173,HL-654705,Edward Patel,1954-09-12,B-P-01230,26047628,26.25,RENEWAL,2026-08-15
Harborline,2026-07,174,HL-656145,Maurice Valdez,1956-06-16,B-P-01231,84583776,19.00,RENEWAL,2026-08-15
Harborline,2026-07,175,HL-723333,Maurice Valdez,1956-06-16,B-P-01232,84583776,4.20,RENEWAL,2026-08-15
Harborline,2026-07,176,HL-277386,Cassandra Perry,1938-09-17,B-P-01245,14829889,26.25,RENEWAL,2026-08-15
Harborline,2026-07,177,HL-160804,Deanna Terry,1945-01-15,B-P-01251,69777236,52.50,NEW,2026-08-15
Harborline,2026-07,178,HL-605720,Gregory Wood,1946-09-15,B-P-01257,49066206,26.25,RENEWAL,2026-08-15
Harborline,2026-07,179,HL-867235,Ashley Martinez,1955-03-05,B-P-01260,9527070,26.25,RENEWAL,2026-08-15
Harborline,2026-07,180,HL-852483,Evan Wright,1949-06-20,B-P-01263,91146902,26.25,RENEWAL,2026-08-15
Harborline,2026-07,181,HL-140940,Barry Adams,2001-10-30,B-P-01282,14829889,16.00,RENEWAL,2026-08-15
Harborline,2026-07,182,HL-947132,Kayla Horne,1975-01-13,B-P-01291,37947372,22.00,NEW,2026-08-15
Harborline,2026-07,183,HL-582794,Deborah Travis,1938-10-20,B-P-01309,90228424,4.20,RENEWAL,2026-08-15
Harborline,2026-07,184,HL-607150,Melinda Travis,1960-04-15,B-P-01310,90228424,52.50,NEW,2026-08-15
Harborline,2026-07,185,HL-877152,Stacy Shepard,1946-05-07,B-P-01312,37947372,19.00,RENEWAL,2026-08-15
Harborline,2026-07,186,HL-715082,Stacy Shepard,1946-05-07,B-P-01313,37947372,4.20,RENEWAL,2026-08-15
Harborline,2026-07,187,HL-908138,Melissa Simmons,1981-12-14,B-P-01325,43888211,22.00,NEW,2026-08-15
Harborline,2026-07,188,HL-647025,Victoria Mcdonald,1954-10-07,B-P-01326,50979283,19.00,RENEWAL,2026-08-15
Harborline,2026-07,189,HL-545088,Victoria Mcdonald,1954-10-07,B-P-01327,50979283,4.20,RENEWAL,2026-08-15
Harborline,2026-07,190,HL-516490,Cameron Stokes,1937-09-14,B-P-01335,69777236,26.25,RENEWAL,2026-08-15
Harborline,2026-07,191,HL-678938,Timothy Bell,1939-05-16,B-P-01336,9527070,26.25,RENEWAL,2026-08-15
Harborline,2026-07,192,HL-752931,Leslie Hill,1959-12-31,B-P-01342,81157097,4.20,RENEWAL,2026-08-15
Harborline,2026-07,193,HL-338365,Amanda Rollins,1943-12-31,B-P-01344,50399119,26.25,RENEWAL,2026-08-15
Harborline,2026-07,194,HL-407239,Matthew Winters,1991-01-08,B-P-01351,69777236,16.00,RENEWAL,2026-08-15
Harborline,2026-07,195,HL-842560,Brian Jacobs,1952-07-05,B-P-01353,67876966,26.25,RENEWAL,2026-08-15
Harborline,2026-07,196,HL-235744,James Dennis,1937-02-08,B-P-01355,94445646,52.50,NEW,2026-08-15
Harborline,2026-07,197,HL-277106,Sandra Ayala,1952-03-18,B-P-01360,67876966,26.25,RENEWAL,2026-08-15
Harborline,2026-07,198,HL-890020,Daniel Robertson,1935-01-27,B-P-01362,98787777,52.50,NEW,2026-08-15
Harborline,2026-07,199,HL-574358,Mary Miller,1971-11-03,B-P-01373,91146902,16.00,RENEWAL,2026-08-15
Harborline,2026-07,200,HL-380144,Erik Jones,1956-10-02,B-P-01379,50399119,26.25,RENEWAL,2026-08-15
Harborline,2026-07,201,HL-555603,James Smith,1954-05-24,B-P-01394,20671937,52.50,NEW,2026-08-15
Harborline,2026-07,202,HL-747551,Priscilla Smith,1944-09-24,B-P-01396,20671937,4.20,RENEWAL,2026-08-15
Harborline,2026-07,203,HL-503783,Billy Wallace,1953-05-05,B-P-01400,75084135,52.50,NEW,2026-08-15
Harborline,2026-07,204,HL-399340,Maria Murphy,1940-10-02,B-P-01402,9527070,52.50,NEW,2026-08-15
Harborline,2026-07,205,HL-164929,Judith Wallace,1953-11-17,B-P-01404,91146902,26.25,RENEWAL,2026-08-15
Harborline,2026-07,206,HL-867353,Jill Flynn,2004-09-14,B-P-01409,64493418,22.00,NEW,2026-08-15
Harborline,2026-07,207,HL-838691,Blake Martinez,1937-02-17,B-P-01419,98787777,26.25,RENEWAL,2026-08-15
Harborline,2026-07,208,HL-474357,Debra Phillips,1953-03-24,B-P-01423,50979283,26.25,RENEWAL,2026-08-15
Harborline,2026-07,209,HL-812079,William Mendoza,1939-06-29,B-P-01429,43888211,26.25,RENEWAL,2026-08-15
Harborline,2026-07,210,HL-699685,Michael Smith,1941-09-10,B-P-01433,50399119,52.50,NEW,2026-08-15
Harborline,2026-07,211,HL-259579,Dustin Wade,1939-12-02,B-P-01436,84583776,26.25,RENEWAL,2026-08-15
Harborline,2026-07,212,HL-819173,Andrea Ferguson,1956-09-03,B-P-01437,98787777,19.00,RENEWAL,2026-08-15
Harborline,2026-07,213,HL-687442,Andrea Ferguson,1956-09-03,B-P-01438,98787777,4.20,RENEWAL,2026-08-15
Harborline,2026-07,214,HL-242446,Marie Williams,1942-01-27,B-P-01440,51446845,19.00,RENEWAL,2026-08-15
Harborline,2026-07,215,HL-437739,Marie Williams,1942-01-27,B-P-01441,51446845,4.20,RENEWAL,2026-08-15
Harborline,2026-07,216,HL-361333,David Fuller,1940-09-28,B-P-01443,50399119,26.25,RENEWAL,2026-08-15
Harborline,2026-07,217,HL-509658,William Freeman,1940-09-01,B-P-01456,50979283,26.25,RENEWAL,2026-08-15
Harborline,2026-07,218,HL-463471,Brenda Lee,1940-07-25,B-P-01477,90228424,52.50,NEW,2026-08-15
Harborline,2026-07,219,HL-518519,Diana Preston,1958-07-22,B-P-01479,24647567,52.50,NEW,2026-08-15
Harborline,2026-07,220,HL-772413,Denise Melendez,1936-08-22,B-P-01504,43888211,26.25,RENEWAL,2026-08-15
Harborline,2026-07,221,HL-786239,Scott Kaufman,1942-02-20,B-P-01509,84583776,52.50,NEW,2026-08-15
Harborline,2026-07,222,HL-647795,Amy Walker,1938-06-25,B-P-01521,81157097,52.50,NEW,2026-08-15
Harborline,2026-07,223,HL-392688,Michael Lynch,1941-12-15,B-P-01529,50979283,52.50,NEW,2026-08-15
Harborline,2026-07,224,HL-124076,Daniel Wilson,1949-03-08,B-P-01535,84583776,52.50,NEW,2026-08-15
Harborline,2026-07,225,HL-715083,Cassandra Collins,1935-06-05,B-P-01539,67876966,26.25,RENEWAL,2026-08-15
Harborline,2026-07,226,HL-420684,Craig Harper,1989-01-14,B-P-01547,43888211,16.00,RENEWAL,2026-08-15
Harborline,2026-07,227,HL-741491,Michael Harper,1949-07-29,B-P-01548,43888211,26.25,RENEWAL,2026-08-15
Harborline,2026-07,228,HL-141516,Jose Thomas,1950-03-14,B-P-01559,67876966,26.25,RENEWAL,2026-08-15
Harborline,2026-07,229,HL-364457,Sara Peters,1960-03-24,B-P-01578,94445646,19.00,RENEWAL,2026-08-15
Harborline,2026-07,230,HL-514660,Sara Peters,1960-03-24,B-P-01579,94445646,4.20,RENEWAL,2026-08-15
Harborline,2026-07,231,HL-192647,Daniel Gutierrez,1935-06-09,B-P-01580,69777236,19.00,RENEWAL,2026-08-15
Harborline,2026-07,232,HL-554282,Daniel Gutierrez,1935-06-09,B-P-01581,69777236,4.20,RENEWAL,2026-08-15
Harborline,2026-07,233,HL-106639,Shannon Miller,1937-04-11,B-P-01601,98787777,26.25,RENEWAL,2026-08-15
Harborline,2026-07,234,HL-214203,Kimberly Gonzalez,1937-10-17,B-P-01612,49066206,26.25,RENEWAL,2026-08-15
Harborline,2026-07,235,HL-137375,Jeffrey Williamson,1940-02-01,B-P-01626,51446845,26.25,RENEWAL,2026-08-15
Harborline,2026-07,236,HL-978060,Veronica Myers,1958-01-11,B-P-01632,43888211,4.20,RENEWAL,2026-08-15
Harborline,2026-07,237,HL-833162,Brandon Hoffman,1945-01-15,B-P-01639,98787777,52.50,NEW,2026-08-15
Harborline,2026-07,238,HL-123323,Joshua Lopez,1942-05-10,B-P-01641,81157097,26.25,RENEWAL,2026-08-15
Harborline,2026-07,239,HL-293617,John Dickerson,1938-01-20,B-P-01648,50399119,19.00,RENEWAL,2026-08-15
Harborline,2026-07,240,HL-342497,John Dickerson,1938-01-20,B-P-01649,50399119,4.20,RENEWAL,2026-08-15
Harborline,2026-07,241,HL-695977,Richard Kramer,1956-12-27,B-P-01666,50979283,26.25,RENEWAL,2026-08-15
Harborline,2026-07,242,HL-268099,Karen Chapman,1977-02-23,B-P-01676,49066206,22.00,NEW,2026-08-15
Harborline,2026-07,243,HL-328775,Mark Murray,1973-04-11,B-P-01716,26047628,22.00,NEW,2026-08-15
Harborline,2026-07,244,HL-659619,Gregory Watts,1971-10-23,B-P-01732,37947372,22.00,NEW,2026-08-15
Harborline,2026-07,245,HL-894398,Joshua Barnes,1982-09-18,B-P-01737,94445646,22.00,NEW,2026-08-15
Harborline,2026-07,246,HL-341770,Jessica Peck,1956-04-23,B-P-01744,98787777,38.00,NEW,2026-08-15
Harborline,2026-07,247,HL-560804,Jessica Peck,1956-04-23,B-P-01745,98787777,8.40,NEW,2026-08-15
Harborline,2026-07,248,HL-392280,Michael Prince,1949-07-20,B-P-01750,49066206,26.25,RENEWAL,2026-08-15
Harborline,2026-07,249,HL-414027,Thomas Miller,1955-08-06,B-P-01766,91146902,26.25,RENEWAL,2026-08-15
Harborline,2026-07,250,HL-956729,Christopher Adams,1985-12-28,B-P-01770,9527070,16.00,RENEWAL,2026-08-15
Harborline,2026-07,251,HL-765398,Emily Adams,1939-09-05,B-P-01771,9527070,26.25,RENEWAL,2026-08-15
Harborline,2026-07,252,HL-242916,Misty Solomon,2004-12-23,B-P-01774,67876966,22.00,NEW,2026-08-15
Harborline,2026-07,253,HL-326155,Deanna Harris,1933-10-15,B-P-01781,81157097,19.00,RENEWAL,2026-08-15
Harborline,2026-07,254,HL-776922,Deanna Harris,1933-10-15,B-P-01782,81157097,4.20,RENEWAL,2026-08-15
Harborline,2026-07,255,HL-143691,Brittney Neal,1959-06-11,B-P-01785,37947372,26.25,RENEWAL,2026-08-15
Harborline,2026-07,256,HL-471220,George Lee,1954-02-24,B-P-01788,64493418,26.25,RENEWAL,2026-08-15
Harborline,2026-07,257,HL-931198,Katherine Mccarthy,1939-07-28,B-P-01830,20671937,52.50,NEW,2026-08-15
Harborline,2026-07,258,HL-146007,Michelle Barber,1986-07-02,B-P-01833,90228424,16.00,RENEWAL,2026-08-15
Harborline,2026-07,259,HL-718524,Robert Carter,1993-09-22,B-P-01837,98787777,22.00,NEW,2026-08-15
Harborline,2026-07,260,HL-539525,Karina Walls,1954-12-05,B-P-01838,14829889,26.25,RENEWAL,2026-08-15
Harborline,2026-07,261,HL-752943,Stephanie Marsh,1979-09-11,B-P-01840,67876966,16.00,RENEWAL,2026-08-15
Harborline,2026-07,262,HL-365865,Amanda Anderson,1956-03-18,B-P-01854,24647567,4.20,RENEWAL,2026-08-15
Harborline,2026-07,263,HL-930506,Tara Walters,1944-06-07,B-P-01871,91146902,26.25,RENEWAL,2026-08-15
Harborline,2026-07,264,HL-880108,Lori Hansen,2004-10-27,B-P-01892,64493418,22.00,NEW,2026-08-15
Harborline,2026-07,265,HL-647965,Jill Perez,1946-04-11,B-P-01906,26047628,26.25,RENEWAL,2026-08-15
Harborline,2026-07,266,HL-752637,Steve Wolfe,1939-05-22,B-P-01914,14829889,26.25,RENEWAL,2026-08-15
Harborline,2026-07,267,HL-795004,Theresa Beck,1947-09-25,B-P-01951,50979283,19.00,RENEWAL,2026-08-15
Harborline,2026-07,268,HL-867355,Theresa Beck,1947-09-25,B-P-01952,50979283,4.20,RENEWAL,2026-08-15
Harborline,2026-07,269,HL-510400,Andrea Holland,2005-02-23,B-P-02004,64493418,16.00,RENEWAL,2026-08-15
Harborline,2026-07,270,HL-960756,Dennis Melendez,1936-08-22,B-P-02009,43888211,26.25,RENEWAL,2026-08-15
Harborline,2026-07,271,HL-317517,Briana Anderson,1937-12-05,B-P-02011,50399119,52.50,NEW,2026-08-15
Harborline,2026-07,272,HL-915081,Michelle Smith,1941-09-10,B-P-02016,50399119,52.50,NEW,2026-08-15
Harborline,2026-07,273,HL-369693,Dylan Kane,1980-12-17,B-P-02018,84583776,22.00,NEW,2026-08-15
Harborline,2026-07,274,HL-534286,Kevin Myers,1984-02-29,B-P-02032,43888211,22.00,NEW,2026-08-15
Cardinal Mutual,2026-07,1,CM-841994,Deanna Fernandez,1944-04-23,B-P-00001,49066206,26.25,RENEWAL,2026-08-15
Cardinal Mutual,2026-07,2,CM-353388,Lindsay Duran,1955-09-12,B-P-00036,51446845,26.25,RENEWAL,2026-08-15
Cardinal Mutual,2026-07,3,CM-629790,Jacqueline Vasquez,1950-11-03,B-P-00037,91146902,26.25,RENEWAL,2026-08-15
Cardinal Mutual,2026-07,4,CM-656520,Kathy Cook,1952-05-15,B-P-00054,98787777,26.25,RENEWAL,2026-08-15
Cardinal Mutual,2026-07,5,CM-463432,Jessica Murray,1944-02-29,B-P-00055,91146902,19.00,RENEWAL,2026-08-15
Cardinal Mutual,2026-07,6,CM-641988,Jessica Murray,1944-02-29,B-P-00056,91146902,4.20,RENEWAL,2026-08-15
Cardinal Mutual,2026-07,7,CM-186405,Dana Hansen,1957-08-09,B-P-00058,9527070,26.25,RENEWAL,2026-08-15
Cardinal Mutual,2026-07,8,CM-183658,Tara Rivas,1959-03-25,B-P-00065,94445646,26.25,RENEWAL,2026-08-15
Cardinal Mutual,2026-07,9,CM-102272,Thomas Vega-Rowland,1957-05-12,B-P-00072,75084135,52.50,NEW,2026-08-15
Cardinal Mutual,2026-07,10,CM-238890,Frank Mcdaniel,1951-09-05,B-P-00101,91146902,26.25,RENEWAL,2026-08-15
Cardinal Mutual,2026-07,11,CM-330219,Mitchell Russell,1960-08-04,B-P-00103,93619366,8.40,NEW,2026-08-15
Cardinal Mutual,2026-07,12,CM-118672,Chase Webb,1951-05-31,B-P-00105,20671937,26.25,RENEWAL,2026-08-15
Cardinal Mutual,2026-07,13,CM-871666,William Rowe,1938-06-23,B-P-00135,51446845,8.40,NEW,2026-08-15
Cardinal Mutual,2026-07,14,CM-397174,Melissa Gonzalez,1955-09-06,B-P-00142,69777236,52.50,NEW,2026-08-15
Cardinal Mutual,2026-07,15,CM-602538,Emma Williams,1959-03-17,B-P-00144,26047628,26.25,RENEWAL,2026-08-15
Cardinal Mutual,2026-07,16,CM-243240,Katie Zimmerman,1952-01-25,B-P-00145,59893296,26.25,RENEWAL,2026-08-15
Cardinal Mutual,2026-07,17,CM-155234,Tanya Zimmerman,1958-04-10,B-P-00147,59893296,52.50,NEW,2026-08-15
Cardinal Mutual,2026-07,18,CM-802270,Dale Frank,1934-03-09,B-P-00164,93619366,19.00,RENEWAL,2026-08-15
Cardinal Mutual,2026-07,19,CM-753408,Dale Frank,1934-03-09,B-P-00165,93619366,4.20,RENEWAL,2026-08-15
Cardinal Mutual,2026-07,20,CM-637224,Beth Cervantes,1945-03-31,B-P-00187,45462976,4.20,RENEWAL,2026-08-15
Cardinal Mutual,2026-07,21,CM-113014,William Tran,1956-03-18,B-P-00190,26047628,38.00,NEW,2026-08-15
Cardinal Mutual,2026-07,22,CM-972879,William Tran,1956-03-18,B-P-00191,26047628,8.40,NEW,2026-08-15
Cardinal Mutual,2026-07,23,CM-493331,Jamie Johnston,1981-04-08,B-P-00197,26047628,22.00,NEW,2026-08-15
Cardinal Mutual,2026-07,24,CM-243908,Wayne Brown,1947-04-29,B-P-00210,45462976,26.25,RENEWAL,2026-08-15
Cardinal Mutual,2026-07,25,CM-666659,Micheal Harvey,1957-08-16,B-P-00217,90228424,26.25,RENEWAL,2026-08-15
Cardinal Mutual,2026-07,26,CM-261560,Brandy Glenn,1944-01-13,B-P-00227,67876966,26.25,RENEWAL,2026-08-15
Cardinal Mutual,2026-07,27,CM-519281,Brad Gordon,1949-02-07,B-P-00233,50399119,26.25,RENEWAL,2026-08-15
Cardinal Mutual,2026-07,28,CM-962093,John Hoover,1941-12-15,B-P-00235,50399119,26.25,RENEWAL,2026-08-15
Cardinal Mutual,2026-07,29,CM-960882,Michael Green-Anderson,1937-09-04,B-P-00240,26047628,52.50,NEW,2026-08-15
Cardinal Mutual,2026-07,30,CM-554402,Sheryl Terrell,1956-08-20,B-P-00248,20671937,26.25,RENEWAL,2026-08-15
Cardinal Mutual,2026-07,31,CM-538457,April Wheeler,1948-03-03,B-P-00262,51446845,26.25,RENEWAL,2026-08-15
Cardinal Mutual,2026-07,32,CM-225077,Alexis Clark,1951-08-27,B-P-00283,59893296,26.25,RENEWAL,2026-08-15
Cardinal Mutual,2026-07,33,CM-942912,Dustin Watson,1942-11-07,B-P-00309,93619366,52.50,NEW,2026-08-15
Cardinal Mutual,2026-07,34,CM-690935,Helen Franklin,1952-10-15,B-P-00313,93619366,26.25,RENEWAL,2026-08-15
Cardinal Mutual,2026-07,35,CM-916081,Julie Thompson,1939-08-29,B-P-00316,51446845,52.50,NEW,2026-08-15
Cardinal Mutual,2026-07,36,CM-533550,Angela Williams,1950-01-16,B-P-00319,81157097,26.25,RENEWAL,2026-08-15
Cardinal Mutual,2026-07,37,CM-712739,Emily Williams,1934-10-10,B-P-00321,81157097,52.50,NEW,2026-08-15
Cardinal Mutual,2026-07,38,CM-980213,Brian Hawkins,1957-03-17,B-P-00332,75084135,26.25,RENEWAL,2026-08-15
Cardinal Mutual,2026-07,39,CM-326379,Steven Singleton,1943-10-23,B-P-00333,69777236,4.20,RENEWAL,2026-08-15
Cardinal Mutual,2026-07,40,CM-549629,Christine Wright,1947-02-18,B-P-00366,67876966,52.50,NEW,2026-08-15
Cardinal Mutual,2026-07,41,CM-429679,Susan Miller,1959-07-19,B-P-00369,69777236,4.20,RENEWAL,2026-08-15
Cardinal Mutual,2026-07,42,CM-626534,Danielle Quinn,1960-07-26,B-P-00376,84583776,52.50,NEW,2026-08-15
Cardinal Mutual,2026-07,43,CM-552404,Mason Hanson,1962-01-15,B-P-00379,67876966,16.00,RENEWAL,2026-08-15
Cardinal Mutual,2026-07,44,CM-625121,Brittany Hanson,1937-11-11,B-P-00380,67876966,26.25,RENEWAL,2026-08-15
Cardinal Mutual,2026-07,45,CM-177300,Michael Morris,1938-01-19,B-P-00385,51446845,26.25,RENEWAL,2026-08-15
Cardinal Mutual,2026-07,46,CM-375652,Manuel Castillo,1940-10-16,B-P-00395,14829889,26.25,RENEWAL,2026-08-15
Cardinal Mutual,2026-07,47,CM-507533,Kevin Knight,1955-01-07,B-P-00400,93619366,26.25,RENEWAL,2026-08-15
Cardinal Mutual,2026-07,48,CM-121237,Francisco Knight,1942-09-14,B-P-00401,93619366,26.25,RENEWAL,2026-08-15
Cardinal Mutual,2026-07,49,CM-178206,Donna Smith,1959-05-30,B-P-00424,94445646,52.50,NEW,2026-08-15
Cardinal Mutual,2026-07,50,CM-681078,Renee Colon,1949-10-02,B-P-00426,67876966,26.25,RENEWAL,2026-08-15
Cardinal Mutual,2026-07,51,CM-426317,Melissa Richardson,1941-02-13,B-P-00436,91146902,19.00,RENEWAL,2026-08-15
Cardinal Mutual,2026-07,52,CM-772806,Melissa Richardson,1941-02-13,B-P-00437,91146902,4.20,RENEWAL,2026-08-15
Cardinal Mutual,2026-07,53,CM-650069,Evelyn Dennis,1957-06-17,B-P-00452,51446845,26.25,RENEWAL,2026-08-15
Cardinal Mutual,2026-07,54,CM-923452,Erin Moore,1954-10-02,B-P-00463,51446845,19.00,RENEWAL,2026-08-15
Cardinal Mutual,2026-07,55,CM-168595,Erin Moore,1954-10-02,B-P-00464,51446845,4.20,RENEWAL,2026-08-15
Cardinal Mutual,2026-07,56,CM-930765,Tasha Rodriguez,1933-11-14,B-P-00475,26047628,26.25,RENEWAL,2026-08-15
Cardinal Mutual,2026-07,57,CM-390201,Martin Edwards,1934-09-03,B-P-00485,98787777,52.50,NEW,2026-08-15
Cardinal Mutual,2026-07,58,CM-229852,Jennifer Gutierrez,1943-05-17,B-P-00493,49066206,52.50,NEW,2026-08-15
Cardinal Mutual,2026-07,59,CM-520907,Kimberly Davis,1952-10-23,B-P-00498,20671937,26.25,RENEWAL,2026-08-15
Cardinal Mutual,2026-07,60,CM-607950,Marvin Beard,2004-01-17,B-P-00500,64493418,16.00,RENEWAL,2026-08-15
Cardinal Mutual,2026-07,61,CM-376383,Troy Thomas-Dougherty,1994-01-11,B-P-00509,49066206,16.00,RENEWAL,2026-08-15
Cardinal Mutual,2026-07,62,CM-332297,Todd Ritter,1942-12-06,B-P-00512,64493418,26.25,RENEWAL,2026-08-15
Cardinal Mutual,2026-07,63,CM-975840,Jack Patel,1983-04-24,B-P-00516,43888211,16.00,RENEWAL,2026-08-15
Cardinal Mutual,2026-07,64,CM-500637,John Mccullough,1973-06-18,B-P-00518,59893296,22.00,NEW,2026-08-15
Cardinal Mutual,2026-07,65,CM-503079,Scott Wright,1951-04-21,B-P-00533,69777236,26.25,RENEWAL,2026-08-15
Cardinal Mutual,2026-07,66,CM-584063,Matthew Moreno,1944-05-18,B-P-00554,49066206,26.25,RENEWAL,2026-08-15
Cardinal Mutual,2026-07,67,CM-247424,Ryan Reed,1942-06-18,B-P-00561,69777236,26.25,RENEWAL,2026-08-15
Cardinal Mutual,2026-07,68,CM-144656,Jill Smith,1972-12-29,B-P-00565,43888211,19.00,RENEWAL,2026-08-15
Cardinal Mutual,2026-07,69,CM-748068,Jill Smith,1972-12-29,B-P-00566,43888211,4.20,RENEWAL,2026-08-15
Cardinal Mutual,2026-07,70,CM-739130,Vanessa Hickman,1991-04-13,B-P-00573,37947372,16.00,RENEWAL,2026-08-15
Cardinal Mutual,2026-07,71,CM-877526,Matthew Morris,1995-07-08,B-P-00581,26047628,22.00,NEW,2026-08-15
Cardinal Mutual,2026-07,72,CM-825317,Ryan Mata,1942-07-11,B-P-00589,75084135,26.25,RENEWAL,2026-08-15
Cardinal Mutual,2026-07,73,CM-872892,Cynthia Mata,1975-12-24,B-P-00590,75084135,16.00,RENEWAL,2026-08-15
Cardinal Mutual,2026-07,74,CM-698900,Lindsey Smith,1936-03-12,B-P-00597,91146902,26.25,RENEWAL,2026-08-15
Cardinal Mutual,2026-07,75,CM-831302,Joshua Hartman,1942-06-10,B-P-00600,50399119,26.25,RENEWAL,2026-08-15
Cardinal Mutual,2026-07,76,CM-383860,Alyssa Reed,1951-10-23,B-P-00619,26047628,26.25,RENEWAL,2026-08-15
Cardinal Mutual,2026-07,77,CM-467313,Tracy George,1951-05-31,B-P-00622,81157097,52.50,NEW,2026-08-15
Cardinal Mutual,2026-07,78,CM-838282,Robert Miranda,2002-05-03,B-P-00623,14829889,16.00,RENEWAL,2026-08-15
Cardinal Mutual,2026-07,79,CM-745835,Angie Martin,1945-04-27,B-P-00632,81157097,4.20,RENEWAL,2026-08-15
Cardinal Mutual,2026-07,80,CM-305360,Tina Cole,1954-08-14,B-P-00639,24647567,26.25,RENEWAL,2026-08-15
Cardinal Mutual,2026-07,81,CM-305165,Carolyn Wright,1991-08-15,B-P-00662,94445646,52.50,NEW,2026-08-15
Cardinal Mutual,2026-07,82,CM-250859,Elizabeth Harris,1981-08-30,B-P-00669,51446845,22.00,NEW,2026-08-15
Cardinal Mutual,2026-07,83,CM-783078,Jacob Smith,1942-02-08,B-P-00700,49066206,52.50,NEW,2026-08-15
Cardinal Mutual,2026-07,84,CM-640005,Janice Murray,1946-08-08,B-P-00711,14829889,26.25,RENEWAL,2026-08-15
Cardinal Mutual,2026-07,85,CM-242688,Stephanie Anderson,1954-04-11,B-P-00724,50979283,26.25,RENEWAL,2026-08-15
Cardinal Mutual,2026-07,86,CM-693156,Willie Holt,1993-10-09,B-P-00729,75084135,16.00,RENEWAL,2026-08-15
Cardinal Mutual,2026-07,87,CM-289617,Bradley Suarez,1938-02-03,B-P-00730,50979283,26.25,RENEWAL,2026-08-15
Cardinal Mutual,2026-07,88,CM-597407,Joseph Johnson,1996-03-02,B-P-00731,50399119,22.00,NEW,2026-08-15
Cardinal Mutual,2026-07,89,CM-659794,Suzanne Sanford,1943-09-20,B-P-00733,20671937,52.50,NEW,2026-08-15
Cardinal Mutual,2026-07,90,CM-900075,Lauren Washington,1959-10-17,B-P-00735,64493418,26.25,RENEWAL,2026-08-15
Cardinal Mutual,2026-07,91,CM-609049,Jessica Contreras,1957-01-10,B-P-00743,94445646,52.50,NEW,2026-08-15
Cardinal Mutual,2026-07,92,CM-153928,Patrick Gordon,1933-10-02,B-P-00749,91146902,26.25,RENEWAL,2026-08-15
Cardinal Mutual,2026-07,93,CM-463659,Michael Blackburn,2003-11-30,B-P-00752,26047628,16.00,RENEWAL,2026-08-15
Cardinal Mutual,2026-07,94,CM-185447,Virginia Jenkins,1935-06-21,B-P-00793,51446845,38.00,NEW,2026-08-15
Cardinal Mutual,2026-07,95,CM-169729,Virginia Jenkins,1935-06-21,B-P-00794,51446845,8.40,NEW,2026-08-15
Cardinal Mutual,2026-07,96,CM-162379,Justin Hall,1955-02-11,B-P-00797,26047628,52.50,NEW,2026-08-15
Cardinal Mutual,2026-07,97,CM-704497,Deborah Rivera,1990-02-17,B-P-00799,75084135,16.00,RENEWAL,2026-08-15
Cardinal Mutual,2026-07,98,CM-582515,John Morris,1943-01-16,B-P-00804,37947372,52.50,NEW,2026-08-15
Cardinal Mutual,2026-07,99,CM-568856,Emily Lee,1948-04-14,B-P-00808,24647567,52.50,NEW,2026-08-15
Cardinal Mutual,2026-07,100,CM-985733,Kurt Elliott,1953-05-25,B-P-00818,84583776,26.25,RENEWAL,2026-08-15
Cardinal Mutual,2026-07,101,CM-168696,Helen Wells,1989-01-29,B-P-00819,94445646,22.00,NEW,2026-08-15
Cardinal Mutual,2026-07,102,CM-958073,Christopher Willis,1943-10-14,B-P-00828,90228424,26.25,RENEWAL,2026-08-15
Cardinal Mutual,2026-07,103,CM-759032,Alison Davis,1986-03-17,B-P-00829,84583776,22.00,NEW,2026-08-15
Cardinal Mutual,2026-07,104,CM-597802,John Bailey,1937-11-14,B-P-00837,91146902,52.50,NEW,2026-08-15
Cardinal Mutual,2026-07,105,CM-111838,David White,1976-11-22,B-P-00848,93619366,16.00,RENEWAL,2026-08-15
Cardinal Mutual,2026-07,106,CM-405340,Brandon White,1959-08-02,B-P-00853,64493418,19.00,RENEWAL,2026-08-15
Cardinal Mutual,2026-07,107,CM-987266,Brandon White,1959-08-02,B-P-00854,64493418,4.20,RENEWAL,2026-08-15
Cardinal Mutual,2026-07,108,CM-770569,William Phillips,1986-07-07,B-P-00858,37947372,22.00,NEW,2026-08-15
Cardinal Mutual,2026-07,109,CM-489519,Michael Warren,1940-01-12,B-P-00862,69777236,26.25,RENEWAL,2026-08-15
Cardinal Mutual,2026-07,110,CM-173106,Martha Hamilton,1944-11-30,B-P-00866,94445646,26.25,RENEWAL,2026-08-15
Cardinal Mutual,2026-07,111,CM-646957,Juan Page,1947-09-11,B-P-00871,37947372,52.50,NEW,2026-08-15
Cardinal Mutual,2026-07,112,CM-680636,Lori Vasquez,1954-03-12,B-P-00872,67876966,19.00,RENEWAL,2026-08-15
Cardinal Mutual,2026-07,113,CM-852989,Lori Vasquez,1954-03-12,B-P-00873,67876966,4.20,RENEWAL,2026-08-15
Cardinal Mutual,2026-07,114,CM-275879,Kelly Ray,1968-12-16,B-P-00882,49066206,22.00,NEW,2026-08-15
Cardinal Mutual,2026-07,115,CM-704816,Evan Clark,1954-02-02,B-P-00904,43888211,8.40,NEW,2026-08-15
Cardinal Mutual,2026-07,116,CM-223758,James Lyons,1939-02-23,B-P-00921,93619366,26.25,RENEWAL,2026-08-15
Cardinal Mutual,2026-07,117,CM-922829,Kim Graves,1954-03-25,B-P-00926,20671937,26.25,RENEWAL,2026-08-15
Cardinal Mutual,2026-07,118,CM-864409,Edward Griffith,1940-03-14,B-P-00932,75084135,26.25,RENEWAL,2026-08-15
Cardinal Mutual,2026-07,119,CM-505767,Jerome Lee,1939-12-14,B-P-00939,93619366,26.25,RENEWAL,2026-08-15
Cardinal Mutual,2026-07,120,CM-287407,Ryan Parker,1992-03-21,B-P-00948,26047628,22.00,NEW,2026-08-15
Cardinal Mutual,2026-07,121,CM-158233,Jose Mata,1949-11-10,B-P-00954,50399119,26.25,RENEWAL,2026-08-15
Cardinal Mutual,2026-07,122,CM-904647,Eric White,1994-12-20,B-P-00956,37947372,22.00,NEW,2026-08-15
Cardinal Mutual,2026-07,123,CM-557262,Melinda Osborne,1992-11-25,B-P-00959,20671937,22.00,NEW,2026-08-15
Cardinal Mutual,2026-07,124,CM-523483,Cody Richards,1937-06-06,B-P-00976,90228424,52.50,NEW,2026-08-15
Cardinal Mutual,2026-07,125,CM-932834,Shelby Stanley,1954-07-19,B-P-00981,50979283,19.00,RENEWAL,2026-08-15
Cardinal Mutual,2026-07,126,CM-288446,Shelby Stanley,1954-07-19,B-P-00982,50979283,4.20,RENEWAL,2026-08-15
Cardinal Mutual,2026-07,127,CM-160341,Cheryl Anderson,1937-02-14,B-P-00986,26047628,26.25,RENEWAL,2026-08-15
Cardinal Mutual,2026-07,128,CM-556375,Darren Miller,1955-07-28,B-P-00987,64493418,19.00,RENEWAL,2026-08-15
Cardinal Mutual,2026-07,129,CM-231192,Darren Miller,1955-07-28,B-P-00988,64493418,4.20,RENEWAL,2026-08-15
Cardinal Mutual,2026-07,130,CM-516147,Michael Liu,1954-12-05,B-P-01001,9527070,26.25,RENEWAL,2026-08-15
Cardinal Mutual,2026-07,131,CM-905682,Brandon Thomas,2000-06-17,B-P-01004,50399119,16.00,RENEWAL,2026-08-15
Cardinal Mutual,2026-07,132,CM-396470,Brian Garcia,1975-09-03,B-P-01029,51446845,16.00,RENEWAL,2026-08-15
Cardinal Mutual,2026-07,133,CM-647400,Keith Mays,1947-10-18,B-P-01039,75084135,52.50,NEW,2026-08-15
Cardinal Mutual,2026-07,134,CM-215659,Elizabeth Schneider,1972-04-06,B-P-01042,67876966,16.00,RENEWAL,2026-08-15
Cardinal Mutual,2026-07,135,CM-882604,Joseph Schneider,1999-04-20,B-P-01043,67876966,16.00,RENEWAL,2026-08-15
Cardinal Mutual,2026-07,136,CM-503002,Daniel Evans,1942-09-23,B-P-01055,67876966,19.00,RENEWAL,2026-08-15
Cardinal Mutual,2026-07,137,CM-488247,Daniel Evans,1942-09-23,B-P-01056,67876966,4.20,RENEWAL,2026-08-15
Cardinal Mutual,2026-07,138,CM-932925,Allison Horton,1955-10-03,B-P-01058,64493418,26.25,RENEWAL,2026-08-15
Cardinal Mutual,2026-07,139,CM-734655,Robert Carter,1945-12-14,B-P-01061,69777236,4.20,RENEWAL,2026-08-15
Cardinal Mutual,2026-07,140,CM-474799,Elizabeth Thompson,1940-05-14,B-P-01062,81157097,19.00,RENEWAL,2026-08-15
Cardinal Mutual,2026-07,141,CM-917252,Elizabeth Thompson,1940-05-14,B-P-01063,81157097,4.20,RENEWAL,2026-08-15
Cardinal Mutual,2026-07,142,CM-217636,Sandra Alvarez,1945-04-16,B-P-01075,20671937,26.25,RENEWAL,2026-08-15
Cardinal Mutual,2026-07,143,CM-338103,Heidi Anderson,1956-09-20,B-P-01084,81157097,26.25,RENEWAL,2026-08-15
Cardinal Mutual,2026-07,144,CM-518812,Louis Davis,1950-05-15,B-P-01091,69777236,26.25,RENEWAL,2026-08-15
Cardinal Mutual,2026-07,145,CM-185633,Gabriella Carpenter,1960-07-22,B-P-01094,69777236,8.40,NEW,2026-08-15
Cardinal Mutual,2026-07,146,CM-402287,Sheila Norman,1934-11-26,B-P-01102,59893296,19.00,RENEWAL,2026-08-15
Cardinal Mutual,2026-07,147,CM-291877,Sheila Norman,1934-11-26,B-P-01103,59893296,4.20,RENEWAL,2026-08-15
Cardinal Mutual,2026-07,148,CM-685089,Alexa Smith,1954-05-23,B-P-01113,45462976,26.25,RENEWAL,2026-08-15
Cardinal Mutual,2026-07,149,CM-747764,Mark Davis,1945-12-09,B-P-01122,81157097,26.25,RENEWAL,2026-08-15
Cardinal Mutual,2026-07,150,CM-249609,Bradley Acevedo,1991-09-18,B-P-01124,45462976,16.00,RENEWAL,2026-08-15
Cardinal Mutual,2026-07,151,CM-297901,Daniel Lowe,1959-08-28,B-P-01128,14829889,52.50,NEW,2026-08-15
Cardinal Mutual,2026-07,152,CM-149625,Kristina Mckay,1941-08-15,B-P-01144,43888211,26.25,RENEWAL,2026-08-15
Cardinal Mutual,2026-07,153,CM-556571,Kristen James,1944-07-18,B-P-01147,69777236,26.25,RENEWAL,2026-08-15
Cardinal Mutual,2026-07,154,CM-252417,Ariel Cain,1937-10-03,B-P-01171,98787777,26.25,RENEWAL,2026-08-15
Cardinal Mutual,2026-07,155,CM-164889,Judy Ellis,1968-03-04,B-P-01175,81157097,16.00,RENEWAL,2026-08-15
Cardinal Mutual,2026-07,156,CM-371284,Cody Walker,1974-06-26,B-P-01181,91146902,16.00,RENEWAL,2026-08-15
Cardinal Mutual,2026-07,157,CM-675536,Benjamin Walker,1944-03-12,B-P-01184,91146902,19.00,RENEWAL,2026-08-15
Cardinal Mutual,2026-07,158,CM-170310,Benjamin Walker,1944-03-12,B-P-01185,91146902,4.20,RENEWAL,2026-08-15
Cardinal Mutual,2026-07,159,CM-306923,Emily Higgins,1956-02-11,B-P-01191,50979283,26.25,RENEWAL,2026-08-15
Cardinal Mutual,2026-07,160,CM-969676,William Reyes,1935-07-27,B-P-01197,37947372,52.50,NEW,2026-08-15
Cardinal Mutual,2026-07,161,CM-781233,Crystal Kelley,1941-04-27,B-P-01202,49066206,26.25,RENEWAL,2026-08-15
Cardinal Mutual,2026-07,162,CM-207979,Stanley Anderson,1960-02-27,B-P-01208,24647567,19.00,RENEWAL,2026-08-15
Cardinal Mutual,2026-07,163,CM-297717,Stanley Anderson,1960-02-27,B-P-01209,24647567,4.20,RENEWAL,2026-08-15
Cardinal Mutual,2026-07,164,CM-945195,Samuel Vargas,1988-11-24,B-P-01216,14829889,22.00,NEW,2026-08-15
Cardinal Mutual,2026-07,165,CM-923586,Mary Nunez,1934-10-01,B-P-01219,93619366,26.25,RENEWAL,2026-08-15
Cardinal Mutual,2026-07,166,CM-554111,Patrick Nunez,1944-10-02,B-P-01220,93619366,26.25,RENEWAL,2026-08-15
Cardinal Mutual,2026-07,167,CM-633145,Diana Waller,1951-12-11,B-P-01235,9527070,52.50,NEW,2026-08-15
Cardinal Mutual,2026-07,168,CM-991009,Jonathan Whitney,1956-10-02,B-P-01249,93619366,52.50,NEW,2026-08-15
Cardinal Mutual,2026-07,169,CM-388236,Keith Garcia,1992-06-07,B-P-01267,49066206,26.25,RENEWAL,2026-08-15
Cardinal Mutual,2026-07,170,CM-295296,Jason Ward,1966-03-23,B-P-01273,50979283,22.00,NEW,2026-08-15
Cardinal Mutual,2026-07,171,CM-841203,Ricky King,1959-11-05,B-P-01277,69777236,26.25,RENEWAL,2026-08-15
Cardinal Mutual,2026-07,172,CM-950125,Robert King,1958-01-22,B-P-01278,69777236,26.25,RENEWAL,2026-08-15
Cardinal Mutual,2026-07,173,CM-909043,Kristen Rocha,1997-08-15,B-P-01287,59893296,22.00,NEW,2026-08-15
Cardinal Mutual,2026-07,174,CM-834982,Tammy Sanchez,1949-01-21,B-P-01316,51446845,52.50,NEW,2026-08-15
Cardinal Mutual,2026-07,175,CM-950679,Marie Flores,1935-01-16,B-P-01323,14829889,26.25,RENEWAL,2026-08-15
Cardinal Mutual,2026-07,176,CM-950886,Jennifer Howard,1958-05-20,B-P-01331,26047628,19.00,RENEWAL,2026-08-15
Cardinal Mutual,2026-07,177,CM-857298,Jennifer Howard,1958-05-20,B-P-01332,26047628,4.20,RENEWAL,2026-08-15
Cardinal Mutual,2026-07,178,CM-280788,Ashley Hill,1940-07-09,B-P-01341,81157097,52.50,NEW,2026-08-15
Cardinal Mutual,2026-07,179,CM-753719,John Gutierrez,1958-01-05,B-P-01358,9527070,52.50,NEW,2026-08-15
Cardinal Mutual,2026-07,180,CM-452688,Frank King,1958-10-18,B-P-01366,24647567,4.20,RENEWAL,2026-08-15
Cardinal Mutual,2026-07,181,CM-495750,Evelyn Ford,1985-04-22,B-P-01372,50399119,22.00,NEW,2026-08-15
Cardinal Mutual,2026-07,182,CM-112069,Maria Hopkins,1938-09-12,B-P-01386,24647567,19.00,RENEWAL,2026-08-15
Cardinal Mutual,2026-07,183,CM-177163,Maria Hopkins,1938-09-12,B-P-01387,24647567,4.20,RENEWAL,2026-08-15
Cardinal Mutual,2026-07,184,CM-718248,Chase Mckenzie,1940-06-19,B-P-01388,59893296,26.25,RENEWAL,2026-08-15
Cardinal Mutual,2026-07,185,CM-342834,Matthew Simon,1949-02-15,B-P-01413,90228424,26.25,RENEWAL,2026-08-15
Cardinal Mutual,2026-07,186,CM-951616,Samantha Stout,1985-08-01,B-P-01416,26047628,16.00,RENEWAL,2026-08-15
Cardinal Mutual,2026-07,187,CM-802373,Amber Calhoun,1935-02-06,B-P-01426,59893296,52.50,NEW,2026-08-15
Cardinal Mutual,2026-07,188,CM-573860,Laura Smith,1938-01-21,B-P-01458,93619366,26.25,RENEWAL,2026-08-15
Cardinal Mutual,2026-07,189,CM-374048,Timothy Boyd,1999-02-11,B-P-01470,51446845,22.00,NEW,2026-08-15
Cardinal Mutual,2026-07,190,CM-197937,Kevin Mitchell,1934-01-27,B-P-01472,9527070,26.25,RENEWAL,2026-08-15
Cardinal Mutual,2026-07,191,CM-541970,Vincent Woods,1941-03-07,B-P-01482,94445646,26.25,RENEWAL,2026-08-15
Cardinal Mutual,2026-07,192,CM-159400,Lisa Moore,1968-04-02,B-P-01489,9527070,22.00,NEW,2026-08-15
Cardinal Mutual,2026-07,193,CM-163784,Katelyn Zimmerman,1962-08-06,B-P-01493,59893296,22.00,NEW,2026-08-15
Cardinal Mutual,2026-07,194,CM-918976,Glen Lynch,2000-01-03,B-P-01527,50979283,22.00,NEW,2026-08-15
Cardinal Mutual,2026-07,195,CM-799916,Judith Johnson,1959-01-15,B-P-01533,59893296,26.25,RENEWAL,2026-08-15
Cardinal Mutual,2026-07,196,CM-656767,Brianna Richard,1951-05-09,B-P-01540,49066206,26.25,RENEWAL,2026-08-15
Cardinal Mutual,2026-07,197,CM-637608,Jamie Richard,1970-11-21,B-P-01541,49066206,16.00,RENEWAL,2026-08-15
Cardinal Mutual,2026-07,198,CM-813465,Ryan Sparks,1962-09-25,B-P-01544,93619366,22.00,NEW,2026-08-15
Cardinal Mutual,2026-07,199,CM-983108,Tracey Moore,1942-01-24,B-P-01553,24647567,26.25,RENEWAL,2026-08-15
Cardinal Mutual,2026-07,200,CM-982949,John Lewis,1968-03-02,B-P-01557,84583776,16.00,RENEWAL,2026-08-15
Cardinal Mutual,2026-07,201,CM-907665,Michael Newman,1951-01-31,B-P-01562,84583776,26.25,RENEWAL,2026-08-15
Cardinal Mutual,2026-07,202,CM-739978,Charles Hernandez,1951-08-17,B-P-01568,81157097,26.25,RENEWAL,2026-08-15
Cardinal Mutual,2026-07,203,CM-694392,Richard Hughes,1936-06-30,B-P-01570,59893296,26.25,RENEWAL,2026-08-15
Cardinal Mutual,2026-07,204,CM-408462,Crystal Austin,1985-06-08,B-P-01571,67876966,22.00,NEW,2026-08-15
Cardinal Mutual,2026-07,205,CM-532307,Shirley Lewis,1949-09-08,B-P-01582,93619366,26.25,RENEWAL,2026-08-15
Cardinal Mutual,2026-07,206,CM-185816,Maria Cooper,1943-02-24,B-P-01583,93619366,26.25,RENEWAL,2026-08-15
Cardinal Mutual,2026-07,207,CM-854730,Daniel Cooper,1974-05-31,B-P-01584,93619366,22.00,NEW,2026-08-15
Cardinal Mutual,2026-07,208,CM-864622,Scott Black,1959-08-24,B-P-01588,93619366,26.25,RENEWAL,2026-08-15
Cardinal Mutual,2026-07,209,CM-754237,Joel Saunders,1988-02-01,B-P-01589,49066206,16.00,RENEWAL,2026-08-15
Cardinal Mutual,2026-07,210,CM-239109,Angela Munoz,1940-12-03,B-P-01593,69777236,26.25,RENEWAL,2026-08-15
Cardinal Mutual,2026-07,211,CM-527706,Erika Smith,1951-04-17,B-P-01594,91146902,26.25,RENEWAL,2026-08-15
Cardinal Mutual,2026-07,212,CM-462964,Elizabeth Crawford,1942-05-21,B-P-01607,69777236,52.50,NEW,2026-08-15
Cardinal Mutual,2026-07,213,CM-467636,Brent Mcneil,1947-11-22,B-P-01608,51446845,38.00,NEW,2026-08-15
Cardinal Mutual,2026-07,214,CM-838767,Brent Mcneil,1947-11-22,B-P-01609,51446845,8.40,NEW,2026-08-15
Cardinal Mutual,2026-07,215,CM-371195,Kristin Dickerson,1942-07-04,B-P-01616,67876966,4.20,RENEWAL,2026-08-15
Cardinal Mutual,2026-07,216,CM-439889,Brandon Simon,1938-06-14,B-P-01617,98787777,26.25,RENEWAL,2026-08-15
Cardinal Mutual,2026-07,217,CM-824264,Amanda Lara,1960-01-26,B-P-01618,50979283,4.20,RENEWAL,2026-08-15
Cardinal Mutual,2026-07,218,CM-363774,Tiffany Gilbert,1988-05-24,B-P-01652,50979283,16.00,RENEWAL,2026-08-15
Cardinal Mutual,2026-07,219,CM-648532,Meghan Carlson,1939-12-03,B-P-01662,50979283,26.25,RENEWAL,2026-08-15
Cardinal Mutual,2026-07,220,CM-609358,Joyce Kramer,1934-02-07,B-P-01665,50979283,26.25,RENEWAL,2026-08-15
Cardinal Mutual,2026-07,221,CM-298330,Matthew Chapman,1977-06-24,B-P-01674,49066206,22.00,NEW,2026-08-15
Cardinal Mutual,2026-07,222,CM-975733,Phillip Torres,1935-09-06,B-P-01679,64493418,26.25,RENEWAL,2026-08-15
Cardinal Mutual,2026-07,223,CM-290772,Noah Roy,1941-02-14,B-P-01681,93619366,26.25,RENEWAL,2026-08-15
Cardinal Mutual,2026-07,224,CM-553336,Melissa Roy,1952-02-18,B-P-01682,93619366,4.20,RENEWAL,2026-08-15
Cardinal Mutual,2026-07,225,CM-194956,Wayne Clark,1939-03-27,B-P-01696,84583776,26.25,RENEWAL,2026-08-15
Cardinal Mutual,2026-07,226,CM-396522,Laura Townsend,1954-12-23,B-P-01698,26047628,26.25,RENEWAL,2026-08-15
Cardinal Mutual,2026-07,227,CM-501715,Tricia Sawyer,1942-05-03,B-P-01699,49066206,26.25,RENEWAL,2026-08-15
Cardinal Mutual,2026-07,228,CM-805207,Tina Castro,1938-08-16,B-P-01722,90228424,4.20,RENEWAL,2026-08-15
Cardinal Mutual,2026-07,229,CM-897258,Marie Watkins,1944-03-18,B-P-01752,45462976,52.50,NEW,2026-08-15
Cardinal Mutual,2026-07,230,CM-596132,Karl Mendez,1957-12-06,B-P-01755,50399119,26.25,RENEWAL,2026-08-15
Cardinal Mutual,2026-07,231,CM-330807,James Grant-Taylor,1935-07-06,B-P-01758,50399119,38.00,NEW,2026-08-15
Cardinal Mutual,2026-07,232,CM-382777,James Grant-Taylor,1935-07-06,B-P-01759,50399119,8.40,NEW,2026-08-15
Cardinal Mutual,2026-07,233,CM-843165,Eric King,1940-10-28,B-P-01762,64493418,19.00,RENEWAL,2026-08-15
Cardinal Mutual,2026-07,234,CM-676123,Eric King,1940-10-28,B-P-01763,64493418,4.20,RENEWAL,2026-08-15
Cardinal Mutual,2026-07,235,CM-763201,Claudia Elliott,1965-04-16,B-P-01783,64493418,26.25,RENEWAL,2026-08-15
Cardinal Mutual,2026-07,236,CM-521259,Michele Elliott,1982-12-25,B-P-01784,64493418,22.00,NEW,2026-08-15
Cardinal Mutual,2026-07,237,CM-365926,Jasmine Steele,1951-09-29,B-P-01790,24647567,52.50,NEW,2026-08-15
Cardinal Mutual,2026-07,238,CM-209601,Sheena Adams,1946-10-09,B-P-01795,69777236,52.50,NEW,2026-08-15
Cardinal Mutual,2026-07,239,CM-445625,Walter Horton,1952-07-07,B-P-01801,75084135,26.25,RENEWAL,2026-08-15
Cardinal Mutual,2026-07,240,CM-323414,Benjamin Brown,1942-05-21,B-P-01803,93619366,52.50,NEW,2026-08-15
Cardinal Mutual,2026-07,241,CM-702669,Patrick Patel,1940-08-07,B-P-01804,26047628,52.50,NEW,2026-08-15
Cardinal Mutual,2026-07,242,CM-336088,Michelle Baker,1955-06-10,B-P-01807,75084135,52.50,NEW,2026-08-15
Cardinal Mutual,2026-07,243,CM-788973,Douglas Baker,1941-05-02,B-P-01808,75084135,52.50,NEW,2026-08-15
Cardinal Mutual,2026-07,244,CM-953495,Kathryn Jones,1952-11-02,B-P-01816,49066206,26.25,RENEWAL,2026-08-15
Cardinal Mutual,2026-07,245,CM-682880,Kristen Jackson,1934-01-17,B-P-01821,91146902,8.40,NEW,2026-08-15
Cardinal Mutual,2026-07,246,CM-883441,Max Jackson,1946-04-29,B-P-01822,91146902,52.50,NEW,2026-08-15
Cardinal Mutual,2026-07,247,CM-235620,Jeffrey Edwards,1946-11-27,B-P-01823,51446845,52.50,NEW,2026-08-15
Cardinal Mutual,2026-07,248,CM-217057,Caroline Barber,1949-11-21,B-P-01832,90228424,26.25,RENEWAL,2026-08-15
Cardinal Mutual,2026-07,249,CM-495841,Carlos Carter,1943-12-01,B-P-01836,98787777,26.25,RENEWAL,2026-08-15
Cardinal Mutual,2026-07,250,CM-822418,Jeffrey Turner,1970-07-10,B-P-01851,20671937,16.00,RENEWAL,2026-08-15
Cardinal Mutual,2026-07,251,CM-398242,Edward Harris,1988-01-10,B-P-01863,20671937,16.00,RENEWAL,2026-08-15
Cardinal Mutual,2026-07,252,CM-548538,Richard Pratt,1945-08-29,B-P-01870,50399119,26.25,RENEWAL,2026-08-15
Cardinal Mutual,2026-07,253,CM-515908,James Blake,1936-01-26,B-P-01875,24647567,52.50,NEW,2026-08-15
Cardinal Mutual,2026-07,254,CM-735853,Jessica Whitehead,1975-07-09,B-P-01877,93619366,22.00,NEW,2026-08-15
Cardinal Mutual,2026-07,255,CM-870148,Paul Carter,1998-08-30,B-P-01880,26047628,22.00,NEW,2026-08-15
Cardinal Mutual,2026-07,256,CM-733093,Adam Carter,1951-02-20,B-P-01881,26047628,26.25,RENEWAL,2026-08-15
Cardinal Mutual,2026-07,257,CM-809810,Mary Henderson,2004-11-09,B-P-01883,81157097,22.00,NEW,2026-08-15
Cardinal Mutual,2026-07,258,CM-159017,Matthew Henderson,1951-05-16,B-P-01884,81157097,8.40,NEW,2026-08-15
Cardinal Mutual,2026-07,259,CM-144366,Loretta Garner,1934-06-25,B-P-01886,81157097,52.50,NEW,2026-08-15
Cardinal Mutual,2026-07,260,CM-184408,Brianna Perez,1942-07-05,B-P-01907,26047628,26.25,RENEWAL,2026-08-15
Cardinal Mutual,2026-07,261,CM-567995,Stephen Jones,1959-03-25,B-P-01920,81157097,52.50,NEW,2026-08-15
Cardinal Mutual,2026-07,262,CM-293377,Brandon Rodriguez,2001-05-10,B-P-01924,50399119,22.00,NEW,2026-08-15
Cardinal Mutual,2026-07,263,CM-930695,Nicole Anderson,1936-09-25,B-P-01926,98787777,52.50,NEW,2026-08-15
Cardinal Mutual,2026-07,264,CM-601246,Miranda Harrison,1936-03-26,B-P-01935,20671937,26.25,RENEWAL,2026-08-15
Cardinal Mutual,2026-07,265,CM-946993,Kevin Khan,1965-08-27,B-P-01954,45462976,52.50,NEW,2026-08-15
Cardinal Mutual,2026-07,266,CM-965576,Melissa Johnson,1942-09-29,B-P-01958,9527070,19.00,RENEWAL,2026-08-15
Cardinal Mutual,2026-07,267,CM-345063,Melissa Johnson,1942-09-29,B-P-01959,9527070,4.20,RENEWAL,2026-08-15
Cardinal Mutual,2026-07,268,CM-221062,Stephanie Jones,1959-03-25,B-P-01999,81157097,52.50,NEW,2026-08-15
Cardinal Mutual,2026-07,269,CM-282750,Roberta Miranda,2002-05-03,B-P-02012,14829889,16.00,RENEWAL,2026-08-15
Summit Health Plans,2026-07,1,SH-718237,Maria Moody,1952-09-27,B-P-00003,45462976,26.25,RENEWAL,2026-08-15
Summit Health Plans,2026-07,2,SH-159996,Derrick Long,1948-10-09,B-P-00005,9527070,19.00,RENEWAL,2026-08-15
Summit Health Plans,2026-07,3,SH-768544,Derrick Long,1948-10-09,B-P-00006,9527070,4.20,RENEWAL,2026-08-15
Summit Health Plans,2026-07,4,SH-795824,Joseph Mejia,1954-04-24,B-P-00013,43888211,52.50,NEW,2026-08-15
Summit Health Plans,2026-07,5,SH-778651,Stephen Smith,1942-01-18,B-P-00017,59893296,26.25,RENEWAL,2026-08-15
Summit Health Plans,2026-07,6,SH-161353,Sarah Shannon,1963-03-08,B-P-00020,50399119,26.25,RENEWAL,2026-08-15
Summit Health Plans,2026-07,7,SH-636772,Kylie Franklin,1934-09-06,B-P-00021,20671937,26.25,RENEWAL,2026-08-15
Summit Health Plans,2026-07,8,SH-824878,Tyler Li,1937-12-14,B-P-00026,91146902,26.25,RENEWAL,2026-08-15
Summit Health Plans,2026-07,9,SH-847858,Pamela Graves,1945-07-26,B-P-00027,94445646,26.25,RENEWAL,2026-08-15
Summit Health Plans,2026-07,10,SH-546858,Lori Bailey,1933-11-14,B-P-00032,26047628,26.25,RENEWAL,2026-08-15
Summit Health Plans,2026-07,11,SH-241409,Wesley Simpson,1974-04-11,B-P-00033,90228424,16.00,RENEWAL,2026-08-15
Summit Health Plans,2026-07,12,SH-267131,Seth Watson,1978-11-05,B-P-00043,14829889,19.00,RENEWAL,2026-08-15
Summit Health Plans,2026-07,13,SH-189345,Seth Watson,1978-11-05,B-P-00044,14829889,4.20,RENEWAL,2026-08-15
Summit Health Plans,2026-07,14,SH-310748,Jennifer Leonard,1937-05-23,B-P-00068,93619366,19.00,RENEWAL,2026-08-15
Summit Health Plans,2026-07,15,SH-354796,Jennifer Leonard,1937-05-23,B-P-00069,93619366,4.20,RENEWAL,2026-08-15
Summit Health Plans,2026-07,16,SH-276744,David Graham,1935-12-11,B-P-00070,98787777,26.25,RENEWAL,2026-08-15
Summit Health Plans,2026-07,17,SH-970749,Sean Wilson,1955-07-19,B-P-00078,93619366,26.25,RENEWAL,2026-08-15
Summit Health Plans,2026-07,18,SH-387046,Christie Andrews,1937-08-25,B-P-00084,64493418,26.25,RENEWAL,2026-08-15
Summit Health Plans,2026-07,19,SH-129823,Theresa Barrett,1947-12-05,B-P-00089,94445646,52.50,NEW,2026-08-15
Summit Health Plans,2026-07,20,SH-948978,Gina Smith,1964-03-06,B-P-00098,14829889,16.00,RENEWAL,2026-08-15
Summit Health Plans,2026-07,21,SH-436434,Dustin Mcdaniel,1945-03-15,B-P-00100,91146902,26.25,RENEWAL,2026-08-15
Summit Health Plans,2026-07,22,SH-417925,William Ellison,1934-06-20,B-P-00107,91146902,26.25,RENEWAL,2026-08-15
Summit Health Plans,2026-07,23,SH-486210,Ronald Arnold,1958-04-11,B-P-00114,9527070,52.50,NEW,2026-08-15
Summit Health Plans,2026-07,24,SH-244024,Pam Reed,1937-06-28,B-P-00120,75084135,26.25,RENEWAL,2026-08-15
Summit Health Plans,2026-07,25,SH-561033,Jessica Ortiz,1944-08-28,B-P-00122,49066206,26.25,RENEWAL,2026-08-15
Summit Health Plans,2026-07,26,SH-385237,Gary Wagner,1950-06-13,B-P-00126,90228424,26.25,RENEWAL,2026-08-15
Summit Health Plans,2026-07,27,SH-302104,Sheryl Martin,1940-03-24,B-P-00129,43888211,52.50,NEW,2026-08-15
Summit Health Plans,2026-07,28,SH-115278,Hunter Gonzalez,1944-01-08,B-P-00139,69777236,19.00,RENEWAL,2026-08-15
Summit Health Plans,2026-07,29,SH-376195,Hunter Gonzalez,1944-01-08,B-P-00140,69777236,4.20,RENEWAL,2026-08-15
Summit Health Plans,2026-07,30,SH-568755,Keith Phillips,1973-07-26,B-P-00157,49066206,22.00,NEW,2026-08-15
Summit Health Plans,2026-07,31,SH-626273,Jennifer Suarez,1937-07-04,B-P-00158,98787777,19.00,RENEWAL,2026-08-15
Summit Health Plans,2026-07,32,SH-849885,Jennifer Suarez,1937-07-04,B-P-00159,98787777,4.20,RENEWAL,2026-08-15
Summit Health Plans,2026-07,33,SH-887550,Charles Woods,1938-01-25,B-P-00174,37947372,4.20,RENEWAL,2026-08-15
Summit Health Plans,2026-07,34,SH-234678,Ashley Ellison,1944-06-27,B-P-00188,91146902,26.25,RENEWAL,2026-08-15
Summit Health Plans,2026-07,35,SH-726724,John Tran,1959-06-12,B-P-00189,26047628,26.25,RENEWAL,2026-08-15
Summit Health Plans,2026-07,36,SH-686172,David Roy,1935-10-07,B-P-00202,64493418,26.25,RENEWAL,2026-08-15
Summit Health Plans,2026-07,37,SH-339247,Carolyn Brown,1999-09-22,B-P-00211,45462976,16.00,RENEWAL,2026-08-15
Summit Health Plans,2026-07,38,SH-955078,Amy Moore,1943-08-31,B-P-00212,94445646,26.25,RENEWAL,2026-08-15
Summit Health Plans,2026-07,39,SH-943444,Heather Potts,1979-08-01,B-P-00221,84583776,22.00,NEW,2026-08-15
Summit Health Plans,2026-07,40,SH-448410,David Gordon,1952-10-15,B-P-00231,50399119,19.00,RENEWAL,2026-08-15
Summit Health Plans,2026-07,41,SH-624327,David Gordon,1952-10-15,B-P-00232,50399119,4.20,RENEWAL,2026-08-15
Summit Health Plans,2026-07,42,SH-271297,Hunter Hoover,1949-08-05,B-P-00234,50399119,26.25,RENEWAL,2026-08-15
Summit Health Plans,2026-07,43,SH-544342,Jennifer Fields,1991-04-06,B-P-00242,90228424,22.00,NEW,2026-08-15
Summit Health Plans,2026-07,44,SH-460722,Julie Bates,1941-03-17,B-P-00246,45462976,52.50,NEW,2026-08-15
Summit Health Plans,2026-07,45,SH-868919,Debbie Ford,1960-02-16,B-P-00249,20671937,52.50,NEW,2026-08-15
Summit Health Plans,2026-07,46,SH-795322,Justin Rodriguez,1939-11-08,B-P-00255,14829889,4.20,RENEWAL,2026-08-15
Summit Health Plans,2026-07,47,SH-885899,Robert Murphy,1940-10-11,B-P-00258,50399119,26.25,RENEWAL,2026-08-15
Summit Health Plans,2026-07,48,SH-615107,Ross Reed,1980-06-13,B-P-00265,49066206,22.00,NEW,2026-08-15
Summit Health Plans,2026-07,49,SH-554370,Nicholas Pineda,1952-03-18,B-P-00279,51446845,19.00,RENEWAL,2026-08-15
Summit Health Plans,2026-07,50,SH-678812,Nicholas Pineda,1952-03-18,B-P-00280,51446845,4.20,RENEWAL,2026-08-15
Summit Health Plans,2026-07,51,SH-406534,Chad Hammond,1987-10-15,B-P-00282,90228424,16.00,RENEWAL,2026-08-15
Summit Health Plans,2026-07,52,SH-369595,Thomas Friedman,1998-06-03,B-P-00299,90228424,16.00,RENEWAL,2026-08-15
Summit Health Plans,2026-07,53,SH-462019,Jennifer Rodriguez,1962-10-09,B-P-00302,69777236,16.00,RENEWAL,2026-08-15
Summit Health Plans,2026-07,54,SH-190028,Andrew Lopez,1959-11-08,B-P-00307,43888211,26.25,RENEWAL,2026-08-15
Summit Health Plans,2026-07,55,SH-228312,Carol Williams,1945-07-25,B-P-00318,81157097,26.25,RENEWAL,2026-08-15
Summit Health Plans,2026-07,56,SH-342933,Samuel Burns,1974-06-24,B-P-00322,90228424,26.25,RENEWAL,2026-08-15
Summit Health Plans,2026-07,57,SH-725568,Jerome Garcia,1946-08-04,B-P-00327,43888211,52.50,NEW,2026-08-15
Summit Health Plans,2026-07,58,SH-646333,Shawn Johns,1940-03-07,B-P-00337,67876966,26.25,RENEWAL,2026-08-15
Summit Health Plans,2026-07,59,SH-192791,Caitlyn Strong,1945-12-31,B-P-00347,20671937,26.25,RENEWAL,2026-08-15
Summit Health Plans,2026-07,60,SH-827654,Rachel Dickson,1947-01-20,B-P-00351,43888211,26.25,RENEWAL,2026-08-15
Summit Health Plans,2026-07,61,SH-296653,Gregory Barnett,1947-04-30,B-P-00357,26047628,26.25,RENEWAL,2026-08-15
Summit Health Plans,2026-07,62,SH-144960,Cynthia Barnett,1955-12-03,B-P-00358,26047628,26.25,RENEWAL,2026-08-15
Summit Health Plans,2026-07,63,SH-154559,Jacob House,1939-03-14,B-P-00361,98787777,26.25,RENEWAL,2026-08-15
Summit Health Plans,2026-07,64,SH-470979,John Serrano,1936-03-30,B-P-00373,24647567,26.25,RENEWAL,2026-08-15
Summit Health Plans,2026-07,65,SH-350171,Curtis Johnson,1948-12-27,B-P-00382,59893296,52.50,NEW,2026-08-15
Summit Health Plans,2026-07,66,SH-415066,Megan Castillo,1938-08-29,B-P-00394,14829889,52.50,NEW,2026-08-15
Summit Health Plans,2026-07,67,SH-688157,Peggy Lopez,1947-03-18,B-P-00397,20671937,26.25,RENEWAL,2026-08-15
Summit Health Plans,2026-07,68,SH-318896,Jermaine Yoder,1936-04-28,B-P-00420,24647567,26.25,RENEWAL,2026-08-15
Summit Health Plans,2026-07,69,SH-574429,Tonya Yoder,1936-08-15,B-P-00421,24647567,26.25,RENEWAL,2026-08-15
Summit Health Plans,2026-07,70,SH-529681,Kendra Banks,1939-07-24,B-P-00429,49066206,26.25,RENEWAL,2026-08-15
Summit Health Plans,2026-07,71,SH-693270,Tammy Fitzgerald,1951-10-14,B-P-00430,84583776,26.25,RENEWAL,2026-08-15
Summit Health Plans,2026-07,72,SH-396822,Michael Hill,1936-12-06,B-P-00439,69777236,26.25,RENEWAL,2026-08-15
Summit Health Plans,2026-07,73,SH-805591,Terri Smith,1956-07-16,B-P-00447,93619366,26.25,RENEWAL,2026-08-15
Summit Health Plans,2026-07,74,SH-832304,Christopher Hobbs,1948-10-28,B-P-00456,69777236,26.25,RENEWAL,2026-08-15
Summit Health Plans,2026-07,75,SH-429280,Wesley Gross,1958-05-05,B-P-00459,93619366,52.50,NEW,2026-08-15
Summit Health Plans,2026-07,76,SH-755038,Alicia Lee,1936-09-01,B-P-00461,90228424,26.25,RENEWAL,2026-08-15
Summit Health Plans,2026-07,77,SH-516975,Andrew Brown,1939-05-21,B-P-00476,84583776,26.25,RENEWAL,2026-08-15
Summit Health Plans,2026-07,78,SH-665400,Taylor Robinson,1951-10-13,B-P-00479,43888211,26.25,RENEWAL,2026-08-15
Summit Health Plans,2026-07,79,SH-163523,Michael Gutierrez,1942-01-14,B-P-00494,49066206,26.25,RENEWAL,2026-08-15
Summit Health Plans,2026-07,80,SH-363688,Kevin Beard,1947-09-24,B-P-00499,64493418,4.20,RENEWAL,2026-08-15
Summit Health Plans,2026-07,81,SH-243495,Stephen Bryant,1940-04-18,B-P-00502,90228424,4.20,RENEWAL,2026-08-15
Summit Health Plans,2026-07,82,SH-730883,Lisa Mcgrath,1946-08-23,B-P-00510,9527070,26.25,RENEWAL,2026-08-15
Summit Health Plans,2026-07,83,SH-517877,Shawn Ritter,1939-05-02,B-P-00513,64493418,19.00,RENEWAL,2026-08-15
Summit Health Plans,2026-07,84,SH-232705,Shawn Ritter,1939-05-02,B-P-00514,64493418,4.20,RENEWAL,2026-08-15
Summit Health Plans,2026-07,85,SH-992593,Amanda Pittman,1965-04-11,B-P-00520,20671937,22.00,NEW,2026-08-15
Summit Health Plans,2026-07,86,SH-320941,Haley Little,1956-05-15,B-P-00547,26047628,26.25,RENEWAL,2026-08-15
Summit Health Plans,2026-07,87,SH-603376,Alyssa Campos,1948-10-30,B-P-00552,49066206,26.25,RENEWAL,2026-08-15
Summit Health Plans,2026-07,88,SH-485391,Derek Sanford,1954-08-31,B-P-00558,45462976,52.50,NEW,2026-08-15
Summit Health Plans,2026-07,89,SH-637554,Andrea Ruiz,1937-04-07,B-P-00570,91146902,26.25,RENEWAL,2026-08-15
Summit Health Plans,2026-07,90,SH-408319,Scott Holmes,1950-10-08,B-P-00577,50399119,26.25,RENEWAL,2026-08-15
Summit Health Plans,2026-07,91,SH-444618,Stephanie Barrett,1937-11-08,B-P-00582,75084135,19.00,RENEWAL,2026-08-15
Summit Health Plans,2026-07,92,SH-214025,Stephanie Barrett,1937-11-08,B-P-00583,75084135,4.20,RENEWAL,2026-08-15
Summit Health Plans,2026-07,93,SH-928490,Morgan Turner,1938-06-25,B-P-00594,26047628,26.25,RENEWAL,2026-08-15
Summit Health Plans,2026-07,94,SH-846604,Brianna Quinn,1981-04-09,B-P-00629,37947372,22.00,NEW,2026-08-15
Summit Health Plans,2026-07,95,SH-872825,Alice Jackson,1996-06-15,B-P-00634,45462976,26.25,RENEWAL,2026-08-15
Summit Health Plans,2026-07,96,SH-751595,Amanda Cole,1933-12-21,B-P-00637,24647567,26.25,RENEWAL,2026-08-15
Summit Health Plans,2026-07,97,SH-881239,John Hall,1944-07-25,B-P-00646,49066206,26.25,RENEWAL,2026-08-15
Summit Health Plans,2026-07,98,SH-360823,Caitlin Shannon,1940-09-20,B-P-00650,20671937,19.00,RENEWAL,2026-08-15
Summit Health Plans,2026-07,99,SH-312402,Caitlin Shannon,1940-09-20,B-P-00651,20671937,4.20,RENEWAL,2026-08-15
Summit Health Plans,2026-07,100,SH-908125,Shane Moody,1934-06-16,B-P-00654,67876966,19.00,RENEWAL,2026-08-15
Summit Health Plans,2026-07,101,SH-289559,Shane Moody,1934-06-16,B-P-00655,67876966,4.20,RENEWAL,2026-08-15
Summit Health Plans,2026-07,102,SH-171552,Nicole Rogers,1959-11-02,B-P-00666,14829889,19.00,RENEWAL,2026-08-15
Summit Health Plans,2026-07,103,SH-774323,Nicole Rogers,1959-11-02,B-P-00667,14829889,4.20,RENEWAL,2026-08-15
Summit Health Plans,2026-07,104,SH-554109,Theresa Mayo,1948-08-14,B-P-00681,93619366,26.25,RENEWAL,2026-08-15
Summit Health Plans,2026-07,105,SH-859019,Jacqueline Ryan,1991-05-28,B-P-00683,20671937,22.00,NEW,2026-08-15
Summit Health Plans,2026-07,106,SH-325740,Stacey Hill,1994-11-14,B-P-00687,64493418,26.25,RENEWAL,2026-08-15
Summit Health Plans,2026-07,107,SH-598116,Adriana Evans,1975-10-29,B-P-00693,93619366,19.00,RENEWAL,2026-08-15
Summit Health Plans,2026-07,108,SH-398455,Adriana Evans,1975-10-29,B-P-00694,93619366,4.20,RENEWAL,2026-08-15
Summit Health Plans,2026-07,109,SH-678852,Dylan Kane,1941-09-23,B-P-00704,84583776,19.00,RENEWAL,2026-08-15
Summit Health Plans,2026-07,110,SH-382728,Dylan Kane,1941-09-23,B-P-00705,84583776,4.20,RENEWAL,2026-08-15
Summit Health Plans,2026-07,111,SH-936387,Kaylee Greene,1954-11-23,B-P-00707,9527070,19.00,RENEWAL,2026-08-15
Summit Health Plans,2026-07,112,SH-754325,Kaylee Greene,1954-11-23,B-P-00708,9527070,4.20,RENEWAL,2026-08-15
Summit Health Plans,2026-07,113,SH-920688,Jessica Morrison,1959-08-10,B-P-00709,51446845,26.25,RENEWAL,2026-08-15
Summit Health Plans,2026-07,114,SH-142801,Kevin Morrison,1940-05-29,B-P-00710,51446845,26.25,RENEWAL,2026-08-15
Summit Health Plans,2026-07,115,SH-390200,Nicole Keller,1940-10-15,B-P-00722,94445646,38.00,NEW,2026-08-15
Summit Health Plans,2026-07,116,SH-692975,Nicole Keller,1940-10-15,B-P-00723,94445646,8.40,NEW,2026-08-15
Summit Health Plans,2026-07,117,SH-489499,Briana Walker,1957-10-31,B-P-00726,81157097,4.20,RENEWAL,2026-08-15
Summit Health Plans,2026-07,118,SH-630780,Ronald Sanford,1943-04-01,B-P-00734,20671937,52.50,NEW,2026-08-15
Summit Health Plans,2026-07,119,SH-685910,William Harrell,1967-06-10,B-P-00748,81157097,22.00,NEW,2026-08-15
Summit Health Plans,2026-07,120,SH-119841,Joel Price,1939-06-04,B-P-00764,90228424,26.25,RENEWAL,2026-08-15
Summit Health Plans,2026-07,121,SH-537171,Walter Price,1967-05-24,B-P-00766,90228424,22.00,NEW,2026-08-15
Summit Health Plans,2026-07,122,SH-569379,Laura Campos,1959-09-01,B-P-00781,50399119,52.50,NEW,2026-08-15
Summit Health Plans,2026-07,123,SH-698601,Kerry Hall,1944-01-04,B-P-00796,26047628,8.40,NEW,2026-08-15
Summit Health Plans,2026-07,124,SH-513910,Michael Brock,1993-03-27,B-P-00802,67876966,26.25,RENEWAL,2026-08-15
Summit Health Plans,2026-07,125,SH-393348,Craig Miller,1952-10-14,B-P-00805,37947372,26.25,RENEWAL,2026-08-15
Summit Health Plans,2026-07,126,SH-332623,Jeffrey Elliott,1948-03-03,B-P-00817,84583776,52.50,NEW,2026-08-15
Summit Health Plans,2026-07,127,SH-619902,Patrick Sanchez,1947-08-27,B-P-00824,81157097,26.25,RENEWAL,2026-08-15
Summit Health Plans,2026-07,128,SH-592073,Christine Bailey,1986-10-28,B-P-00836,91146902,16.00,RENEWAL,2026-08-15
Summit Health Plans,2026-07,129,SH-233039,Sheri Hancock,1934-01-09,B-P-00840,50399119,4.20,RENEWAL,2026-08-15
Summit Health Plans,2026-07,130,SH-444897,Charles Peters,1944-07-03,B-P-00842,45462976,19.00,RENEWAL,2026-08-15
Summit Health Plans,2026-07,131,SH-206835,Charles Peters,1944-07-03,B-P-00843,45462976,4.20,RENEWAL,2026-08-15
Summit Health Plans,2026-07,132,SH-659834,Margaret Zimmerman,1936-07-27,B-P-00847,59893296,52.50,NEW,2026-08-15
Summit Health Plans,2026-07,133,SH-883337,Richard Maldonado,1951-11-02,B-P-00850,14829889,26.25,RENEWAL,2026-08-15
Summit Health Plans,2026-07,134,SH-716537,Matthew Maldonado,1950-06-14,B-P-00851,14829889,26.25,RENEWAL,2026-08-15
Summit Health Plans,2026-07,135,SH-592405,Hunter Fields,1947-03-10,B-P-00859,84583776,26.25,RENEWAL,2026-08-15
Summit Health Plans,2026-07,136,SH-871098,Julie Johnson,1950-06-10,B-P-00861,26047628,26.25,RENEWAL,2026-08-15
Summit Health Plans,2026-07,137,SH-362395,Derek Martinez,1949-10-16,B-P-00864,24647567,26.25,RENEWAL,2026-08-15
Summit Health Plans,2026-07,138,SH-486673,Ryan Lopez,1959-03-23,B-P-00868,93619366,52.50,NEW,2026-08-15
Summit Health Plans,2026-07,139,SH-487143,Kyle Nguyen,1955-12-01,B-P-00888,9527070,52.50,NEW,2026-08-15
Summit Health Plans,2026-07,140,SH-443661,Alan Freeman,1940-01-23,B-P-00890,14829889,52.50,NEW,2026-08-15
Summit Health Plans,2026-07,141,SH-331777,Devin Johnson,1943-05-19,B-P-00895,93619366,26.25,RENEWAL,2026-08-15
Summit Health Plans,2026-07,142,SH-456921,Wanda Smith,1945-03-07,B-P-00898,90228424,26.25,RENEWAL,2026-08-15
Summit Health Plans,2026-07,143,SH-149951,Daniel Camacho,1942-10-31,B-P-00901,50979283,8.40,NEW,2026-08-15
Summit Health Plans,2026-07,144,SH-367584,Holly Gonzalez,1952-07-22,B-P-00915,94445646,52.50,NEW,2026-08-15
Summit Health Plans,2026-07,145,SH-449552,Benjamin Holland,1943-09-23,B-P-00920,26047628,26.25,RENEWAL,2026-08-15
Summit Health Plans,2026-07,146,SH-585279,Roberto Rivera,1937-12-06,B-P-00923,26047628,26.25,RENEWAL,2026-08-15
Summit Health Plans,2026-07,147,SH-927521,Deborah Schultz,1940-05-19,B-P-00933,67876966,19.00,RENEWAL,2026-08-15
Summit Health Plans,2026-07,148,SH-453652,Deborah Schultz,1940-05-19,B-P-00934,67876966,4.20,RENEWAL,2026-08-15
Summit Health Plans,2026-07,149,SH-503275,Stacy Fox,1948-11-09,B-P-00949,51446845,26.25,RENEWAL,2026-08-15
Summit Health Plans,2026-07,150,SH-842540,Monica Henderson,1941-03-02,B-P-00951,51446845,26.25,RENEWAL,2026-08-15
Summit Health Plans,2026-07,151,SH-888045,Joshua Collins,1954-02-14,B-P-00957,26047628,4.20,RENEWAL,2026-08-15
Summit Health Plans,2026-07,152,SH-884079,Traci Collins,1945-12-14,B-P-00958,26047628,26.25,RENEWAL,2026-08-15
Summit Health Plans,2026-07,153,SH-544567,Steven Dawson,1946-04-10,B-P-00965,59893296,19.00,RENEWAL,2026-08-15
Summit Health Plans,2026-07,154,SH-650018,Steven Dawson,1946-04-10,B-P-00966,59893296,4.20,RENEWAL,2026-08-15
Summit Health Plans,2026-07,155,SH-417212,Renee Dawson,1956-11-08,B-P-00967,59893296,26.25,RENEWAL,2026-08-15
Summit Health Plans,2026-07,156,SH-641371,Tara Horton,1938-09-28,B-P-00969,94445646,26.25,RENEWAL,2026-08-15
Summit Health Plans,2026-07,157,SH-226948,Sara Stanley,1943-07-12,B-P-00979,50979283,19.00,RENEWAL,2026-08-15
Summit Health Plans,2026-07,158,SH-298811,Sara Stanley,1943-07-12,B-P-00980,50979283,4.20,RENEWAL,2026-08-15
Summit Health Plans,2026-07,159,SH-791873,Audrey Bautista,1949-12-17,B-P-00983,84583776,19.00,RENEWAL,2026-08-15
Summit Health Plans,2026-07,160,SH-546663,Audrey Bautista,1949-12-17,B-P-00984,84583776,4.20,RENEWAL,2026-08-15
Summit Health Plans,2026-07,161,SH-513430,Brenda Harris,1957-05-12,B-P-00990,37947372,26.25,RENEWAL,2026-08-15
Summit Health Plans,2026-07,162,SH-225641,Walter Nelson,1980-03-10,B-P-01011,43888211,4.20,RENEWAL,2026-08-15
Summit Health Plans,2026-07,163,SH-215547,Laura Russell,1953-04-19,B-P-01025,67876966,26.25,RENEWAL,2026-08-15
Summit Health Plans,2026-07,164,SH-273331,Breanna Brooks,1969-02-17,B-P-01049,81157097,26.25,RENEWAL,2026-08-15
Summit Health Plans,2026-07,165,SH-835956,Bradley Jackson,1938-11-15,B-P-01054,91146902,26.25,RENEWAL,2026-08-15
Summit Health Plans,2026-07,166,SH-114152,Ryan Mitchell,1999-01-22,B-P-01064,50979283,16.00,RENEWAL,2026-08-15
Summit Health Plans,2026-07,167,SH-869449,Latoya Anderson,2000-05-08,B-P-01067,64493418,16.00,RENEWAL,2026-08-15
Summit Health Plans,2026-07,168,SH-988502,David Levine,1950-02-27,B-P-01068,90228424,52.50,NEW,2026-08-15
Summit Health Plans,2026-07,169,SH-862356,Brian Gonzales,1950-02-21,B-P-01077,49066206,26.25,RENEWAL,2026-08-15
Summit Health Plans,2026-07,170,SH-753241,Kathryn Conway,1973-06-15,B-P-01087,59893296,26.25,RENEWAL,2026-08-15
Summit Health Plans,2026-07,171,SH-433287,Paula Flowers,1948-07-07,B-P-01092,9527070,26.25,RENEWAL,2026-08-15
Summit Health Plans,2026-07,172,SH-209422,Sheila Johnson,1942-07-07,B-P-01095,91146902,26.25,RENEWAL,2026-08-15
Summit Health Plans,2026-07,173,SH-602814,Jamie Walters,1933-10-28,B-P-01106,59893296,26.25,RENEWAL,2026-08-15
Summit Health Plans,2026-07,174,SH-351785,Tonya Huffman,1951-04-25,B-P-01109,37947372,26.25,RENEWAL,2026-08-15
Summit Health Plans,2026-07,175,SH-546242,Craig Wilson,1944-07-13,B-P-01115,81157097,26.25,RENEWAL,2026-08-15
Summit Health Plans,2026-07,176,SH-153399,Casey Cunningham,1956-03-30,B-P-01121,64493418,52.50,NEW,2026-08-15
Summit Health Plans,2026-07,177,SH-160724,David Miller,1934-02-05,B-P-01125,90228424,26.25,RENEWAL,2026-08-15
Summit Health Plans,2026-07,178,SH-236333,Mary Miller,1949-12-29,B-P-01126,90228424,26.25,RENEWAL,2026-08-15
Summit Health Plans,2026-07,179,SH-962531,Lindsey Richmond,1951-05-18,B-P-01132,64493418,52.50,NEW,2026-08-15
Summit Health Plans,2026-07,180,SH-729402,Douglas Long,2005-09-07,B-P-01136,93619366,16.00,RENEWAL,2026-08-15
Summit Health Plans,2026-07,181,SH-589356,Gene Collins,1935-12-07,B-P-01142,26047628,26.25,RENEWAL,2026-08-15
Summit Health Plans,2026-07,182,SH-130720,Matthew Higgins,1996-10-10,B-P-01168,50979283,16.00,RENEWAL,2026-08-15
Summit Health Plans,2026-07,183,SH-897330,Amanda Higgins,1937-09-13,B-P-01170,50979283,52.50,NEW,2026-08-15
Summit Health Plans,2026-07,184,SH-881328,Edward Munoz,1935-10-21,B-P-01186,9527070,52.50,NEW,2026-08-15
Summit Health Plans,2026-07,185,SH-582907,Richard Harris,1953-07-20,B-P-01193,64493418,19.00,RENEWAL,2026-08-15
Summit Health Plans,2026-07,186,SH-605404,Richard Harris,1953-07-20,B-P-01194,64493418,4.20,RENEWAL,2026-08-15
Summit Health Plans,2026-07,187,SH-252404,Billy Reyes,1952-04-27,B-P-01196,37947372,52.50,NEW,2026-08-15
Summit Health Plans,2026-07,188,SH-510524,Charles Gould,1949-11-04,B-P-01199,24647567,26.25,RENEWAL,2026-08-15
Summit Health Plans,2026-07,189,SH-760010,Candace Delgado,1994-05-03,B-P-01204,91146902,16.00,RENEWAL,2026-08-15
Summit Health Plans,2026-07,190,SH-254830,Elizabeth Little,1950-08-20,B-P-01206,50399119,26.25,RENEWAL,2026-08-15
Summit Health Plans,2026-07,191,SH-253861,Larry Burke,1953-01-31,B-P-01224,9527070,19.00,RENEWAL,2026-08-15
Summit Health Plans,2026-07,192,SH-911990,Larry Burke,1953-01-31,B-P-01225,9527070,4.20,RENEWAL,2026-08-15
Summit Health Plans,2026-07,193,SH-764616,Curtis Brown,2001-05-13,B-P-01244,98787777,16.00,RENEWAL,2026-08-15
Summit Health Plans,2026-07,194,SH-121982,Michelle Taylor,1992-07-28,B-P-01265,51446845,22.00,NEW,2026-08-15
Summit Health Plans,2026-07,195,SH-212393,Marc Morgan,1942-02-14,B-P-01276,98787777,26.25,RENEWAL,2026-08-15
Summit Health Plans,2026-07,196,SH-104449,Julia Dennis,1957-01-02,B-P-01280,20671937,26.25,RENEWAL,2026-08-15
Summit Health Plans,2026-07,197,SH-855318,Michael Dennis,1957-12-18,B-P-01281,20671937,4.20,RENEWAL,2026-08-15
Summit Health Plans,2026-07,198,SH-862381,Henry Valentine,1999-03-25,B-P-01284,14829889,16.00,RENEWAL,2026-08-15
Summit Health Plans,2026-07,199,SH-617402,Robin Rocha,1952-06-03,B-P-01285,59893296,26.25,RENEWAL,2026-08-15
Summit Health Plans,2026-07,200,SH-618419,Melissa Ward,1934-02-12,B-P-01292,26047628,26.25,RENEWAL,2026-08-15
Summit Health Plans,2026-07,201,SH-197840,Kimberly Smith,1943-02-03,B-P-01298,90228424,19.00,RENEWAL,2026-08-15
Summit Health Plans,2026-07,202,SH-420912,Kimberly Smith,1943-02-03,B-P-01299,90228424,4.20,RENEWAL,2026-08-15
Summit Health Plans,2026-07,203,SH-987604,Raymond Miller,1954-05-12,B-P-01311,59893296,26.25,RENEWAL,2026-08-15
Summit Health Plans,2026-07,204,SH-191325,Kevin Morris,1941-12-10,B-P-01315,93619366,26.25,RENEWAL,2026-08-15
Summit Health Plans,2026-07,205,SH-120325,Anna Parker,1942-12-02,B-P-01317,84583776,52.50,NEW,2026-08-15
Summit Health Plans,2026-07,206,SH-869610,Elijah Ramirez,1957-07-25,B-P-01321,98787777,26.25,RENEWAL,2026-08-15
Summit Health Plans,2026-07,207,SH-152228,Meagan Simmons,1934-02-26,B-P-01324,43888211,52.50,NEW,2026-08-15
Summit Health Plans,2026-07,208,SH-890018,Laura Moran,1996-02-01,B-P-01350,81157097,22.00,NEW,2026-08-15
Summit Health Plans,2026-07,209,SH-608135,Glen Dennis,1950-06-03,B-P-01356,94445646,26.25,RENEWAL,2026-08-15
Summit Health Plans,2026-07,210,SH-609311,Melinda Ayala,1939-01-06,B-P-01361,67876966,8.40,NEW,2026-08-15
Summit Health Plans,2026-07,211,SH-327189,Frederick Sanchez,1954-01-31,B-P-01365,45462976,26.25,RENEWAL,2026-08-15
Summit Health Plans,2026-07,212,SH-422123,Andre King,1940-02-27,B-P-01367,24647567,26.25,RENEWAL,2026-08-15
Summit Health Plans,2026-07,213,SH-695323,Tammy Ford,1933-12-16,B-P-01370,50399119,26.25,RENEWAL,2026-08-15
Summit Health Plans,2026-07,214,SH-837500,Stacy Miller,2002-07-02,B-P-01375,91146902,22.00,NEW,2026-08-15
Summit Health Plans,2026-07,215,SH-817993,Derrick Jones,1933-11-03,B-P-01378,50399119,26.25,RENEWAL,2026-08-15
Summit Health Plans,2026-07,216,SH-827138,Courtney Scott,1960-07-31,B-P-01384,67876966,38.00,NEW,2026-08-15
Summit Health Plans,2026-07,217,SH-349138,Courtney Scott,1960-07-31,B-P-01385,67876966,8.40,NEW,2026-08-15
Summit Health Plans,2026-07,218,SH-560352,Madison Alexander,1954-05-31,B-P-01389,75084135,26.25,RENEWAL,2026-08-15
Summit Health Plans,2026-07,219,SH-973576,Justin Williams,1998-04-17,B-P-01390,50979283,22.00,NEW,2026-08-15
Summit Health Plans,2026-07,220,SH-148191,Joshua Barker,1950-07-30,B-P-01412,37947372,4.20,RENEWAL,2026-08-15
Summit Health Plans,2026-07,221,SH-250219,Sandra Lloyd,1940-07-13,B-P-01421,93619366,38.00,NEW,2026-08-15
Summit Health Plans,2026-07,222,SH-728870,Sandra Lloyd,1940-07-13,B-P-01422,93619366,8.40,NEW,2026-08-15
Summit Health Plans,2026-07,223,SH-718655,Samantha Phillips,1955-07-31,B-P-01424,50979283,26.25,RENEWAL,2026-08-15
Summit Health Plans,2026-07,224,SH-621568,Michelle Burns,1952-08-20,B-P-01442,84583776,26.25,RENEWAL,2026-08-15
Summit Health Plans,2026-07,225,SH-488437,David Bean,1960-07-06,B-P-01444,93619366,52.50,NEW,2026-08-15
Summit Health Plans,2026-07,226,SH-702550,George Thomas,1988-08-22,B-P-01445,24647567,52.50,NEW,2026-08-15
Summit Health Plans,2026-07,227,SH-911977,Jeff Chen,1941-12-29,B-P-01451,90228424,26.25,RENEWAL,2026-08-15
Summit Health Plans,2026-07,228,SH-383173,David Moore,1942-04-26,B-P-01487,9527070,52.50,NEW,2026-08-15
Summit Health Plans,2026-07,229,SH-802091,Veronica Morse,1934-03-19,B-P-01499,91146902,26.25,RENEWAL,2026-08-15
Summit Health Plans,2026-07,230,SH-463262,Jason Wheeler,1938-04-10,B-P-01503,84583776,52.50,NEW,2026-08-15
Summit Health Plans,2026-07,231,SH-203437,Amanda Mitchell,1944-07-24,B-P-01505,24647567,26.25,RENEWAL,2026-08-15
Summit Health Plans,2026-07,232,SH-939519,Douglas Kaufman,2004-10-15,B-P-01507,84583776,22.00,NEW,2026-08-15
Summit Health Plans,2026-07,233,SH-205400,Heather Thomas,1951-01-18,B-P-01511,50399119,26.25,RENEWAL,2026-08-15
Summit Health Plans,2026-07,234,SH-505366,Rachel Johnson,1988-02-06,B-P-01515,50399119,22.00,NEW,2026-08-15
Summit Health Plans,2026-07,235,SH-684915,Jesse Cantrell,1955-12-31,B-P-01516,26047628,19.00,RENEWAL,2026-08-15
Summit Health Plans,2026-07,236,SH-584387,Jesse Cantrell,1955-12-31,B-P-01517,26047628,4.20,RENEWAL,2026-08-15
Summit Health Plans,2026-07,237,SH-312884,Jennifer Kirk,1941-12-17,B-P-01552,14829889,52.50,NEW,2026-08-15
Summit Health Plans,2026-07,238,SH-712776,Ashley Barton,1938-03-06,B-P-01563,49066206,52.50,NEW,2026-08-15
Summit Health Plans,2026-07,239,SH-473614,Gary Blair,1934-05-25,B-P-01574,37947372,19.00,RENEWAL,2026-08-15
Summit Health Plans,2026-07,240,SH-350616,Gary Blair,1934-05-25,B-P-01575,37947372,4.20,RENEWAL,2026-08-15
Summit Health Plans,2026-07,241,SH-598127,Olivia Keith,1972-10-27,B-P-01592,51446845,16.00,RENEWAL,2026-08-15
Summit Health Plans,2026-07,242,SH-340198,Teresa Brown,1947-11-18,B-P-01610,64493418,19.00,RENEWAL,2026-08-15
Summit Health Plans,2026-07,243,SH-657154,Teresa Brown,1947-11-18,B-P-01611,64493418,4.20,RENEWAL,2026-08-15
Summit Health Plans,2026-07,244,SH-823474,Alicia Myers,1949-08-13,B-P-01620,64493418,26.25,RENEWAL,2026-08-15
Summit Health Plans,2026-07,245,SH-131105,Katherine Hoffman,1976-02-26,B-P-01637,98787777,16.00,RENEWAL,2026-08-15
Summit Health Plans,2026-07,246,SH-702580,Angela Dillon,1943-08-22,B-P-01645,43888211,52.50,NEW,2026-08-15
Summit Health Plans,2026-07,247,SH-795235,Trevor Mcpherson,1952-03-27,B-P-01655,24647567,26.25,RENEWAL,2026-08-15
Summit Health Plans,2026-07,248,SH-780955,Tiffany Byrd,1935-02-25,B-P-01658,64493418,52.50,NEW,2026-08-15
Summit Health Plans,2026-07,249,SH-668454,Heather Medina,1958-03-16,B-P-01659,43888211,38.00,NEW,2026-08-15
Summit Health Plans,2026-07,250,SH-879531,Heather Medina,1958-03-16,B-P-01660,43888211,8.40,NEW,2026-08-15
Summit Health Plans,2026-07,251,SH-771619,Steven Mccoy,1956-01-24,B-P-01671,98787777,52.50,NEW,2026-08-15
Summit Health Plans,2026-07,252,SH-945950,Jacqueline Mccoy,1935-07-20,B-P-01672,98787777,26.25,RENEWAL,2026-08-15
Summit Health Plans,2026-07,253,SH-208571,Michael Cuevas,1952-08-21,B-P-01690,45462976,26.25,RENEWAL,2026-08-15
Summit Health Plans,2026-07,254,SH-527169,Elizabeth Ray,1999-01-18,B-P-01692,14829889,16.00,RENEWAL,2026-08-15
Summit Health Plans,2026-07,255,SH-298421,Christian Woods,1951-10-01,B-P-01695,69777236,26.25,RENEWAL,2026-08-15
Summit Health Plans,2026-07,256,SH-970935,Amanda Wilson,1955-01-05,B-P-01701,84583776,26.25,RENEWAL,2026-08-15
Summit Health Plans,2026-07,257,SH-483071,David Rodriguez,1935-06-25,B-P-01703,20671937,26.25,RENEWAL,2026-08-15
Summit Health Plans,2026-07,258,SH-778575,Samantha Smith,1943-06-06,B-P-01720,98787777,19.00,RENEWAL,2026-08-15
Summit Health Plans,2026-07,259,SH-517580,Samantha Smith,1943-06-06,B-P-01721,98787777,4.20,RENEWAL,2026-08-15
Summit Health Plans,2026-07,260,SH-703219,Daniel Rodriguez,1944-06-12,B-P-01728,84583776,52.50,NEW,2026-08-15
Summit Health Plans,2026-07,261,SH-980713,Joseph Barnes,1939-09-22,B-P-01735,94445646,26.25,RENEWAL,2026-08-15
Summit Health Plans,2026-07,262,SH-405699,Michael Steele,1948-04-24,B-P-01742,45462976,26.25,RENEWAL,2026-08-15
Summit Health Plans,2026-07,263,SH-202174,Katherine Stephens,1946-01-30,B-P-01748,49066206,52.50,NEW,2026-08-15
Summit Health Plans,2026-07,264,SH-381362,Carol Stephens,1942-06-05,B-P-01749,49066206,26.25,RENEWAL,2026-08-15
Summit Health Plans,2026-07,265,SH-582979,Michael King,1957-08-23,B-P-01761,64493418,52.50,NEW,2026-08-15
Summit Health Plans,2026-07,266,SH-854866,Benjamin Miller,1972-07-13,B-P-01765,91146902,22.00,NEW,2026-08-15
Summit Health Plans,2026-07,267,SH-390444,Ricardo Powell,1941-11-10,B-P-01772,94445646,26.25,RENEWAL,2026-08-15
Summit Health Plans,2026-07,268,SH-223422,Alyssa Charles,1947-06-01,B-P-01798,37947372,8.40,NEW,2026-08-15
Summit Health Plans,2026-07,269,SH-896963,John Davis,1939-09-27,B-P-01805,50399119,26.25,RENEWAL,2026-08-15
Summit Health Plans,2026-07,270,SH-417067,Connie Wilson,1946-04-21,B-P-01815,64493418,26.25,RENEWAL,2026-08-15
Summit Health Plans,2026-07,271,SH-457206,Brian Le,1979-02-09,B-P-01827,93619366,16.00,RENEWAL,2026-08-15
Summit Health Plans,2026-07,272,SH-104850,Thomas Orr,1939-06-09,B-P-01829,20671937,26.25,RENEWAL,2026-08-15
Summit Health Plans,2026-07,273,SH-478123,Lori Banks,1952-02-05,B-P-01843,59893296,19.00,RENEWAL,2026-08-15
Summit Health Plans,2026-07,274,SH-948971,Lori Banks,1952-02-05,B-P-01844,59893296,4.20,RENEWAL,2026-08-15
Summit Health Plans,2026-07,275,SH-371071,Charles Bryant,1936-04-09,B-P-01850,84583776,52.50,NEW,2026-08-15
Summit Health Plans,2026-07,276,SH-435846,Michael Ortiz,1955-02-26,B-P-01855,98787777,19.00,RENEWAL,2026-08-15
Summit Health Plans,2026-07,277,SH-108828,Michael Ortiz,1955-02-26,B-P-01856,98787777,4.20,RENEWAL,2026-08-15
Summit Health Plans,2026-07,278,SH-750766,Holly Ortiz,1958-06-13,B-P-01857,98787777,26.25,RENEWAL,2026-08-15
Summit Health Plans,2026-07,279,SH-564807,Amber Carey,1951-06-04,B-P-01866,20671937,52.50,NEW,2026-08-15
Summit Health Plans,2026-07,280,SH-344897,Patrick Velasquez,1945-02-10,B-P-01867,14829889,52.50,NEW,2026-08-15
Summit Health Plans,2026-07,281,SH-955003,Jamie Velasquez,1986-10-07,B-P-01868,14829889,16.00,RENEWAL,2026-08-15
Summit Health Plans,2026-07,282,SH-998238,Sarah Brock,1957-02-26,B-P-01872,98787777,26.25,RENEWAL,2026-08-15
Summit Health Plans,2026-07,283,SH-299612,Michael Thomas,1944-01-27,B-P-01873,91146902,26.25,RENEWAL,2026-08-15
Summit Health Plans,2026-07,284,SH-631789,Melissa Allen,1944-04-01,B-P-01889,59893296,26.25,RENEWAL,2026-08-15
Summit Health Plans,2026-07,285,SH-797272,Tim Hansen,1941-12-14,B-P-01893,64493418,26.25,RENEWAL,2026-08-15
Summit Health Plans,2026-07,286,SH-289170,Erin Evans,1954-09-05,B-P-01898,81157097,26.25,RENEWAL,2026-08-15
Summit Health Plans,2026-07,287,SH-566351,David Johnson,1937-10-25,B-P-01911,84583776,26.25,RENEWAL,2026-08-15
Summit Health Plans,2026-07,288,SH-676529,Cynthia Rodriguez,1963-12-28,B-P-01922,50399119,22.00,NEW,2026-08-15
Summit Health Plans,2026-07,289,SH-423806,Maria Rowland,1947-02-24,B-P-01930,90228424,52.50,NEW,2026-08-15
Summit Health Plans,2026-07,290,SH-801791,Elizabeth Harrison,1945-02-10,B-P-01934,20671937,52.50,NEW,2026-08-15
Summit Health Plans,2026-07,291,SH-878887,Kim Lane,1934-09-20,B-P-01938,50979283,26.25,RENEWAL,2026-08-15
Summit Health Plans,2026-07,292,SH-288764,Charles Hernandez,1941-09-28,B-P-01946,81157097,38.00,NEW,2026-08-15
Summit Health Plans,2026-07,293,SH-673472,Charles Hernandez,1941-09-28,B-P-01947,81157097,8.40,NEW,2026-08-15
Summit Health Plans,2026-07,294,SH-669785,Shaun Russo,1943-08-04,B-P-01950,69777236,26.25,RENEWAL,2026-08-15
Summit Health Plans,2026-07,295,SH-942427,Brandon Le,1948-01-31,B-P-01955,49066206,19.00,RENEWAL,2026-08-15
Summit Health Plans,2026-07,296,SH-603814,Brandon Le,1948-01-31,B-P-01956,49066206,4.20,RENEWAL,2026-08-15
Summit Health Plans,2026-07,297,SH-677919,Jeff Boyer,1936-07-11,B-P-01957,43888211,26.25,RENEWAL,2026-08-15
Summit Health Plans,2026-07,298,SH-997454,Michelle Nguyen,1969-03-02,B-P-01961,93619366,22.00,NEW,2026-08-15
Summit Health Plans,2026-07,299,SH-715049,Sherri Sanford,1942-03-30,B-P-01965,45462976,26.25,RENEWAL,2026-08-15
Summit Health Plans,2026-07,300,SH-833842,Daniel Williams,1979-01-11,B-P-01966,14829889,26.25,RENEWAL,2026-08-15
Summit Health Plans,2026-07,301,SH-696146,Holly Russell,1950-05-15,B-P-01971,93619366,26.25,RENEWAL,2026-08-15
Summit Health Plans,2026-07,302,SH-446037,Roberta Murphy,1940-10-11,B-P-01998,50399119,26.25,RENEWAL,2026-08-15
Summit Health Plans,2026-07,303,SH-686595,Danielle Camacho,1942-10-31,B-P-02008,50979283,8.40,NEW,2026-08-15
Summit Health Plans,2026-07,304,SH-624808,Shannon Miller,1969-10-28,B-P-02030,98787777,16.00,RENEWAL,2026-08-15
Meridian Care,2026-07,1,MC-625001,Richard Morrison,2004-08-16,B-P-00015,64493418,16.00,RENEWAL,2026-08-15
Meridian Care,2026-07,2,MC-223802,James Jennings,1946-06-28,B-P-00016,24647567,26.25,RENEWAL,2026-08-15
Meridian Care,2026-07,3,MC-547183,Madison Franklin,1943-08-17,B-P-00019,94445646,26.25,RENEWAL,2026-08-15
Meridian Care,2026-07,4,MC-660349,Jesse Griffin-Steele,1956-12-02,B-P-00040,67876966,26.25,RENEWAL,2026-08-15
Meridian Care,2026-07,5,MC-407093,Wanda Steele,1933-10-10,B-P-00041,67876966,19.00,RENEWAL,2026-08-15
Meridian Care,2026-07,6,MC-345637,Wanda Steele,1933-10-10,B-P-00042,67876966,4.20,RENEWAL,2026-08-15
Meridian Care,2026-07,7,MC-240661,Steven Porter,1952-09-29,B-P-00057,94445646,26.25,RENEWAL,2026-08-15
Meridian Care,2026-07,8,MC-687981,Katherine Morgan-Willis,1937-03-03,B-P-00060,93619366,19.00,RENEWAL,2026-08-15
Meridian Care,2026-07,9,MC-906779,Katherine Morgan-Willis,1937-03-03,B-P-00061,93619366,4.20,RENEWAL,2026-08-15
Meridian Care,2026-07,10,MC-697312,Rodney Lee,1945-09-10,B-P-00062,49066206,19.00,RENEWAL,2026-08-15
Meridian Care,2026-07,11,MC-206804,Rodney Lee,1945-09-10,B-P-00063,49066206,4.20,RENEWAL,2026-08-15
Meridian Care,2026-07,12,MC-857750,Veronica Dalton,1946-02-15,B-P-00073,49066206,4.20,RENEWAL,2026-08-15
Meridian Care,2026-07,13,MC-999349,Anthony Wilson,1946-10-07,B-P-00076,93619366,38.00,NEW,2026-08-15
Meridian Care,2026-07,14,MC-282965,Anthony Wilson,1946-10-07,B-P-00077,93619366,8.40,NEW,2026-08-15
Meridian Care,2026-07,15,MC-281749,Jennifer Bond,1937-08-14,B-P-00083,67876966,26.25,RENEWAL,2026-08-15
Meridian Care,2026-07,16,MC-649447,David Murray,1992-10-30,B-P-00085,14829889,22.00,NEW,2026-08-15
Meridian Care,2026-07,17,MC-908720,Joshua Lopez,1967-04-04,B-P-00090,49066206,16.00,RENEWAL,2026-08-15
Meridian Care,2026-07,18,MC-473857,Anthony Schmitt,1994-04-14,B-P-00094,24647567,16.00,RENEWAL,2026-08-15
Meridian Care,2026-07,19,MC-576948,Tina Carter,1943-08-22,B-P-00096,50399119,26.25,RENEWAL,2026-08-15
Meridian Care,2026-07,20,MC-241887,Michael Ellison,1975-01-21,B-P-00106,91146902,16.00,RENEWAL,2026-08-15
Meridian Care,2026-07,21,MC-737556,Christopher Curtis,1994-05-14,B-P-00109,75084135,22.00,NEW,2026-08-15
Meridian Care,2026-07,22,MC-491991,Brandy Curtis,1952-12-18,B-P-00110,75084135,19.00,RENEWAL,2026-08-15
Meridian Care,2026-07,23,MC-260367,Brandy Curtis,1952-12-18,B-P-00111,75084135,4.20,RENEWAL,2026-08-15
Meridian Care,2026-07,24,MC-776161,Adam Curtis,1937-07-14,B-P-00112,75084135,52.50,NEW,2026-08-15
Meridian Care,2026-07,25,MC-562146,Erin Arnold,1945-11-16,B-P-00115,9527070,38.00,NEW,2026-08-15
Meridian Care,2026-07,26,MC-235276,Erin Arnold,1945-11-16,B-P-00116,9527070,8.40,NEW,2026-08-15
Meridian Care,2026-07,27,MC-404918,James Solis,1959-11-26,B-P-00117,93619366,52.50,NEW,2026-08-15
Meridian Care,2026-07,28,MC-171299,Christopher Solis,1944-04-23,B-P-00118,93619366,52.50,NEW,2026-08-15
Meridian Care,2026-07,29,MC-640636,Nicholas Ramos,1941-01-08,B-P-00130,37947372,19.00,RENEWAL,2026-08-15
Meridian Care,2026-07,30,MC-344916,Nicholas Ramos,1941-01-08,B-P-00131,37947372,4.20,RENEWAL,2026-08-15
Meridian Care,2026-07,31,MC-545686,Bruce Cline,1949-09-23,B-P-00162,51446845,19.00,RENEWAL,2026-08-15
Meridian Care,2026-07,32,MC-366060,Bruce Cline,1949-09-23,B-P-00163,51446845,4.20,RENEWAL,2026-08-15
Meridian Care,2026-07,33,MC-413893,Amanda Carter,1965-09-17,B-P-00170,59893296,16.00,RENEWAL,2026-08-15
Meridian Care,2026-07,34,MC-712113,Andrew Myers,1960-01-07,B-P-00176,24647567,52.50,NEW,2026-08-15
Meridian Care,2026-07,35,MC-864059,Aaron Myers,1994-02-02,B-P-00177,24647567,16.00,RENEWAL,2026-08-15
Meridian Care,2026-07,36,MC-629204,Elizabeth Williams,1944-03-08,B-P-00180,37947372,26.25,RENEWAL,2026-08-15
Meridian Care,2026-07,37,MC-159873,Amy Jackson,1988-07-13,B-P-00183,26047628,16.00,RENEWAL,2026-08-15
Meridian Care,2026-07,38,MC-223001,Howard Hudson,1940-05-28,B-P-00184,20671937,26.25,RENEWAL,2026-08-15
Meridian Care,2026-07,39,MC-620821,Timothy Cervantes,1939-01-23,B-P-00186,45462976,52.50,NEW,2026-08-15
Meridian Care,2026-07,40,MC-771295,Rachel Weaver,1951-01-01,B-P-00200,93619366,26.25,RENEWAL,2026-08-15
Meridian Care,2026-07,41,MC-243648,Joshua Carter,1956-02-12,B-P-00203,9527070,52.50,NEW,2026-08-15
Meridian Care,2026-07,42,MC-989477,Marvin Patton,1937-03-10,B-P-00216,24647567,26.25,RENEWAL,2026-08-15
Meridian Care,2026-07,43,MC-887541,Dean Frey,1960-06-15,B-P-00218,90228424,26.25,RENEWAL,2026-08-15
Meridian Care,2026-07,44,MC-163383,Brandon Crawford,1936-03-31,B-P-00224,81157097,26.25,RENEWAL,2026-08-15
Meridian Care,2026-07,45,MC-725052,Melanie Crawford,1952-12-27,B-P-00225,81157097,26.25,RENEWAL,2026-08-15
Meridian Care,2026-07,46,MC-569585,Holly Mcdaniel,1951-10-28,B-P-00268,51446845,26.25,RENEWAL,2026-08-15
Meridian Care,2026-07,47,MC-453807,Brianna Pineda,1935-08-15,B-P-00276,51446845,26.25,RENEWAL,2026-08-15
Meridian Care,2026-07,48,MC-842991,Brian Wiley,1940-06-21,B-P-00284,90228424,26.25,RENEWAL,2026-08-15
Meridian Care,2026-07,49,MC-532855,April Simmons,1977-08-24,B-P-00290,93619366,22.00,NEW,2026-08-15
Meridian Care,2026-07,50,MC-741265,Brittany Johnson,1940-11-03,B-P-00304,37947372,26.25,RENEWAL,2026-08-15
Meridian Care,2026-07,51,MC-658767,Matthew Franklin,1972-03-15,B-P-00314,93619366,22.00,NEW,2026-08-15
Meridian Care,2026-07,52,MC-998491,Diana Anderson,1957-03-28,B-P-00334,51446845,26.25,RENEWAL,2026-08-15
Meridian Care,2026-07,53,MC-399579,Bradley Johns,1971-09-21,B-P-00339,67876966,22.00,NEW,2026-08-15
Meridian Care,2026-07,54,MC-675550,Adam Jones,1953-07-29,B-P-00341,93619366,52.50,NEW,2026-08-15
Meridian Care,2026-07,55,MC-288185,Thomas Bryant,1934-08-29,B-P-00343,49066206,26.25,RENEWAL,2026-08-15
Meridian Care,2026-07,56,MC-745776,Jennifer Lara,1935-05-25,B-P-00344,50399119,19.00,RENEWAL,2026-08-15
Meridian Care,2026-07,57,MC-189237,Jennifer Lara,1935-05-25,B-P-00345,50399119,4.20,RENEWAL,2026-08-15
Meridian Care,2026-07,58,MC-705130,Angel Dickson,1934-07-16,B-P-00353,43888211,4.20,RENEWAL,2026-08-15
Meridian Care,2026-07,59,MC-854058,Rachel Robinson-Terrell,1947-07-01,B-P-00359,98787777,26.25,RENEWAL,2026-08-15
Meridian Care,2026-07,60,MC-188112,James Wright,2001-10-20,B-P-00368,67876966,22.00,NEW,2026-08-15
Meridian Care,2026-07,61,MC-252905,Gina Bradford,1937-03-16,B-P-00378,9527070,26.25,RENEWAL,2026-08-15
Meridian Care,2026-07,62,MC-737048,Danielle Greene,1978-06-11,B-P-00402,37947372,26.25,RENEWAL,2026-08-15
Meridian Care,2026-07,63,MC-162569,James Nguyen,2001-03-03,B-P-00408,91146902,16.00,RENEWAL,2026-08-15
Meridian Care,2026-07,64,MC-111031,Tammie Brooks,1959-02-26,B-P-00413,50399119,26.25,RENEWAL,2026-08-15
Meridian Care,2026-07,65,MC-128642,Andrea Ross,1958-09-17,B-P-00427,75084135,52.50,NEW,2026-08-15
Meridian Care,2026-07,66,MC-495196,Cindy Wise,1935-04-07,B-P-00432,45462976,19.00,RENEWAL,2026-08-15
Meridian Care,2026-07,67,MC-157784,Cindy Wise,1935-04-07,B-P-00433,45462976,4.20,RENEWAL,2026-08-15
Meridian Care,2026-07,68,MC-830509,David Carney,1997-10-09,B-P-00438,81157097,16.00,RENEWAL,2026-08-15
Meridian Care,2026-07,69,MC-995393,Mandy Shaffer,1943-12-04,B-P-00444,59893296,26.25,RENEWAL,2026-08-15
Meridian Care,2026-07,70,MC-875830,Larry Moore,1959-09-13,B-P-00462,51446845,52.50,NEW,2026-08-15
Meridian Care,2026-07,71,MC-200425,Jonathan Chavez,1935-02-03,B-P-00465,43888211,38.00,NEW,2026-08-15
Meridian Care,2026-07,72,MC-631799,Jonathan Chavez,1935-02-03,B-P-00466,43888211,8.40,NEW,2026-08-15
Meridian Care,2026-07,73,MC-321848,Brooke Hall,1938-09-14,B-P-00472,84583776,26.25,RENEWAL,2026-08-15
Meridian Care,2026-07,74,MC-449615,Danielle Robinson,1951-02-15,B-P-00480,43888211,26.25,RENEWAL,2026-08-15
Meridian Care,2026-07,75,MC-938845,George Andrews,1952-01-30,B-P-00483,64493418,26.25,RENEWAL,2026-08-15
Meridian Care,2026-07,76,MC-416469,Christina Johnston,1954-05-08,B-P-00488,43888211,26.25,RENEWAL,2026-08-15
Meridian Care,2026-07,77,MC-989071,Jeremy Tucker,1948-07-02,B-P-00490,67876966,8.40,NEW,2026-08-15
Meridian Care,2026-07,78,MC-934947,John Johnson,1942-02-03,B-P-00492,98787777,52.50,NEW,2026-08-15
Meridian Care,2026-07,79,MC-679435,Brandon Martinez,1953-08-08,B-P-00505,94445646,26.25,RENEWAL,2026-08-15
Meridian Care,2026-07,80,MC-655264,Julie Hanson,1998-12-30,B-P-00508,37947372,22.00,NEW,2026-08-15
Meridian Care,2026-07,81,MC-919362,Kelly Pittman,1939-01-27,B-P-00522,20671937,26.25,RENEWAL,2026-08-15
Meridian Care,2026-07,82,MC-139549,Austin Morales,1956-02-28,B-P-00523,64493418,19.00,RENEWAL,2026-08-15
Meridian Care,2026-07,83,MC-815828,Austin Morales,1956-02-28,B-P-00524,64493418,4.20,RENEWAL,2026-08-15
Meridian Care,2026-07,84,MC-981672,Christy Morales,1940-03-17,B-P-00525,64493418,19.00,RENEWAL,2026-08-15
Meridian Care,2026-07,85,MC-729502,Christy Morales,1940-03-17,B-P-00526,64493418,4.20,RENEWAL,2026-08-15
Meridian Care,2026-07,86,MC-686755,Christina Stewart,1938-08-14,B-P-00528,45462976,52.50,NEW,2026-08-15
Meridian Care,2026-07,87,MC-579478,Tyler Stewart,1945-03-05,B-P-00530,45462976,26.25,RENEWAL,2026-08-15
Meridian Care,2026-07,88,MC-309455,Christina Andrews,1943-11-07,B-P-00531,9527070,38.00,NEW,2026-08-15
Meridian Care,2026-07,89,MC-726018,Christina Andrews,1943-11-07,B-P-00532,9527070,8.40,NEW,2026-08-15
Meridian Care,2026-07,90,MC-548367,Travis Cruz,1986-07-24,B-P-00537,59893296,16.00,RENEWAL,2026-08-15
Meridian Care,2026-07,91,MC-669270,Richard Davis,1940-02-07,B-P-00538,50399119,26.25,RENEWAL,2026-08-15
Meridian Care,2026-07,92,MC-323530,James Archer,1952-07-04,B-P-00541,64493418,26.25,RENEWAL,2026-08-15
Meridian Care,2026-07,93,MC-276260,John Little,1949-02-21,B-P-00545,26047628,26.25,RENEWAL,2026-08-15
Meridian Care,2026-07,94,MC-120080,Michele Reed,1995-02-20,B-P-00560,69777236,22.00,NEW,2026-08-15
Meridian Care,2026-07,95,MC-821651,George Sanchez,1957-06-08,B-P-00567,90228424,52.50,NEW,2026-08-15
Meridian Care,2026-07,96,MC-662385,Holly Sanchez,1978-12-10,B-P-00568,90228424,19.00,RENEWAL,2026-08-15
Meridian Care,2026-07,97,MC-350024,Holly Sanchez,1978-12-10,B-P-00569,90228424,4.20,RENEWAL,2026-08-15
Meridian Care,2026-07,98,MC-305257,Anthony Kelley,1990-07-03,B-P-00571,51446845,16.00,RENEWAL,2026-08-15
Meridian Care,2026-07,99,MC-572855,Charles Holmes,1996-10-13,B-P-00576,50399119,16.00,RENEWAL,2026-08-15
Meridian Care,2026-07,100,MC-865537,Derek Martinez,1944-09-10,B-P-00598,14829889,26.25,RENEWAL,2026-08-15
Meridian Care,2026-07,101,MC-984698,Brandon Hartman,1942-11-29,B-P-00601,50399119,26.25,RENEWAL,2026-08-15
Meridian Care,2026-07,102,MC-490453,Rick Jackson,1959-06-18,B-P-00610,67876966,26.25,RENEWAL,2026-08-15
Meridian Care,2026-07,103,MC-789241,Joy Dixon,1955-05-21,B-P-00612,51446845,19.00,RENEWAL,2026-08-15
Meridian Care,2026-07,104,MC-607100,Joy Dixon,1955-05-21,B-P-00613,51446845,4.20,RENEWAL,2026-08-15
Meridian Care,2026-07,105,MC-937571,Ann Mcmillan,1959-08-10,B-P-00630,69777236,52.50,NEW,2026-08-15
Meridian Care,2026-07,106,MC-181767,Tyler Mcmillan,1941-05-13,B-P-00631,69777236,26.25,RENEWAL,2026-08-15
Meridian Care,2026-07,107,MC-899331,Austin Martin,1956-02-09,B-P-00633,81157097,26.25,RENEWAL,2026-08-15
Meridian Care,2026-07,108,MC-698333,Peter Lopez,1943-01-22,B-P-00636,75084135,52.50,NEW,2026-08-15
Meridian Care,2026-07,109,MC-206523,Karen Smith,1948-03-13,B-P-00648,26047628,26.25,RENEWAL,2026-08-15
Meridian Care,2026-07,110,MC-935945,Justin Moody,1944-10-13,B-P-00653,67876966,26.25,RENEWAL,2026-08-15
Meridian Care,2026-07,111,MC-822222,Charles Peterson,1945-05-28,B-P-00660,84583776,26.25,RENEWAL,2026-08-15
Meridian Care,2026-07,112,MC-867534,Danielle Randolph,1947-10-18,B-P-00677,64493418,26.25,RENEWAL,2026-08-15
Meridian Care,2026-07,113,MC-165695,Robert Fowler,1945-03-20,B-P-00689,50399119,4.20,RENEWAL,2026-08-15
Meridian Care,2026-07,114,MC-458555,Derek Evans,1955-11-21,B-P-00695,93619366,26.25,RENEWAL,2026-08-15
Meridian Care,2026-07,115,MC-715130,Larry Hicks,1982-03-14,B-P-00706,14829889,16.00,RENEWAL,2026-08-15
Meridian Care,2026-07,116,MC-417402,Craig Taylor,1936-05-20,B-P-00717,94445646,19.00,RENEWAL,2026-08-15
Meridian Care,2026-07,117,MC-100887,Craig Taylor,1936-05-20,B-P-00718,94445646,4.20,RENEWAL,2026-08-15
Meridian Care,2026-07,118,MC-971841,Thomas Davis,1953-02-04,B-P-00737,45462976,26.25,RENEWAL,2026-08-15
Meridian Care,2026-07,119,MC-446147,Reginald Stone,1936-03-15,B-P-00746,94445646,52.50,NEW,2026-08-15
Meridian Care,2026-07,120,MC-345516,Miranda Palmer,1952-12-26,B-P-00751,43888211,26.25,RENEWAL,2026-08-15
Meridian Care,2026-07,121,MC-671762,Kaitlin Holland,1977-09-20,B-P-00762,64493418,16.00,RENEWAL,2026-08-15
Meridian Care,2026-07,122,MC-173730,Megan Miller,1974-09-09,B-P-00772,59893296,16.00,RENEWAL,2026-08-15
Meridian Care,2026-07,123,MC-741642,Andrea Williams,1948-10-21,B-P-00785,59893296,26.25,RENEWAL,2026-08-15
Meridian Care,2026-07,124,MC-938972,Antonio Stevens,1948-04-03,B-P-00787,45462976,26.25,RENEWAL,2026-08-15
Meridian Care,2026-07,125,MC-561994,Kylie Walker,1955-07-23,B-P-00788,50399119,19.00,RENEWAL,2026-08-15
Meridian Care,2026-07,126,MC-711857,Kylie Walker,1955-07-23,B-P-00789,50399119,4.20,RENEWAL,2026-08-15
Meridian Care,2026-07,127,MC-486712,Daniel Jenkins,1975-10-20,B-P-00795,51446845,16.00,RENEWAL,2026-08-15
Meridian Care,2026-07,128,MC-176001,Michael Lee,1947-11-09,B-P-00809,24647567,19.00,RENEWAL,2026-08-15
Meridian Care,2026-07,129,MC-493544,Michael Lee,1947-11-09,B-P-00810,24647567,4.20,RENEWAL,2026-08-15
Meridian Care,2026-07,130,MC-639680,Garrett Brown,1945-07-02,B-P-00811,50399119,26.25,RENEWAL,2026-08-15
Meridian Care,2026-07,131,MC-286022,Joseph Elliott,1948-10-18,B-P-00816,84583776,26.25,RENEWAL,2026-08-15
Meridian Care,2026-07,132,MC-598059,Jeremiah Sanchez,1944-07-16,B-P-00821,81157097,19.00,RENEWAL,2026-08-15
Meridian Care,2026-07,133,MC-174638,Jeremiah Sanchez,1944-07-16,B-P-00822,81157097,4.20,RENEWAL,2026-08-15
Meridian Care,2026-07,134,MC-989636,Sarah Willis,1970-02-04,B-P-00827,90228424,16.00,RENEWAL,2026-08-15
Meridian Care,2026-07,135,MC-511289,Katherine Potts,1957-01-07,B-P-00830,59893296,26.25,RENEWAL,2026-08-15
Meridian Care,2026-07,136,MC-839929,Paul Braun,1940-06-06,B-P-00844,91146902,26.25,RENEWAL,2026-08-15
Meridian Care,2026-07,137,MC-808976,Sydney Maldonado,1951-08-08,B-P-00852,14829889,26.25,RENEWAL,2026-08-15
Meridian Care,2026-07,138,MC-466498,Manuel Mclean,1949-02-27,B-P-00855,81157097,26.25,RENEWAL,2026-08-15
Meridian Care,2026-07,139,MC-421053,James Gardner,1978-07-25,B-P-00894,91146902,22.00,NEW,2026-08-15
Meridian Care,2026-07,140,MC-444868,Heidi Ward,1951-09-15,B-P-00907,45462976,19.00,RENEWAL,2026-08-15
Meridian Care,2026-07,141,MC-974308,Heidi Ward,1951-09-15,B-P-00908,45462976,4.20,RENEWAL,2026-08-15
Meridian Care,2026-07,142,MC-392747,Kristin Thompson,1956-12-21,B-P-00911,64493418,26.25,RENEWAL,2026-08-15
Meridian Care,2026-07,143,MC-477406,Paul Myers,1947-02-22,B-P-00917,51446845,26.25,RENEWAL,2026-08-15
Meridian Care,2026-07,144,MC-275219,Kathryn Smith,1940-12-01,B-P-00929,94445646,38.00,NEW,2026-08-15
Meridian Care,2026-07,145,MC-843186,Kathryn Smith,1940-12-01,B-P-00930,94445646,8.40,NEW,2026-08-15
Meridian Care,2026-07,146,MC-466648,Cindy Griffith,1956-01-21,B-P-00931,75084135,26.25,RENEWAL,2026-08-15
Meridian Care,2026-07,147,MC-257935,Steven Stark,1995-02-16,B-P-00950,75084135,16.00,RENEWAL,2026-08-15
Meridian Care,2026-07,148,MC-843210,Susan Ball,1953-06-05,B-P-00960,67876966,26.25,RENEWAL,2026-08-15
Meridian Care,2026-07,149,MC-269183,April Fletcher,1951-01-24,B-P-00974,90228424,52.50,NEW,2026-08-15
Meridian Care,2026-07,150,MC-393046,David Parker,1943-10-08,B-P-00991,90228424,19.00,RENEWAL,2026-08-15
Meridian Care,2026-07,151,MC-402257,David Parker,1943-10-08,B-P-00992,90228424,4.20,RENEWAL,2026-08-15
Meridian Care,2026-07,152,MC-438847,James Reynolds,1937-10-21,B-P-00997,49066206,26.25,RENEWAL,2026-08-15
Meridian Care,2026-07,153,MC-654153,John Liu,1936-05-31,B-P-00999,9527070,52.50,NEW,2026-08-15
Meridian Care,2026-07,154,MC-436587,Lori Lawrence,1946-03-07,B-P-01008,91146902,26.25,RENEWAL,2026-08-15
Meridian Care,2026-07,155,MC-184654,Brandon Nelson,1936-08-08,B-P-01010,43888211,4.20,RENEWAL,2026-08-15
Meridian Care,2026-07,156,MC-429364,Samuel Moreno,1965-11-24,B-P-01015,69777236,52.50,NEW,2026-08-15
Meridian Care,2026-07,157,MC-884834,Bonnie Moreno,1954-09-15,B-P-01016,69777236,52.50,NEW,2026-08-15
Meridian Care,2026-07,158,MC-846713,Vanessa Johnson,1958-09-12,B-P-01021,20671937,52.50,NEW,2026-08-15
Meridian Care,2026-07,159,MC-421150,Christopher Dixon,1934-09-15,B-P-01024,98787777,4.20,RENEWAL,2026-08-15
Meridian Care,2026-07,160,MC-809059,Danielle Francis,1945-05-03,B-P-01026,9527070,19.00,RENEWAL,2026-08-15
Meridian Care,2026-07,161,MC-600056,Danielle Francis,1945-05-03,B-P-01027,9527070,4.20,RENEWAL,2026-08-15
Meridian Care,2026-07,162,MC-556139,Sarah Williams,1944-03-21,B-P-01028,20671937,26.25,RENEWAL,2026-08-15
Meridian Care,2026-07,163,MC-116565,Shannon Garcia,1972-10-25,B-P-01030,51446845,16.00,RENEWAL,2026-08-15
Meridian Care,2026-07,164,MC-762910,Joseph Wood,1991-05-30,B-P-01051,50979283,52.50,NEW,2026-08-15
Meridian Care,2026-07,165,MC-211378,Linda Anderson,1958-01-30,B-P-01066,64493418,52.50,NEW,2026-08-15
Meridian Care,2026-07,166,MC-524173,Stephanie Novak,1992-02-21,B-P-01070,45462976,16.00,RENEWAL,2026-08-15
Meridian Care,2026-07,167,MC-555165,Lauren Alvarez,1951-04-11,B-P-01076,20671937,26.25,RENEWAL,2026-08-15
Meridian Care,2026-07,168,MC-767497,Angela Conway,1939-10-22,B-P-01088,59893296,19.00,RENEWAL,2026-08-15
Meridian Care,2026-07,169,MC-688080,Angela Conway,1939-10-22,B-P-01089,59893296,4.20,RENEWAL,2026-08-15
Meridian Care,2026-07,170,MC-635319,Hailey Smith,1955-11-14,B-P-01112,45462976,26.25,RENEWAL,2026-08-15
Meridian Care,2026-07,171,MC-861570,Courtney Wilson,1940-12-21,B-P-01114,81157097,26.25,RENEWAL,2026-08-15
Meridian Care,2026-07,172,MC-801018,James Acevedo,2003-06-04,B-P-01123,45462976,16.00,RENEWAL,2026-08-15
Meridian Care,2026-07,173,MC-537229,Katie Collins,1939-10-28,B-P-01143,26047628,52.50,NEW,2026-08-15
Meridian Care,2026-07,174,MC-964058,Victoria Lopez,1957-07-08,B-P-01163,9527070,52.50,NEW,2026-08-15
Meridian Care,2026-07,175,MC-735211,Krystal Jennings,1946-08-26,B-P-01165,49066206,26.25,RENEWAL,2026-08-15
Meridian Care,2026-07,176,MC-288051,Kayla Ellis,1938-10-06,B-P-01174,81157097,52.50,NEW,2026-08-15
Meridian Care,2026-07,177,MC-962545,Stephanie Walker,1960-02-01,B-P-01182,91146902,38.00,NEW,2026-08-15
Meridian Care,2026-07,178,MC-789958,Stephanie Walker,1960-02-01,B-P-01183,91146902,8.40,NEW,2026-08-15
Meridian Care,2026-07,179,MC-546569,Emma Bautista,1951-07-17,B-P-01203,59893296,26.25,RENEWAL,2026-08-15
Meridian Care,2026-07,180,MC-261134,Teresa Wolfe,1954-03-04,B-P-01217,90228424,26.25,RENEWAL,2026-08-15
Meridian Care,2026-07,181,MC-974476,Marcus Lawson,1996-10-10,B-P-01223,24647567,22.00,NEW,2026-08-15
Meridian Care,2026-07,182,MC-216247,Cody Gutierrez,1937-03-09,B-P-01227,9527070,52.50,NEW,2026-08-15
Meridian Care,2026-07,183,MC-559105,Allison Parker,1956-07-31,B-P-01238,9527070,38.00,NEW,2026-08-15
Meridian Care,2026-07,184,MC-958292,Allison Parker,1956-07-31,B-P-01239,9527070,8.40,NEW,2026-08-15
Meridian Care,2026-07,185,MC-186328,Krystal Wood,1946-10-18,B-P-01253,49066206,19.00,RENEWAL,2026-08-15
Meridian Care,2026-07,186,MC-125992,Krystal Wood,1946-10-18,B-P-01254,49066206,4.20,RENEWAL,2026-08-15
Meridian Care,2026-07,187,MC-675412,Mitchell Hamilton,1941-12-02,B-P-01258,75084135,26.25,RENEWAL,2026-08-15
Meridian Care,2026-07,188,MC-130188,Brittney Hamilton,1956-07-18,B-P-01259,75084135,26.25,RENEWAL,2026-08-15
Meridian Care,2026-07,189,MC-574641,Julie Shannon,1940-07-29,B-P-01262,59893296,26.25,RENEWAL,2026-08-15
Meridian Care,2026-07,190,MC-146710,Sharon Taylor,1960-07-01,B-P-01266,51446845,8.40,NEW,2026-08-15
Meridian Care,2026-07,191,MC-270438,Joseph Morgan,1952-03-13,B-P-01274,98787777,19.00,RENEWAL,2026-08-15
Meridian Care,2026-07,192,MC-858089,Joseph Morgan,1952-03-13,B-P-01275,98787777,4.20,RENEWAL,2026-08-15
Meridian Care,2026-07,193,MC-809832,Kathleen Ramirez,1963-02-25,B-P-01320,98787777,52.50,NEW,2026-08-15
Meridian Care,2026-07,194,MC-571467,Kathy Higgins,1958-05-06,B-P-01330,49066206,52.50,NEW,2026-08-15
Meridian Care,2026-07,195,MC-174879,Priscilla Stokes,1952-02-07,B-P-01333,69777236,19.00,RENEWAL,2026-08-15
Meridian Care,2026-07,196,MC-492844,Priscilla Stokes,1952-02-07,B-P-01334,69777236,4.20,RENEWAL,2026-08-15
Meridian Care,2026-07,197,MC-220727,Amanda Braun,1946-06-19,B-P-01343,81157097,26.25,RENEWAL,2026-08-15
Meridian Care,2026-07,198,MC-822463,Traci Lowery,1956-05-16,B-P-01346,37947372,26.25,RENEWAL,2026-08-15
Meridian Care,2026-07,199,MC-829996,Lawrence Castro,1941-02-07,B-P-01359,50399119,26.25,RENEWAL,2026-08-15
Meridian Care,2026-07,200,MC-487741,Michael Johnson,1958-03-12,B-P-01380,20671937,26.25,RENEWAL,2026-08-15
Meridian Care,2026-07,201,MC-614827,Cole Wallace,1948-10-22,B-P-01403,91146902,26.25,RENEWAL,2026-08-15
Meridian Care,2026-07,202,MC-549046,Crystal Miller,1948-10-06,B-P-01427,64493418,26.25,RENEWAL,2026-08-15
Meridian Care,2026-07,203,MC-738304,Joseph Wade,1953-09-27,B-P-01434,84583776,19.00,RENEWAL,2026-08-15
Meridian Care,2026-07,204,MC-253256,Joseph Wade,1953-09-27,B-P-01435,84583776,4.20,RENEWAL,2026-08-15
Meridian Care,2026-07,205,MC-659332,Jenna Johnson,1953-05-18,B-P-01439,91146902,26.25,RENEWAL,2026-08-15
Meridian Care,2026-07,206,MC-463666,Roger Watson,1991-05-15,B-P-01448,50979283,16.00,RENEWAL,2026-08-15
Meridian Care,2026-07,207,MC-614836,Jesus Silva,1952-11-24,B-P-01459,20671937,26.25,RENEWAL,2026-08-15
Meridian Care,2026-07,208,MC-859155,Michael Rice,1990-06-12,B-P-01464,50979283,22.00,NEW,2026-08-15
Meridian Care,2026-07,209,MC-950451,Nancy Gaines,1940-02-10,B-P-01465,20671937,19.00,RENEWAL,2026-08-15
Meridian Care,2026-07,210,MC-976186,Nancy Gaines,1940-02-10,B-P-01466,20671937,4.20,RENEWAL,2026-08-15
Meridian Care,2026-07,211,MC-283357,Nichole Noble,1959-03-29,B-P-01475,49066206,52.50,NEW,2026-08-15
Meridian Care,2026-07,212,MC-361960,Angela Preston,1947-05-01,B-P-01481,24647567,52.50,NEW,2026-08-15
Meridian Care,2026-07,213,MC-770828,Douglas Woods,1941-08-23,B-P-01484,94445646,19.00,RENEWAL,2026-08-15
Meridian Care,2026-07,214,MC-307287,Douglas Woods,1941-08-23,B-P-01485,94445646,4.20,RENEWAL,2026-08-15
Meridian Care,2026-07,215,MC-559999,Melinda Smith,1996-11-22,B-P-01495,26047628,16.00,RENEWAL,2026-08-15
Meridian Care,2026-07,216,MC-586847,Brandy Stone,1954-10-12,B-P-01500,90228424,19.00,RENEWAL,2026-08-15
Meridian Care,2026-07,217,MC-168318,Brandy Stone,1954-10-12,B-P-01501,90228424,4.20,RENEWAL,2026-08-15
Meridian Care,2026-07,218,MC-232528,Adrian Orr,1940-04-27,B-P-01502,45462976,26.25,RENEWAL,2026-08-15
Meridian Care,2026-07,219,MC-171469,Alyssa Cantrell,2005-06-20,B-P-01518,26047628,22.00,NEW,2026-08-15
Meridian Care,2026-07,220,MC-223171,John Silva,1943-05-03,B-P-01523,84583776,4.20,RENEWAL,2026-08-15
Meridian Care,2026-07,221,MC-973675,Renee Martinez,1955-05-05,B-P-01545,24647567,52.50,NEW,2026-08-15
Meridian Care,2026-07,222,MC-377067,Melvin Fitzgerald,1942-10-16,B-P-01549,81157097,26.25,RENEWAL,2026-08-15
Meridian Care,2026-07,223,MC-542154,Stephanie Kirk,1957-12-15,B-P-01550,14829889,19.00,RENEWAL,2026-08-15
Meridian Care,2026-07,224,MC-967371,Stephanie Kirk,1957-12-15,B-P-01551,14829889,4.20,RENEWAL,2026-08-15
Meridian Care,2026-07,225,MC-909758,Rebecca Santiago,1950-08-24,B-P-01555,45462976,26.25,RENEWAL,2026-08-15
Meridian Care,2026-07,226,MC-251830,John Barton,1936-10-21,B-P-01564,49066206,38.00,NEW,2026-08-15
Meridian Care,2026-07,227,MC-872429,John Barton,1936-10-21,B-P-01565,49066206,8.40,NEW,2026-08-15
Meridian Care,2026-07,228,MC-560910,Madison Hughes,1978-08-30,B-P-01569,59893296,22.00,NEW,2026-08-15
Meridian Care,2026-07,229,MC-853957,Chelsea Bernard,1953-08-31,B-P-01572,69777236,26.25,RENEWAL,2026-08-15
Meridian Care,2026-07,230,MC-941893,Bernard Garza,1996-07-29,B-P-01613,59893296,26.25,RENEWAL,2026-08-15
Meridian Care,2026-07,231,MC-393278,Janet Myers,1979-11-14,B-P-01621,64493418,22.00,NEW,2026-08-15
Meridian Care,2026-07,232,MC-341387,Gary Myers,1953-01-20,B-P-01622,64493418,19.00,RENEWAL,2026-08-15
Meridian Care,2026-07,233,MC-536237,Gary Myers,1953-01-20,B-P-01623,64493418,4.20,RENEWAL,2026-08-15
Meridian Care,2026-07,234,MC-738672,Tyler Williamson,1959-03-14,B-P-01624,51446845,26.25,RENEWAL,2026-08-15
Meridian Care,2026-07,235,MC-554377,Robert Brown,1996-08-06,B-P-01628,20671937,22.00,NEW,2026-08-15
Meridian Care,2026-07,236,MC-579226,Kevin Myers,1947-09-15,B-P-01631,43888211,26.25,RENEWAL,2026-08-15
Meridian Care,2026-07,237,MC-466157,Christopher Hoffman,1948-09-27,B-P-01640,98787777,4.20,RENEWAL,2026-08-15
Meridian Care,2026-07,238,MC-323392,Lindsey Oconnell,1952-11-16,B-P-01643,69777236,52.50,NEW,2026-08-15
Meridian Care,2026-07,239,MC-687505,Douglas Cline,1948-11-02,B-P-01646,64493418,19.00,RENEWAL,2026-08-15
Meridian Care,2026-07,240,MC-251962,Douglas Cline,1948-11-02,B-P-01647,64493418,4.20,RENEWAL,2026-08-15
Meridian Care,2026-07,241,MC-134592,Samantha Baxter,1940-06-24,B-P-01651,84583776,26.25,RENEWAL,2026-08-15
Meridian Care,2026-07,242,MC-325233,Trevor Mcpherson,1940-12-15,B-P-01656,24647567,26.25,RENEWAL,2026-08-15
Meridian Care,2026-07,243,MC-941642,Marcus Barrett,1937-09-15,B-P-01664,45462976,26.25,RENEWAL,2026-08-15
Meridian Care,2026-07,244,MC-122825,Sean Madden,1940-07-23,B-P-01669,51446845,52.50,NEW,2026-08-15
Meridian Care,2026-07,245,MC-298755,Jordan Diaz,1965-10-02,B-P-01670,75084135,22.00,NEW,2026-08-15
Meridian Care,2026-07,246,MC-372956,Dennis Moreno,1934-01-11,B-P-01677,91146902,26.25,RENEWAL,2026-08-15
Meridian Care,2026-07,247,MC-943728,Angela Moreno,1942-08-25,B-P-01678,91146902,26.25,RENEWAL,2026-08-15
Meridian Care,2026-07,248,MC-938963,Vanessa Torres,1935-08-06,B-P-01680,64493418,26.25,RENEWAL,2026-08-15
Meridian Care,2026-07,249,MC-268045,Keith Walters,1937-06-17,B-P-01686,43888211,26.25,RENEWAL,2026-08-15
Meridian Care,2026-07,250,MC-762913,Elizabeth Hall,1935-10-05,B-P-01706,93619366,52.50,NEW,2026-08-15
Meridian Care,2026-07,251,MC-282500,Joel Hogan,1938-02-20,B-P-01712,14829889,26.25,RENEWAL,2026-08-15
Meridian Care,2026-07,252,MC-987247,Sarah Hogan,1940-07-31,B-P-01713,14829889,26.25,RENEWAL,2026-08-15
Meridian Care,2026-07,253,MC-418231,Andrew Murray,1955-12-26,B-P-01717,26047628,4.20,RENEWAL,2026-08-15
Meridian Care,2026-07,254,MC-267439,Jacqueline White,1940-01-12,B-P-01718,50979283,26.25,RENEWAL,2026-08-15
Meridian Care,2026-07,255,MC-421914,Ashley Riggs,1991-01-04,B-P-01726,51446845,22.00,NEW,2026-08-15
Meridian Care,2026-07,256,MC-818550,Marcus Woods,1983-11-24,B-P-01730,75084135,22.00,NEW,2026-08-15
Meridian Care,2026-07,257,MC-202293,Julia Watts,1936-02-13,B-P-01733,37947372,52.50,NEW,2026-08-15
Meridian Care,2026-07,258,MC-792284,Jeffery Steele,1976-12-21,B-P-01741,45462976,22.00,NEW,2026-08-15
Meridian Care,2026-07,259,MC-526737,Nicholas Cruz,1951-08-28,B-P-01756,64493418,26.25,RENEWAL,2026-08-15
Meridian Care,2026-07,260,MC-757402,Daniel Hood,1945-03-08,B-P-01757,9527070,52.50,NEW,2026-08-15
Meridian Care,2026-07,261,MC-303906,Jacob Arias,1937-05-02,B-P-01778,24647567,52.50,NEW,2026-08-15
Meridian Care,2026-07,262,MC-157965,Kristopher Adams,1960-06-30,B-P-01796,69777236,52.50,NEW,2026-08-15
Meridian Care,2026-07,263,MC-213322,Dillon Horton,1941-03-17,B-P-01800,75084135,26.25,RENEWAL,2026-08-15
Meridian Care,2026-07,264,MC-548010,Brandon Barrett,1947-04-15,B-P-01813,14829889,26.25,RENEWAL,2026-08-15
Meridian Care,2026-07,265,MC-171550,Christina Gordon,1954-11-25,B-P-01819,75084135,26.25,RENEWAL,2026-08-15
Meridian Care,2026-07,266,MC-128082,Carolyn Williams,1942-02-24,B-P-01841,14829889,26.25,RENEWAL,2026-08-15
Meridian Care,2026-07,267,MC-829490,Rebecca Ortiz,1992-03-01,B-P-01860,81157097,4.20,RENEWAL,2026-08-15
Meridian Care,2026-07,268,MC-673456,Alicia Reed,1938-08-14,B-P-01861,93619366,26.25,RENEWAL,2026-08-15
Meridian Care,2026-07,269,MC-563904,Maria Ellis,1952-10-09,B-P-01878,14829889,4.20,RENEWAL,2026-08-15
Meridian Care,2026-07,270,MC-883450,Robert Allen,1942-10-20,B-P-01890,59893296,26.25,RENEWAL,2026-08-15
Meridian Care,2026-07,271,MC-573521,Maria Bass,1942-02-17,B-P-01894,69777236,19.00,RENEWAL,2026-08-15
Meridian Care,2026-07,272,MC-746567,Maria Bass,1942-02-17,B-P-01895,69777236,4.20,RENEWAL,2026-08-15
Meridian Care,2026-07,273,MC-985074,Jacqueline Evans,1944-03-07,B-P-01896,81157097,19.00,RENEWAL,2026-08-15
Meridian Care,2026-07,274,MC-288487,Jacqueline Evans,1944-03-07,B-P-01897,81157097,4.20,RENEWAL,2026-08-15
Meridian Care,2026-07,275,MC-876553,Mario Reynolds,1948-07-25,B-P-01901,24647567,26.25,RENEWAL,2026-08-15
Meridian Care,2026-07,276,MC-805054,Elizabeth White,1956-03-12,B-P-01902,45462976,26.25,RENEWAL,2026-08-15
Meridian Care,2026-07,277,MC-676671,Jessica Foster,1942-08-21,B-P-01909,94445646,26.25,RENEWAL,2026-08-15
Meridian Care,2026-07,278,MC-493459,Sandra Mathis,1939-10-30,B-P-01913,50979283,26.25,RENEWAL,2026-08-15
Meridian Care,2026-07,279,MC-969907,Brent Osborne,1938-11-25,B-P-01916,24647567,52.50,NEW,2026-08-15
Meridian Care,2026-07,280,MC-741345,Amy Ryan,1991-10-25,B-P-01917,69777236,22.00,NEW,2026-08-15
Meridian Care,2026-07,281,MC-650628,Rachel Wilson,1937-09-20,B-P-01928,81157097,26.25,RENEWAL,2026-08-15
Meridian Care,2026-07,282,MC-875582,Kenneth Lane,1946-12-09,B-P-01939,50979283,19.00,RENEWAL,2026-08-15
Meridian Care,2026-07,283,MC-790508,Kenneth Lane,1946-12-09,B-P-01940,50979283,4.20,RENEWAL,2026-08-15
Meridian Care,2026-07,284,MC-637248,Roy Russo,1960-02-11,B-P-01949,69777236,52.50,NEW,2026-08-15
Meridian Care,2026-07,285,MC-370026,Timothy Burke,1944-09-28,B-P-01964,98787777,4.20,RENEWAL,2026-08-15
Meridian Care,2026-07,286,MC-254224,Catherine Davis,1948-07-06,B-P-01969,26047628,26.25,RENEWAL,2026-08-15
Meridian Care,2026-07,287,MC-119628,Stephen Kirk,1957-12-15,B-P-02006,14829889,19.00,RENEWAL,2026-08-15
Meridian Care,2026-07,288,MC-211987,Stephen Kirk,1957-12-15,B-P-02007,14829889,4.20,RENEWAL,2026-08-15
Meridian Care,2026-07,289,MC-191617,Alexis Jackson,1986-09-05,B-P-02022,59893296,22.00,NEW,2026-08-15
Meridian Care,2026-07,290,MC-857355,Dale Frank,1967-07-29,B-P-02036,93619366,22.00,NEW,2026-08-15
Meridian Care,2026-07,291,MC-418781,Ronald Zamora,1977-04-05,B-P-02037,69777236,22.00,NEW,2026-08-15
Meridian Care,2026-07,292,MC-251033,James Jennings,1973-08-03,B-P-02040,24647567,22.00,NEW,2026-08-15
Northwind Health,2026-08,1,NW-726400,Mary Fernandez,1986-09-13,B-P-00002,49066206,16.00,RENEWAL,2026-09-15
Northwind Health,2026-08,2,NW-337316,Heather Cannon,1947-05-31,B-P-00009,59893296,26.25,RENEWAL,2026-09-15
Northwind Health,2026-08,3,NW-814762,Annette Vasquez,1934-04-30,B-P-00038,91146902,19.00,RENEWAL,2026-09-15
Northwind Health,2026-08,4,NW-825719,Annette Vasquez,1934-04-30,B-P-00039,91146902,4.20,RENEWAL,2026-09-15
Northwind Health,2026-08,5,NW-392551,Jessica Combs,1965-03-24,B-P-00080,20671937,22.00,NEW,2026-09-15
Northwind Health,2026-08,6,NW-806701,Benjamin Garcia,1962-02-19,B-P-00086,59893296,16.00,RENEWAL,2026-09-15
Northwind Health,2026-08,7,NW-190018,Michael Smith,1994-05-01,B-P-00093,49066206,22.00,NEW,2026-09-15
Northwind Health,2026-08,8,NW-147614,Darryl Smith,1955-08-04,B-P-00095,81157097,52.50,NEW,2026-09-15
Northwind Health,2026-08,9,NW-703348,Robert Russell,1948-12-13,B-P-00104,93619366,26.25,RENEWAL,2026-09-15
Northwind Health,2026-08,10,NW-786716,Elizabeth Moore,1941-04-02,B-P-00124,43888211,26.25,RENEWAL,2026-09-15
Northwind Health,2026-08,11,NW-290917,Dylan Rowe,1954-04-02,B-P-00134,51446845,52.50,NEW,2026-09-15
Northwind Health,2026-08,12,NW-663938,Sherry Higgins,1981-09-03,B-P-00137,14829889,22.00,NEW,2026-09-15
Northwind Health,2026-08,13,NW-596274,Stacey Mcdonald,1936-01-09,B-P-00149,81157097,26.25,RENEWAL,2026-09-15
Northwind Health,2026-08,14,NW-922681,Ryan West,1972-11-10,B-P-00151,75084135,22.00,NEW,2026-09-15
Northwind Health,2026-08,15,NW-809244,Andrew Frank,1951-11-02,B-P-00166,93619366,19.00,RENEWAL,2026-09-15
Northwind Health,2026-08,16,NW-379327,Andrew Frank,1951-11-02,B-P-00167,93619366,4.20,RENEWAL,2026-09-15
Northwind Health,2026-08,17,NW-539400,Jennifer Brown,1936-11-08,B-P-00175,81157097,26.25,RENEWAL,2026-09-15
Northwind Health,2026-08,18,NW-291459,Christian Jackson,1944-11-13,B-P-00182,26047628,26.25,RENEWAL,2026-09-15
Northwind Health,2026-08,19,NW-715823,Christopher Glenn,1948-05-07,B-P-00193,75084135,52.50,NEW,2026-09-15
Northwind Health,2026-08,20,NW-313032,Jeffrey Hayes,1949-12-29,B-P-00194,59893296,26.25,RENEWAL,2026-09-15
Northwind Health,2026-08,21,NW-303670,David Weaver,1946-09-23,B-P-00199,93619366,26.25,RENEWAL,2026-09-15
Northwind Health,2026-08,22,NW-217768,Denise Garcia,1983-12-20,B-P-00201,24647567,22.00,NEW,2026-09-15
Northwind Health,2026-08,23,NW-640300,Kevin Gonzalez,1950-05-11,B-P-00205,43888211,26.25,RENEWAL,2026-09-15
Northwind Health,2026-08,24,NW-917662,Eileen Clark,1935-11-19,B-P-00213,90228424,26.25,RENEWAL,2026-09-15
Northwind Health,2026-08,25,NW-648679,Candace Potts,1953-09-01,B-P-00222,84583776,26.25,RENEWAL,2026-09-15
Northwind Health,2026-08,26,NW-457774,Lindsey Brown,1965-10-23,B-P-00223,26047628,22.00,NEW,2026-09-15
Northwind Health,2026-08,27,NW-661661,Justin Kennedy,1963-01-19,B-P-00226,26047628,16.00,RENEWAL,2026-09-15
Northwind Health,2026-08,28,NW-855609,James Brown,1956-12-23,B-P-00236,59893296,26.25,RENEWAL,2026-09-15
Northwind Health,2026-08,29,NW-905147,James Sanford,1949-10-16,B-P-00241,45462976,26.25,RENEWAL,2026-09-15
Northwind Health,2026-08,30,NW-549569,Richard Burton,1945-02-21,B-P-00250,37947372,4.20,RENEWAL,2026-09-15
Northwind Health,2026-08,31,NW-479996,Jerry Patel,1953-02-25,B-P-00253,98787777,26.25,RENEWAL,2026-09-15
Northwind Health,2026-08,32,NW-274494,Robert Reed,1955-10-23,B-P-00263,49066206,19.00,RENEWAL,2026-09-15
Northwind Health,2026-08,33,NW-411553,Robert Reed,1955-10-23,B-P-00264,49066206,4.20,RENEWAL,2026-09-15
Northwind Health,2026-08,34,NW-893763,Matthew Pineda,1950-07-24,B-P-00277,51446845,19.00,RENEWAL,2026-09-15
Northwind Health,2026-08,35,NW-537219,Matthew Pineda,1950-07-24,B-P-00278,51446845,4.20,RENEWAL,2026-09-15
Northwind Health,2026-08,36,NW-673535,Debra Ray,1969-04-03,B-P-00286,49066206,22.00,NEW,2026-09-15
Northwind Health,2026-08,37,NW-424617,Suzanne Miller,1960-09-28,B-P-00288,24647567,52.50,NEW,2026-09-15
Northwind Health,2026-08,38,NW-841482,Colin King,1985-02-13,B-P-00293,20671937,22.00,NEW,2026-09-15
Northwind Health,2026-08,39,NW-873907,Jack Torres,1984-06-25,B-P-00300,64493418,26.25,RENEWAL,2026-09-15
Northwind Health,2026-08,40,NW-549575,Deborah Johnson,1957-08-12,B-P-00305,37947372,52.50,NEW,2026-09-15
Northwind Health,2026-08,41,NW-843451,Zachary Lopez,1936-12-07,B-P-00306,43888211,26.25,RENEWAL,2026-09-15
Northwind Health,2026-08,42,NW-575523,Kevin Garcia,1958-08-07,B-P-00325,43888211,26.25,RENEWAL,2026-09-15
Northwind Health,2026-08,43,NW-928564,Christopher Lara,1951-07-09,B-P-00346,50399119,26.25,RENEWAL,2026-09-15
Northwind Health,2026-08,44,NW-129033,Kelly Strong,1957-07-26,B-P-00348,20671937,26.25,RENEWAL,2026-09-15
Northwind Health,2026-08,45,NW-871393,Phillip Hopkins,1988-01-30,B-P-00350,24647567,16.00,RENEWAL,2026-09-15
Northwind Health,2026-08,46,NW-798233,Elizabeth Marsh,1957-04-18,B-P-00356,45462976,52.50,NEW,2026-09-15
Northwind Health,2026-08,47,NW-263820,Erik Jordan,1937-07-27,B-P-00377,45462976,26.25,RENEWAL,2026-09-15
Northwind Health,2026-08,48,NW-761538,Wendy Johnson,1954-09-14,B-P-00381,59893296,26.25,RENEWAL,2026-09-15
Northwind Health,2026-08,49,NW-941825,Maria Wilson,1957-02-24,B-P-00386,59893296,26.25,RENEWAL,2026-09-15
Northwind Health,2026-08,50,NW-791394,Amanda Wilson,1993-04-16,B-P-00388,59893296,22.00,NEW,2026-09-15
Northwind Health,2026-08,51,NW-616556,Anthony Ochoa,1997-02-24,B-P-00392,9527070,22.00,NEW,2026-09-15
Northwind Health,2026-08,52,NW-898637,Tasha Lopez,1934-08-19,B-P-00398,20671937,26.25,RENEWAL,2026-09-15
Northwind Health,2026-08,53,NW-234284,Brian Yoder,1951-04-05,B-P-00422,24647567,26.25,RENEWAL,2026-09-15
Northwind Health,2026-08,54,NW-179525,Melinda Smith,1948-07-15,B-P-00423,94445646,26.25,RENEWAL,2026-09-15
Northwind Health,2026-08,55,NW-643546,Richard Hill,1951-12-24,B-P-00441,69777236,26.25,RENEWAL,2026-09-15
Northwind Health,2026-08,56,NW-813063,Taylor Jones,1950-09-14,B-P-00442,14829889,19.00,RENEWAL,2026-09-15
Northwind Health,2026-08,57,NW-939498,Taylor Jones,1950-09-14,B-P-00443,14829889,4.20,RENEWAL,2026-09-15
Northwind Health,2026-08,58,NW-530496,Tara James,1938-12-30,B-P-00445,24647567,26.25,RENEWAL,2026-09-15
Northwind Health,2026-08,59,NW-891726,Andrew Castro,1947-05-22,B-P-00446,50979283,26.25,RENEWAL,2026-09-15
Northwind Health,2026-08,60,NW-447012,Megan Cooper,1946-03-10,B-P-00448,20671937,52.50,NEW,2026-09-15
Northwind Health,2026-08,61,NW-490446,Benjamin Elliott,1940-10-31,B-P-00458,14829889,26.25,RENEWAL,2026-09-15
Northwind Health,2026-08,62,NW-863967,Jose Wright,1941-07-26,B-P-00482,24647567,26.25,RENEWAL,2026-09-15
Northwind Health,2026-08,63,NW-815287,Miguel Bryant,1953-12-03,B-P-00501,90228424,52.50,NEW,2026-09-15
Northwind Health,2026-08,64,NW-110275,David Banks,1988-11-04,B-P-00506,14829889,16.00,RENEWAL,2026-09-15
Northwind Health,2026-08,65,NW-968229,Jonathan Ritter,1946-01-29,B-P-00515,64493418,26.25,RENEWAL,2026-09-15
Northwind Health,2026-08,66,NW-683353,Nicole Rowe,1960-01-27,B-P-00534,26047628,52.50,NEW,2026-09-15
Northwind Health,2026-08,67,NW-793909,William Davis,1960-08-25,B-P-00539,50399119,38.00,NEW,2026-09-15
Northwind Health,2026-08,68,NW-321041,William Davis,1960-08-25,B-P-00540,50399119,8.40,NEW,2026-09-15
Northwind Health,2026-08,69,NW-454714,Kaylee Archer,1959-03-14,B-P-00542,64493418,26.25,RENEWAL,2026-09-15
Northwind Health,2026-08,70,NW-214301,Sherri Dunn,1995-12-30,B-P-00548,94445646,22.00,NEW,2026-09-15
Northwind Health,2026-08,71,NW-763962,Brian Dunn,1955-02-02,B-P-00549,94445646,26.25,RENEWAL,2026-09-15
Northwind Health,2026-08,72,NW-958618,Nicholas Moreno,1935-12-31,B-P-00555,49066206,26.25,RENEWAL,2026-09-15
Northwind Health,2026-08,73,NW-689469,Bonnie Hopkins,1946-02-02,B-P-00556,75084135,26.25,RENEWAL,2026-09-15
Northwind Health,2026-08,74,NW-668146,Pamela Dunn,1936-09-11,B-P-00588,81157097,52.50,NEW,2026-09-15
Northwind Health,2026-08,75,NW-495299,Tiffany Savage,1956-02-13,B-P-00592,24647567,4.20,RENEWAL,2026-09-15
Northwind Health,2026-08,76,NW-659207,Courtney Price,1958-03-09,B-P-00602,14829889,52.50,NEW,2026-09-15
Northwind Health,2026-08,77,NW-752989,Pamela Jackson,1985-04-21,B-P-00609,67876966,16.00,RENEWAL,2026-09-15
Northwind Health,2026-08,78,NW-811129,Amanda Dixon,1951-01-15,B-P-00614,51446845,19.00,RENEWAL,2026-09-15
Northwind Health,2026-08,79,NW-904197,Amanda Dixon,1951-01-15,B-P-00615,51446845,4.20,RENEWAL,2026-09-15
Northwind Health,2026-08,80,NW-309212,Margaret Santiago,1991-10-10,B-P-00617,45462976,22.00,NEW,2026-09-15
Northwind Health,2026-08,81,NW-677899,Robert Roberts,1955-02-25,B-P-00640,84583776,26.25,RENEWAL,2026-09-15
Northwind Health,2026-08,82,NW-986491,Adam Martin,1966-06-09,B-P-00641,81157097,16.00,RENEWAL,2026-09-15
Northwind Health,2026-08,83,NW-690920,Susan Smith,1958-12-29,B-P-00647,26047628,26.25,RENEWAL,2026-09-15
Northwind Health,2026-08,84,NW-488863,Amy Jennings,1958-07-31,B-P-00649,37947372,26.25,RENEWAL,2026-09-15
Northwind Health,2026-08,85,NW-333697,Frances Randolph,1951-03-02,B-P-00676,64493418,26.25,RENEWAL,2026-09-15
Northwind Health,2026-08,86,NW-136794,Megan Kidd-Munoz,1947-07-05,B-P-00682,50399119,26.25,RENEWAL,2026-09-15
Northwind Health,2026-08,87,NW-953518,Melissa Higgins,1937-09-05,B-P-00702,45462976,19.00,RENEWAL,2026-09-15
Northwind Health,2026-08,88,NW-468997,Melissa Higgins,1937-09-05,B-P-00703,45462976,4.20,RENEWAL,2026-09-15
Northwind Health,2026-08,89,NW-266139,Gregory Buchanan,1956-08-06,B-P-00719,81157097,4.20,RENEWAL,2026-09-15
Northwind Health,2026-08,90,NW-784273,David Walker,1986-09-08,B-P-00725,81157097,16.00,RENEWAL,2026-09-15
Northwind Health,2026-08,91,NW-588322,Justin Morse,1948-04-29,B-P-00756,26047628,52.50,NEW,2026-09-15
Northwind Health,2026-08,92,NW-801813,Elizabeth Morse,1954-09-30,B-P-00757,26047628,19.00,RENEWAL,2026-09-15
Northwind Health,2026-08,93,NW-780005,Elizabeth Morse,1954-09-30,B-P-00758,26047628,4.20,RENEWAL,2026-09-15
Northwind Health,2026-08,94,NW-691193,Jason Holland,1950-12-25,B-P-00763,64493418,4.20,RENEWAL,2026-09-15
Northwind Health,2026-08,95,NW-577391,Anthony Jacobs,1937-04-30,B-P-00767,45462976,19.00,RENEWAL,2026-09-15
Northwind Health,2026-08,96,NW-541935,Anthony Jacobs,1937-04-30,B-P-00768,45462976,4.20,RENEWAL,2026-09-15
Northwind Health,2026-08,97,NW-152197,Vincent Lyons,1966-07-22,B-P-00770,50979283,22.00,NEW,2026-09-15
Northwind Health,2026-08,98,NW-617312,Steven Bond,1945-01-30,B-P-00777,64493418,26.25,RENEWAL,2026-09-15
Northwind Health,2026-08,99,NW-740633,Nathan Espinoza,1940-02-24,B-P-00779,50979283,19.00,RENEWAL,2026-09-15
Northwind Health,2026-08,100,NW-475857,Nathan Espinoza,1940-02-24,B-P-00780,50979283,4.20,RENEWAL,2026-09-15
Northwind Health,2026-08,101,NW-532627,Greg Walsh,1944-09-14,B-P-00791,43888211,19.00,RENEWAL,2026-09-15
Northwind Health,2026-08,102,NW-992976,Greg Walsh,1944-09-14,B-P-00792,43888211,4.20,RENEWAL,2026-09-15
Northwind Health,2026-08,103,NW-398087,Cynthia Bell,1946-03-08,B-P-00806,81157097,26.25,RENEWAL,2026-09-15
Northwind Health,2026-08,104,NW-742873,Wanda Smith,1945-08-15,B-P-00813,81157097,19.00,RENEWAL,2026-09-15
Northwind Health,2026-08,105,NW-985363,Wanda Smith,1945-08-15,B-P-00814,81157097,4.20,RENEWAL,2026-09-15
Northwind Health,2026-08,106,NW-327937,Savannah Wells,1999-01-13,B-P-00820,94445646,16.00,RENEWAL,2026-09-15
Northwind Health,2026-08,107,NW-753245,Heather Riggs,1984-07-29,B-P-00838,91146902,16.00,RENEWAL,2026-09-15
Northwind Health,2026-08,108,NW-547859,Aaron Hancock,1944-10-29,B-P-00839,50399119,26.25,RENEWAL,2026-09-15
Northwind Health,2026-08,109,NW-388352,Anthony Braun,1957-08-08,B-P-00845,91146902,26.25,RENEWAL,2026-09-15
Northwind Health,2026-08,110,NW-113385,Tara Zimmerman,1945-09-08,B-P-00846,59893296,4.20,RENEWAL,2026-09-15
Northwind Health,2026-08,111,NW-142037,Stacie Martinez,1978-05-16,B-P-00863,24647567,16.00,RENEWAL,2026-09-15
Northwind Health,2026-08,112,NW-338070,George Norman,1957-08-28,B-P-00874,93619366,19.00,RENEWAL,2026-09-15
Northwind Health,2026-08,113,NW-162051,George Norman,1957-08-28,B-P-00875,93619366,4.20,RENEWAL,2026-09-15
Northwind Health,2026-08,114,NW-466638,Jaclyn Harper,1958-07-16,B-P-00885,9527070,52.50,NEW,2026-09-15
Northwind Health,2026-08,115,NW-849825,Zachary Moore,1944-10-27,B-P-00897,37947372,26.25,RENEWAL,2026-09-15
Northwind Health,2026-08,116,NW-956386,Kristi Smith,1937-12-03,B-P-00900,90228424,52.50,NEW,2026-09-15
Northwind Health,2026-08,117,NW-782773,David Craig,1951-04-21,B-P-00925,51446845,26.25,RENEWAL,2026-09-15
Northwind Health,2026-08,118,NW-823209,Logan Smith,1974-09-19,B-P-00928,94445646,52.50,NEW,2026-09-15
Northwind Health,2026-08,119,NW-968618,Christian Carr,1941-05-29,B-P-00938,93619366,26.25,RENEWAL,2026-09-15
Northwind Health,2026-08,120,NW-326638,Alexis Zamora,1957-04-03,B-P-00941,81157097,26.25,RENEWAL,2026-09-15
Northwind Health,2026-08,121,NW-395039,Daniel Clark,1942-11-04,B-P-00944,59893296,26.25,RENEWAL,2026-09-15
Northwind Health,2026-08,122,NW-919314,Tommy Parker,1975-10-20,B-P-00947,26047628,16.00,RENEWAL,2026-09-15
Northwind Health,2026-08,123,NW-929050,Juan Ball,1953-02-28,B-P-00962,67876966,19.00,RENEWAL,2026-09-15
Northwind Health,2026-08,124,NW-336539,Juan Ball,1953-02-28,B-P-00963,67876966,4.20,RENEWAL,2026-09-15
Northwind Health,2026-08,125,NW-184912,Lauren Lewis,1966-12-12,B-P-00971,69777236,22.00,NEW,2026-09-15
Northwind Health,2026-08,126,NW-851484,Candace Harris,1945-05-06,B-P-00989,37947372,26.25,RENEWAL,2026-09-15
Northwind Health,2026-08,127,NW-298029,Margaret Liu,1952-06-27,B-P-01002,9527070,19.00,RENEWAL,2026-09-15
Northwind Health,2026-08,128,NW-241221,Margaret Liu,1952-06-27,B-P-01003,9527070,4.20,RENEWAL,2026-09-15
Northwind Health,2026-08,129,NW-856859,Jennifer Green,1981-08-06,B-P-01005,45462976,16.00,RENEWAL,2026-09-15
Northwind Health,2026-08,130,NW-359629,Lynn Walters,1988-12-06,B-P-01009,45462976,22.00,NEW,2026-09-15
Northwind Health,2026-08,131,NW-403134,Mary Schmidt,1959-09-22,B-P-01022,50399119,8.40,NEW,2026-09-15
Northwind Health,2026-08,132,NW-535928,Corey Stuart,1941-05-22,B-P-01033,64493418,26.25,RENEWAL,2026-09-15
Northwind Health,2026-08,133,NW-386800,Jessica West-Mays,1990-08-23,B-P-01037,75084135,16.00,RENEWAL,2026-09-15
Northwind Health,2026-08,134,NW-676962,Kayla Williams,1986-08-03,B-P-01048,59893296,16.00,RENEWAL,2026-09-15
Northwind Health,2026-08,135,NW-739886,Sherry Reed,1955-05-06,B-P-01053,59893296,52.50,NEW,2026-09-15
Northwind Health,2026-08,136,NW-326264,Sophia Novak,1958-04-26,B-P-01071,45462976,26.25,RENEWAL,2026-09-15
Northwind Health,2026-08,137,NW-578177,Diane Hansen,1944-01-01,B-P-01080,64493418,26.25,RENEWAL,2026-09-15
Northwind Health,2026-08,138,NW-346716,Kara Anderson,1952-03-12,B-P-01085,81157097,38.00,NEW,2026-09-15
Northwind Health,2026-08,139,NW-288811,Kara Anderson,1952-03-12,B-P-01086,81157097,8.40,NEW,2026-09-15
Northwind Health,2026-08,140,NW-946563,John Carpenter,1945-06-27,B-P-01093,69777236,26.25,RENEWAL,2026-09-15
Northwind Health,2026-08,141,NW-392789,Eric Rivera,1951-08-28,B-P-01097,45462976,26.25,RENEWAL,2026-09-15
Northwind Health,2026-08,142,NW-270333,Ryan Pena,1986-08-17,B-P-01104,14829889,16.00,RENEWAL,2026-09-15
Northwind Health,2026-08,143,NW-811946,Katherine Richards,1977-03-24,B-P-01107,50979283,16.00,RENEWAL,2026-09-15
Northwind Health,2026-08,144,NW-817564,Ian Rivers,2003-02-05,B-P-01120,43888211,22.00,NEW,2026-09-15
Northwind Health,2026-08,145,NW-708854,Ryan Boyd,1938-07-26,B-P-01133,14829889,26.25,RENEWAL,2026-09-15
Northwind Health,2026-08,146,NW-662790,Richard Boyd,1955-12-30,B-P-01134,14829889,19.00,RENEWAL,2026-09-15
Northwind Health,2026-08,147,NW-901554,Richard Boyd,1955-12-30,B-P-01135,14829889,4.20,RENEWAL,2026-09-15
Northwind Health,2026-08,148,NW-912247,Bruce Perez,1956-04-19,B-P-01140,50399119,26.25,RENEWAL,2026-09-15
Northwind Health,2026-08,149,NW-754153,Gary Perez,1950-11-09,B-P-01141,50399119,26.25,RENEWAL,2026-09-15
Northwind Health,2026-08,150,NW-935683,Joseph Estrada,1938-05-05,B-P-01149,64493418,38.00,NEW,2026-09-15
Northwind Health,2026-08,151,NW-479273,Joseph Estrada,1938-05-05,B-P-01150,64493418,8.40,NEW,2026-09-15
Northwind Health,2026-08,152,NW-870857,Anna Hensley,1985-05-25,B-P-01151,91146902,16.00,RENEWAL,2026-09-15
Northwind Health,2026-08,153,NW-524426,Nicholas Hensley,1955-09-13,B-P-01152,91146902,4.20,RENEWAL,2026-09-15
Northwind Health,2026-08,154,NW-343650,Thomas Walsh,1949-01-11,B-P-01154,20671937,26.25,RENEWAL,2026-09-15
Northwind Health,2026-08,155,NW-773834,Thomas Cox,1982-04-17,B-P-01156,98787777,22.00,NEW,2026-09-15
Northwind Health,2026-08,156,NW-692952,Kevin Cox,1947-12-19,B-P-01158,98787777,26.25,RENEWAL,2026-09-15
Northwind Health,2026-08,157,NW-561890,David Williams,1941-01-26,B-P-01161,93619366,26.25,RENEWAL,2026-09-15
Northwind Health,2026-08,158,NW-990839,Brian Carney,1955-12-08,B-P-01164,20671937,52.50,NEW,2026-09-15
Northwind Health,2026-08,159,NW-976888,Luis Combs,1951-12-21,B-P-01179,67876966,4.20,RENEWAL,2026-09-15
Northwind Health,2026-08,160,NW-111314,Kevin Nolan,1949-03-11,B-P-01188,59893296,52.50,NEW,2026-09-15
Northwind Health,2026-08,161,NW-240275,Angela Higgins,1958-03-29,B-P-01190,50979283,26.25,RENEWAL,2026-09-15
Northwind Health,2026-08,162,NW-367553,Claire Kelley,1956-07-15,B-P-01201,49066206,8.40,NEW,2026-09-15
Northwind Health,2026-08,163,NW-293308,Amber Brock,1945-01-13,B-P-01210,43888211,4.20,RENEWAL,2026-09-15
Northwind Health,2026-08,164,NW-413754,Marc Brock,1949-06-16,B-P-01211,43888211,38.00,NEW,2026-09-15
Northwind Health,2026-08,165,NW-585027,Marc Brock,1949-06-16,B-P-01212,43888211,8.40,NEW,2026-09-15
Northwind Health,2026-08,166,NW-640961,Kevin Vargas,1967-12-11,B-P-01214,14829889,22.00,NEW,2026-09-15
Northwind Health,2026-08,167,NW-730003,Crystal Bass,1982-10-17,B-P-01218,50399119,16.00,RENEWAL,2026-09-15
Northwind Health,2026-08,168,NW-420478,Katelyn Benson,1960-04-15,B-P-01226,59893296,26.25,RENEWAL,2026-09-15
Northwind Health,2026-08,169,NW-823608,Ronnie Blake,1951-12-26,B-P-01236,98787777,4.20,RENEWAL,2026-09-15
Northwind Health,2026-08,170,NW-678066,Victor Jennings,1936-09-20,B-P-01237,26047628,52.50,NEW,2026-09-15
Northwind Health,2026-08,171,NW-635379,Sean Hill,1990-09-30,B-P-01241,50979283,22.00,NEW,2026-09-15
Northwind Health,2026-08,172,NW-743170,Norma Thornton,1953-08-15,B-P-01243,9527070,52.50,NEW,2026-09-15
Northwind Health,2026-08,173,NW-896122,Stephen Whitney,1939-04-06,B-P-01247,93619366,52.50,NEW,2026-09-15
Northwind Health,2026-08,174,NW-637303,Mary Wood,1938-12-23,B-P-01256,49066206,52.50,NEW,2026-09-15
Northwind Health,2026-08,175,NW-975725,Kelly Espinoza,1960-04-16,B-P-01268,26047628,26.25,RENEWAL,2026-09-15
Northwind Health,2026-08,176,NW-606338,Douglas Dennis,1937-11-27,B-P-01279,20671937,26.25,RENEWAL,2026-09-15
Northwind Health,2026-08,177,NW-815198,Kristy Cantrell,1942-02-12,B-P-01289,37947372,4.20,RENEWAL,2026-09-15
Northwind Health,2026-08,178,NW-678638,Bradley Kaufman,1950-12-22,B-P-01294,84583776,26.25,RENEWAL,2026-09-15
Northwind Health,2026-08,179,NW-290975,Barbara Martin,1971-12-29,B-P-01297,45462976,26.25,RENEWAL,2026-09-15
Northwind Health,2026-08,180,NW-199856,Sharon Foley,1939-12-11,B-P-01302,59893296,26.25,RENEWAL,2026-09-15
Northwind Health,2026-08,181,NW-476693,Shannon Bell,1979-11-14,B-P-01306,37947372,22.00,NEW,2026-09-15
Northwind Health,2026-08,182,NW-414633,Kyle Green,1994-03-31,B-P-01307,14829889,22.00,NEW,2026-09-15
Northwind Health,2026-08,183,NW-339871,William Delgado,1972-09-16,B-P-01308,20671937,22.00,NEW,2026-09-15
Northwind Health,2026-08,184,NW-630142,Lauren Kim,1935-06-05,B-P-01328,50979283,19.00,RENEWAL,2026-09-15
Northwind Health,2026-08,185,NW-494095,Lauren Kim,1935-06-05,B-P-01329,50979283,4.20,RENEWAL,2026-09-15
Northwind Health,2026-08,186,NW-864982,Eric Herrera,1936-12-17,B-P-01338,93619366,19.00,RENEWAL,2026-09-15
Northwind Health,2026-08,187,NW-143674,Eric Herrera,1936-12-17,B-P-01339,93619366,4.20,RENEWAL,2026-09-15
Northwind Health,2026-08,188,NW-199017,Richard Clark,1946-02-23,B-P-01348,67876966,52.50,NEW,2026-09-15
Northwind Health,2026-08,189,NW-826973,Jessica Bradley,1944-06-13,B-P-01376,51446845,26.25,RENEWAL,2026-09-15
Northwind Health,2026-08,190,NW-850435,Veronica Williams,1936-12-03,B-P-01391,50979283,19.00,RENEWAL,2026-09-15
Northwind Health,2026-08,191,NW-371993,Veronica Williams,1936-12-03,B-P-01392,50979283,4.20,RENEWAL,2026-09-15
Northwind Health,2026-08,192,NW-187779,Michael Williams,1958-08-18,B-P-01393,50979283,26.25,RENEWAL,2026-09-15
Northwind Health,2026-08,193,NW-882359,Sarah Harrell,1998-05-09,B-P-01398,43888211,22.00,NEW,2026-09-15
Northwind Health,2026-08,194,NW-556546,Timothy Wallace,1960-03-11,B-P-01401,75084135,26.25,RENEWAL,2026-09-15
Northwind Health,2026-08,195,NW-559554,Jessica Esparza,1941-02-03,B-P-01407,50399119,8.40,NEW,2026-09-15
Northwind Health,2026-08,196,NW-936087,Michelle Lin,1933-10-23,B-P-01418,51446845,26.25,RENEWAL,2026-09-15
Northwind Health,2026-08,197,NW-158615,Rachel Wiggins,1933-12-22,B-P-01420,37947372,26.25,RENEWAL,2026-09-15
Northwind Health,2026-08,198,NW-643447,David Mendoza,1935-07-03,B-P-01430,43888211,38.00,NEW,2026-09-15
Northwind Health,2026-08,199,NW-623554,David Mendoza,1935-07-03,B-P-01431,43888211,8.40,NEW,2026-09-15
Northwind Health,2026-08,200,NW-962284,Charles Friedman,1958-01-09,B-P-01446,90228424,8.40,NEW,2026-09-15
Northwind Health,2026-08,201,NW-446033,Joshua Watson,1958-07-23,B-P-01449,50979283,19.00,RENEWAL,2026-09-15
Northwind Health,2026-08,202,NW-159728,Joshua Watson,1958-07-23,B-P-01450,50979283,4.20,RENEWAL,2026-09-15
Northwind Health,2026-08,203,NW-384621,Sarah Copeland,1950-07-02,B-P-01452,81157097,26.25,RENEWAL,2026-09-15
Northwind Health,2026-08,204,NW-820913,Sandra Thompson,1952-10-04,B-P-01460,49066206,26.25,RENEWAL,2026-09-15
Northwind Health,2026-08,205,NW-387685,Sarah Boyd,1941-08-23,B-P-01468,51446845,26.25,RENEWAL,2026-09-15
Northwind Health,2026-08,206,NW-435845,Kari Jones,1956-07-28,B-P-01471,49066206,52.50,NEW,2026-09-15
Northwind Health,2026-08,207,NW-978764,Sarah King,1951-12-08,B-P-01473,50399119,26.25,RENEWAL,2026-09-15
Northwind Health,2026-08,208,NW-148476,Matthew Noble,1934-02-03,B-P-01474,49066206,26.25,RENEWAL,2026-09-15
Northwind Health,2026-08,209,NW-182283,Lisa Woods,1989-01-01,B-P-01483,94445646,16.00,RENEWAL,2026-09-15
Northwind Health,2026-08,210,NW-729093,Allison Murray,1939-12-21,B-P-01496,24647567,26.25,RENEWAL,2026-09-15
Northwind Health,2026-08,211,NW-307907,Patrick Murray,1944-04-02,B-P-01497,24647567,26.25,RENEWAL,2026-09-15
Northwind Health,2026-08,212,NW-181193,Aaron Miller,1946-03-14,B-P-01524,49066206,19.00,RENEWAL,2026-09-15
Northwind Health,2026-08,213,NW-418099,Aaron Miller,1946-03-14,B-P-01525,49066206,4.20,RENEWAL,2026-09-15
Northwind Health,2026-08,214,NW-911270,Ethan Martinez,1957-11-15,B-P-01546,24647567,4.20,RENEWAL,2026-09-15
Northwind Health,2026-08,215,NW-840979,Terri Lewis,1975-11-17,B-P-01556,84583776,22.00,NEW,2026-09-15
Northwind Health,2026-08,216,NW-500049,Karen Newman,1980-11-28,B-P-01560,84583776,16.00,RENEWAL,2026-09-15
Northwind Health,2026-08,217,NW-292065,Jeremy Leon,1950-01-18,B-P-01567,37947372,26.25,RENEWAL,2026-09-15
Northwind Health,2026-08,218,NW-297377,William Blair,1958-08-08,B-P-01573,37947372,26.25,RENEWAL,2026-09-15
Northwind Health,2026-08,219,NW-564820,Brenda Blair,1949-11-28,B-P-01577,37947372,52.50,NEW,2026-09-15
Northwind Health,2026-08,220,NW-558456,Keith Smith,1949-03-01,B-P-01596,91146902,26.25,RENEWAL,2026-09-15
Northwind Health,2026-08,221,NW-561540,Heather Myers,1946-07-18,B-P-01599,51446845,26.25,RENEWAL,2026-09-15
Northwind Health,2026-08,222,NW-606370,Terrance Crawford,2002-03-15,B-P-01605,69777236,22.00,NEW,2026-09-15
Northwind Health,2026-08,223,NW-365488,Russell Haynes,1954-12-16,B-P-01619,59893296,26.25,RENEWAL,2026-09-15
Northwind Health,2026-08,224,NW-160403,Ronnie Johnson,1985-12-17,B-P-01635,26047628,16.00,RENEWAL,2026-09-15
Northwind Health,2026-08,225,NW-297635,April Medina,1999-12-25,B-P-01661,43888211,16.00,RENEWAL,2026-09-15
Northwind Health,2026-08,226,NW-134037,Heather Arnold,1945-07-19,B-P-01667,9527070,26.25,RENEWAL,2026-09-15
Northwind Health,2026-08,227,NW-481086,Sarah Morgan,1941-10-18,B-P-01685,93619366,26.25,RENEWAL,2026-09-15
Northwind Health,2026-08,228,NW-684258,Colleen Walters,1944-05-20,B-P-01687,43888211,26.25,RENEWAL,2026-09-15
Northwind Health,2026-08,229,NW-205170,Gerald Jones,1976-12-10,B-P-01689,90228424,16.00,RENEWAL,2026-09-15
Northwind Health,2026-08,230,NW-505979,Melissa Green,1984-11-22,B-P-01691,43888211,26.25,RENEWAL,2026-09-15
Northwind Health,2026-08,231,NW-390501,Timothy Wallace,1944-11-15,B-P-01707,84583776,19.00,RENEWAL,2026-09-15
Northwind Health,2026-08,232,NW-780352,Timothy Wallace,1944-11-15,B-P-01708,84583776,4.20,RENEWAL,2026-09-15
Northwind Health,2026-08,233,NW-640552,Amy Bell,1945-07-13,B-P-01709,24647567,26.25,RENEWAL,2026-09-15
Northwind Health,2026-08,234,NW-375037,Christopher Black,1950-04-22,B-P-01710,91146902,4.20,RENEWAL,2026-09-15
Northwind Health,2026-08,235,NW-348460,Karen Brown,1956-11-27,B-P-01719,81157097,26.25,RENEWAL,2026-09-15
Northwind Health,2026-08,236,NW-476012,Cynthia Steele,1957-12-26,B-P-01738,45462976,19.00,RENEWAL,2026-09-15
Northwind Health,2026-08,237,NW-865866,Cynthia Steele,1957-12-26,B-P-01739,45462976,4.20,RENEWAL,2026-09-15
Northwind Health,2026-08,238,NW-281689,Nancy Peck,1950-05-01,B-P-01746,98787777,52.50,NEW,2026-09-15
Northwind Health,2026-08,239,NW-705662,Jason Mendez,1940-09-02,B-P-01753,50399119,19.00,RENEWAL,2026-09-15
Northwind Health,2026-08,240,NW-771147,Jason Mendez,1940-09-02,B-P-01754,50399119,4.20,RENEWAL,2026-09-15
Northwind Health,2026-08,241,NW-131846,Mark Davis,1938-11-04,B-P-01767,50399119,19.00,RENEWAL,2026-09-15
Northwind Health,2026-08,242,NW-794271,Mark Davis,1938-11-04,B-P-01768,50399119,4.20,RENEWAL,2026-09-15
Northwind Health,2026-08,243,NW-933893,Taylor Davis,1986-04-16,B-P-01769,50399119,16.00,RENEWAL,2026-09-15
Northwind Health,2026-08,244,NW-398358,Gregory Sanders,1960-06-23,B-P-01775,84583776,26.25,RENEWAL,2026-09-15
Northwind Health,2026-08,245,NW-786468,Tina Giles,1942-09-26,B-P-01779,45462976,52.50,NEW,2026-09-15
Northwind Health,2026-08,246,NW-126954,Emily Giles,1988-02-22,B-P-01780,45462976,16.00,RENEWAL,2026-09-15
Northwind Health,2026-08,247,NW-943251,Christina Floyd,1933-11-24,B-P-01792,37947372,4.20,RENEWAL,2026-09-15
Northwind Health,2026-08,248,NW-958884,Amanda Lowery,2000-09-20,B-P-01794,20671937,22.00,NEW,2026-09-15
Northwind Health,2026-08,249,NW-934877,Tyler Gray,1939-11-10,B-P-01809,37947372,19.00,RENEWAL,2026-09-15
Northwind Health,2026-08,250,NW-921231,Tyler Gray,1939-11-10,B-P-01810,37947372,4.20,RENEWAL,2026-09-15
Northwind Health,2026-08,251,NW-305828,Mary Gordon,1933-12-19,B-P-01817,75084135,26.25,RENEWAL,2026-09-15
Northwind Health,2026-08,252,NW-747099,Bryan Riley,1951-12-11,B-P-01825,75084135,19.00,RENEWAL,2026-09-15
Northwind Health,2026-08,253,NW-918642,Bryan Riley,1951-12-11,B-P-01826,75084135,4.20,RENEWAL,2026-09-15
Northwind Health,2026-08,254,NW-886319,Christopher Smith,1995-09-30,B-P-01828,45462976,26.25,RENEWAL,2026-09-15
Northwind Health,2026-08,255,NW-590427,Jessica Moore,1989-09-02,B-P-01831,37947372,16.00,RENEWAL,2026-09-15
Northwind Health,2026-08,256,NW-111120,Sandra Marsh,1969-11-02,B-P-01839,67876966,16.00,RENEWAL,2026-09-15
Northwind Health,2026-08,257,NW-386316,Misty Brown,1947-02-17,B-P-01842,43888211,26.25,RENEWAL,2026-09-15
Northwind Health,2026-08,258,NW-305088,Susan Parker,1952-02-17,B-P-01848,64493418,26.25,RENEWAL,2026-09-15
Northwind Health,2026-08,259,NW-329742,Walter Anderson,1956-04-17,B-P-01852,24647567,19.00,RENEWAL,2026-09-15
Northwind Health,2026-08,260,NW-565436,Walter Anderson,1956-04-17,B-P-01853,24647567,4.20,RENEWAL,2026-09-15
Northwind Health,2026-08,261,NW-774597,Daniel Foster,1979-12-10,B-P-01859,64493418,22.00,NEW,2026-09-15
Northwind Health,2026-08,262,NW-762768,Michael Hoffman,1955-06-07,B-P-01864,26047628,19.00,RENEWAL,2026-09-15
Northwind Health,2026-08,263,NW-337634,Michael Hoffman,1955-06-07,B-P-01865,26047628,4.20,RENEWAL,2026-09-15
Northwind Health,2026-08,264,NW-333716,Morgan Blake,1935-03-07,B-P-01874,24647567,26.25,RENEWAL,2026-09-15
Northwind Health,2026-08,265,NW-984652,Melissa Glenn,1957-06-10,B-P-01885,75084135,26.25,RENEWAL,2026-09-15
Northwind Health,2026-08,266,NW-345491,Amanda Mccormick,1934-04-24,B-P-01887,9527070,26.25,RENEWAL,2026-09-15
Northwind Health,2026-08,267,NW-588851,Brittany Mccormick,1951-03-26,B-P-01888,9527070,26.25,RENEWAL,2026-09-15
Northwind Health,2026-08,268,NW-690446,Sean Ryan,1960-03-11,B-P-01918,69777236,38.00,NEW,2026-09-15
Northwind Health,2026-08,269,NW-149179,Sean Ryan,1960-03-11,B-P-01919,69777236,8.40,NEW,2026-09-15
Northwind Health,2026-08,270,NW-903273,Javier Williams,1935-03-10,B-P-01931,90228424,8.40,NEW,2026-09-15
Northwind Health,2026-08,271,NW-830711,Paul Brown,1944-03-06,B-P-01941,37947372,19.00,RENEWAL,2026-09-15
Northwind Health,2026-08,272,NW-214763,Paul Brown,1944-03-06,B-P-01942,37947372,4.20,RENEWAL,2026-09-15
Northwind Health,2026-08,273,NW-652175,Alexander Jenkins,1953-05-28,B-P-01943,98787777,19.00,RENEWAL,2026-09-15
Northwind Health,2026-08,274,NW-291964,Alexander Jenkins,1953-05-28,B-P-01944,98787777,4.20,RENEWAL,2026-09-15
Northwind Health,2026-08,275,NW-948594,Christopher Jenkins,1994-08-17,B-P-01945,98787777,16.00,RENEWAL,2026-09-15
Northwind Health,2026-08,276,NW-897350,Matthew Deleon,1941-11-03,B-P-01970,26047628,26.25,RENEWAL,2026-09-15
Northwind Health,2026-08,277,NW-534376,Todd Cisneros,1951-11-07,B-P-01973,14829889,19.00,RENEWAL,2026-09-15
Northwind Health,2026-08,278,NW-528643,Todd Cisneros,1951-11-07,B-P-01974,14829889,4.20,RENEWAL,2026-09-15
Northwind Health,2026-08,279,NW-927739,Elizabeth Johnson,1947-07-22,B-P-01976,14829889,52.50,NEW,2026-09-15
Northwind Health,2026-08,280,NW-100537,Richard Perez,2000-08-21,B-P-01978,93619366,22.00,NEW,2026-09-15
Northwind Health,2026-08,281,NW-961702,Christina Jackson,1944-11-13,B-P-01997,26047628,26.25,RENEWAL,2026-09-15
Northwind Health,2026-08,282,NW-453226,Erica Rivera,1951-08-28,B-P-02005,45462976,26.25,RENEWAL,2026-09-15
Northwind Health,2026-08,283,NW-204581,Kevin Cox,1973-05-31,B-P-02023,98787777,22.00,NEW,2026-09-15
Northwind Health,2026-08,284,NW-255285,Steven Porter,1975-07-15,B-P-02024,94445646,16.00,RENEWAL,2026-09-15
Northwind Health,2026-08,285,NW-755778,Greg Walsh,1970-10-28,B-P-02029,81157097,16.00,RENEWAL,2026-09-15
Northwind Health,2026-08,286,NW-659755,Jacob House,1969-12-07,B-P-02031,98787777,22.00,NEW,2026-09-15
Northwind Health,2026-08,287,NW-946717,Charles Woods,1967-10-13,B-P-02034,37947372,22.00,NEW,2026-09-15
Bluepeak,2026-08,1,BP-246120,Cody Mason,1955-03-31,B-P-00007,81157097,26.25,RENEWAL,2026-09-15
Bluepeak,2026-08,2,BP-456809,Katherine Smith,1965-12-24,B-P-00018,59893296,26.25,RENEWAL,2026-09-15
Bluepeak,2026-08,3,BP-703143,Ralph Li,1988-05-15,B-P-00025,91146902,22.00,NEW,2026-09-15
Bluepeak,2026-08,4,BP-884634,Jill Graves,1938-09-01,B-P-00029,94445646,26.25,RENEWAL,2026-09-15
Bluepeak,2026-08,5,BP-840477,Samuel Daniels,1958-05-04,B-P-00031,93619366,52.50,NEW,2026-09-15
Bluepeak,2026-08,6,BP-638060,Victoria Williams,1935-05-06,B-P-00047,26047628,52.50,NEW,2026-09-15
Bluepeak,2026-08,7,BP-165851,Paul Bradford,1948-09-13,B-P-00048,43888211,26.25,RENEWAL,2026-09-15
Bluepeak,2026-08,8,BP-682074,Adrienne Rivas,1956-08-01,B-P-00066,94445646,19.00,RENEWAL,2026-09-15
Bluepeak,2026-08,9,BP-840307,Adrienne Rivas,1956-08-01,B-P-00067,94445646,4.20,RENEWAL,2026-09-15
Bluepeak,2026-08,10,BP-108451,Sarah Sanchez,1943-08-10,B-P-00071,90228424,52.50,NEW,2026-09-15
Bluepeak,2026-08,11,BP-688337,Christopher Smith-Ford,1950-06-12,B-P-00099,14829889,26.25,RENEWAL,2026-09-15
Bluepeak,2026-08,12,BP-940762,Megan Nelson,1948-05-30,B-P-00119,84583776,26.25,RENEWAL,2026-09-15
Bluepeak,2026-08,13,BP-981520,Bobby Ortiz-Gonzalez,1945-12-31,B-P-00121,49066206,26.25,RENEWAL,2026-09-15
Bluepeak,2026-08,14,BP-152926,Donna Ortiz,1958-11-27,B-P-00123,49066206,4.20,RENEWAL,2026-09-15
Bluepeak,2026-08,15,BP-378553,Cynthia Wagner,1935-10-24,B-P-00125,90228424,26.25,RENEWAL,2026-09-15
Bluepeak,2026-08,16,BP-982529,Kenneth Mcdonald,1954-07-19,B-P-00148,81157097,26.25,RENEWAL,2026-09-15
Bluepeak,2026-08,17,BP-272120,Ashley Foster,1938-01-06,B-P-00150,59893296,52.50,NEW,2026-09-15
Bluepeak,2026-08,18,BP-946722,Daniel Martinez,1957-02-13,B-P-00153,14829889,19.00,RENEWAL,2026-09-15
Bluepeak,2026-08,19,BP-402862,Daniel Martinez,1957-02-13,B-P-00154,14829889,4.20,RENEWAL,2026-09-15
Bluepeak,2026-08,20,BP-917748,Donna Cline,1941-12-09,B-P-00161,51446845,26.25,RENEWAL,2026-09-15
Bluepeak,2026-08,21,BP-240344,Michael Eaton,1959-04-19,B-P-00195,90228424,52.50,NEW,2026-09-15
Bluepeak,2026-08,22,BP-271365,Philip Sullivan,1950-08-06,B-P-00207,24647567,26.25,RENEWAL,2026-09-15
Bluepeak,2026-08,23,BP-527880,Micheal Chung,1944-06-05,B-P-00208,45462976,26.25,RENEWAL,2026-09-15
Bluepeak,2026-08,24,BP-392934,Steven Nguyen,1952-02-01,B-P-00214,93619366,52.50,NEW,2026-09-15
Bluepeak,2026-08,25,BP-251762,David Frey,1940-06-02,B-P-00219,90228424,52.50,NEW,2026-09-15
Bluepeak,2026-08,26,BP-268095,Michael Caldwell,1993-06-02,B-P-00230,20671937,22.00,NEW,2026-09-15
Bluepeak,2026-08,27,BP-559950,Kevin Brown,2000-07-13,B-P-00238,59893296,22.00,NEW,2026-09-15
Bluepeak,2026-08,28,BP-432719,Dana Aguilar,1952-12-17,B-P-00254,20671937,26.25,RENEWAL,2026-09-15
Bluepeak,2026-08,29,BP-733403,Angela Walker,1970-07-14,B-P-00266,20671937,22.00,NEW,2026-09-15
Bluepeak,2026-08,30,BP-290847,Megan Rivera,1959-03-20,B-P-00269,43888211,19.00,RENEWAL,2026-09-15
Bluepeak,2026-08,31,BP-610755,Megan Rivera,1959-03-20,B-P-00270,43888211,4.20,RENEWAL,2026-09-15
Bluepeak,2026-08,32,BP-711850,Allen Mendoza,1944-11-13,B-P-00272,20671937,26.25,RENEWAL,2026-09-15
Bluepeak,2026-08,33,BP-636237,Garrett Jones,1936-06-02,B-P-00273,26047628,26.25,RENEWAL,2026-09-15
Bluepeak,2026-08,34,BP-907990,Jacqueline Vasquez,1986-07-28,B-P-00281,26047628,22.00,NEW,2026-09-15
Bluepeak,2026-08,35,BP-776909,Jessica Bishop,1944-04-25,B-P-00291,94445646,26.25,RENEWAL,2026-09-15
Bluepeak,2026-08,36,BP-262851,Ronald Howard,1948-07-28,B-P-00295,93619366,26.25,RENEWAL,2026-09-15
Bluepeak,2026-08,37,BP-585302,Thomas Thomas,1945-03-24,B-P-00296,45462976,8.40,NEW,2026-09-15
Bluepeak,2026-08,38,BP-251182,James Lopez,1953-02-22,B-P-00308,43888211,52.50,NEW,2026-09-15
Bluepeak,2026-08,39,BP-470426,Dwayne Smith,1953-09-30,B-P-00329,90228424,38.00,NEW,2026-09-15
Bluepeak,2026-08,40,BP-811713,Dwayne Smith,1953-09-30,B-P-00330,90228424,8.40,NEW,2026-09-15
Bluepeak,2026-08,41,BP-673728,Charles Robinson,1938-11-04,B-P-00331,64493418,4.20,RENEWAL,2026-09-15
Bluepeak,2026-08,42,BP-774046,Jonathan Cruz,1939-05-27,B-P-00335,14829889,52.50,NEW,2026-09-15
Bluepeak,2026-08,43,BP-176361,Sharon Dickson,1938-04-13,B-P-00352,43888211,26.25,RENEWAL,2026-09-15
Bluepeak,2026-08,44,BP-849369,Anthony Peterson,1946-12-14,B-P-00354,75084135,52.50,NEW,2026-09-15
Bluepeak,2026-08,45,BP-322111,Heather Terrell,1959-02-03,B-P-00360,98787777,26.25,RENEWAL,2026-09-15
Bluepeak,2026-08,46,BP-988848,Steven Brown,1943-09-15,B-P-00362,64493418,4.20,RENEWAL,2026-09-15
Bluepeak,2026-08,47,BP-905969,David Miller,1995-02-01,B-P-00371,69777236,22.00,NEW,2026-09-15
Bluepeak,2026-08,48,BP-672688,Jason Hanson,1936-04-07,B-P-00375,93619366,26.25,RENEWAL,2026-09-15
Bluepeak,2026-08,49,BP-305776,Robert Morris,1957-06-05,B-P-00383,51446845,26.25,RENEWAL,2026-09-15
Bluepeak,2026-08,50,BP-959506,Andrea Sparks,1944-11-23,B-P-00399,50399119,52.50,NEW,2026-09-15
Bluepeak,2026-08,51,BP-241212,Vincent Ramsey,1959-01-23,B-P-00404,51446845,19.00,RENEWAL,2026-09-15
Bluepeak,2026-08,52,BP-196753,Vincent Ramsey,1959-01-23,B-P-00405,51446845,4.20,RENEWAL,2026-09-15
Bluepeak,2026-08,53,BP-674315,Karen Nguyen,1959-06-20,B-P-00406,91146902,19.00,RENEWAL,2026-09-15
Bluepeak,2026-08,54,BP-762853,Karen Nguyen,1959-06-20,B-P-00407,91146902,4.20,RENEWAL,2026-09-15
Bluepeak,2026-08,55,BP-907142,Brandon Banks,1953-04-22,B-P-00428,49066206,26.25,RENEWAL,2026-09-15
Bluepeak,2026-08,56,BP-748929,Kiara Fitzgerald,1936-02-03,B-P-00431,84583776,26.25,RENEWAL,2026-09-15
Bluepeak,2026-08,57,BP-987587,Chase Wise,2003-07-15,B-P-00435,45462976,22.00,NEW,2026-09-15
Bluepeak,2026-08,58,BP-562004,Yvonne Hobbs,1946-12-26,B-P-00457,69777236,26.25,RENEWAL,2026-09-15
Bluepeak,2026-08,59,BP-381388,Debra Lara,1960-01-13,B-P-00460,20671937,52.50,NEW,2026-09-15
Bluepeak,2026-08,60,BP-400141,Joseph Wright,1935-08-12,B-P-00481,24647567,52.50,NEW,2026-09-15
Bluepeak,2026-08,61,BP-603573,Amanda Edwards,1935-03-27,B-P-00486,98787777,26.25,RENEWAL,2026-09-15
Bluepeak,2026-08,62,BP-770047,Michelle Johnston,1944-01-24,B-P-00489,43888211,26.25,RENEWAL,2026-09-15
Bluepeak,2026-08,63,BP-443633,Morgan Tucker,1939-07-16,B-P-00491,67876966,26.25,RENEWAL,2026-09-15
Bluepeak,2026-08,64,BP-697262,Brittany Phillips,1957-01-30,B-P-00495,93619366,26.25,RENEWAL,2026-09-15
Bluepeak,2026-08,65,BP-431341,Eric Cruz,1950-03-15,B-P-00535,59893296,38.00,NEW,2026-09-15
Bluepeak,2026-08,66,BP-147247,Eric Cruz,1950-03-15,B-P-00536,59893296,8.40,NEW,2026-09-15
Bluepeak,2026-08,67,BP-705280,Gregory Cox,1963-01-12,B-P-00563,59893296,22.00,NEW,2026-09-15
Bluepeak,2026-08,68,BP-671299,Rachel Ramirez,1994-03-12,B-P-00564,59893296,16.00,RENEWAL,2026-09-15
Bluepeak,2026-08,69,BP-356919,Gregory Smith,1952-08-21,B-P-00575,50979283,52.50,NEW,2026-09-15
Bluepeak,2026-08,70,BP-757304,Dana Guzman,1933-12-25,B-P-00578,94445646,19.00,RENEWAL,2026-09-15
Bluepeak,2026-08,71,BP-142525,Dana Guzman,1933-12-25,B-P-00579,94445646,4.20,RENEWAL,2026-09-15
Bluepeak,2026-08,72,BP-385095,Dustin Le,1988-12-25,B-P-00585,49066206,22.00,NEW,2026-09-15
Bluepeak,2026-08,73,BP-194834,Frank Salas,1933-11-30,B-P-00593,59893296,26.25,RENEWAL,2026-09-15
Bluepeak,2026-08,74,BP-967318,Allen Turner,1952-05-09,B-P-00595,26047628,26.25,RENEWAL,2026-09-15
Bluepeak,2026-08,75,BP-414648,Ashley Townsend,1936-11-24,B-P-00596,24647567,4.20,RENEWAL,2026-09-15
Bluepeak,2026-08,76,BP-797051,Christine Rodriguez,1956-09-02,B-P-00604,51446845,26.25,RENEWAL,2026-09-15
Bluepeak,2026-08,77,BP-837650,Christopher Griffin,1946-05-14,B-P-00618,98787777,26.25,RENEWAL,2026-09-15
Bluepeak,2026-08,78,BP-138317,Jennifer Rodriguez,1941-01-26,B-P-00626,20671937,26.25,RENEWAL,2026-09-15
Bluepeak,2026-08,79,BP-408426,Andrew Hall,1978-09-05,B-P-00644,49066206,22.00,NEW,2026-09-15
Bluepeak,2026-08,80,BP-870687,Susan Wolfe,1996-03-07,B-P-00656,94445646,16.00,RENEWAL,2026-09-15
Bluepeak,2026-08,81,BP-869729,Samuel Miller-Gray,1935-10-27,B-P-00659,59893296,26.25,RENEWAL,2026-09-15
Bluepeak,2026-08,82,BP-517440,Melissa Figueroa,1971-06-30,B-P-00664,24647567,22.00,NEW,2026-09-15
Bluepeak,2026-08,83,BP-795945,Cynthia Harris,1935-08-06,B-P-00670,51446845,26.25,RENEWAL,2026-09-15
Bluepeak,2026-08,84,BP-596924,Jamie Hart,1956-07-02,B-P-00671,14829889,19.00,RENEWAL,2026-09-15
Bluepeak,2026-08,85,BP-375619,Jamie Hart,1956-07-02,B-P-00672,14829889,4.20,RENEWAL,2026-09-15
Bluepeak,2026-08,86,BP-405457,Mary Randolph,1948-11-21,B-P-00678,64493418,19.00,RENEWAL,2026-09-15
Bluepeak,2026-08,87,BP-696415,Mary Randolph,1948-11-21,B-P-00679,64493418,4.20,RENEWAL,2026-09-15
Bluepeak,2026-08,88,BP-820004,Christopher Potter,1946-05-18,B-P-00684,14829889,4.20,RENEWAL,2026-09-15
Bluepeak,2026-08,89,BP-271025,Erika Potter,1955-12-17,B-P-00685,14829889,8.40,NEW,2026-09-15
Bluepeak,2026-08,90,BP-136390,Kevin Hill,1957-12-29,B-P-00688,64493418,52.50,NEW,2026-09-15
Bluepeak,2026-08,91,BP-119440,Morgan Brown,1994-08-04,B-P-00690,69777236,16.00,RENEWAL,2026-09-15
Bluepeak,2026-08,92,BP-533330,Shaun Higgins,1944-08-08,B-P-00701,45462976,8.40,NEW,2026-09-15
Bluepeak,2026-08,93,BP-986654,Darren Taylor,1940-09-16,B-P-00716,94445646,26.25,RENEWAL,2026-09-15
Bluepeak,2026-08,94,BP-752525,Elizabeth Buchanan-Orozco,1958-09-21,B-P-00720,81157097,26.25,RENEWAL,2026-09-15
Bluepeak,2026-08,95,BP-670431,Holly Keller,2001-01-03,B-P-00721,94445646,22.00,NEW,2026-09-15
Bluepeak,2026-08,96,BP-418181,Katelyn Davis,1974-06-27,B-P-00739,45462976,22.00,NEW,2026-09-15
Bluepeak,2026-08,97,BP-468149,Renee Banks,1937-12-20,B-P-00754,50979283,52.50,NEW,2026-09-15
Bluepeak,2026-08,98,BP-298298,Dawn Mcpherson,1958-10-09,B-P-00759,84583776,19.00,RENEWAL,2026-09-15
Bluepeak,2026-08,99,BP-287634,Dawn Mcpherson,1958-10-09,B-P-00760,84583776,4.20,RENEWAL,2026-09-15
Bluepeak,2026-08,100,BP-248990,Joseph Holloway,1967-01-02,B-P-00774,67876966,16.00,RENEWAL,2026-09-15
Bluepeak,2026-08,101,BP-728798,Maria Espinoza,1936-05-03,B-P-00778,50979283,26.25,RENEWAL,2026-09-15
Bluepeak,2026-08,102,BP-135952,Peter Williams,1945-06-30,B-P-00784,59893296,26.25,RENEWAL,2026-09-15
Bluepeak,2026-08,103,BP-427419,Brandon Cameron,1943-04-09,B-P-00801,50979283,26.25,RENEWAL,2026-09-15
Bluepeak,2026-08,104,BP-774313,Todd Potts,1936-06-06,B-P-00831,59893296,19.00,RENEWAL,2026-09-15
Bluepeak,2026-08,105,BP-111890,Todd Potts,1936-06-06,B-P-00832,59893296,4.20,RENEWAL,2026-09-15
Bluepeak,2026-08,106,BP-758065,Tiffany Fields,1954-02-04,B-P-00860,84583776,26.25,RENEWAL,2026-09-15
Bluepeak,2026-08,107,BP-822867,Nicole Ray,1982-11-25,B-P-00881,49066206,22.00,NEW,2026-09-15
Bluepeak,2026-08,108,BP-969246,Summer Harper,1945-04-12,B-P-00883,9527070,19.00,RENEWAL,2026-09-15
Bluepeak,2026-08,109,BP-442740,Summer Harper,1945-04-12,B-P-00884,9527070,4.20,RENEWAL,2026-09-15
Bluepeak,2026-08,110,BP-632541,Jeremy Newman,1938-11-11,B-P-00886,98787777,19.00,RENEWAL,2026-09-15
Bluepeak,2026-08,111,BP-973385,Jeremy Newman,1938-11-11,B-P-00887,98787777,4.20,RENEWAL,2026-09-15
Bluepeak,2026-08,112,BP-531150,Kristina Gardner,1957-02-12,B-P-00892,91146902,52.50,NEW,2026-09-15
Bluepeak,2026-08,113,BP-150805,Brenda Gutierrez,1955-04-20,B-P-00902,45462976,19.00,RENEWAL,2026-09-15
Bluepeak,2026-08,114,BP-722417,Brenda Gutierrez,1955-04-20,B-P-00903,45462976,4.20,RENEWAL,2026-09-15
Bluepeak,2026-08,115,BP-552069,Sandra Ortiz,1984-08-13,B-P-00910,67876966,22.00,NEW,2026-09-15
Bluepeak,2026-08,116,BP-681795,Zoe Wilson,1953-02-11,B-P-00912,75084135,52.50,NEW,2026-09-15
Bluepeak,2026-08,117,BP-653947,Billy Myers,1934-04-12,B-P-00918,51446845,38.00,NEW,2026-09-15
Bluepeak,2026-08,118,BP-670718,Billy Myers,1934-04-12,B-P-00919,51446845,8.40,NEW,2026-09-15
Bluepeak,2026-08,119,BP-609402,Amanda Craig,1953-04-20,B-P-00924,51446845,52.50,NEW,2026-09-15
Bluepeak,2026-08,120,BP-887566,Roy Carr,1970-03-23,B-P-00936,93619366,22.00,NEW,2026-09-15
Bluepeak,2026-08,121,BP-888638,Anthony Clark,1957-08-28,B-P-00945,59893296,26.25,RENEWAL,2026-09-15
Bluepeak,2026-08,122,BP-463195,Joseph Grimes,1937-08-25,B-P-00952,98787777,26.25,RENEWAL,2026-09-15
Bluepeak,2026-08,123,BP-565387,Steven Mata,1982-02-02,B-P-00953,50399119,26.25,RENEWAL,2026-09-15
Bluepeak,2026-08,124,BP-320823,Jesus Ball,1993-10-23,B-P-00961,67876966,16.00,RENEWAL,2026-09-15
Bluepeak,2026-08,125,BP-877960,Lisa Blackburn,1941-04-11,B-P-00964,84583776,26.25,RENEWAL,2026-09-15
Bluepeak,2026-08,126,BP-975885,Wesley Lewis,1969-01-15,B-P-00973,69777236,52.50,NEW,2026-09-15
Bluepeak,2026-08,127,BP-996171,Teresa Bautista,1942-04-27,B-P-00985,84583776,4.20,RENEWAL,2026-09-15
Bluepeak,2026-08,128,BP-969553,Jeremy Taylor,1981-04-20,B-P-00993,26047628,16.00,RENEWAL,2026-09-15
Bluepeak,2026-08,129,BP-367278,Kimberly Flores,1935-09-14,B-P-00994,90228424,26.25,RENEWAL,2026-09-15
Bluepeak,2026-08,130,BP-211872,Adriana Jones,1948-10-20,B-P-01013,64493418,52.50,NEW,2026-09-15
Bluepeak,2026-08,131,BP-935672,Erin Adams,1956-05-04,B-P-01019,50399119,26.25,RENEWAL,2026-09-15
Bluepeak,2026-08,132,BP-897314,David Johnson,1944-06-28,B-P-01020,20671937,26.25,RENEWAL,2026-09-15
Bluepeak,2026-08,133,BP-440514,Matthew Little,1955-06-30,B-P-01034,37947372,52.50,NEW,2026-09-15
Bluepeak,2026-08,134,BP-264804,Jacqueline Medina,1937-05-27,B-P-01040,84583776,19.00,RENEWAL,2026-09-15
Bluepeak,2026-08,135,BP-722590,Jacqueline Medina,1937-05-27,B-P-01041,84583776,4.20,RENEWAL,2026-09-15
Bluepeak,2026-08,136,BP-723988,Stephen Murray,1997-11-01,B-P-01052,90228424,22.00,NEW,2026-09-15
Bluepeak,2026-08,137,BP-252914,Robert Evans,1935-08-14,B-P-01057,67876966,26.25,RENEWAL,2026-09-15
Bluepeak,2026-08,138,BP-907011,Christopher Garrett,1941-02-28,B-P-01081,50399119,26.25,RENEWAL,2026-09-15
Bluepeak,2026-08,139,BP-429605,Brad Zuniga,1987-01-18,B-P-01083,93619366,22.00,NEW,2026-09-15
Bluepeak,2026-08,140,BP-744462,Craig Levy,1994-06-11,B-P-01099,64493418,22.00,NEW,2026-09-15
Bluepeak,2026-08,141,BP-611685,Nancy Levy,1978-05-21,B-P-01101,64493418,22.00,NEW,2026-09-15
Bluepeak,2026-08,142,BP-830101,Mary Smith,1959-09-13,B-P-01129,26047628,19.00,RENEWAL,2026-09-15
Bluepeak,2026-08,143,BP-875862,Mary Smith,1959-09-13,B-P-01130,26047628,4.20,RENEWAL,2026-09-15
Bluepeak,2026-08,144,BP-995517,David Estrada,1943-01-16,B-P-01145,9527070,38.00,NEW,2026-09-15
Bluepeak,2026-08,145,BP-720068,David Estrada,1943-01-16,B-P-01146,9527070,8.40,NEW,2026-09-15
Bluepeak,2026-08,146,BP-405467,Cassandra Estrada,1934-02-14,B-P-01148,64493418,26.25,RENEWAL,2026-09-15
Bluepeak,2026-08,147,BP-906747,Melissa Robinson,1956-11-06,B-P-01153,51446845,26.25,RENEWAL,2026-09-15
Bluepeak,2026-08,148,BP-488813,Wanda Walsh,1957-02-21,B-P-01155,20671937,26.25,RENEWAL,2026-09-15
Bluepeak,2026-08,149,BP-298007,Laura Townsend,1946-08-05,B-P-01159,43888211,26.25,RENEWAL,2026-09-15
Bluepeak,2026-08,150,BP-338797,Joshua Cherry,1949-10-25,B-P-01173,84583776,26.25,RENEWAL,2026-09-15
Bluepeak,2026-08,151,BP-925867,Daniel Cox,1971-11-13,B-P-01177,20671937,22.00,NEW,2026-09-15
Bluepeak,2026-08,152,BP-786369,Kevin Combs,1978-03-24,B-P-01180,67876966,4.20,RENEWAL,2026-09-15
Bluepeak,2026-08,153,BP-638419,Kevin Harris,1973-03-09,B-P-01192,64493418,16.00,RENEWAL,2026-09-15
Bluepeak,2026-08,154,BP-990593,Joshua Crosby,1958-09-09,B-P-01200,50979283,26.25,RENEWAL,2026-09-15
Bluepeak,2026-08,155,BP-864909,Mark Matthews,1966-04-12,B-P-01233,67876966,16.00,RENEWAL,2026-09-15
Bluepeak,2026-08,156,BP-319378,Chris Booker,1965-02-25,B-P-01252,75084135,16.00,RENEWAL,2026-09-15
Bluepeak,2026-08,157,BP-275865,Thomas Cummings,1950-05-15,B-P-01261,84583776,26.25,RENEWAL,2026-09-15
Bluepeak,2026-08,158,BP-243878,Carlos Ward,1983-12-24,B-P-01270,67876966,26.25,RENEWAL,2026-09-15
Bluepeak,2026-08,159,BP-359694,Catherine Ward,1944-02-05,B-P-01272,67876966,26.25,RENEWAL,2026-09-15
Bluepeak,2026-08,160,BP-336948,Melissa Adams,1952-03-12,B-P-01283,14829889,26.25,RENEWAL,2026-09-15
Bluepeak,2026-08,161,BP-984064,Kimberly Hampton,1937-06-18,B-P-01288,9527070,4.20,RENEWAL,2026-09-15
Bluepeak,2026-08,162,BP-107441,Jeremy Kaufman,1938-06-23,B-P-01295,84583776,19.00,RENEWAL,2026-09-15
Bluepeak,2026-08,163,BP-512376,Jeremy Kaufman,1938-06-23,B-P-01296,84583776,4.20,RENEWAL,2026-09-15
Bluepeak,2026-08,164,BP-954854,Heather Foley,1942-04-15,B-P-01300,59893296,26.25,RENEWAL,2026-09-15
Bluepeak,2026-08,165,BP-998597,Paul Sanchez,1972-03-26,B-P-01303,64493418,16.00,RENEWAL,2026-09-15
Bluepeak,2026-08,166,BP-642510,Jason Sanchez,1938-08-16,B-P-01304,64493418,26.25,RENEWAL,2026-09-15
Bluepeak,2026-08,167,BP-582129,Paul Gomez,1956-07-20,B-P-01318,26047628,26.25,RENEWAL,2026-09-15
Bluepeak,2026-08,168,BP-514028,Kathryn Miller,1951-10-10,B-P-01345,59893296,52.50,NEW,2026-09-15
Bluepeak,2026-08,169,BP-302447,Audrey Williams,1949-01-26,B-P-01352,90228424,26.25,RENEWAL,2026-09-15
Bluepeak,2026-08,170,BP-536841,David Jacobs,1942-09-20,B-P-01354,67876966,26.25,RENEWAL,2026-09-15
Bluepeak,2026-08,171,BP-981945,Jessica Robertson,1955-12-20,B-P-01363,98787777,26.25,RENEWAL,2026-09-15
Bluepeak,2026-08,172,BP-652487,Susan Baker,1969-12-20,B-P-01364,93619366,16.00,RENEWAL,2026-09-15
Bluepeak,2026-08,173,BP-622002,Shawn Jones,1949-04-22,B-P-01368,84583776,26.25,RENEWAL,2026-09-15
Bluepeak,2026-08,174,BP-881238,David Jones,1937-01-04,B-P-01369,84583776,26.25,RENEWAL,2026-09-15
Bluepeak,2026-08,175,BP-879599,Daniel Porter,1998-06-17,B-P-01377,20671937,22.00,NEW,2026-09-15
Bluepeak,2026-08,176,BP-674707,Tina Mcintyre,1949-02-14,B-P-01381,51446845,38.00,NEW,2026-09-15
Bluepeak,2026-08,177,BP-923444,Tina Mcintyre,1949-02-14,B-P-01382,51446845,8.40,NEW,2026-09-15
Bluepeak,2026-08,178,BP-356728,Joshua Scott,1943-11-26,B-P-01383,67876966,26.25,RENEWAL,2026-09-15
Bluepeak,2026-08,179,BP-544444,Debbie Smith,1949-04-01,B-P-01395,20671937,26.25,RENEWAL,2026-09-15
Bluepeak,2026-08,180,BP-280255,Robert Esparza,1939-05-10,B-P-01408,50399119,26.25,RENEWAL,2026-09-15
Bluepeak,2026-08,181,BP-193772,Christine Finley,1988-03-12,B-P-01410,90228424,16.00,RENEWAL,2026-09-15
Bluepeak,2026-08,182,BP-211331,Chelsea Finley,1934-12-24,B-P-01411,90228424,26.25,RENEWAL,2026-09-15
Bluepeak,2026-08,183,BP-110386,George Simon,1953-01-05,B-P-01414,90228424,38.00,NEW,2026-09-15
Bluepeak,2026-08,184,BP-769478,George Simon,1953-01-05,B-P-01415,90228424,8.40,NEW,2026-09-15
Bluepeak,2026-08,185,BP-863885,Eric Miller,1947-07-01,B-P-01428,64493418,26.25,RENEWAL,2026-09-15
Bluepeak,2026-08,186,BP-407410,Alexandra Newton,1947-07-10,B-P-01447,67876966,52.50,NEW,2026-09-15
Bluepeak,2026-08,187,BP-539407,Michael Copeland,1983-07-10,B-P-01453,81157097,22.00,NEW,2026-09-15
Bluepeak,2026-08,188,BP-385993,Mathew Freeman,1991-06-22,B-P-01455,50979283,22.00,NEW,2026-09-15
Bluepeak,2026-08,189,BP-848543,Denise Smith,1995-04-21,B-P-01457,93619366,22.00,NEW,2026-09-15
Bluepeak,2026-08,190,BP-353964,Allen Hart,1941-06-07,B-P-01462,64493418,52.50,NEW,2026-09-15
Bluepeak,2026-08,191,BP-170826,Christian Kelly,1991-06-21,B-P-01467,64493418,22.00,NEW,2026-09-15
Bluepeak,2026-08,192,BP-227193,Michael Sullivan,1947-08-11,B-P-01476,67876966,26.25,RENEWAL,2026-09-15
Bluepeak,2026-08,193,BP-498659,Samantha Smith,1941-08-18,B-P-01494,26047628,26.25,RENEWAL,2026-09-15
Bluepeak,2026-08,194,BP-812754,Jesse Morgan,1935-06-12,B-P-01513,91146902,26.25,RENEWAL,2026-09-15
Bluepeak,2026-08,195,BP-660399,Melanie Colon,1944-03-29,B-P-01519,24647567,19.00,RENEWAL,2026-09-15
Bluepeak,2026-08,196,BP-301630,Melanie Colon,1944-03-29,B-P-01520,24647567,4.20,RENEWAL,2026-09-15
Bluepeak,2026-08,197,BP-917013,Karen Walker,1934-02-26,B-P-01522,81157097,26.25,RENEWAL,2026-09-15
Bluepeak,2026-08,198,BP-684819,Paul Turner,1949-07-24,B-P-01531,20671937,19.00,RENEWAL,2026-09-15
Bluepeak,2026-08,199,BP-211914,Paul Turner,1949-07-24,B-P-01532,20671937,4.20,RENEWAL,2026-09-15
Bluepeak,2026-08,200,BP-799736,Rebecca Walker,1953-04-18,B-P-01534,90228424,26.25,RENEWAL,2026-09-15
Bluepeak,2026-08,201,BP-966281,Teresa Wilson,1941-07-25,B-P-01536,84583776,26.25,RENEWAL,2026-09-15
Bluepeak,2026-08,202,BP-483311,Antonio Bernard,1976-09-16,B-P-01538,67876966,22.00,NEW,2026-09-15
Bluepeak,2026-08,203,BP-983227,Kellie Richard,1965-05-08,B-P-01543,49066206,22.00,NEW,2026-09-15
Bluepeak,2026-08,204,BP-161617,John Thomas,1944-07-14,B-P-01558,67876966,26.25,RENEWAL,2026-09-15
Bluepeak,2026-08,205,BP-531717,Chris Scott,1952-03-30,B-P-01585,14829889,26.25,RENEWAL,2026-09-15
Bluepeak,2026-08,206,BP-233430,Robert Barrera,1954-04-19,B-P-01587,43888211,52.50,NEW,2026-09-15
Bluepeak,2026-08,207,BP-834715,Daniel Keith,1959-04-04,B-P-01590,64493418,38.00,NEW,2026-09-15
Bluepeak,2026-08,208,BP-133969,Daniel Keith,1959-04-04,B-P-01591,64493418,8.40,NEW,2026-09-15
Bluepeak,2026-08,209,BP-874327,Kendra Myers,1934-10-08,B-P-01597,51446845,26.25,RENEWAL,2026-09-15
Bluepeak,2026-08,210,BP-970651,James Gomez-Smith,1947-05-30,B-P-01600,98787777,26.25,RENEWAL,2026-09-15
Bluepeak,2026-08,211,BP-343347,Robert Mendoza,1949-06-25,B-P-01602,45462976,26.25,RENEWAL,2026-09-15
Bluepeak,2026-08,212,BP-686186,Glenn Mendoza,1947-02-13,B-P-01603,45462976,19.00,RENEWAL,2026-09-15
Bluepeak,2026-08,213,BP-398182,Glenn Mendoza,1947-02-13,B-P-01604,45462976,4.20,RENEWAL,2026-09-15
Bluepeak,2026-08,214,BP-413416,Micheal Cooley,1964-08-12,B-P-01614,69777236,16.00,RENEWAL,2026-09-15
Bluepeak,2026-08,215,BP-415816,Sarah Cooley,1968-01-06,B-P-01615,69777236,26.25,RENEWAL,2026-09-15
Bluepeak,2026-08,216,BP-559119,Michael Jones,1942-03-20,B-P-01629,69777236,19.00,RENEWAL,2026-09-15
Bluepeak,2026-08,217,BP-914333,Michael Jones,1942-03-20,B-P-01630,69777236,4.20,RENEWAL,2026-09-15
Bluepeak,2026-08,218,BP-840952,David Johnson,1941-08-17,B-P-01634,26047628,26.25,RENEWAL,2026-09-15
Bluepeak,2026-08,219,BP-993516,Brandi Johnson,1939-07-22,B-P-01636,26047628,52.50,NEW,2026-09-15
Bluepeak,2026-08,220,BP-762704,Robert Tanner,2001-11-06,B-P-01653,90228424,22.00,NEW,2026-09-15
Bluepeak,2026-08,221,BP-641841,Scott Byrd,1942-09-05,B-P-01657,64493418,26.25,RENEWAL,2026-09-15
Bluepeak,2026-08,222,BP-102306,Cassandra Jones,1939-02-10,B-P-01663,81157097,26.25,RENEWAL,2026-09-15
Bluepeak,2026-08,223,BP-929450,Tanya Morgan,1957-06-04,B-P-01684,93619366,52.50,NEW,2026-09-15
Bluepeak,2026-08,224,BP-773722,Linda Jones,1944-02-23,B-P-01688,90228424,26.25,RENEWAL,2026-09-15
Bluepeak,2026-08,225,BP-142593,Tracy Woods,1960-03-13,B-P-01693,69777236,38.00,NEW,2026-09-15
Bluepeak,2026-08,226,BP-156128,Tracy Woods,1960-03-13,B-P-01694,69777236,8.40,NEW,2026-09-15
Bluepeak,2026-08,227,BP-410373,Jacqueline Clark,1960-03-27,B-P-01697,84583776,52.50,NEW,2026-09-15
Bluepeak,2026-08,228,BP-130083,Jonathan Sawyer,1948-05-26,B-P-01700,49066206,26.25,RENEWAL,2026-09-15
Bluepeak,2026-08,229,BP-414079,Timothy Taylor,2004-05-02,B-P-01702,67876966,16.00,RENEWAL,2026-09-15
Bluepeak,2026-08,230,BP-818704,Frank Jacobson,1952-09-21,B-P-01704,26047628,4.20,RENEWAL,2026-09-15
Bluepeak,2026-08,231,BP-262768,Rebekah Williams,1944-07-26,B-P-01714,75084135,52.50,NEW,2026-09-15
Bluepeak,2026-08,232,BP-527375,Brian Castro,1990-08-16,B-P-01723,90228424,19.00,RENEWAL,2026-09-15
Bluepeak,2026-08,233,BP-912920,Brian Castro,1990-08-16,B-P-01724,90228424,4.20,RENEWAL,2026-09-15
Bluepeak,2026-08,234,BP-249526,Dawn Riggs,1938-02-25,B-P-01725,51446845,4.20,RENEWAL,2026-09-15
Bluepeak,2026-08,235,BP-660319,Carl Coleman,1962-04-01,B-P-01743,37947372,22.00,NEW,2026-09-15
Bluepeak,2026-08,236,BP-661275,Brett Steele,1954-03-01,B-P-01777,50979283,26.25,RENEWAL,2026-09-15
Bluepeak,2026-08,237,BP-589987,Leah Porter,1938-10-20,B-P-01787,50399119,52.50,NEW,2026-09-15
Bluepeak,2026-08,238,BP-277436,Laurie Floyd,1934-05-15,B-P-01791,37947372,26.25,RENEWAL,2026-09-15
Bluepeak,2026-08,239,BP-536829,Matthew Gamble,1945-08-24,B-P-01797,50399119,26.25,RENEWAL,2026-09-15
Bluepeak,2026-08,240,BP-577947,Jennifer Davis,1942-05-14,B-P-01806,50399119,26.25,RENEWAL,2026-09-15
Bluepeak,2026-08,241,BP-167626,Jonathan Barrett,1951-03-22,B-P-01811,14829889,52.50,NEW,2026-09-15
Bluepeak,2026-08,242,BP-157228,Megan Lin,1937-06-19,B-P-01820,50399119,4.20,RENEWAL,2026-09-15
Bluepeak,2026-08,243,BP-448633,Karen Edwards,1958-11-08,B-P-01824,51446845,26.25,RENEWAL,2026-09-15
Bluepeak,2026-08,244,BP-666822,James Carpenter,1952-06-07,B-P-01834,81157097,26.25,RENEWAL,2026-09-15
Bluepeak,2026-08,245,BP-439895,Richard Carpenter,1998-01-10,B-P-01835,81157097,22.00,NEW,2026-09-15
Bluepeak,2026-08,246,BP-587213,Nicholas Parker,1949-07-28,B-P-01845,64493418,19.00,RENEWAL,2026-09-15
Bluepeak,2026-08,247,BP-341904,Nicholas Parker,1949-07-28,B-P-01846,64493418,4.20,RENEWAL,2026-09-15
Bluepeak,2026-08,248,BP-668466,Karen Leon,1946-02-07,B-P-01862,37947372,4.20,RENEWAL,2026-09-15
Bluepeak,2026-08,249,BP-779207,Gloria Ellis,1940-11-29,B-P-01879,14829889,26.25,RENEWAL,2026-09-15
Bluepeak,2026-08,250,BP-741332,Michele Reynolds,1957-11-17,B-P-01899,24647567,19.00,RENEWAL,2026-09-15
Bluepeak,2026-08,251,BP-971846,Michele Reynolds,1957-11-17,B-P-01900,24647567,4.20,RENEWAL,2026-09-15
Bluepeak,2026-08,252,BP-495885,Jennifer Shaffer,1951-11-17,B-P-01903,91146902,52.50,NEW,2026-09-15
Bluepeak,2026-08,253,BP-356500,Jeffrey Hunter,1957-06-14,B-P-01904,64493418,52.50,NEW,2026-09-15
Bluepeak,2026-08,254,BP-560161,Jason Banks,1938-01-26,B-P-01925,69777236,26.25,RENEWAL,2026-09-15
Bluepeak,2026-08,255,BP-727525,Jared Price,1955-12-22,B-P-01927,91146902,26.25,RENEWAL,2026-09-15
Bluepeak,2026-08,256,BP-446008,Gina Randolph,1939-12-11,B-P-01933,98787777,26.25,RENEWAL,2026-09-15
Bluepeak,2026-08,257,BP-452285,Martin Deleon,1943-09-04,B-P-01936,69777236,19.00,RENEWAL,2026-09-15
Bluepeak,2026-08,258,BP-849797,Martin Deleon,1943-09-04,B-P-01937,69777236,4.20,RENEWAL,2026-09-15
Bluepeak,2026-08,259,BP-806476,Kristi Hernandez,1945-09-16,B-P-01948,81157097,26.25,RENEWAL,2026-09-15
Bluepeak,2026-08,260,BP-393152,Zachary Crane,1937-12-22,B-P-01963,49066206,52.50,NEW,2026-09-15
Bluepeak,2026-08,261,BP-831861,Stephanie Myers,1940-08-06,B-P-01968,43888211,52.50,NEW,2026-09-15
Bluepeak,2026-08,262,BP-587575,Joshua Salazar,2002-05-10,B-P-01972,91146902,22.00,NEW,2026-09-15
Bluepeak,2026-08,263,BP-517792,Mario Espinoza,1936-05-03,B-P-02000,50979283,26.25,RENEWAL,2026-09-15
Bluepeak,2026-08,264,BP-190350,Andrew Sparks,1944-11-23,B-P-02001,50399119,52.50,NEW,2026-09-15
Bluepeak,2026-08,265,BP-675062,Danielle Martinez,1957-02-13,B-P-02002,14829889,19.00,RENEWAL,2026-09-15
Bluepeak,2026-08,266,BP-631452,Danielle Martinez,1957-02-13,B-P-02003,14829889,4.20,RENEWAL,2026-09-15
Bluepeak,2026-08,267,BP-817072,Paula Bradford,1948-09-13,B-P-02013,43888211,26.25,RENEWAL,2026-09-15
Bluepeak,2026-08,268,BP-696208,George Andrews,1984-09-05,B-P-02021,49066206,22.00,NEW,2026-09-15
Bluepeak,2026-08,269,BP-893874,Manuel Mclean,1984-01-03,B-P-02026,69777236,22.00,NEW,2026-09-15
Bluepeak,2026-08,270,BP-462127,Marcus Barrett,1964-10-08,B-P-02028,45462976,22.00,NEW,2026-09-15
Bluepeak,2026-08,271,BP-331849,Anthony Jacobs,1972-01-05,B-P-02039,45462976,22.00,NEW,2026-09-15
Bluepeak,2026-08,272,BP-153300,Mark Davis,1982-03-26,B-P-02041,81157097,22.00,NEW,2026-09-15
Harborline,2026-08,1,HL-437878,Michael Robinson,1963-09-10,B-P-00004,98787777,16.00,RENEWAL,2026-09-15
Harborline,2026-08,2,HL-187422,Kimberly Lopez,1934-05-21,B-P-00008,14829889,26.25,RENEWAL,2026-09-15
Harborline,2026-08,3,HL-714693,Dennis Cannon,1975-04-12,B-P-00010,59893296,26.25,RENEWAL,2026-09-15
Harborline,2026-08,4,HL-346945,James Johnson,1946-01-15,B-P-00011,64493418,4.20,RENEWAL,2026-09-15
Harborline,2026-08,5,HL-869959,Gabriella Simon,1951-06-19,B-P-00012,51446845,26.25,RENEWAL,2026-09-15
Harborline,2026-08,6,HL-576075,Stephen Mejia,1990-10-08,B-P-00014,43888211,16.00,RENEWAL,2026-09-15
Harborline,2026-08,7,HL-196420,Colleen Franklin,1958-04-10,B-P-00022,20671937,52.50,NEW,2026-09-15
Harborline,2026-08,8,HL-373864,Alexis Jackson,1957-10-23,B-P-00034,59893296,4.20,RENEWAL,2026-09-15
Harborline,2026-08,9,HL-517758,Richard Williams,1944-02-10,B-P-00045,26047628,8.40,NEW,2026-09-15
Harborline,2026-08,10,HL-605579,Ronnie Bradford,1967-02-24,B-P-00050,43888211,22.00,NEW,2026-09-15
Harborline,2026-08,11,HL-943036,Jason Fritz,1949-01-10,B-P-00051,37947372,52.50,NEW,2026-09-15
Harborline,2026-08,12,HL-735042,Brian Anderson,1937-12-05,B-P-00053,50399119,52.50,NEW,2026-09-15
Harborline,2026-08,13,HL-633101,Angelica Blevins,1934-07-16,B-P-00059,64493418,26.25,RENEWAL,2026-09-15
Harborline,2026-08,14,HL-858264,Megan Dalton,1953-04-29,B-P-00074,49066206,38.00,NEW,2026-09-15
Harborline,2026-08,15,HL-848679,Megan Dalton,1953-04-29,B-P-00075,49066206,8.40,NEW,2026-09-15
Harborline,2026-08,16,HL-433067,Belinda Garcia,1948-11-21,B-P-00087,59893296,26.25,RENEWAL,2026-09-15
Harborline,2026-08,17,HL-848611,Melissa Lopez,1940-01-24,B-P-00091,49066206,26.25,RENEWAL,2026-09-15
Harborline,2026-08,18,HL-158373,Christian Carter,1996-03-19,B-P-00097,50399119,16.00,RENEWAL,2026-09-15
Harborline,2026-08,19,HL-752028,Susan Sanchez,1944-10-07,B-P-00138,20671937,26.25,RENEWAL,2026-09-15
Harborline,2026-08,20,HL-922396,Ralph Becker,1968-09-23,B-P-00152,67876966,16.00,RENEWAL,2026-09-15
Harborline,2026-08,21,HL-998759,Kevin Phillips,1940-04-12,B-P-00155,49066206,26.25,RENEWAL,2026-09-15
Harborline,2026-08,22,HL-531802,Amanda Carter,1936-07-16,B-P-00172,59893296,52.50,NEW,2026-09-15
Harborline,2026-08,23,HL-100998,Teresa West,1997-02-03,B-P-00173,45462976,16.00,RENEWAL,2026-09-15
Harborline,2026-08,24,HL-298944,Mary Williams,1952-11-03,B-P-00178,37947372,38.00,NEW,2026-09-15
Harborline,2026-08,25,HL-730648,Mary Williams,1952-11-03,B-P-00179,37947372,8.40,NEW,2026-09-15
Harborline,2026-08,26,HL-387247,Amy Woods,1975-03-12,B-P-00181,14829889,16.00,RENEWAL,2026-09-15
Harborline,2026-08,27,HL-111102,Christopher Lee,1934-09-06,B-P-00204,9527070,26.25,RENEWAL,2026-09-15
Harborline,2026-08,28,HL-161909,Frank Holland,1946-05-18,B-P-00228,75084135,26.25,RENEWAL,2026-09-15
Harborline,2026-08,29,HL-136769,William Fields,1989-03-08,B-P-00244,90228424,22.00,NEW,2026-09-15
Harborline,2026-08,30,HL-752839,Kristina Burton,1954-05-20,B-P-00251,37947372,26.25,RENEWAL,2026-09-15
Harborline,2026-08,31,HL-976926,Grace Collins,1948-12-30,B-P-00252,75084135,52.50,NEW,2026-09-15
Harborline,2026-08,32,HL-999022,Peter Herrera,1958-08-08,B-P-00257,81157097,26.25,RENEWAL,2026-09-15
Harborline,2026-08,33,HL-764868,William Edwards,1944-11-04,B-P-00259,94445646,38.00,NEW,2026-09-15
Harborline,2026-08,34,HL-860461,William Edwards,1944-11-04,B-P-00260,94445646,8.40,NEW,2026-09-15
Harborline,2026-08,35,HL-600258,Brent Edwards,1943-02-09,B-P-00261,94445646,26.25,RENEWAL,2026-09-15
Harborline,2026-08,36,HL-827983,Kristen Walker,1957-10-23,B-P-00267,20671937,26.25,RENEWAL,2026-09-15
Harborline,2026-08,37,HL-706957,Jessica French,1961-12-09,B-P-00271,20671937,22.00,NEW,2026-09-15
Harborline,2026-08,38,HL-894483,Grant Jones,1957-05-06,B-P-00274,26047628,19.00,RENEWAL,2026-09-15
Harborline,2026-08,39,HL-500634,Grant Jones,1957-05-06,B-P-00275,26047628,4.20,RENEWAL,2026-09-15
Harborline,2026-08,40,HL-289091,Fred Miller,1936-04-25,B-P-00287,24647567,26.25,RENEWAL,2026-09-15
Harborline,2026-08,41,HL-142321,Tamara Rodriguez,1936-12-18,B-P-00297,24647567,19.00,RENEWAL,2026-09-15
Harborline,2026-08,42,HL-595294,Tamara Rodriguez,1936-12-18,B-P-00298,24647567,4.20,RENEWAL,2026-09-15
Harborline,2026-08,43,HL-508283,Laura Bradford,1970-06-20,B-P-00301,43888211,22.00,NEW,2026-09-15
Harborline,2026-08,44,HL-121566,Andrew Deleon-Hodge,1942-10-11,B-P-00303,91146902,26.25,RENEWAL,2026-09-15
Harborline,2026-08,45,HL-912530,Matthew Smith,1934-08-09,B-P-00310,43888211,26.25,RENEWAL,2026-09-15
Harborline,2026-08,46,HL-725283,Andrew Smith,1954-03-01,B-P-00312,43888211,26.25,RENEWAL,2026-09-15
Harborline,2026-08,47,HL-744464,Donald Thompson,1945-02-20,B-P-00317,51446845,26.25,RENEWAL,2026-09-15
Harborline,2026-08,48,HL-178486,Rodney Burns,1954-08-09,B-P-00324,90228424,26.25,RENEWAL,2026-09-15
Harborline,2026-08,49,HL-752977,Lee Mitchell,1954-05-25,B-P-00328,98787777,4.20,RENEWAL,2026-09-15
Harborline,2026-08,50,HL-800362,James Cruz,1997-10-24,B-P-00336,14829889,22.00,NEW,2026-09-15
Harborline,2026-08,51,HL-250180,Chelsea Hopkins,1976-05-30,B-P-00349,24647567,22.00,NEW,2026-09-15
Harborline,2026-08,52,HL-149946,Lynn Ochoa,1951-12-31,B-P-00389,9527070,19.00,RENEWAL,2026-09-15
Harborline,2026-08,53,HL-332968,Lynn Ochoa,1951-12-31,B-P-00390,9527070,4.20,RENEWAL,2026-09-15
Harborline,2026-08,54,HL-149339,Lynn Mccarthy,1935-06-15,B-P-00396,45462976,26.25,RENEWAL,2026-09-15
Harborline,2026-08,55,HL-619551,Tyrone Greene,1940-04-21,B-P-00403,37947372,26.25,RENEWAL,2026-09-15
Harborline,2026-08,56,HL-853291,Sarah Crane,1948-12-14,B-P-00411,49066206,4.20,RENEWAL,2026-09-15
Harborline,2026-08,57,HL-977924,Denise Martin,1964-12-04,B-P-00412,37947372,22.00,NEW,2026-09-15
Harborline,2026-08,58,HL-540888,Lauren Nguyen,1936-09-12,B-P-00416,93619366,4.20,RENEWAL,2026-09-15
Harborline,2026-08,59,HL-425210,Devon Guzman,1971-02-20,B-P-00418,94445646,22.00,NEW,2026-09-15
Harborline,2026-08,60,HL-826992,David Ford,1945-08-01,B-P-00450,59893296,52.50,NEW,2026-09-15
Harborline,2026-08,61,HL-810734,Amanda Larson,1985-08-14,B-P-00451,69777236,16.00,RENEWAL,2026-09-15
Harborline,2026-08,62,HL-991590,Matthew Burke,1997-12-15,B-P-00454,90228424,22.00,NEW,2026-09-15
Harborline,2026-08,63,HL-973168,Amanda Knight,1943-03-22,B-P-00467,37947372,19.00,RENEWAL,2026-09-15
Harborline,2026-08,64,HL-477086,Amanda Knight,1943-03-22,B-P-00468,37947372,4.20,RENEWAL,2026-09-15
Harborline,2026-08,65,HL-904699,Brooke Poole,1935-08-27,B-P-00469,94445646,26.25,RENEWAL,2026-09-15
Harborline,2026-08,66,HL-439815,John Hall,1942-04-27,B-P-00470,84583776,19.00,RENEWAL,2026-09-15
Harborline,2026-08,67,HL-828048,John Hall,1942-04-27,B-P-00471,84583776,4.20,RENEWAL,2026-09-15
Harborline,2026-08,68,HL-213363,Diane Rodriguez,1934-12-23,B-P-00473,26047628,19.00,RENEWAL,2026-09-15
Harborline,2026-08,69,HL-256149,Diane Rodriguez,1934-12-23,B-P-00474,26047628,4.20,RENEWAL,2026-09-15
Harborline,2026-08,70,HL-615072,Claudia Brown,1956-02-13,B-P-00478,84583776,52.50,NEW,2026-09-15
Harborline,2026-08,71,HL-214488,James Jackson,1954-06-24,B-P-00497,9527070,52.50,NEW,2026-09-15
Harborline,2026-08,72,HL-801939,Marc Martinez,1956-11-08,B-P-00504,94445646,52.50,NEW,2026-09-15
Harborline,2026-08,73,HL-630338,Laura Mccullough,1954-09-28,B-P-00519,59893296,26.25,RENEWAL,2026-09-15
Harborline,2026-08,74,HL-466406,John Francis,1942-02-11,B-P-00550,37947372,19.00,RENEWAL,2026-09-15
Harborline,2026-08,75,HL-459976,John Francis,1942-02-11,B-P-00551,37947372,4.20,RENEWAL,2026-09-15
Harborline,2026-08,76,HL-706399,Timothy Rodriguez,1983-01-10,B-P-00605,51446845,16.00,RENEWAL,2026-09-15
Harborline,2026-08,77,HL-120763,Austin Phelps,1943-06-03,B-P-00607,20671937,26.25,RENEWAL,2026-09-15
Harborline,2026-08,78,HL-509230,Cheryl Gregory,1953-07-08,B-P-00611,91146902,26.25,RENEWAL,2026-09-15
Harborline,2026-08,79,HL-356714,Megan Newman,1949-05-27,B-P-00620,51446845,19.00,RENEWAL,2026-09-15
Harborline,2026-08,80,HL-214267,Megan Newman,1949-05-27,B-P-00621,51446845,4.20,RENEWAL,2026-09-15
Harborline,2026-08,81,HL-521910,Amy Cole,1946-09-30,B-P-00624,45462976,26.25,RENEWAL,2026-09-15
Harborline,2026-08,82,HL-439060,Darren Cole,1959-02-14,B-P-00625,45462976,52.50,NEW,2026-09-15
Harborline,2026-08,83,HL-963534,Allen King,1962-09-27,B-P-00642,81157097,16.00,RENEWAL,2026-09-15
Harborline,2026-08,84,HL-717250,Judy Hall,1937-08-14,B-P-00645,49066206,26.25,RENEWAL,2026-09-15
Harborline,2026-08,85,HL-372344,Nicholas Mcfarland,1988-10-26,B-P-00652,50979283,22.00,NEW,2026-09-15
Harborline,2026-08,86,HL-329949,James Huber,1945-02-25,B-P-00657,50979283,8.40,NEW,2026-09-15
Harborline,2026-08,87,HL-641796,Sara Peterson,1946-04-05,B-P-00661,84583776,26.25,RENEWAL,2026-09-15
Harborline,2026-08,88,HL-157068,Amber Glover,1960-03-22,B-P-00663,67876966,4.20,RENEWAL,2026-09-15
Harborline,2026-08,89,HL-966451,Andrew Pena,1949-02-26,B-P-00674,37947372,19.00,RENEWAL,2026-09-15
Harborline,2026-08,90,HL-581894,Andrew Pena,1949-02-26,B-P-00675,37947372,4.20,RENEWAL,2026-09-15
Harborline,2026-08,91,HL-964371,Craig Brown,1949-08-24,B-P-00692,69777236,52.50,NEW,2026-09-15
Harborline,2026-08,92,HL-980622,Lacey Ross,1972-06-23,B-P-00697,59893296,22.00,NEW,2026-09-15
Harborline,2026-08,93,HL-900966,Thomas Ross,1956-12-01,B-P-00698,59893296,26.25,RENEWAL,2026-09-15
Harborline,2026-08,94,HL-836830,Nicole Lopez,1940-04-09,B-P-00712,84583776,8.40,NEW,2026-09-15
Harborline,2026-08,95,HL-251373,Deanna Williams,1953-01-30,B-P-00713,26047628,26.25,RENEWAL,2026-09-15
Harborline,2026-08,96,HL-574602,Thomas Williams,1939-08-16,B-P-00715,26047628,26.25,RENEWAL,2026-09-15
Harborline,2026-08,97,HL-908215,Meagan Jackson,1965-07-20,B-P-00727,26047628,22.00,NEW,2026-09-15
Harborline,2026-08,98,HL-678142,Donald Dawson,1988-06-02,B-P-00728,91146902,16.00,RENEWAL,2026-09-15
Harborline,2026-08,99,HL-676044,Brenda Mccarty,1982-11-11,B-P-00736,50399119,16.00,RENEWAL,2026-09-15
Harborline,2026-08,100,HL-324251,Dana Hood-Adams,1979-04-12,B-P-00740,50399119,16.00,RENEWAL,2026-09-15
Harborline,2026-08,101,HL-820567,Kristina Hood,1941-05-25,B-P-00741,50399119,8.40,NEW,2026-09-15
Harborline,2026-08,102,HL-490089,Amanda Contreras,1944-07-03,B-P-00744,94445646,19.00,RENEWAL,2026-09-15
Harborline,2026-08,103,HL-999632,Amanda Contreras,1944-07-03,B-P-00745,94445646,4.20,RENEWAL,2026-09-15
Harborline,2026-08,104,HL-552930,Edward Gordon,1940-11-20,B-P-00750,91146902,26.25,RENEWAL,2026-09-15
Harborline,2026-08,105,HL-668276,Earl Banks,1974-02-28,B-P-00755,50979283,16.00,RENEWAL,2026-09-15
Harborline,2026-08,106,HL-207322,Andrew Holland,2005-02-23,B-P-00761,64493418,16.00,RENEWAL,2026-09-15
Harborline,2026-08,107,HL-775809,Matthew Lyons,1948-06-03,B-P-00771,50979283,26.25,RENEWAL,2026-09-15
Harborline,2026-08,108,HL-211214,Ian Holloway,1971-04-01,B-P-00773,67876966,52.50,NEW,2026-09-15
Harborline,2026-08,109,HL-389738,Allison Hoffman,1952-03-20,B-P-00775,69777236,26.25,RENEWAL,2026-09-15
Harborline,2026-08,110,HL-258775,John Tapia,1999-05-26,B-P-00776,69777236,16.00,RENEWAL,2026-09-15
Harborline,2026-08,111,HL-226661,Dorothy Johnson,1939-08-15,B-P-00783,14829889,26.25,RENEWAL,2026-09-15
Harborline,2026-08,112,HL-135541,Lawrence Walker,1937-11-08,B-P-00790,50399119,26.25,RENEWAL,2026-09-15
Harborline,2026-08,113,HL-691149,Brandon Berg,1937-09-07,B-P-00798,20671937,26.25,RENEWAL,2026-09-15
Harborline,2026-08,114,HL-397507,Ryan Cameron,1942-03-11,B-P-00800,50979283,26.25,RENEWAL,2026-09-15
Harborline,2026-08,115,HL-872186,Brandon Smith,1959-09-23,B-P-00812,24647567,26.25,RENEWAL,2026-09-15
Harborline,2026-08,116,HL-994762,Austin Thompson,1960-08-05,B-P-00833,37947372,52.50,NEW,2026-09-15
Harborline,2026-08,117,HL-472785,James Thompson,1940-03-13,B-P-00835,37947372,26.25,RENEWAL,2026-09-15
Harborline,2026-08,118,HL-204870,Lawrence Peters,1935-10-25,B-P-00841,45462976,26.25,RENEWAL,2026-09-15
Harborline,2026-08,119,HL-315241,Holly White,2002-02-18,B-P-00849,93619366,16.00,RENEWAL,2026-09-15
Harborline,2026-08,120,HL-441567,Stacey Wiggins,1948-02-04,B-P-00856,94445646,26.25,RENEWAL,2026-09-15
Harborline,2026-08,121,HL-261136,Thomas Hamilton,1941-06-02,B-P-00865,94445646,26.25,RENEWAL,2026-09-15
Harborline,2026-08,122,HL-801190,Catherine Lopez,1945-01-28,B-P-00867,93619366,26.25,RENEWAL,2026-09-15
Harborline,2026-08,123,HL-475464,Kevin Davidson,1955-12-25,B-P-00876,24647567,26.25,RENEWAL,2026-09-15
Harborline,2026-08,124,HL-145732,Amy Obrien,1949-03-19,B-P-00877,64493418,26.25,RENEWAL,2026-09-15
Harborline,2026-08,125,HL-580677,Joe Obrien,1941-03-21,B-P-00879,64493418,52.50,NEW,2026-09-15
Harborline,2026-08,126,HL-916518,Monique Johnson,1944-05-13,B-P-00896,93619366,52.50,NEW,2026-09-15
Harborline,2026-08,127,HL-167646,Katherine Wright,1981-10-30,B-P-00905,91146902,16.00,RENEWAL,2026-09-15
Harborline,2026-08,128,HL-262148,Ricky Moore-Gonzalez,1970-12-29,B-P-00913,94445646,16.00,RENEWAL,2026-09-15
Harborline,2026-08,129,HL-416508,Kimberly White,1954-03-29,B-P-00916,26047628,26.25,RENEWAL,2026-09-15
Harborline,2026-08,130,HL-551350,Joshua Lyons,2001-11-30,B-P-00922,93619366,22.00,NEW,2026-09-15
Harborline,2026-08,131,HL-883891,Ronald Zamora,1940-07-10,B-P-00940,81157097,26.25,RENEWAL,2026-09-15
Harborline,2026-08,132,HL-261076,Charles Allen,1946-09-21,B-P-00942,50399119,4.20,RENEWAL,2026-09-15
Harborline,2026-08,133,HL-173372,Leslie Allen,1984-12-30,B-P-00943,50399119,16.00,RENEWAL,2026-09-15
Harborline,2026-08,134,HL-975206,Darren Huff,1950-01-26,B-P-00946,24647567,26.25,RENEWAL,2026-09-15
Harborline,2026-08,135,HL-174494,Lauren Parker,1959-02-18,B-P-00968,43888211,26.25,RENEWAL,2026-09-15
Harborline,2026-08,136,HL-877247,William Richards,1957-05-20,B-P-00978,90228424,52.50,NEW,2026-09-15
Harborline,2026-08,137,HL-375079,Jeff Orozco,1947-02-26,B-P-00995,98787777,26.25,RENEWAL,2026-09-15
Harborline,2026-08,138,HL-819538,Jason Simmons,1958-04-20,B-P-00996,91146902,26.25,RENEWAL,2026-09-15
Harborline,2026-08,139,HL-522273,Eddie Smith,1948-05-31,B-P-01007,67876966,26.25,RENEWAL,2026-09-15
Harborline,2026-08,140,HL-933267,Gabrielle Torres,1989-12-13,B-P-01018,84583776,22.00,NEW,2026-09-15
Harborline,2026-08,141,HL-502343,Nicole Johnson,1943-03-20,B-P-01023,9527070,26.25,RENEWAL,2026-09-15
Harborline,2026-08,142,HL-631045,Anthony Simmons,1938-01-02,B-P-01031,50399119,26.25,RENEWAL,2026-09-15
Harborline,2026-08,143,HL-771461,Alexander Fletcher,1948-11-23,B-P-01036,9527070,52.50,NEW,2026-09-15
Harborline,2026-08,144,HL-846883,Nicole Bautista,1957-04-18,B-P-01044,64493418,19.00,RENEWAL,2026-09-15
Harborline,2026-08,145,HL-304207,Nicole Bautista,1957-04-18,B-P-01045,64493418,4.20,RENEWAL,2026-09-15
Harborline,2026-08,146,HL-166381,Mark Williams,1933-11-10,B-P-01046,59893296,19.00,RENEWAL,2026-09-15
Harborline,2026-08,147,HL-196942,Mark Williams,1933-11-10,B-P-01047,59893296,4.20,RENEWAL,2026-09-15
Harborline,2026-08,148,HL-823125,Michael Horton,1933-11-28,B-P-01060,64493418,52.50,NEW,2026-09-15
Harborline,2026-08,149,HL-557990,Suzanne Dunlap,2003-02-06,B-P-01069,75084135,16.00,RENEWAL,2026-09-15
Harborline,2026-08,150,HL-916044,Melody Fletcher,1948-02-17,B-P-01073,93619366,26.25,RENEWAL,2026-09-15
Harborline,2026-08,151,HL-929028,Virginia Fletcher,1967-07-31,B-P-01074,93619366,22.00,NEW,2026-09-15
Harborline,2026-08,152,HL-967058,Nicholas Hansen,1993-04-02,B-P-01079,64493418,26.25,RENEWAL,2026-09-15
Harborline,2026-08,153,HL-899268,Peggy Johnson,1970-10-12,B-P-01096,91146902,16.00,RENEWAL,2026-09-15
Harborline,2026-08,154,HL-478340,Chad Pena,1956-01-30,B-P-01105,14829889,26.25,RENEWAL,2026-09-15
Harborline,2026-08,155,HL-745873,Diamond Davenport,1936-01-14,B-P-01111,45462976,26.25,RENEWAL,2026-09-15
Harborline,2026-08,156,HL-657171,Frank Perez,1950-11-14,B-P-01116,64493418,26.25,RENEWAL,2026-09-15
Harborline,2026-08,157,HL-279085,Adam Stuart,1963-01-27,B-P-01117,69777236,16.00,RENEWAL,2026-09-15
Harborline,2026-08,158,HL-892739,Michael Lopez,1955-03-09,B-P-01118,45462976,26.25,RENEWAL,2026-09-15
Harborline,2026-08,159,HL-432507,Anthony Lowe,1937-10-06,B-P-01127,14829889,8.40,NEW,2026-09-15
Harborline,2026-08,160,HL-167888,Christopher Richmond,1954-11-06,B-P-01131,64493418,26.25,RENEWAL,2026-09-15
Harborline,2026-08,161,HL-559406,Hannah Long,1934-12-27,B-P-01137,93619366,26.25,RENEWAL,2026-09-15
Harborline,2026-08,162,HL-800044,Christian Cross-Perkins,1971-06-07,B-P-01139,91146902,22.00,NEW,2026-09-15
Harborline,2026-08,163,HL-111749,Michael Hawkins,1950-07-19,B-P-01162,37947372,26.25,RENEWAL,2026-09-15
Harborline,2026-08,164,HL-563442,Donna Jennings,1950-11-24,B-P-01166,49066206,26.25,RENEWAL,2026-09-15
Harborline,2026-08,165,HL-807796,Scott Wood,1940-05-19,B-P-01167,67876966,26.25,RENEWAL,2026-09-15
Harborline,2026-08,166,HL-525289,Megan Davis,2000-06-05,B-P-01172,69777236,16.00,RENEWAL,2026-09-15
Harborline,2026-08,167,HL-509023,Hannah Garcia,1944-01-02,B-P-01189,98787777,26.25,RENEWAL,2026-09-15
Harborline,2026-08,168,HL-816687,Carolyn Gould,1943-06-09,B-P-01198,24647567,52.50,NEW,2026-09-15
Harborline,2026-08,169,HL-411805,Michelle Anderson,1979-08-23,B-P-01207,24647567,26.25,RENEWAL,2026-09-15
Harborline,2026-08,170,HL-324592,Julia Hernandez,1934-08-06,B-P-01221,51446845,26.25,RENEWAL,2026-09-15
Harborline,2026-08,171,HL-239540,Gregory Hernandez,1944-06-14,B-P-01222,51446845,26.25,RENEWAL,2026-09-15
Harborline,2026-08,172,HL-814614,Grant Gutierrez,1985-02-24,B-P-01228,9527070,16.00,RENEWAL,2026-09-15
Harborline,2026-08,173,HL-654705,Edward Patel,1954-09-12,B-P-01230,26047628,26.25,RENEWAL,2026-09-15
Harborline,2026-08,174,HL-656145,Maurice Valdez,1956-06-16,B-P-01231,84583776,19.00,RENEWAL,2026-09-15
Harborline,2026-08,175,HL-723333,Maurice Valdez,1956-06-16,B-P-01232,84583776,4.20,RENEWAL,2026-09-15
Harborline,2026-08,176,HL-277386,Cassandra Perry,1938-09-17,B-P-01245,14829889,26.25,RENEWAL,2026-09-15
Harborline,2026-08,177,HL-160804,Deanna Terry,1945-01-15,B-P-01251,69777236,52.50,NEW,2026-09-15
Harborline,2026-08,178,HL-605720,Gregory Wood,1946-09-15,B-P-01257,49066206,26.25,RENEWAL,2026-09-15
Harborline,2026-08,179,HL-867235,Ashley Martinez,1955-03-05,B-P-01260,9527070,26.25,RENEWAL,2026-09-15
Harborline,2026-08,180,HL-852483,Evan Wright,1949-06-20,B-P-01263,91146902,26.25,RENEWAL,2026-09-15
Harborline,2026-08,181,HL-140940,Barry Adams,2001-10-30,B-P-01282,14829889,16.00,RENEWAL,2026-09-15
Harborline,2026-08,182,HL-947132,Kayla Horne,1975-01-13,B-P-01291,37947372,22.00,NEW,2026-09-15
Harborline,2026-08,183,HL-582794,Deborah Travis,1938-10-20,B-P-01309,90228424,4.20,RENEWAL,2026-09-15
Harborline,2026-08,184,HL-607150,Melinda Travis,1960-04-15,B-P-01310,90228424,52.50,NEW,2026-09-15
Harborline,2026-08,185,HL-877152,Stacy Shepard,1946-05-07,B-P-01312,37947372,19.00,RENEWAL,2026-09-15
Harborline,2026-08,186,HL-715082,Stacy Shepard,1946-05-07,B-P-01313,37947372,4.20,RENEWAL,2026-09-15
Harborline,2026-08,187,HL-908138,Melissa Simmons,1981-12-14,B-P-01325,43888211,22.00,NEW,2026-09-15
Harborline,2026-08,188,HL-647025,Victoria Mcdonald,1954-10-07,B-P-01326,50979283,19.00,RENEWAL,2026-09-15
Harborline,2026-08,189,HL-545088,Victoria Mcdonald,1954-10-07,B-P-01327,50979283,4.20,RENEWAL,2026-09-15
Harborline,2026-08,190,HL-516490,Cameron Stokes,1937-09-14,B-P-01335,69777236,26.25,RENEWAL,2026-09-15
Harborline,2026-08,191,HL-678938,Timothy Bell,1939-05-16,B-P-01336,9527070,26.25,RENEWAL,2026-09-15
Harborline,2026-08,192,HL-752931,Leslie Hill,1959-12-31,B-P-01342,81157097,4.20,RENEWAL,2026-09-15
Harborline,2026-08,193,HL-338365,Amanda Rollins,1943-12-31,B-P-01344,50399119,26.25,RENEWAL,2026-09-15
Harborline,2026-08,194,HL-407239,Matthew Winters,1991-01-08,B-P-01351,69777236,16.00,RENEWAL,2026-09-15
Harborline,2026-08,195,HL-842560,Brian Jacobs,1952-07-05,B-P-01353,67876966,26.25,RENEWAL,2026-09-15
Harborline,2026-08,196,HL-235744,James Dennis,1937-02-08,B-P-01355,94445646,52.50,NEW,2026-09-15
Harborline,2026-08,197,HL-277106,Sandra Ayala,1952-03-18,B-P-01360,67876966,26.25,RENEWAL,2026-09-15
Harborline,2026-08,198,HL-890020,Daniel Robertson,1935-01-27,B-P-01362,98787777,52.50,NEW,2026-09-15
Harborline,2026-08,199,HL-574358,Mary Miller,1971-11-03,B-P-01373,91146902,16.00,RENEWAL,2026-09-15
Harborline,2026-08,200,HL-380144,Erik Jones,1956-10-02,B-P-01379,50399119,26.25,RENEWAL,2026-09-15
Harborline,2026-08,201,HL-555603,James Smith,1954-05-24,B-P-01394,20671937,52.50,NEW,2026-09-15
Harborline,2026-08,202,HL-747551,Priscilla Smith,1944-09-24,B-P-01396,20671937,4.20,RENEWAL,2026-09-15
Harborline,2026-08,203,HL-503783,Billy Wallace,1953-05-05,B-P-01400,75084135,52.50,NEW,2026-09-15
Harborline,2026-08,204,HL-399340,Maria Murphy,1940-10-02,B-P-01402,9527070,52.50,NEW,2026-09-15
Harborline,2026-08,205,HL-164929,Judith Wallace,1953-11-17,B-P-01404,91146902,26.25,RENEWAL,2026-09-15
Harborline,2026-08,206,HL-867353,Jill Flynn,2004-09-14,B-P-01409,64493418,22.00,NEW,2026-09-15
Harborline,2026-08,207,HL-838691,Blake Martinez,1937-02-17,B-P-01419,98787777,26.25,RENEWAL,2026-09-15
Harborline,2026-08,208,HL-474357,Debra Phillips,1953-03-24,B-P-01423,50979283,26.25,RENEWAL,2026-09-15
Harborline,2026-08,209,HL-812079,William Mendoza,1939-06-29,B-P-01429,43888211,26.25,RENEWAL,2026-09-15
Harborline,2026-08,210,HL-699685,Michael Smith,1941-09-10,B-P-01433,50399119,52.50,NEW,2026-09-15
Harborline,2026-08,211,HL-259579,Dustin Wade,1939-12-02,B-P-01436,84583776,26.25,RENEWAL,2026-09-15
Harborline,2026-08,212,HL-819173,Andrea Ferguson,1956-09-03,B-P-01437,98787777,19.00,RENEWAL,2026-09-15
Harborline,2026-08,213,HL-687442,Andrea Ferguson,1956-09-03,B-P-01438,98787777,4.20,RENEWAL,2026-09-15
Harborline,2026-08,214,HL-242446,Marie Williams,1942-01-27,B-P-01440,51446845,19.00,RENEWAL,2026-09-15
Harborline,2026-08,215,HL-437739,Marie Williams,1942-01-27,B-P-01441,51446845,4.20,RENEWAL,2026-09-15
Harborline,2026-08,216,HL-361333,David Fuller,1940-09-28,B-P-01443,50399119,26.25,RENEWAL,2026-09-15
Harborline,2026-08,217,HL-509658,William Freeman,1940-09-01,B-P-01456,50979283,26.25,RENEWAL,2026-09-15
Harborline,2026-08,218,HL-463471,Brenda Lee,1940-07-25,B-P-01477,90228424,52.50,NEW,2026-09-15
Harborline,2026-08,219,HL-518519,Diana Preston,1958-07-22,B-P-01479,24647567,52.50,NEW,2026-09-15
Harborline,2026-08,220,HL-772413,Denise Melendez,1936-08-22,B-P-01504,43888211,26.25,RENEWAL,2026-09-15
Harborline,2026-08,221,HL-786239,Scott Kaufman,1942-02-20,B-P-01509,84583776,52.50,NEW,2026-09-15
Harborline,2026-08,222,HL-647795,Amy Walker,1938-06-25,B-P-01521,81157097,52.50,NEW,2026-09-15
Harborline,2026-08,223,HL-392688,Michael Lynch,1941-12-15,B-P-01529,50979283,52.50,NEW,2026-09-15
Harborline,2026-08,224,HL-124076,Daniel Wilson,1949-03-08,B-P-01535,84583776,52.50,NEW,2026-09-15
Harborline,2026-08,225,HL-715083,Cassandra Collins,1935-06-05,B-P-01539,67876966,26.25,RENEWAL,2026-09-15
Harborline,2026-08,226,HL-420684,Craig Harper,1989-01-14,B-P-01547,43888211,16.00,RENEWAL,2026-09-15
Harborline,2026-08,227,HL-741491,Michael Harper,1949-07-29,B-P-01548,43888211,26.25,RENEWAL,2026-09-15
Harborline,2026-08,228,HL-141516,Jose Thomas,1950-03-14,B-P-01559,67876966,26.25,RENEWAL,2026-09-15
Harborline,2026-08,229,HL-364457,Sara Peters,1960-03-24,B-P-01578,94445646,19.00,RENEWAL,2026-09-15
Harborline,2026-08,230,HL-514660,Sara Peters,1960-03-24,B-P-01579,94445646,4.20,RENEWAL,2026-09-15
Harborline,2026-08,231,HL-192647,Daniel Gutierrez,1935-06-09,B-P-01580,69777236,19.00,RENEWAL,2026-09-15
Harborline,2026-08,232,HL-554282,Daniel Gutierrez,1935-06-09,B-P-01581,69777236,4.20,RENEWAL,2026-09-15
Harborline,2026-08,233,HL-106639,Shannon Miller,1937-04-11,B-P-01601,98787777,26.25,RENEWAL,2026-09-15
Harborline,2026-08,234,HL-214203,Kimberly Gonzalez,1937-10-17,B-P-01612,49066206,26.25,RENEWAL,2026-09-15
Harborline,2026-08,235,HL-137375,Jeffrey Williamson,1940-02-01,B-P-01626,51446845,26.25,RENEWAL,2026-09-15
Harborline,2026-08,236,HL-978060,Veronica Myers,1958-01-11,B-P-01632,43888211,4.20,RENEWAL,2026-09-15
Harborline,2026-08,237,HL-833162,Brandon Hoffman,1945-01-15,B-P-01639,98787777,26.25,RENEWAL,2026-09-15
Harborline,2026-08,238,HL-123323,Joshua Lopez,1942-05-10,B-P-01641,81157097,26.25,RENEWAL,2026-09-15
Harborline,2026-08,239,HL-293617,John Dickerson,1938-01-20,B-P-01648,50399119,19.00,RENEWAL,2026-09-15
Harborline,2026-08,240,HL-342497,John Dickerson,1938-01-20,B-P-01649,50399119,4.20,RENEWAL,2026-09-15
Harborline,2026-08,241,HL-695977,Richard Kramer,1956-12-27,B-P-01666,50979283,26.25,RENEWAL,2026-09-15
Harborline,2026-08,242,HL-268099,Karen Chapman,1977-02-23,B-P-01676,49066206,22.00,NEW,2026-09-15
Harborline,2026-08,243,HL-328775,Mark Murray,1973-04-11,B-P-01716,26047628,22.00,NEW,2026-09-15
Harborline,2026-08,244,HL-659619,Gregory Watts,1971-10-23,B-P-01732,37947372,22.00,NEW,2026-09-15
Harborline,2026-08,245,HL-894398,Joshua Barnes,1982-09-18,B-P-01737,94445646,22.00,NEW,2026-09-15
Harborline,2026-08,246,HL-341770,Jessica Peck,1956-04-23,B-P-01744,98787777,38.00,NEW,2026-09-15
Harborline,2026-08,247,HL-560804,Jessica Peck,1956-04-23,B-P-01745,98787777,8.40,NEW,2026-09-15
Harborline,2026-08,248,HL-392280,Michael Prince,1949-07-20,B-P-01750,49066206,26.25,RENEWAL,2026-09-15
Harborline,2026-08,249,HL-414027,Thomas Miller,1955-08-06,B-P-01766,91146902,26.25,RENEWAL,2026-09-15
Harborline,2026-08,250,HL-956729,Christopher Adams,1985-12-28,B-P-01770,9527070,16.00,RENEWAL,2026-09-15
Harborline,2026-08,251,HL-765398,Emily Adams,1939-09-05,B-P-01771,9527070,26.25,RENEWAL,2026-09-15
Harborline,2026-08,252,HL-242916,Misty Solomon,2004-12-23,B-P-01774,67876966,22.00,NEW,2026-09-15
Harborline,2026-08,253,HL-326155,Deanna Harris,1933-10-15,B-P-01781,81157097,19.00,RENEWAL,2026-09-15
Harborline,2026-08,254,HL-776922,Deanna Harris,1933-10-15,B-P-01782,81157097,4.20,RENEWAL,2026-09-15
Harborline,2026-08,255,HL-143691,Brittney Neal,1959-06-11,B-P-01785,37947372,26.25,RENEWAL,2026-09-15
Harborline,2026-08,256,HL-471220,George Lee,1954-02-24,B-P-01788,64493418,26.25,RENEWAL,2026-09-15
Harborline,2026-08,257,HL-931198,Katherine Mccarthy,1939-07-28,B-P-01830,20671937,52.50,NEW,2026-09-15
Harborline,2026-08,258,HL-146007,Michelle Barber,1986-07-02,B-P-01833,90228424,16.00,RENEWAL,2026-09-15
Harborline,2026-08,259,HL-718524,Robert Carter,1993-09-22,B-P-01837,98787777,22.00,NEW,2026-09-15
Harborline,2026-08,260,HL-539525,Karina Walls,1954-12-05,B-P-01838,14829889,26.25,RENEWAL,2026-09-15
Harborline,2026-08,261,HL-752943,Stephanie Marsh,1979-09-11,B-P-01840,67876966,16.00,RENEWAL,2026-09-15
Harborline,2026-08,262,HL-365865,Amanda Anderson,1956-03-18,B-P-01854,24647567,4.20,RENEWAL,2026-09-15
Harborline,2026-08,263,HL-930506,Tara Walters,1944-06-07,B-P-01871,91146902,26.25,RENEWAL,2026-09-15
Harborline,2026-08,264,HL-880108,Lori Hansen,2004-10-27,B-P-01892,64493418,22.00,NEW,2026-09-15
Harborline,2026-08,265,HL-647965,Jill Perez,1946-04-11,B-P-01906,26047628,26.25,RENEWAL,2026-09-15
Harborline,2026-08,266,HL-752637,Steve Wolfe,1939-05-22,B-P-01914,14829889,26.25,RENEWAL,2026-09-15
Harborline,2026-08,267,HL-795004,Theresa Beck,1947-09-25,B-P-01951,50979283,19.00,RENEWAL,2026-09-15
Harborline,2026-08,268,HL-867355,Theresa Beck,1947-09-25,B-P-01952,50979283,4.20,RENEWAL,2026-09-15
Harborline,2026-08,269,HL-510400,Andrea Holland,2005-02-23,B-P-02004,64493418,16.00,RENEWAL,2026-09-15
Harborline,2026-08,270,HL-960756,Dennis Melendez,1936-08-22,B-P-02009,43888211,26.25,RENEWAL,2026-09-15
Harborline,2026-08,271,HL-317517,Briana Anderson,1937-12-05,B-P-02011,50399119,52.50,NEW,2026-09-15
Harborline,2026-08,272,HL-915081,Michelle Smith,1941-09-10,B-P-02016,50399119,52.50,NEW,2026-09-15
Harborline,2026-08,273,HL-369693,Dylan Kane,1980-12-17,B-P-02018,84583776,22.00,NEW,2026-09-15
Harborline,2026-08,274,HL-534286,Kevin Myers,1984-02-29,B-P-02032,43888211,22.00,NEW,2026-09-15
Cardinal Mutual,2026-08,1,CM-841994,Deanna Fernandez,1944-04-23,B-P-00001,49066206,26.25,RENEWAL,2026-09-15
Cardinal Mutual,2026-08,2,CM-353388,Lindsay Duran,1955-09-12,B-P-00036,51446845,26.25,RENEWAL,2026-09-15
Cardinal Mutual,2026-08,3,CM-629790,Jacqueline Vasquez,1950-11-03,B-P-00037,91146902,26.25,RENEWAL,2026-09-15
Cardinal Mutual,2026-08,4,CM-656520,Kathy Cook,1952-05-15,B-P-00054,98787777,26.25,RENEWAL,2026-09-15
Cardinal Mutual,2026-08,5,CM-463432,Jessica Murray,1944-02-29,B-P-00055,91146902,19.00,RENEWAL,2026-09-15
Cardinal Mutual,2026-08,6,CM-641988,Jessica Murray,1944-02-29,B-P-00056,91146902,4.20,RENEWAL,2026-09-15
Cardinal Mutual,2026-08,7,CM-186405,Dana Hansen,1957-08-09,B-P-00058,9527070,26.25,RENEWAL,2026-09-15
Cardinal Mutual,2026-08,8,CM-183658,Tara Rivas,1959-03-25,B-P-00065,94445646,26.25,RENEWAL,2026-09-15
Cardinal Mutual,2026-08,9,CM-102272,Thomas Vega-Rowland,1957-05-12,B-P-00072,75084135,52.50,NEW,2026-09-15
Cardinal Mutual,2026-08,10,CM-238890,Frank Mcdaniel,1951-09-05,B-P-00101,91146902,26.25,RENEWAL,2026-09-15
Cardinal Mutual,2026-08,11,CM-330219,Mitchell Russell,1960-08-04,B-P-00103,93619366,8.40,NEW,2026-09-15
Cardinal Mutual,2026-08,12,CM-118672,Chase Webb,1951-05-31,B-P-00105,20671937,26.25,RENEWAL,2026-09-15
Cardinal Mutual,2026-08,13,CM-871666,William Rowe,1938-06-23,B-P-00135,51446845,8.40,NEW,2026-09-15
Cardinal Mutual,2026-08,14,CM-397174,Melissa Gonzalez,1955-09-06,B-P-00142,69777236,52.50,NEW,2026-09-15
Cardinal Mutual,2026-08,15,CM-602538,Emma Williams,1959-03-17,B-P-00144,26047628,26.25,RENEWAL,2026-09-15
Cardinal Mutual,2026-08,16,CM-243240,Katie Zimmerman,1952-01-25,B-P-00145,59893296,26.25,RENEWAL,2026-09-15
Cardinal Mutual,2026-08,17,CM-155234,Tanya Zimmerman,1958-04-10,B-P-00147,59893296,52.50,NEW,2026-09-15
Cardinal Mutual,2026-08,18,CM-802270,Dale Frank,1934-03-09,B-P-00164,93619366,19.00,RENEWAL,2026-09-15
Cardinal Mutual,2026-08,19,CM-753408,Dale Frank,1934-03-09,B-P-00165,93619366,4.20,RENEWAL,2026-09-15
Cardinal Mutual,2026-08,20,CM-637224,Beth Cervantes,1945-03-31,B-P-00187,45462976,4.20,RENEWAL,2026-09-15
Cardinal Mutual,2026-08,21,CM-113014,William Tran,1956-03-18,B-P-00190,26047628,38.00,NEW,2026-09-15
Cardinal Mutual,2026-08,22,CM-972879,William Tran,1956-03-18,B-P-00191,26047628,8.40,NEW,2026-09-15
Cardinal Mutual,2026-08,23,CM-493331,Jamie Johnston,1981-04-08,B-P-00197,26047628,22.00,NEW,2026-09-15
Cardinal Mutual,2026-08,24,CM-243908,Wayne Brown,1947-04-29,B-P-00210,45462976,26.25,RENEWAL,2026-09-15
Cardinal Mutual,2026-08,25,CM-666659,Micheal Harvey,1957-08-16,B-P-00217,90228424,26.25,RENEWAL,2026-09-15
Cardinal Mutual,2026-08,26,CM-261560,Brandy Glenn,1944-01-13,B-P-00227,67876966,26.25,RENEWAL,2026-09-15
Cardinal Mutual,2026-08,27,CM-519281,Brad Gordon,1949-02-07,B-P-00233,50399119,26.25,RENEWAL,2026-09-15
Cardinal Mutual,2026-08,28,CM-962093,John Hoover,1941-12-15,B-P-00235,50399119,26.25,RENEWAL,2026-09-15
Cardinal Mutual,2026-08,29,CM-960882,Michael Green-Anderson,1937-09-04,B-P-00240,26047628,26.25,RENEWAL,2026-09-15
Cardinal Mutual,2026-08,30,CM-554402,Sheryl Terrell,1956-08-20,B-P-00248,20671937,26.25,RENEWAL,2026-09-15
Cardinal Mutual,2026-08,31,CM-538457,April Wheeler,1948-03-03,B-P-00262,51446845,26.25,RENEWAL,2026-09-15
Cardinal Mutual,2026-08,32,CM-225077,Alexis Clark,1951-08-27,B-P-00283,59893296,26.25,RENEWAL,2026-09-15
Cardinal Mutual,2026-08,33,CM-942912,Dustin Watson,1942-11-07,B-P-00309,93619366,52.50,NEW,2026-09-15
Cardinal Mutual,2026-08,34,CM-690935,Helen Franklin,1952-10-15,B-P-00313,93619366,26.25,RENEWAL,2026-09-15
Cardinal Mutual,2026-08,35,CM-916081,Julie Thompson,1939-08-29,B-P-00316,51446845,52.50,NEW,2026-09-15
Cardinal Mutual,2026-08,36,CM-533550,Angela Williams,1950-01-16,B-P-00319,81157097,26.25,RENEWAL,2026-09-15
Cardinal Mutual,2026-08,37,CM-712739,Emily Williams,1934-10-10,B-P-00321,81157097,52.50,NEW,2026-09-15
Cardinal Mutual,2026-08,38,CM-980213,Brian Hawkins,1957-03-17,B-P-00332,75084135,26.25,RENEWAL,2026-09-15
Cardinal Mutual,2026-08,39,CM-326379,Steven Singleton,1943-10-23,B-P-00333,69777236,4.20,RENEWAL,2026-09-15
Cardinal Mutual,2026-08,40,CM-549629,Christine Wright,1947-02-18,B-P-00366,67876966,52.50,NEW,2026-09-15
Cardinal Mutual,2026-08,41,CM-429679,Susan Miller,1959-07-19,B-P-00369,69777236,4.20,RENEWAL,2026-09-15
Cardinal Mutual,2026-08,42,CM-626534,Danielle Quinn,1960-07-26,B-P-00376,84583776,52.50,NEW,2026-09-15
Cardinal Mutual,2026-08,43,CM-552404,Mason Hanson,1962-01-15,B-P-00379,67876966,16.00,RENEWAL,2026-09-15
Cardinal Mutual,2026-08,44,CM-625121,Brittany Hanson,1937-11-11,B-P-00380,67876966,26.25,RENEWAL,2026-09-15
Cardinal Mutual,2026-08,45,CM-177300,Michael Morris,1938-01-19,B-P-00385,51446845,26.25,RENEWAL,2026-09-15
Cardinal Mutual,2026-08,46,CM-375652,Manuel Castillo,1940-10-16,B-P-00395,14829889,26.25,RENEWAL,2026-09-15
Cardinal Mutual,2026-08,47,CM-507533,Kevin Knight,1955-01-07,B-P-00400,93619366,26.25,RENEWAL,2026-09-15
Cardinal Mutual,2026-08,48,CM-121237,Francisco Knight,1942-09-14,B-P-00401,93619366,26.25,RENEWAL,2026-09-15
Cardinal Mutual,2026-08,49,CM-178206,Donna Smith,1959-05-30,B-P-00424,94445646,52.50,NEW,2026-09-15
Cardinal Mutual,2026-08,50,CM-681078,Renee Colon,1949-10-02,B-P-00426,67876966,26.25,RENEWAL,2026-09-15
Cardinal Mutual,2026-08,51,CM-426317,Melissa Richardson,1941-02-13,B-P-00436,91146902,19.00,RENEWAL,2026-09-15
Cardinal Mutual,2026-08,52,CM-772806,Melissa Richardson,1941-02-13,B-P-00437,91146902,4.20,RENEWAL,2026-09-15
Cardinal Mutual,2026-08,53,CM-650069,Evelyn Dennis,1957-06-17,B-P-00452,51446845,26.25,RENEWAL,2026-09-15
Cardinal Mutual,2026-08,54,CM-923452,Erin Moore,1954-10-02,B-P-00463,51446845,19.00,RENEWAL,2026-09-15
Cardinal Mutual,2026-08,55,CM-168595,Erin Moore,1954-10-02,B-P-00464,51446845,4.20,RENEWAL,2026-09-15
Cardinal Mutual,2026-08,56,CM-930765,Tasha Rodriguez,1933-11-14,B-P-00475,26047628,26.25,RENEWAL,2026-09-15
Cardinal Mutual,2026-08,57,CM-390201,Martin Edwards,1934-09-03,B-P-00485,98787777,26.25,RENEWAL,2026-09-15
Cardinal Mutual,2026-08,58,CM-229852,Jennifer Gutierrez,1943-05-17,B-P-00493,49066206,52.50,NEW,2026-09-15
Cardinal Mutual,2026-08,59,CM-520907,Kimberly Davis,1952-10-23,B-P-00498,20671937,26.25,RENEWAL,2026-09-15
Cardinal Mutual,2026-08,60,CM-607950,Marvin Beard,2004-01-17,B-P-00500,64493418,16.00,RENEWAL,2026-09-15
Cardinal Mutual,2026-08,61,CM-376383,Troy Thomas-Dougherty,1994-01-11,B-P-00509,49066206,16.00,RENEWAL,2026-09-15
Cardinal Mutual,2026-08,62,CM-332297,Todd Ritter,1942-12-06,B-P-00512,64493418,26.25,RENEWAL,2026-09-15
Cardinal Mutual,2026-08,63,CM-975840,Jack Patel,1983-04-24,B-P-00516,43888211,16.00,RENEWAL,2026-09-15
Cardinal Mutual,2026-08,64,CM-500637,John Mccullough,1973-06-18,B-P-00518,59893296,22.00,NEW,2026-09-15
Cardinal Mutual,2026-08,65,CM-503079,Scott Wright,1951-04-21,B-P-00533,69777236,26.25,RENEWAL,2026-09-15
Cardinal Mutual,2026-08,66,CM-584063,Matthew Moreno,1944-05-18,B-P-00554,49066206,26.25,RENEWAL,2026-09-15
Cardinal Mutual,2026-08,67,CM-247424,Ryan Reed,1942-06-18,B-P-00561,69777236,26.25,RENEWAL,2026-09-15
Cardinal Mutual,2026-08,68,CM-144656,Jill Smith,1972-12-29,B-P-00565,43888211,19.00,RENEWAL,2026-09-15
Cardinal Mutual,2026-08,69,CM-748068,Jill Smith,1972-12-29,B-P-00566,43888211,4.20,RENEWAL,2026-09-15
Cardinal Mutual,2026-08,70,CM-739130,Vanessa Hickman,1991-04-13,B-P-00573,37947372,16.00,RENEWAL,2026-09-15
Cardinal Mutual,2026-08,71,CM-877526,Matthew Morris,1995-07-08,B-P-00581,26047628,22.00,NEW,2026-09-15
Cardinal Mutual,2026-08,72,CM-825317,Ryan Mata,1942-07-11,B-P-00589,75084135,26.25,RENEWAL,2026-09-15
Cardinal Mutual,2026-08,73,CM-872892,Cynthia Mata,1975-12-24,B-P-00590,75084135,16.00,RENEWAL,2026-09-15
Cardinal Mutual,2026-08,74,CM-698900,Lindsey Smith,1936-03-12,B-P-00597,91146902,26.25,RENEWAL,2026-09-15
Cardinal Mutual,2026-08,75,CM-831302,Joshua Hartman,1942-06-10,B-P-00600,50399119,26.25,RENEWAL,2026-09-15
Cardinal Mutual,2026-08,76,CM-383860,Alyssa Reed,1951-10-23,B-P-00619,26047628,26.25,RENEWAL,2026-09-15
Cardinal Mutual,2026-08,77,CM-467313,Tracy George,1951-05-31,B-P-00622,81157097,52.50,NEW,2026-09-15
Cardinal Mutual,2026-08,78,CM-838282,Robert Miranda,2002-05-03,B-P-00623,14829889,16.00,RENEWAL,2026-09-15
Cardinal Mutual,2026-08,79,CM-745835,Angie Martin,1945-04-27,B-P-00632,81157097,4.20,RENEWAL,2026-09-15
Cardinal Mutual,2026-08,80,CM-305360,Tina Cole,1954-08-14,B-P-00639,24647567,26.25,RENEWAL,2026-09-15
Cardinal Mutual,2026-08,81,CM-305165,Carolyn Wright,1991-08-15,B-P-00662,94445646,52.50,NEW,2026-09-15
Cardinal Mutual,2026-08,82,CM-250859,Elizabeth Harris,1981-08-30,B-P-00669,51446845,22.00,NEW,2026-09-15
Cardinal Mutual,2026-08,83,CM-783078,Jacob Smith,1942-02-08,B-P-00700,49066206,52.50,NEW,2026-09-15
Cardinal Mutual,2026-08,84,CM-640005,Janice Murray,1946-08-08,B-P-00711,14829889,26.25,RENEWAL,2026-09-15
Cardinal Mutual,2026-08,85,CM-242688,Stephanie Anderson,1954-04-11,B-P-00724,50979283,26.25,RENEWAL,2026-09-15
Cardinal Mutual,2026-08,86,CM-693156,Willie Holt,1993-10-09,B-P-00729,75084135,16.00,RENEWAL,2026-09-15
Cardinal Mutual,2026-08,87,CM-289617,Bradley Suarez,1938-02-03,B-P-00730,50979283,26.25,RENEWAL,2026-09-15
Cardinal Mutual,2026-08,88,CM-597407,Joseph Johnson,1996-03-02,B-P-00731,50399119,22.00,NEW,2026-09-15
Cardinal Mutual,2026-08,89,CM-659794,Suzanne Sanford,1943-09-20,B-P-00733,20671937,52.50,NEW,2026-09-15
Cardinal Mutual,2026-08,90,CM-900075,Lauren Washington,1959-10-17,B-P-00735,64493418,26.25,RENEWAL,2026-09-15
Cardinal Mutual,2026-08,91,CM-609049,Jessica Contreras,1957-01-10,B-P-00743,94445646,52.50,NEW,2026-09-15
Cardinal Mutual,2026-08,92,CM-153928,Patrick Gordon,1933-10-02,B-P-00749,91146902,26.25,RENEWAL,2026-09-15
Cardinal Mutual,2026-08,93,CM-463659,Michael Blackburn,2003-11-30,B-P-00752,26047628,16.00,RENEWAL,2026-09-15
Cardinal Mutual,2026-08,94,CM-185447,Virginia Jenkins,1935-06-21,B-P-00793,51446845,38.00,NEW,2026-09-15
Cardinal Mutual,2026-08,95,CM-169729,Virginia Jenkins,1935-06-21,B-P-00794,51446845,8.40,NEW,2026-09-15
Cardinal Mutual,2026-08,96,CM-162379,Justin Hall,1955-02-11,B-P-00797,26047628,52.50,NEW,2026-09-15
Cardinal Mutual,2026-08,97,CM-704497,Deborah Rivera,1990-02-17,B-P-00799,75084135,16.00,RENEWAL,2026-09-15
Cardinal Mutual,2026-08,98,CM-582515,John Morris,1943-01-16,B-P-00804,37947372,26.25,RENEWAL,2026-09-15
Cardinal Mutual,2026-08,99,CM-568856,Emily Lee,1948-04-14,B-P-00808,24647567,52.50,NEW,2026-09-15
Cardinal Mutual,2026-08,100,CM-985733,Kurt Elliott,1953-05-25,B-P-00818,84583776,26.25,RENEWAL,2026-09-15
Cardinal Mutual,2026-08,101,CM-168696,Helen Wells,1989-01-29,B-P-00819,94445646,22.00,NEW,2026-09-15
Cardinal Mutual,2026-08,102,CM-958073,Christopher Willis,1943-10-14,B-P-00828,90228424,26.25,RENEWAL,2026-09-15
Cardinal Mutual,2026-08,103,CM-759032,Alison Davis,1986-03-17,B-P-00829,84583776,22.00,NEW,2026-09-15
Cardinal Mutual,2026-08,104,CM-597802,John Bailey,1937-11-14,B-P-00837,91146902,52.50,NEW,2026-09-15
Cardinal Mutual,2026-08,105,CM-111838,David White,1976-11-22,B-P-00848,93619366,16.00,RENEWAL,2026-09-15
Cardinal Mutual,2026-08,106,CM-405340,Brandon White,1959-08-02,B-P-00853,64493418,19.00,RENEWAL,2026-09-15
Cardinal Mutual,2026-08,107,CM-987266,Brandon White,1959-08-02,B-P-00854,64493418,4.20,RENEWAL,2026-09-15
Cardinal Mutual,2026-08,108,CM-770569,William Phillips,1986-07-07,B-P-00858,37947372,22.00,NEW,2026-09-15
Cardinal Mutual,2026-08,109,CM-489519,Michael Warren,1940-01-12,B-P-00862,69777236,26.25,RENEWAL,2026-09-15
Cardinal Mutual,2026-08,110,CM-173106,Martha Hamilton,1944-11-30,B-P-00866,94445646,26.25,RENEWAL,2026-09-15
Cardinal Mutual,2026-08,111,CM-646957,Juan Page,1947-09-11,B-P-00871,37947372,26.25,RENEWAL,2026-09-15
Cardinal Mutual,2026-08,112,CM-680636,Lori Vasquez,1954-03-12,B-P-00872,67876966,19.00,RENEWAL,2026-09-15
Cardinal Mutual,2026-08,113,CM-852989,Lori Vasquez,1954-03-12,B-P-00873,67876966,4.20,RENEWAL,2026-09-15
Cardinal Mutual,2026-08,114,CM-275879,Kelly Ray,1968-12-16,B-P-00882,49066206,22.00,NEW,2026-09-15
Cardinal Mutual,2026-08,115,CM-704816,Evan Clark,1954-02-02,B-P-00904,43888211,8.40,NEW,2026-09-15
Cardinal Mutual,2026-08,116,CM-223758,James Lyons,1939-02-23,B-P-00921,93619366,26.25,RENEWAL,2026-09-15
Cardinal Mutual,2026-08,117,CM-922829,Kim Graves,1954-03-25,B-P-00926,20671937,26.25,RENEWAL,2026-09-15
Cardinal Mutual,2026-08,118,CM-864409,Edward Griffith,1940-03-14,B-P-00932,75084135,26.25,RENEWAL,2026-09-15
Cardinal Mutual,2026-08,119,CM-505767,Jerome Lee,1939-12-14,B-P-00939,93619366,26.25,RENEWAL,2026-09-15
Cardinal Mutual,2026-08,120,CM-287407,Ryan Parker,1992-03-21,B-P-00948,26047628,22.00,NEW,2026-09-15
Cardinal Mutual,2026-08,121,CM-158233,Jose Mata,1949-11-10,B-P-00954,50399119,26.25,RENEWAL,2026-09-15
Cardinal Mutual,2026-08,122,CM-904647,Eric White,1994-12-20,B-P-00956,37947372,22.00,NEW,2026-09-15
Cardinal Mutual,2026-08,123,CM-557262,Melinda Osborne,1992-11-25,B-P-00959,20671937,22.00,NEW,2026-09-15
Cardinal Mutual,2026-08,124,CM-523483,Cody Richards,1937-06-06,B-P-00976,90228424,26.25,RENEWAL,2026-09-15
Cardinal Mutual,2026-08,125,CM-932834,Shelby Stanley,1954-07-19,B-P-00981,50979283,19.00,RENEWAL,2026-09-15
Cardinal Mutual,2026-08,126,CM-288446,Shelby Stanley,1954-07-19,B-P-00982,50979283,4.20,RENEWAL,2026-09-15
Cardinal Mutual,2026-08,127,CM-160341,Cheryl Anderson,1937-02-14,B-P-00986,26047628,26.25,RENEWAL,2026-09-15
Cardinal Mutual,2026-08,128,CM-556375,Darren Miller,1955-07-28,B-P-00987,64493418,19.00,RENEWAL,2026-09-15
Cardinal Mutual,2026-08,129,CM-231192,Darren Miller,1955-07-28,B-P-00988,64493418,4.20,RENEWAL,2026-09-15
Cardinal Mutual,2026-08,130,CM-516147,Michael Liu,1954-12-05,B-P-01001,9527070,26.25,RENEWAL,2026-09-15
Cardinal Mutual,2026-08,131,CM-905682,Brandon Thomas,2000-06-17,B-P-01004,50399119,16.00,RENEWAL,2026-09-15
Cardinal Mutual,2026-08,132,CM-396470,Brian Garcia,1975-09-03,B-P-01029,51446845,16.00,RENEWAL,2026-09-15
Cardinal Mutual,2026-08,133,CM-647400,Keith Mays,1947-10-18,B-P-01039,75084135,52.50,NEW,2026-09-15
Cardinal Mutual,2026-08,134,CM-215659,Elizabeth Schneider,1972-04-06,B-P-01042,67876966,16.00,RENEWAL,2026-09-15
Cardinal Mutual,2026-08,135,CM-882604,Joseph Schneider,1999-04-20,B-P-01043,67876966,16.00,RENEWAL,2026-09-15
Cardinal Mutual,2026-08,136,CM-503002,Daniel Evans,1942-09-23,B-P-01055,67876966,19.00,RENEWAL,2026-09-15
Cardinal Mutual,2026-08,137,CM-488247,Daniel Evans,1942-09-23,B-P-01056,67876966,4.20,RENEWAL,2026-09-15
Cardinal Mutual,2026-08,138,CM-932925,Allison Horton,1955-10-03,B-P-01058,64493418,26.25,RENEWAL,2026-09-15
Cardinal Mutual,2026-08,139,CM-734655,Robert Carter,1945-12-14,B-P-01061,69777236,4.20,RENEWAL,2026-09-15
Cardinal Mutual,2026-08,140,CM-474799,Elizabeth Thompson,1940-05-14,B-P-01062,81157097,19.00,RENEWAL,2026-09-15
Cardinal Mutual,2026-08,141,CM-917252,Elizabeth Thompson,1940-05-14,B-P-01063,81157097,4.20,RENEWAL,2026-09-15
Cardinal Mutual,2026-08,142,CM-217636,Sandra Alvarez,1945-04-16,B-P-01075,20671937,26.25,RENEWAL,2026-09-15
Cardinal Mutual,2026-08,143,CM-338103,Heidi Anderson,1956-09-20,B-P-01084,81157097,26.25,RENEWAL,2026-09-15
Cardinal Mutual,2026-08,144,CM-518812,Louis Davis,1950-05-15,B-P-01091,69777236,26.25,RENEWAL,2026-09-15
Cardinal Mutual,2026-08,145,CM-185633,Gabriella Carpenter,1960-07-22,B-P-01094,69777236,8.40,NEW,2026-09-15
Cardinal Mutual,2026-08,146,CM-402287,Sheila Norman,1934-11-26,B-P-01102,59893296,19.00,RENEWAL,2026-09-15
Cardinal Mutual,2026-08,147,CM-291877,Sheila Norman,1934-11-26,B-P-01103,59893296,4.20,RENEWAL,2026-09-15
Cardinal Mutual,2026-08,148,CM-685089,Alexa Smith,1954-05-23,B-P-01113,45462976,26.25,RENEWAL,2026-09-15
Cardinal Mutual,2026-08,149,CM-747764,Mark Davis,1945-12-09,B-P-01122,81157097,26.25,RENEWAL,2026-09-15
Cardinal Mutual,2026-08,150,CM-249609,Bradley Acevedo,1991-09-18,B-P-01124,45462976,16.00,RENEWAL,2026-09-15
Cardinal Mutual,2026-08,151,CM-297901,Daniel Lowe,1959-08-28,B-P-01128,14829889,52.50,NEW,2026-09-15
Cardinal Mutual,2026-08,152,CM-149625,Kristina Mckay,1941-08-15,B-P-01144,43888211,26.25,RENEWAL,2026-09-15
Cardinal Mutual,2026-08,153,CM-556571,Kristen James,1944-07-18,B-P-01147,69777236,26.25,RENEWAL,2026-09-15
Cardinal Mutual,2026-08,154,CM-252417,Ariel Cain,1937-10-03,B-P-01171,98787777,26.25,RENEWAL,2026-09-15
Cardinal Mutual,2026-08,155,CM-164889,Judy Ellis,1968-03-04,B-P-01175,81157097,16.00,RENEWAL,2026-09-15
Cardinal Mutual,2026-08,156,CM-371284,Cody Walker,1974-06-26,B-P-01181,91146902,16.00,RENEWAL,2026-09-15
Cardinal Mutual,2026-08,157,CM-675536,Benjamin Walker,1944-03-12,B-P-01184,91146902,19.00,RENEWAL,2026-09-15
Cardinal Mutual,2026-08,158,CM-170310,Benjamin Walker,1944-03-12,B-P-01185,91146902,4.20,RENEWAL,2026-09-15
Cardinal Mutual,2026-08,159,CM-306923,Emily Higgins,1956-02-11,B-P-01191,50979283,26.25,RENEWAL,2026-09-15
Cardinal Mutual,2026-08,160,CM-969676,William Reyes,1935-07-27,B-P-01197,37947372,52.50,NEW,2026-09-15
Cardinal Mutual,2026-08,161,CM-781233,Crystal Kelley,1941-04-27,B-P-01202,49066206,26.25,RENEWAL,2026-09-15
Cardinal Mutual,2026-08,162,CM-207979,Stanley Anderson,1960-02-27,B-P-01208,24647567,19.00,RENEWAL,2026-09-15
Cardinal Mutual,2026-08,163,CM-297717,Stanley Anderson,1960-02-27,B-P-01209,24647567,4.20,RENEWAL,2026-09-15
Cardinal Mutual,2026-08,164,CM-945195,Samuel Vargas,1988-11-24,B-P-01216,14829889,22.00,NEW,2026-09-15
Cardinal Mutual,2026-08,165,CM-923586,Mary Nunez,1934-10-01,B-P-01219,93619366,26.25,RENEWAL,2026-09-15
Cardinal Mutual,2026-08,166,CM-554111,Patrick Nunez,1944-10-02,B-P-01220,93619366,26.25,RENEWAL,2026-09-15
Cardinal Mutual,2026-08,167,CM-633145,Diana Waller,1951-12-11,B-P-01235,9527070,52.50,NEW,2026-09-15
Cardinal Mutual,2026-08,168,CM-991009,Jonathan Whitney,1956-10-02,B-P-01249,93619366,52.50,NEW,2026-09-15
Cardinal Mutual,2026-08,169,CM-388236,Keith Garcia,1992-06-07,B-P-01267,49066206,26.25,RENEWAL,2026-09-15
Cardinal Mutual,2026-08,170,CM-295296,Jason Ward,1966-03-23,B-P-01273,50979283,22.00,NEW,2026-09-15
Cardinal Mutual,2026-08,171,CM-841203,Ricky King,1959-11-05,B-P-01277,69777236,26.25,RENEWAL,2026-09-15
Cardinal Mutual,2026-08,172,CM-950125,Robert King,1958-01-22,B-P-01278,69777236,26.25,RENEWAL,2026-09-15
Cardinal Mutual,2026-08,173,CM-909043,Kristen Rocha,1997-08-15,B-P-01287,59893296,22.00,NEW,2026-09-15
Cardinal Mutual,2026-08,174,CM-834982,Tammy Sanchez,1949-01-21,B-P-01316,51446845,52.50,NEW,2026-09-15
Cardinal Mutual,2026-08,175,CM-950679,Marie Flores,1935-01-16,B-P-01323,14829889,26.25,RENEWAL,2026-09-15
Cardinal Mutual,2026-08,176,CM-950886,Jennifer Howard,1958-05-20,B-P-01331,26047628,19.00,RENEWAL,2026-09-15
Cardinal Mutual,2026-08,177,CM-857298,Jennifer Howard,1958-05-20,B-P-01332,26047628,4.20,RENEWAL,2026-09-15
Cardinal Mutual,2026-08,178,CM-280788,Ashley Hill,1940-07-09,B-P-01341,81157097,26.25,RENEWAL,2026-09-15
Cardinal Mutual,2026-08,179,CM-753719,John Gutierrez,1958-01-05,B-P-01358,9527070,52.50,NEW,2026-09-15
Cardinal Mutual,2026-08,180,CM-452688,Frank King,1958-10-18,B-P-01366,24647567,4.20,RENEWAL,2026-09-15
Cardinal Mutual,2026-08,181,CM-495750,Evelyn Ford,1985-04-22,B-P-01372,50399119,22.00,NEW,2026-09-15
Cardinal Mutual,2026-08,182,CM-112069,Maria Hopkins,1938-09-12,B-P-01386,24647567,19.00,RENEWAL,2026-09-15
Cardinal Mutual,2026-08,183,CM-177163,Maria Hopkins,1938-09-12,B-P-01387,24647567,4.20,RENEWAL,2026-09-15
Cardinal Mutual,2026-08,184,CM-718248,Chase Mckenzie,1940-06-19,B-P-01388,59893296,26.25,RENEWAL,2026-09-15
Cardinal Mutual,2026-08,185,CM-342834,Matthew Simon,1949-02-15,B-P-01413,90228424,26.25,RENEWAL,2026-09-15
Cardinal Mutual,2026-08,186,CM-951616,Samantha Stout,1985-08-01,B-P-01416,26047628,16.00,RENEWAL,2026-09-15
Cardinal Mutual,2026-08,187,CM-802373,Amber Calhoun,1935-02-06,B-P-01426,59893296,52.50,NEW,2026-09-15
Cardinal Mutual,2026-08,188,CM-573860,Laura Smith,1938-01-21,B-P-01458,93619366,26.25,RENEWAL,2026-09-15
Cardinal Mutual,2026-08,189,CM-374048,Timothy Boyd,1999-02-11,B-P-01470,51446845,22.00,NEW,2026-09-15
Cardinal Mutual,2026-08,190,CM-197937,Kevin Mitchell,1934-01-27,B-P-01472,9527070,26.25,RENEWAL,2026-09-15
Cardinal Mutual,2026-08,191,CM-541970,Vincent Woods,1941-03-07,B-P-01482,94445646,26.25,RENEWAL,2026-09-15
Cardinal Mutual,2026-08,192,CM-159400,Lisa Moore,1968-04-02,B-P-01489,9527070,22.00,NEW,2026-09-15
Cardinal Mutual,2026-08,193,CM-163784,Katelyn Zimmerman,1962-08-06,B-P-01493,59893296,22.00,NEW,2026-09-15
Cardinal Mutual,2026-08,194,CM-918976,Glen Lynch,2000-01-03,B-P-01527,50979283,22.00,NEW,2026-09-15
Cardinal Mutual,2026-08,195,CM-799916,Judith Johnson,1959-01-15,B-P-01533,59893296,26.25,RENEWAL,2026-09-15
Cardinal Mutual,2026-08,196,CM-656767,Brianna Richard,1951-05-09,B-P-01540,49066206,26.25,RENEWAL,2026-09-15
Cardinal Mutual,2026-08,197,CM-637608,Jamie Richard,1970-11-21,B-P-01541,49066206,16.00,RENEWAL,2026-09-15
Cardinal Mutual,2026-08,198,CM-813465,Ryan Sparks,1962-09-25,B-P-01544,93619366,22.00,NEW,2026-09-15
Cardinal Mutual,2026-08,199,CM-983108,Tracey Moore,1942-01-24,B-P-01553,24647567,26.25,RENEWAL,2026-09-15
Cardinal Mutual,2026-08,200,CM-982949,John Lewis,1968-03-02,B-P-01557,84583776,16.00,RENEWAL,2026-09-15
Cardinal Mutual,2026-08,201,CM-907665,Michael Newman,1951-01-31,B-P-01562,84583776,26.25,RENEWAL,2026-09-15
Cardinal Mutual,2026-08,202,CM-739978,Charles Hernandez,1951-08-17,B-P-01568,81157097,26.25,RENEWAL,2026-09-15
Cardinal Mutual,2026-08,203,CM-694392,Richard Hughes,1936-06-30,B-P-01570,59893296,26.25,RENEWAL,2026-09-15
Cardinal Mutual,2026-08,204,CM-408462,Crystal Austin,1985-06-08,B-P-01571,67876966,22.00,NEW,2026-09-15
Cardinal Mutual,2026-08,205,CM-532307,Shirley Lewis,1949-09-08,B-P-01582,93619366,26.25,RENEWAL,2026-09-15
Cardinal Mutual,2026-08,206,CM-185816,Maria Cooper,1943-02-24,B-P-01583,93619366,26.25,RENEWAL,2026-09-15
Cardinal Mutual,2026-08,207,CM-854730,Daniel Cooper,1974-05-31,B-P-01584,93619366,22.00,NEW,2026-09-15
Cardinal Mutual,2026-08,208,CM-864622,Scott Black,1959-08-24,B-P-01588,93619366,26.25,RENEWAL,2026-09-15
Cardinal Mutual,2026-08,209,CM-754237,Joel Saunders,1988-02-01,B-P-01589,49066206,16.00,RENEWAL,2026-09-15
Cardinal Mutual,2026-08,210,CM-239109,Angela Munoz,1940-12-03,B-P-01593,69777236,26.25,RENEWAL,2026-09-15
Cardinal Mutual,2026-08,211,CM-527706,Erika Smith,1951-04-17,B-P-01594,91146902,26.25,RENEWAL,2026-09-15
Cardinal Mutual,2026-08,212,CM-462964,Elizabeth Crawford,1942-05-21,B-P-01607,69777236,52.50,NEW,2026-09-15
Cardinal Mutual,2026-08,213,CM-467636,Brent Mcneil,1947-11-22,B-P-01608,51446845,19.00,RENEWAL,2026-09-15
Cardinal Mutual,2026-08,214,CM-838767,Brent Mcneil,1947-11-22,B-P-01609,51446845,4.20,RENEWAL,2026-09-15
Cardinal Mutual,2026-08,215,CM-371195,Kristin Dickerson,1942-07-04,B-P-01616,67876966,4.20,RENEWAL,2026-09-15
Cardinal Mutual,2026-08,216,CM-439889,Brandon Simon,1938-06-14,B-P-01617,98787777,26.25,RENEWAL,2026-09-15
Cardinal Mutual,2026-08,217,CM-824264,Amanda Lara,1960-01-26,B-P-01618,50979283,4.20,RENEWAL,2026-09-15
Cardinal Mutual,2026-08,218,CM-363774,Tiffany Gilbert,1988-05-24,B-P-01652,50979283,16.00,RENEWAL,2026-09-15
Cardinal Mutual,2026-08,219,CM-648532,Meghan Carlson,1939-12-03,B-P-01662,50979283,26.25,RENEWAL,2026-09-15
Cardinal Mutual,2026-08,220,CM-609358,Joyce Kramer,1934-02-07,B-P-01665,50979283,26.25,RENEWAL,2026-09-15
Cardinal Mutual,2026-08,221,CM-298330,Matthew Chapman,1977-06-24,B-P-01674,49066206,22.00,NEW,2026-09-15
Cardinal Mutual,2026-08,222,CM-975733,Phillip Torres,1935-09-06,B-P-01679,64493418,26.25,RENEWAL,2026-09-15
Cardinal Mutual,2026-08,223,CM-290772,Noah Roy,1941-02-14,B-P-01681,93619366,26.25,RENEWAL,2026-09-15
Cardinal Mutual,2026-08,224,CM-553336,Melissa Roy,1952-02-18,B-P-01682,93619366,4.20,RENEWAL,2026-09-15
Cardinal Mutual,2026-08,225,CM-194956,Wayne Clark,1939-03-27,B-P-01696,84583776,26.25,RENEWAL,2026-09-15
Cardinal Mutual,2026-08,226,CM-396522,Laura Townsend,1954-12-23,B-P-01698,26047628,26.25,RENEWAL,2026-09-15
Cardinal Mutual,2026-08,227,CM-501715,Tricia Sawyer,1942-05-03,B-P-01699,49066206,26.25,RENEWAL,2026-09-15
Cardinal Mutual,2026-08,228,CM-805207,Tina Castro,1938-08-16,B-P-01722,90228424,4.20,RENEWAL,2026-09-15
Cardinal Mutual,2026-08,229,CM-897258,Marie Watkins,1944-03-18,B-P-01752,45462976,52.50,NEW,2026-09-15
Cardinal Mutual,2026-08,230,CM-596132,Karl Mendez,1957-12-06,B-P-01755,50399119,26.25,RENEWAL,2026-09-15
Cardinal Mutual,2026-08,231,CM-330807,James Grant-Taylor,1935-07-06,B-P-01758,50399119,19.00,RENEWAL,2026-09-15
Cardinal Mutual,2026-08,232,CM-382777,James Grant-Taylor,1935-07-06,B-P-01759,50399119,4.20,RENEWAL,2026-09-15
Cardinal Mutual,2026-08,233,CM-843165,Eric King,1940-10-28,B-P-01762,64493418,19.00,RENEWAL,2026-09-15
Cardinal Mutual,2026-08,234,CM-676123,Eric King,1940-10-28,B-P-01763,64493418,4.20,RENEWAL,2026-09-15
Cardinal Mutual,2026-08,235,CM-763201,Claudia Elliott,1965-04-16,B-P-01783,64493418,26.25,RENEWAL,2026-09-15
Cardinal Mutual,2026-08,236,CM-521259,Michele Elliott,1982-12-25,B-P-01784,64493418,22.00,NEW,2026-09-15
Cardinal Mutual,2026-08,237,CM-365926,Jasmine Steele,1951-09-29,B-P-01790,24647567,52.50,NEW,2026-09-15
Cardinal Mutual,2026-08,238,CM-209601,Sheena Adams,1946-10-09,B-P-01795,69777236,52.50,NEW,2026-09-15
Cardinal Mutual,2026-08,239,CM-445625,Walter Horton,1952-07-07,B-P-01801,75084135,26.25,RENEWAL,2026-09-15
Cardinal Mutual,2026-08,240,CM-323414,Benjamin Brown,1942-05-21,B-P-01803,93619366,52.50,NEW,2026-09-15
Cardinal Mutual,2026-08,241,CM-702669,Patrick Patel,1940-08-07,B-P-01804,26047628,52.50,NEW,2026-09-15
Cardinal Mutual,2026-08,242,CM-336088,Michelle Baker,1955-06-10,B-P-01807,75084135,52.50,NEW,2026-09-15
Cardinal Mutual,2026-08,243,CM-788973,Douglas Baker,1941-05-02,B-P-01808,75084135,52.50,NEW,2026-09-15
Cardinal Mutual,2026-08,244,CM-953495,Kathryn Jones,1952-11-02,B-P-01816,49066206,26.25,RENEWAL,2026-09-15
Cardinal Mutual,2026-08,245,CM-682880,Kristen Jackson,1934-01-17,B-P-01821,91146902,8.40,NEW,2026-09-15
Cardinal Mutual,2026-08,246,CM-883441,Max Jackson,1946-04-29,B-P-01822,91146902,52.50,NEW,2026-09-15
Cardinal Mutual,2026-08,247,CM-235620,Jeffrey Edwards,1946-11-27,B-P-01823,51446845,52.50,NEW,2026-09-15
Cardinal Mutual,2026-08,248,CM-217057,Caroline Barber,1949-11-21,B-P-01832,90228424,26.25,RENEWAL,2026-09-15
Cardinal Mutual,2026-08,249,CM-495841,Carlos Carter,1943-12-01,B-P-01836,98787777,26.25,RENEWAL,2026-09-15
Cardinal Mutual,2026-08,250,CM-822418,Jeffrey Turner,1970-07-10,B-P-01851,20671937,16.00,RENEWAL,2026-09-15
Cardinal Mutual,2026-08,251,CM-398242,Edward Harris,1988-01-10,B-P-01863,20671937,16.00,RENEWAL,2026-09-15
Cardinal Mutual,2026-08,252,CM-548538,Richard Pratt,1945-08-29,B-P-01870,50399119,26.25,RENEWAL,2026-09-15
Cardinal Mutual,2026-08,253,CM-515908,James Blake,1936-01-26,B-P-01875,24647567,52.50,NEW,2026-09-15
Cardinal Mutual,2026-08,254,CM-735853,Jessica Whitehead,1975-07-09,B-P-01877,93619366,22.00,NEW,2026-09-15
Cardinal Mutual,2026-08,255,CM-870148,Paul Carter,1998-08-30,B-P-01880,26047628,22.00,NEW,2026-09-15
Cardinal Mutual,2026-08,256,CM-733093,Adam Carter,1951-02-20,B-P-01881,26047628,26.25,RENEWAL,2026-09-15
Cardinal Mutual,2026-08,257,CM-809810,Mary Henderson,2004-11-09,B-P-01883,81157097,22.00,NEW,2026-09-15
Cardinal Mutual,2026-08,258,CM-159017,Matthew Henderson,1951-05-16,B-P-01884,81157097,8.40,NEW,2026-09-15
Cardinal Mutual,2026-08,259,CM-144366,Loretta Garner,1934-06-25,B-P-01886,81157097,52.50,NEW,2026-09-15
Cardinal Mutual,2026-08,260,CM-184408,Brianna Perez,1942-07-05,B-P-01907,26047628,26.25,RENEWAL,2026-09-15
Cardinal Mutual,2026-08,261,CM-567995,Stephen Jones,1959-03-25,B-P-01920,81157097,52.50,NEW,2026-09-15
Cardinal Mutual,2026-08,262,CM-293377,Brandon Rodriguez,2001-05-10,B-P-01924,50399119,22.00,NEW,2026-09-15
Cardinal Mutual,2026-08,263,CM-930695,Nicole Anderson,1936-09-25,B-P-01926,98787777,52.50,NEW,2026-09-15
Cardinal Mutual,2026-08,264,CM-601246,Miranda Harrison,1936-03-26,B-P-01935,20671937,26.25,RENEWAL,2026-09-15
Cardinal Mutual,2026-08,265,CM-946993,Kevin Khan,1965-08-27,B-P-01954,45462976,52.50,NEW,2026-09-15
Cardinal Mutual,2026-08,266,CM-965576,Melissa Johnson,1942-09-29,B-P-01958,9527070,19.00,RENEWAL,2026-09-15
Cardinal Mutual,2026-08,267,CM-345063,Melissa Johnson,1942-09-29,B-P-01959,9527070,4.20,RENEWAL,2026-09-15
Cardinal Mutual,2026-08,268,CM-221062,Stephanie Jones,1959-03-25,B-P-01999,81157097,52.50,NEW,2026-09-15
Cardinal Mutual,2026-08,269,CM-282750,Roberta Miranda,2002-05-03,B-P-02012,14829889,16.00,RENEWAL,2026-09-15
Summit Health Plans,2026-08,1,SH-718237,Maria Moody,1952-09-27,B-P-00003,45462976,26.25,RENEWAL,2026-09-15
Summit Health Plans,2026-08,2,SH-159996,Derrick Long,1948-10-09,B-P-00005,9527070,19.00,RENEWAL,2026-09-15
Summit Health Plans,2026-08,3,SH-768544,Derrick Long,1948-10-09,B-P-00006,9527070,4.20,RENEWAL,2026-09-15
Summit Health Plans,2026-08,4,SH-795824,Joseph Mejia,1954-04-24,B-P-00013,43888211,52.50,NEW,2026-09-15
Summit Health Plans,2026-08,5,SH-778651,Stephen Smith,1942-01-18,B-P-00017,59893296,26.25,RENEWAL,2026-09-15
Summit Health Plans,2026-08,6,SH-161353,Sarah Shannon,1963-03-08,B-P-00020,50399119,26.25,RENEWAL,2026-09-15
Summit Health Plans,2026-08,7,SH-636772,Kylie Franklin,1934-09-06,B-P-00021,20671937,26.25,RENEWAL,2026-09-15
Summit Health Plans,2026-08,8,SH-824878,Tyler Li,1937-12-14,B-P-00026,91146902,26.25,RENEWAL,2026-09-15
Summit Health Plans,2026-08,9,SH-847858,Pamela Graves,1945-07-26,B-P-00027,94445646,26.25,RENEWAL,2026-09-15
Summit Health Plans,2026-08,10,SH-546858,Lori Bailey,1933-11-14,B-P-00032,26047628,26.25,RENEWAL,2026-09-15
Summit Health Plans,2026-08,11,SH-241409,Wesley Simpson,1974-04-11,B-P-00033,90228424,16.00,RENEWAL,2026-09-15
Summit Health Plans,2026-08,12,SH-267131,Seth Watson,1978-11-05,B-P-00043,14829889,19.00,RENEWAL,2026-09-15
Summit Health Plans,2026-08,13,SH-189345,Seth Watson,1978-11-05,B-P-00044,14829889,4.20,RENEWAL,2026-09-15
Summit Health Plans,2026-08,14,SH-310748,Jennifer Leonard,1937-05-23,B-P-00068,93619366,19.00,RENEWAL,2026-09-15
Summit Health Plans,2026-08,15,SH-354796,Jennifer Leonard,1937-05-23,B-P-00069,93619366,4.20,RENEWAL,2026-09-15
Summit Health Plans,2026-08,16,SH-276744,David Graham,1935-12-11,B-P-00070,98787777,26.25,RENEWAL,2026-09-15
Summit Health Plans,2026-08,17,SH-970749,Sean Wilson,1955-07-19,B-P-00078,93619366,26.25,RENEWAL,2026-09-15
Summit Health Plans,2026-08,18,SH-387046,Christie Andrews,1937-08-25,B-P-00084,64493418,26.25,RENEWAL,2026-09-15
Summit Health Plans,2026-08,19,SH-129823,Theresa Barrett,1947-12-05,B-P-00089,94445646,52.50,NEW,2026-09-15
Summit Health Plans,2026-08,20,SH-948978,Gina Smith,1964-03-06,B-P-00098,14829889,16.00,RENEWAL,2026-09-15
Summit Health Plans,2026-08,21,SH-436434,Dustin Mcdaniel,1945-03-15,B-P-00100,91146902,26.25,RENEWAL,2026-09-15
Summit Health Plans,2026-08,22,SH-417925,William Ellison,1934-06-20,B-P-00107,91146902,26.25,RENEWAL,2026-09-15
Summit Health Plans,2026-08,23,SH-486210,Ronald Arnold,1958-04-11,B-P-00114,9527070,52.50,NEW,2026-09-15
Summit Health Plans,2026-08,24,SH-244024,Pam Reed,1937-06-28,B-P-00120,75084135,26.25,RENEWAL,2026-09-15
Summit Health Plans,2026-08,25,SH-561033,Jessica Ortiz,1944-08-28,B-P-00122,49066206,26.25,RENEWAL,2026-09-15
Summit Health Plans,2026-08,26,SH-385237,Gary Wagner,1950-06-13,B-P-00126,90228424,26.25,RENEWAL,2026-09-15
Summit Health Plans,2026-08,27,SH-302104,Sheryl Martin,1940-03-24,B-P-00129,43888211,26.25,RENEWAL,2026-09-15
Summit Health Plans,2026-08,28,SH-115278,Hunter Gonzalez,1944-01-08,B-P-00139,69777236,19.00,RENEWAL,2026-09-15
Summit Health Plans,2026-08,29,SH-376195,Hunter Gonzalez,1944-01-08,B-P-00140,69777236,4.20,RENEWAL,2026-09-15
Summit Health Plans,2026-08,30,SH-568755,Keith Phillips,1973-07-26,B-P-00157,49066206,22.00,NEW,2026-09-15
Summit Health Plans,2026-08,31,SH-626273,Jennifer Suarez,1937-07-04,B-P-00158,98787777,19.00,RENEWAL,2026-09-15
Summit Health Plans,2026-08,32,SH-849885,Jennifer Suarez,1937-07-04,B-P-00159,98787777,4.20,RENEWAL,2026-09-15
Summit Health Plans,2026-08,33,SH-887550,Charles Woods,1938-01-25,B-P-00174,37947372,4.20,RENEWAL,2026-09-15
Summit Health Plans,2026-08,34,SH-234678,Ashley Ellison,1944-06-27,B-P-00188,91146902,26.25,RENEWAL,2026-09-15
Summit Health Plans,2026-08,35,SH-726724,John Tran,1959-06-12,B-P-00189,26047628,26.25,RENEWAL,2026-09-15
Summit Health Plans,2026-08,36,SH-686172,David Roy,1935-10-07,B-P-00202,64493418,26.25,RENEWAL,2026-09-15
Summit Health Plans,2026-08,37,SH-339247,Carolyn Brown,1999-09-22,B-P-00211,45462976,16.00,RENEWAL,2026-09-15
Summit Health Plans,2026-08,38,SH-955078,Amy Moore,1943-08-31,B-P-00212,94445646,26.25,RENEWAL,2026-09-15
Summit Health Plans,2026-08,39,SH-943444,Heather Potts,1979-08-01,B-P-00221,84583776,22.00,NEW,2026-09-15
Summit Health Plans,2026-08,40,SH-448410,David Gordon,1952-10-15,B-P-00231,50399119,19.00,RENEWAL,2026-09-15
Summit Health Plans,2026-08,41,SH-624327,David Gordon,1952-10-15,B-P-00232,50399119,4.20,RENEWAL,2026-09-15
Summit Health Plans,2026-08,42,SH-271297,Hunter Hoover,1949-08-05,B-P-00234,50399119,26.25,RENEWAL,2026-09-15
Summit Health Plans,2026-08,43,SH-544342,Jennifer Fields,1991-04-06,B-P-00242,90228424,22.00,NEW,2026-09-15
Summit Health Plans,2026-08,44,SH-460722,Julie Bates,1941-03-17,B-P-00246,45462976,52.50,NEW,2026-09-15
Summit Health Plans,2026-08,45,SH-868919,Debbie Ford,1960-02-16,B-P-00249,20671937,52.50,NEW,2026-09-15
Summit Health Plans,2026-08,46,SH-795322,Justin Rodriguez,1939-11-08,B-P-00255,14829889,4.20,RENEWAL,2026-09-15
Summit Health Plans,2026-08,47,SH-885899,Robert Murphy,1940-10-11,B-P-00258,50399119,26.25,RENEWAL,2026-09-15
Summit Health Plans,2026-08,48,SH-615107,Ross Reed,1980-06-13,B-P-00265,49066206,22.00,NEW,2026-09-15
Summit Health Plans,2026-08,49,SH-554370,Nicholas Pineda,1952-03-18,B-P-00279,51446845,19.00,RENEWAL,2026-09-15
Summit Health Plans,2026-08,50,SH-678812,Nicholas Pineda,1952-03-18,B-P-00280,51446845,4.20,RENEWAL,2026-09-15
Summit Health Plans,2026-08,51,SH-406534,Chad Hammond,1987-10-15,B-P-00282,90228424,16.00,RENEWAL,2026-09-15
Summit Health Plans,2026-08,52,SH-369595,Thomas Friedman,1998-06-03,B-P-00299,90228424,16.00,RENEWAL,2026-09-15
Summit Health Plans,2026-08,53,SH-462019,Jennifer Rodriguez,1962-10-09,B-P-00302,69777236,16.00,RENEWAL,2026-09-15
Summit Health Plans,2026-08,54,SH-190028,Andrew Lopez,1959-11-08,B-P-00307,43888211,26.25,RENEWAL,2026-09-15
Summit Health Plans,2026-08,55,SH-228312,Carol Williams,1945-07-25,B-P-00318,81157097,26.25,RENEWAL,2026-09-15
Summit Health Plans,2026-08,56,SH-342933,Samuel Burns,1974-06-24,B-P-00322,90228424,26.25,RENEWAL,2026-09-15
Summit Health Plans,2026-08,57,SH-725568,Jerome Garcia,1946-08-04,B-P-00327,43888211,52.50,NEW,2026-09-15
Summit Health Plans,2026-08,58,SH-646333,Shawn Johns,1940-03-07,B-P-00337,67876966,26.25,RENEWAL,2026-09-15
Summit Health Plans,2026-08,59,SH-192791,Caitlyn Strong,1945-12-31,B-P-00347,20671937,26.25,RENEWAL,2026-09-15
Summit Health Plans,2026-08,60,SH-827654,Rachel Dickson,1947-01-20,B-P-00351,43888211,26.25,RENEWAL,2026-09-15
Summit Health Plans,2026-08,61,SH-296653,Gregory Barnett,1947-04-30,B-P-00357,26047628,26.25,RENEWAL,2026-09-15
Summit Health Plans,2026-08,62,SH-144960,Cynthia Barnett,1955-12-03,B-P-00358,26047628,26.25,RENEWAL,2026-09-15
Summit Health Plans,2026-08,63,SH-154559,Jacob House,1939-03-14,B-P-00361,98787777,26.25,RENEWAL,2026-09-15
Summit Health Plans,2026-08,64,SH-470979,John Serrano,1936-03-30,B-P-00373,24647567,26.25,RENEWAL,2026-09-15
Summit Health Plans,2026-08,65,SH-350171,Curtis Johnson,1948-12-27,B-P-00382,59893296,52.50,NEW,2026-09-15
Summit Health Plans,2026-08,66,SH-415066,Megan Castillo,1938-08-29,B-P-00394,14829889,52.50,NEW,2026-09-15
Summit Health Plans,2026-08,67,SH-688157,Peggy Lopez,1947-03-18,B-P-00397,20671937,26.25,RENEWAL,2026-09-15
Summit Health Plans,2026-08,68,SH-318896,Jermaine Yoder,1936-04-28,B-P-00420,24647567,26.25,RENEWAL,2026-09-15
Summit Health Plans,2026-08,69,SH-574429,Tonya Yoder,1936-08-15,B-P-00421,24647567,26.25,RENEWAL,2026-09-15
Summit Health Plans,2026-08,70,SH-529681,Kendra Banks,1939-07-24,B-P-00429,49066206,26.25,RENEWAL,2026-09-15
Summit Health Plans,2026-08,71,SH-693270,Tammy Fitzgerald,1951-10-14,B-P-00430,84583776,26.25,RENEWAL,2026-09-15
Summit Health Plans,2026-08,72,SH-396822,Michael Hill,1936-12-06,B-P-00439,69777236,26.25,RENEWAL,2026-09-15
Summit Health Plans,2026-08,73,SH-805591,Terri Smith,1956-07-16,B-P-00447,93619366,26.25,RENEWAL,2026-09-15
Summit Health Plans,2026-08,74,SH-832304,Christopher Hobbs,1948-10-28,B-P-00456,69777236,26.25,RENEWAL,2026-09-15
Summit Health Plans,2026-08,75,SH-429280,Wesley Gross,1958-05-05,B-P-00459,93619366,52.50,NEW,2026-09-15
Summit Health Plans,2026-08,76,SH-755038,Alicia Lee,1936-09-01,B-P-00461,90228424,26.25,RENEWAL,2026-09-15
Summit Health Plans,2026-08,77,SH-516975,Andrew Brown,1939-05-21,B-P-00476,84583776,26.25,RENEWAL,2026-09-15
Summit Health Plans,2026-08,78,SH-665400,Taylor Robinson,1951-10-13,B-P-00479,43888211,26.25,RENEWAL,2026-09-15
Summit Health Plans,2026-08,79,SH-163523,Michael Gutierrez,1942-01-14,B-P-00494,49066206,26.25,RENEWAL,2026-09-15
Summit Health Plans,2026-08,80,SH-363688,Kevin Beard,1947-09-24,B-P-00499,64493418,4.20,RENEWAL,2026-09-15
Summit Health Plans,2026-08,81,SH-243495,Stephen Bryant,1940-04-18,B-P-00502,90228424,4.20,RENEWAL,2026-09-15
Summit Health Plans,2026-08,82,SH-730883,Lisa Mcgrath,1946-08-23,B-P-00510,9527070,26.25,RENEWAL,2026-09-15
Summit Health Plans,2026-08,83,SH-517877,Shawn Ritter,1939-05-02,B-P-00513,64493418,19.00,RENEWAL,2026-09-15
Summit Health Plans,2026-08,84,SH-232705,Shawn Ritter,1939-05-02,B-P-00514,64493418,4.20,RENEWAL,2026-09-15
Summit Health Plans,2026-08,85,SH-992593,Amanda Pittman,1965-04-11,B-P-00520,20671937,22.00,NEW,2026-09-15
Summit Health Plans,2026-08,86,SH-320941,Haley Little,1956-05-15,B-P-00547,26047628,26.25,RENEWAL,2026-09-15
Summit Health Plans,2026-08,87,SH-603376,Alyssa Campos,1948-10-30,B-P-00552,49066206,26.25,RENEWAL,2026-09-15
Summit Health Plans,2026-08,88,SH-485391,Derek Sanford,1954-08-31,B-P-00558,45462976,52.50,NEW,2026-09-15
Summit Health Plans,2026-08,89,SH-637554,Andrea Ruiz,1937-04-07,B-P-00570,91146902,26.25,RENEWAL,2026-09-15
Summit Health Plans,2026-08,90,SH-408319,Scott Holmes,1950-10-08,B-P-00577,50399119,26.25,RENEWAL,2026-09-15
Summit Health Plans,2026-08,91,SH-444618,Stephanie Barrett,1937-11-08,B-P-00582,75084135,19.00,RENEWAL,2026-09-15
Summit Health Plans,2026-08,92,SH-214025,Stephanie Barrett,1937-11-08,B-P-00583,75084135,4.20,RENEWAL,2026-09-15
Summit Health Plans,2026-08,93,SH-928490,Morgan Turner,1938-06-25,B-P-00594,26047628,26.25,RENEWAL,2026-09-15
Summit Health Plans,2026-08,94,SH-846604,Brianna Quinn,1981-04-09,B-P-00629,37947372,22.00,NEW,2026-09-15
Summit Health Plans,2026-08,95,SH-872825,Alice Jackson,1996-06-15,B-P-00634,45462976,26.25,RENEWAL,2026-09-15
Summit Health Plans,2026-08,96,SH-751595,Amanda Cole,1933-12-21,B-P-00637,24647567,26.25,RENEWAL,2026-09-15
Summit Health Plans,2026-08,97,SH-881239,John Hall,1944-07-25,B-P-00646,49066206,26.25,RENEWAL,2026-09-15
Summit Health Plans,2026-08,98,SH-360823,Caitlin Shannon,1940-09-20,B-P-00650,20671937,19.00,RENEWAL,2026-09-15
Summit Health Plans,2026-08,99,SH-312402,Caitlin Shannon,1940-09-20,B-P-00651,20671937,4.20,RENEWAL,2026-09-15
Summit Health Plans,2026-08,100,SH-908125,Shane Moody,1934-06-16,B-P-00654,67876966,19.00,RENEWAL,2026-09-15
Summit Health Plans,2026-08,101,SH-289559,Shane Moody,1934-06-16,B-P-00655,67876966,4.20,RENEWAL,2026-09-15
Summit Health Plans,2026-08,102,SH-171552,Nicole Rogers,1959-11-02,B-P-00666,14829889,19.00,RENEWAL,2026-09-15
Summit Health Plans,2026-08,103,SH-774323,Nicole Rogers,1959-11-02,B-P-00667,14829889,4.20,RENEWAL,2026-09-15
Summit Health Plans,2026-08,104,SH-554109,Theresa Mayo,1948-08-14,B-P-00681,93619366,26.25,RENEWAL,2026-09-15
Summit Health Plans,2026-08,105,SH-859019,Jacqueline Ryan,1991-05-28,B-P-00683,20671937,22.00,NEW,2026-09-15
Summit Health Plans,2026-08,106,SH-325740,Stacey Hill,1994-11-14,B-P-00687,64493418,26.25,RENEWAL,2026-09-15
Summit Health Plans,2026-08,107,SH-598116,Adriana Evans,1975-10-29,B-P-00693,93619366,19.00,RENEWAL,2026-09-15
Summit Health Plans,2026-08,108,SH-398455,Adriana Evans,1975-10-29,B-P-00694,93619366,4.20,RENEWAL,2026-09-15
Summit Health Plans,2026-08,109,SH-678852,Dylan Kane,1941-09-23,B-P-00704,84583776,19.00,RENEWAL,2026-09-15
Summit Health Plans,2026-08,110,SH-382728,Dylan Kane,1941-09-23,B-P-00705,84583776,4.20,RENEWAL,2026-09-15
Summit Health Plans,2026-08,111,SH-936387,Kaylee Greene,1954-11-23,B-P-00707,9527070,19.00,RENEWAL,2026-09-15
Summit Health Plans,2026-08,112,SH-754325,Kaylee Greene,1954-11-23,B-P-00708,9527070,4.20,RENEWAL,2026-09-15
Summit Health Plans,2026-08,113,SH-920688,Jessica Morrison,1959-08-10,B-P-00709,51446845,26.25,RENEWAL,2026-09-15
Summit Health Plans,2026-08,114,SH-142801,Kevin Morrison,1940-05-29,B-P-00710,51446845,26.25,RENEWAL,2026-09-15
Summit Health Plans,2026-08,115,SH-390200,Nicole Keller,1940-10-15,B-P-00722,94445646,19.00,RENEWAL,2026-09-15
Summit Health Plans,2026-08,116,SH-692975,Nicole Keller,1940-10-15,B-P-00723,94445646,4.20,RENEWAL,2026-09-15
Summit Health Plans,2026-08,117,SH-489499,Briana Walker,1957-10-31,B-P-00726,81157097,4.20,RENEWAL,2026-09-15
Summit Health Plans,2026-08,118,SH-630780,Ronald Sanford,1943-04-01,B-P-00734,20671937,52.50,NEW,2026-09-15
Summit Health Plans,2026-08,119,SH-685910,William Harrell,1967-06-10,B-P-00748,81157097,22.00,NEW,2026-09-15
Summit Health Plans,2026-08,120,SH-119841,Joel Price,1939-06-04,B-P-00764,90228424,26.25,RENEWAL,2026-09-15
Summit Health Plans,2026-08,121,SH-537171,Walter Price,1967-05-24,B-P-00766,90228424,22.00,NEW,2026-09-15
Summit Health Plans,2026-08,122,SH-569379,Laura Campos,1959-09-01,B-P-00781,50399119,52.50,NEW,2026-09-15
Summit Health Plans,2026-08,123,SH-698601,Kerry Hall,1944-01-04,B-P-00796,26047628,8.40,NEW,2026-09-15
Summit Health Plans,2026-08,124,SH-513910,Michael Brock,1993-03-27,B-P-00802,67876966,26.25,RENEWAL,2026-09-15
Summit Health Plans,2026-08,125,SH-393348,Craig Miller,1952-10-14,B-P-00805,37947372,26.25,RENEWAL,2026-09-15
Summit Health Plans,2026-08,126,SH-332623,Jeffrey Elliott,1948-03-03,B-P-00817,84583776,52.50,NEW,2026-09-15
Summit Health Plans,2026-08,127,SH-619902,Patrick Sanchez,1947-08-27,B-P-00824,81157097,26.25,RENEWAL,2026-09-15
Summit Health Plans,2026-08,128,SH-592073,Christine Bailey,1986-10-28,B-P-00836,91146902,16.00,RENEWAL,2026-09-15
Summit Health Plans,2026-08,129,SH-233039,Sheri Hancock,1934-01-09,B-P-00840,50399119,4.20,RENEWAL,2026-09-15
Summit Health Plans,2026-08,130,SH-444897,Charles Peters,1944-07-03,B-P-00842,45462976,19.00,RENEWAL,2026-09-15
Summit Health Plans,2026-08,131,SH-206835,Charles Peters,1944-07-03,B-P-00843,45462976,4.20,RENEWAL,2026-09-15
Summit Health Plans,2026-08,132,SH-659834,Margaret Zimmerman,1936-07-27,B-P-00847,59893296,52.50,NEW,2026-09-15
Summit Health Plans,2026-08,133,SH-883337,Richard Maldonado,1951-11-02,B-P-00850,14829889,26.25,RENEWAL,2026-09-15
Summit Health Plans,2026-08,134,SH-716537,Matthew Maldonado,1950-06-14,B-P-00851,14829889,26.25,RENEWAL,2026-09-15
Summit Health Plans,2026-08,135,SH-592405,Hunter Fields,1947-03-10,B-P-00859,84583776,26.25,RENEWAL,2026-09-15
Summit Health Plans,2026-08,136,SH-871098,Julie Johnson,1950-06-10,B-P-00861,26047628,26.25,RENEWAL,2026-09-15
Summit Health Plans,2026-08,137,SH-362395,Derek Martinez,1949-10-16,B-P-00864,24647567,26.25,RENEWAL,2026-09-15
Summit Health Plans,2026-08,138,SH-486673,Ryan Lopez,1959-03-23,B-P-00868,93619366,52.50,NEW,2026-09-15
Summit Health Plans,2026-08,139,SH-487143,Kyle Nguyen,1955-12-01,B-P-00888,9527070,52.50,NEW,2026-09-15
Summit Health Plans,2026-08,140,SH-443661,Alan Freeman,1940-01-23,B-P-00890,14829889,52.50,NEW,2026-09-15
Summit Health Plans,2026-08,141,SH-331777,Devin Johnson,1943-05-19,B-P-00895,93619366,26.25,RENEWAL,2026-09-15
Summit Health Plans,2026-08,142,SH-456921,Wanda Smith,1945-03-07,B-P-00898,90228424,26.25,RENEWAL,2026-09-15
Summit Health Plans,2026-08,143,SH-149951,Daniel Camacho,1942-10-31,B-P-00901,50979283,4.20,RENEWAL,2026-09-15
Summit Health Plans,2026-08,144,SH-367584,Holly Gonzalez,1952-07-22,B-P-00915,94445646,52.50,NEW,2026-09-15
Summit Health Plans,2026-08,145,SH-449552,Benjamin Holland,1943-09-23,B-P-00920,26047628,26.25,RENEWAL,2026-09-15
Summit Health Plans,2026-08,146,SH-585279,Roberto Rivera,1937-12-06,B-P-00923,26047628,26.25,RENEWAL,2026-09-15
Summit Health Plans,2026-08,147,SH-927521,Deborah Schultz,1940-05-19,B-P-00933,67876966,19.00,RENEWAL,2026-09-15
Summit Health Plans,2026-08,148,SH-453652,Deborah Schultz,1940-05-19,B-P-00934,67876966,4.20,RENEWAL,2026-09-15
Summit Health Plans,2026-08,149,SH-503275,Stacy Fox,1948-11-09,B-P-00949,51446845,26.25,RENEWAL,2026-09-15
Summit Health Plans,2026-08,150,SH-842540,Monica Henderson,1941-03-02,B-P-00951,51446845,26.25,RENEWAL,2026-09-15
Summit Health Plans,2026-08,151,SH-888045,Joshua Collins,1954-02-14,B-P-00957,26047628,4.20,RENEWAL,2026-09-15
Summit Health Plans,2026-08,152,SH-884079,Traci Collins,1945-12-14,B-P-00958,26047628,26.25,RENEWAL,2026-09-15
Summit Health Plans,2026-08,153,SH-544567,Steven Dawson,1946-04-10,B-P-00965,59893296,19.00,RENEWAL,2026-09-15
Summit Health Plans,2026-08,154,SH-650018,Steven Dawson,1946-04-10,B-P-00966,59893296,4.20,RENEWAL,2026-09-15
Summit Health Plans,2026-08,155,SH-417212,Renee Dawson,1956-11-08,B-P-00967,59893296,26.25,RENEWAL,2026-09-15
Summit Health Plans,2026-08,156,SH-641371,Tara Horton,1938-09-28,B-P-00969,94445646,26.25,RENEWAL,2026-09-15
Summit Health Plans,2026-08,157,SH-226948,Sara Stanley,1943-07-12,B-P-00979,50979283,19.00,RENEWAL,2026-09-15
Summit Health Plans,2026-08,158,SH-298811,Sara Stanley,1943-07-12,B-P-00980,50979283,4.20,RENEWAL,2026-09-15
Summit Health Plans,2026-08,159,SH-791873,Audrey Bautista,1949-12-17,B-P-00983,84583776,19.00,RENEWAL,2026-09-15
Summit Health Plans,2026-08,160,SH-546663,Audrey Bautista,1949-12-17,B-P-00984,84583776,4.20,RENEWAL,2026-09-15
Summit Health Plans,2026-08,161,SH-513430,Brenda Harris,1957-05-12,B-P-00990,37947372,26.25,RENEWAL,2026-09-15
Summit Health Plans,2026-08,162,SH-225641,Walter Nelson,1980-03-10,B-P-01011,43888211,4.20,RENEWAL,2026-09-15
Summit Health Plans,2026-08,163,SH-215547,Laura Russell,1953-04-19,B-P-01025,67876966,26.25,RENEWAL,2026-09-15
Summit Health Plans,2026-08,164,SH-273331,Breanna Brooks,1969-02-17,B-P-01049,81157097,26.25,RENEWAL,2026-09-15
Summit Health Plans,2026-08,165,SH-835956,Bradley Jackson,1938-11-15,B-P-01054,91146902,26.25,RENEWAL,2026-09-15
Summit Health Plans,2026-08,166,SH-114152,Ryan Mitchell,1999-01-22,B-P-01064,50979283,16.00,RENEWAL,2026-09-15
Summit Health Plans,2026-08,167,SH-869449,Latoya Anderson,2000-05-08,B-P-01067,64493418,16.00,RENEWAL,2026-09-15
Summit Health Plans,2026-08,168,SH-988502,David Levine,1950-02-27,B-P-01068,90228424,26.25,RENEWAL,2026-09-15
Summit Health Plans,2026-08,169,SH-862356,Brian Gonzales,1950-02-21,B-P-01077,49066206,26.25,RENEWAL,2026-09-15
Summit Health Plans,2026-08,170,SH-753241,Kathryn Conway,1973-06-15,B-P-01087,59893296,26.25,RENEWAL,2026-09-15
Summit Health Plans,2026-08,171,SH-433287,Paula Flowers,1948-07-07,B-P-01092,9527070,26.25,RENEWAL,2026-09-15
Summit Health Plans,2026-08,172,SH-209422,Sheila Johnson,1942-07-07,B-P-01095,91146902,26.25,RENEWAL,2026-09-15
Summit Health Plans,2026-08,173,SH-602814,Jamie Walters,1933-10-28,B-P-01106,59893296,26.25,RENEWAL,2026-09-15
Summit Health Plans,2026-08,174,SH-351785,Tonya Huffman,1951-04-25,B-P-01109,37947372,26.25,RENEWAL,2026-09-15
Summit Health Plans,2026-08,175,SH-546242,Craig Wilson,1944-07-13,B-P-01115,81157097,26.25,RENEWAL,2026-09-15
Summit Health Plans,2026-08,176,SH-153399,Casey Cunningham,1956-03-30,B-P-01121,64493418,52.50,NEW,2026-09-15
Summit Health Plans,2026-08,177,SH-160724,David Miller,1934-02-05,B-P-01125,90228424,26.25,RENEWAL,2026-09-15
Summit Health Plans,2026-08,178,SH-236333,Mary Miller,1949-12-29,B-P-01126,90228424,26.25,RENEWAL,2026-09-15
Summit Health Plans,2026-08,179,SH-962531,Lindsey Richmond,1951-05-18,B-P-01132,64493418,52.50,NEW,2026-09-15
Summit Health Plans,2026-08,180,SH-729402,Douglas Long,2005-09-07,B-P-01136,93619366,16.00,RENEWAL,2026-09-15
Summit Health Plans,2026-08,181,SH-589356,Gene Collins,1935-12-07,B-P-01142,26047628,26.25,RENEWAL,2026-09-15
Summit Health Plans,2026-08,182,SH-130720,Matthew Higgins,1996-10-10,B-P-01168,50979283,16.00,RENEWAL,2026-09-15
Summit Health Plans,2026-08,183,SH-897330,Amanda Higgins,1937-09-13,B-P-01170,50979283,52.50,NEW,2026-09-15
Summit Health Plans,2026-08,184,SH-881328,Edward Munoz,1935-10-21,B-P-01186,9527070,52.50,NEW,2026-09-15
Summit Health Plans,2026-08,185,SH-582907,Richard Harris,1953-07-20,B-P-01193,64493418,19.00,RENEWAL,2026-09-15
Summit Health Plans,2026-08,186,SH-605404,Richard Harris,1953-07-20,B-P-01194,64493418,4.20,RENEWAL,2026-09-15
Summit Health Plans,2026-08,187,SH-252404,Billy Reyes,1952-04-27,B-P-01196,37947372,52.50,NEW,2026-09-15
Summit Health Plans,2026-08,188,SH-510524,Charles Gould,1949-11-04,B-P-01199,24647567,26.25,RENEWAL,2026-09-15
Summit Health Plans,2026-08,189,SH-760010,Candace Delgado,1994-05-03,B-P-01204,91146902,16.00,RENEWAL,2026-09-15
Summit Health Plans,2026-08,190,SH-254830,Elizabeth Little,1950-08-20,B-P-01206,50399119,26.25,RENEWAL,2026-09-15
Summit Health Plans,2026-08,191,SH-253861,Larry Burke,1953-01-31,B-P-01224,9527070,19.00,RENEWAL,2026-09-15
Summit Health Plans,2026-08,192,SH-911990,Larry Burke,1953-01-31,B-P-01225,9527070,4.20,RENEWAL,2026-09-15
Summit Health Plans,2026-08,193,SH-764616,Curtis Brown,2001-05-13,B-P-01244,98787777,16.00,RENEWAL,2026-09-15
Summit Health Plans,2026-08,194,SH-121982,Michelle Taylor,1992-07-28,B-P-01265,51446845,22.00,NEW,2026-09-15
Summit Health Plans,2026-08,195,SH-212393,Marc Morgan,1942-02-14,B-P-01276,98787777,26.25,RENEWAL,2026-09-15
Summit Health Plans,2026-08,196,SH-104449,Julia Dennis,1957-01-02,B-P-01280,20671937,26.25,RENEWAL,2026-09-15
Summit Health Plans,2026-08,197,SH-855318,Michael Dennis,1957-12-18,B-P-01281,20671937,4.20,RENEWAL,2026-09-15
Summit Health Plans,2026-08,198,SH-862381,Henry Valentine,1999-03-25,B-P-01284,14829889,16.00,RENEWAL,2026-09-15
Summit Health Plans,2026-08,199,SH-617402,Robin Rocha,1952-06-03,B-P-01285,59893296,26.25,RENEWAL,2026-09-15
Summit Health Plans,2026-08,200,SH-618419,Melissa Ward,1934-02-12,B-P-01292,26047628,26.25,RENEWAL,2026-09-15
Summit Health Plans,2026-08,201,SH-197840,Kimberly Smith,1943-02-03,B-P-01298,90228424,19.00,RENEWAL,2026-09-15
Summit Health Plans,2026-08,202,SH-420912,Kimberly Smith,1943-02-03,B-P-01299,90228424,4.20,RENEWAL,2026-09-15
Summit Health Plans,2026-08,203,SH-987604,Raymond Miller,1954-05-12,B-P-01311,59893296,26.25,RENEWAL,2026-09-15
Summit Health Plans,2026-08,204,SH-191325,Kevin Morris,1941-12-10,B-P-01315,93619366,26.25,RENEWAL,2026-09-15
Summit Health Plans,2026-08,205,SH-120325,Anna Parker,1942-12-02,B-P-01317,84583776,52.50,NEW,2026-09-15
Summit Health Plans,2026-08,206,SH-869610,Elijah Ramirez,1957-07-25,B-P-01321,98787777,26.25,RENEWAL,2026-09-15
Summit Health Plans,2026-08,207,SH-152228,Meagan Simmons,1934-02-26,B-P-01324,43888211,52.50,NEW,2026-09-15
Summit Health Plans,2026-08,208,SH-890018,Laura Moran,1996-02-01,B-P-01350,81157097,22.00,NEW,2026-09-15
Summit Health Plans,2026-08,209,SH-608135,Glen Dennis,1950-06-03,B-P-01356,94445646,26.25,RENEWAL,2026-09-15
Summit Health Plans,2026-08,210,SH-609311,Melinda Ayala,1939-01-06,B-P-01361,67876966,8.40,NEW,2026-09-15
Summit Health Plans,2026-08,211,SH-327189,Frederick Sanchez,1954-01-31,B-P-01365,45462976,26.25,RENEWAL,2026-09-15
Summit Health Plans,2026-08,212,SH-422123,Andre King,1940-02-27,B-P-01367,24647567,26.25,RENEWAL,2026-09-15
Summit Health Plans,2026-08,213,SH-695323,Tammy Ford,1933-12-16,B-P-01370,50399119,26.25,RENEWAL,2026-09-15
Summit Health Plans,2026-08,214,SH-837500,Stacy Miller,2002-07-02,B-P-01375,91146902,22.00,NEW,2026-09-15
Summit Health Plans,2026-08,215,SH-817993,Derrick Jones,1933-11-03,B-P-01378,50399119,26.25,RENEWAL,2026-09-15
Summit Health Plans,2026-08,216,SH-827138,Courtney Scott,1960-07-31,B-P-01384,67876966,19.00,RENEWAL,2026-09-15
Summit Health Plans,2026-08,217,SH-349138,Courtney Scott,1960-07-31,B-P-01385,67876966,4.20,RENEWAL,2026-09-15
Summit Health Plans,2026-08,218,SH-560352,Madison Alexander,1954-05-31,B-P-01389,75084135,26.25,RENEWAL,2026-09-15
Summit Health Plans,2026-08,219,SH-973576,Justin Williams,1998-04-17,B-P-01390,50979283,22.00,NEW,2026-09-15
Summit Health Plans,2026-08,220,SH-148191,Joshua Barker,1950-07-30,B-P-01412,37947372,4.20,RENEWAL,2026-09-15
Summit Health Plans,2026-08,221,SH-250219,Sandra Lloyd,1940-07-13,B-P-01421,93619366,38.00,NEW,2026-09-15
Summit Health Plans,2026-08,222,SH-728870,Sandra Lloyd,1940-07-13,B-P-01422,93619366,8.40,NEW,2026-09-15
Summit Health Plans,2026-08,223,SH-718655,Samantha Phillips,1955-07-31,B-P-01424,50979283,26.25,RENEWAL,2026-09-15
Summit Health Plans,2026-08,224,SH-621568,Michelle Burns,1952-08-20,B-P-01442,84583776,26.25,RENEWAL,2026-09-15
Summit Health Plans,2026-08,225,SH-488437,David Bean,1960-07-06,B-P-01444,93619366,52.50,NEW,2026-09-15
Summit Health Plans,2026-08,226,SH-702550,George Thomas,1988-08-22,B-P-01445,24647567,26.25,RENEWAL,2026-09-15
Summit Health Plans,2026-08,227,SH-911977,Jeff Chen,1941-12-29,B-P-01451,90228424,26.25,RENEWAL,2026-09-15
Summit Health Plans,2026-08,228,SH-383173,David Moore,1942-04-26,B-P-01487,9527070,52.50,NEW,2026-09-15
Summit Health Plans,2026-08,229,SH-802091,Veronica Morse,1934-03-19,B-P-01499,91146902,26.25,RENEWAL,2026-09-15
Summit Health Plans,2026-08,230,SH-463262,Jason Wheeler,1938-04-10,B-P-01503,84583776,52.50,NEW,2026-09-15
Summit Health Plans,2026-08,231,SH-203437,Amanda Mitchell,1944-07-24,B-P-01505,24647567,26.25,RENEWAL,2026-09-15
Summit Health Plans,2026-08,232,SH-939519,Douglas Kaufman,2004-10-15,B-P-01507,84583776,22.00,NEW,2026-09-15
Summit Health Plans,2026-08,233,SH-205400,Heather Thomas,1951-01-18,B-P-01511,50399119,26.25,RENEWAL,2026-09-15
Summit Health Plans,2026-08,234,SH-505366,Rachel Johnson,1988-02-06,B-P-01515,50399119,22.00,NEW,2026-09-15
Summit Health Plans,2026-08,235,SH-684915,Jesse Cantrell,1955-12-31,B-P-01516,26047628,19.00,RENEWAL,2026-09-15
Summit Health Plans,2026-08,236,SH-584387,Jesse Cantrell,1955-12-31,B-P-01517,26047628,4.20,RENEWAL,2026-09-15
Summit Health Plans,2026-08,237,SH-312884,Jennifer Kirk,1941-12-17,B-P-01552,14829889,52.50,NEW,2026-09-15
Summit Health Plans,2026-08,238,SH-712776,Ashley Barton,1938-03-06,B-P-01563,49066206,26.25,RENEWAL,2026-09-15
Summit Health Plans,2026-08,239,SH-473614,Gary Blair,1934-05-25,B-P-01574,37947372,19.00,RENEWAL,2026-09-15
Summit Health Plans,2026-08,240,SH-350616,Gary Blair,1934-05-25,B-P-01575,37947372,4.20,RENEWAL,2026-09-15
Summit Health Plans,2026-08,241,SH-598127,Olivia Keith,1972-10-27,B-P-01592,51446845,16.00,RENEWAL,2026-09-15
Summit Health Plans,2026-08,242,SH-340198,Teresa Brown,1947-11-18,B-P-01610,64493418,19.00,RENEWAL,2026-09-15
Summit Health Plans,2026-08,243,SH-657154,Teresa Brown,1947-11-18,B-P-01611,64493418,4.20,RENEWAL,2026-09-15
Summit Health Plans,2026-08,244,SH-823474,Alicia Myers,1949-08-13,B-P-01620,64493418,26.25,RENEWAL,2026-09-15
Summit Health Plans,2026-08,245,SH-131105,Katherine Hoffman,1976-02-26,B-P-01637,98787777,16.00,RENEWAL,2026-09-15
Summit Health Plans,2026-08,246,SH-702580,Angela Dillon,1943-08-22,B-P-01645,43888211,52.50,NEW,2026-09-15
Summit Health Plans,2026-08,247,SH-795235,Trevor Mcpherson,1952-03-27,B-P-01655,24647567,26.25,RENEWAL,2026-09-15
Summit Health Plans,2026-08,248,SH-780955,Tiffany Byrd,1935-02-25,B-P-01658,64493418,52.50,NEW,2026-09-15
Summit Health Plans,2026-08,249,SH-668454,Heather Medina,1958-03-16,B-P-01659,43888211,38.00,NEW,2026-09-15
Summit Health Plans,2026-08,250,SH-879531,Heather Medina,1958-03-16,B-P-01660,43888211,8.40,NEW,2026-09-15
Summit Health Plans,2026-08,251,SH-771619,Steven Mccoy,1956-01-24,B-P-01671,98787777,52.50,NEW,2026-09-15
Summit Health Plans,2026-08,252,SH-945950,Jacqueline Mccoy,1935-07-20,B-P-01672,98787777,26.25,RENEWAL,2026-09-15
Summit Health Plans,2026-08,253,SH-208571,Michael Cuevas,1952-08-21,B-P-01690,45462976,26.25,RENEWAL,2026-09-15
Summit Health Plans,2026-08,254,SH-527169,Elizabeth Ray,1999-01-18,B-P-01692,14829889,16.00,RENEWAL,2026-09-15
Summit Health Plans,2026-08,255,SH-298421,Christian Woods,1951-10-01,B-P-01695,69777236,26.25,RENEWAL,2026-09-15
Summit Health Plans,2026-08,256,SH-970935,Amanda Wilson,1955-01-05,B-P-01701,84583776,26.25,RENEWAL,2026-09-15
Summit Health Plans,2026-08,257,SH-483071,David Rodriguez,1935-06-25,B-P-01703,20671937,26.25,RENEWAL,2026-09-15
Summit Health Plans,2026-08,258,SH-778575,Samantha Smith,1943-06-06,B-P-01720,98787777,19.00,RENEWAL,2026-09-15
Summit Health Plans,2026-08,259,SH-517580,Samantha Smith,1943-06-06,B-P-01721,98787777,4.20,RENEWAL,2026-09-15
Summit Health Plans,2026-08,260,SH-703219,Daniel Rodriguez,1944-06-12,B-P-01728,84583776,52.50,NEW,2026-09-15
Summit Health Plans,2026-08,261,SH-980713,Joseph Barnes,1939-09-22,B-P-01735,94445646,26.25,RENEWAL,2026-09-15
Summit Health Plans,2026-08,262,SH-405699,Michael Steele,1948-04-24,B-P-01742,45462976,26.25,RENEWAL,2026-09-15
Summit Health Plans,2026-08,263,SH-202174,Katherine Stephens,1946-01-30,B-P-01748,49066206,52.50,NEW,2026-09-15
Summit Health Plans,2026-08,264,SH-381362,Carol Stephens,1942-06-05,B-P-01749,49066206,26.25,RENEWAL,2026-09-15
Summit Health Plans,2026-08,265,SH-582979,Michael King,1957-08-23,B-P-01761,64493418,52.50,NEW,2026-09-15
Summit Health Plans,2026-08,266,SH-854866,Benjamin Miller,1972-07-13,B-P-01765,91146902,22.00,NEW,2026-09-15
Summit Health Plans,2026-08,267,SH-390444,Ricardo Powell,1941-11-10,B-P-01772,94445646,26.25,RENEWAL,2026-09-15
Summit Health Plans,2026-08,268,SH-223422,Alyssa Charles,1947-06-01,B-P-01798,37947372,8.40,NEW,2026-09-15
Summit Health Plans,2026-08,269,SH-896963,John Davis,1939-09-27,B-P-01805,50399119,26.25,RENEWAL,2026-09-15
Summit Health Plans,2026-08,270,SH-417067,Connie Wilson,1946-04-21,B-P-01815,64493418,26.25,RENEWAL,2026-09-15
Summit Health Plans,2026-08,271,SH-457206,Brian Le,1979-02-09,B-P-01827,93619366,16.00,RENEWAL,2026-09-15
Summit Health Plans,2026-08,272,SH-104850,Thomas Orr,1939-06-09,B-P-01829,20671937,26.25,RENEWAL,2026-09-15
Summit Health Plans,2026-08,273,SH-478123,Lori Banks,1952-02-05,B-P-01843,59893296,19.00,RENEWAL,2026-09-15
Summit Health Plans,2026-08,274,SH-948971,Lori Banks,1952-02-05,B-P-01844,59893296,4.20,RENEWAL,2026-09-15
Summit Health Plans,2026-08,275,SH-371071,Charles Bryant,1936-04-09,B-P-01850,84583776,52.50,NEW,2026-09-15
Summit Health Plans,2026-08,276,SH-435846,Michael Ortiz,1955-02-26,B-P-01855,98787777,19.00,RENEWAL,2026-09-15
Summit Health Plans,2026-08,277,SH-108828,Michael Ortiz,1955-02-26,B-P-01856,98787777,4.20,RENEWAL,2026-09-15
Summit Health Plans,2026-08,278,SH-750766,Holly Ortiz,1958-06-13,B-P-01857,98787777,26.25,RENEWAL,2026-09-15
Summit Health Plans,2026-08,279,SH-564807,Amber Carey,1951-06-04,B-P-01866,20671937,52.50,NEW,2026-09-15
Summit Health Plans,2026-08,280,SH-344897,Patrick Velasquez,1945-02-10,B-P-01867,14829889,52.50,NEW,2026-09-15
Summit Health Plans,2026-08,281,SH-955003,Jamie Velasquez,1986-10-07,B-P-01868,14829889,16.00,RENEWAL,2026-09-15
Summit Health Plans,2026-08,282,SH-998238,Sarah Brock,1957-02-26,B-P-01872,98787777,26.25,RENEWAL,2026-09-15
Summit Health Plans,2026-08,283,SH-299612,Michael Thomas,1944-01-27,B-P-01873,91146902,26.25,RENEWAL,2026-09-15
Summit Health Plans,2026-08,284,SH-631789,Melissa Allen,1944-04-01,B-P-01889,59893296,26.25,RENEWAL,2026-09-15
Summit Health Plans,2026-08,285,SH-797272,Tim Hansen,1941-12-14,B-P-01893,64493418,26.25,RENEWAL,2026-09-15
Summit Health Plans,2026-08,286,SH-289170,Erin Evans,1954-09-05,B-P-01898,81157097,26.25,RENEWAL,2026-09-15
Summit Health Plans,2026-08,287,SH-566351,David Johnson,1937-10-25,B-P-01911,84583776,26.25,RENEWAL,2026-09-15
Summit Health Plans,2026-08,288,SH-676529,Cynthia Rodriguez,1963-12-28,B-P-01922,50399119,22.00,NEW,2026-09-15
Summit Health Plans,2026-08,289,SH-423806,Maria Rowland,1947-02-24,B-P-01930,90228424,52.50,NEW,2026-09-15
Summit Health Plans,2026-08,290,SH-801791,Elizabeth Harrison,1945-02-10,B-P-01934,20671937,26.25,RENEWAL,2026-09-15
Summit Health Plans,2026-08,291,SH-878887,Kim Lane,1934-09-20,B-P-01938,50979283,26.25,RENEWAL,2026-09-15
Summit Health Plans,2026-08,292,SH-288764,Charles Hernandez,1941-09-28,B-P-01946,81157097,38.00,NEW,2026-09-15
Summit Health Plans,2026-08,293,SH-673472,Charles Hernandez,1941-09-28,B-P-01947,81157097,8.40,NEW,2026-09-15
Summit Health Plans,2026-08,294,SH-669785,Shaun Russo,1943-08-04,B-P-01950,69777236,26.25,RENEWAL,2026-09-15
Summit Health Plans,2026-08,295,SH-942427,Brandon Le,1948-01-31,B-P-01955,49066206,19.00,RENEWAL,2026-09-15
Summit Health Plans,2026-08,296,SH-603814,Brandon Le,1948-01-31,B-P-01956,49066206,4.20,RENEWAL,2026-09-15
Summit Health Plans,2026-08,297,SH-677919,Jeff Boyer,1936-07-11,B-P-01957,43888211,26.25,RENEWAL,2026-09-15
Summit Health Plans,2026-08,298,SH-997454,Michelle Nguyen,1969-03-02,B-P-01961,93619366,22.00,NEW,2026-09-15
Summit Health Plans,2026-08,299,SH-715049,Sherri Sanford,1942-03-30,B-P-01965,45462976,26.25,RENEWAL,2026-09-15
Summit Health Plans,2026-08,300,SH-833842,Daniel Williams,1979-01-11,B-P-01966,14829889,26.25,RENEWAL,2026-09-15
Summit Health Plans,2026-08,301,SH-696146,Holly Russell,1950-05-15,B-P-01971,93619366,26.25,RENEWAL,2026-09-15
Summit Health Plans,2026-08,302,SH-446037,Roberta Murphy,1940-10-11,B-P-01998,50399119,26.25,RENEWAL,2026-09-15
Summit Health Plans,2026-08,303,SH-686595,Danielle Camacho,1942-10-31,B-P-02008,50979283,4.20,RENEWAL,2026-09-15
Summit Health Plans,2026-08,304,SH-624808,Shannon Miller,1969-10-28,B-P-02030,98787777,16.00,RENEWAL,2026-09-15
Meridian Care,2026-08,1,MC-625001,Richard Morrison,2004-08-16,B-P-00015,64493418,16.00,RENEWAL,2026-09-15
Meridian Care,2026-08,2,MC-223802,James Jennings,1946-06-28,B-P-00016,24647567,26.25,RENEWAL,2026-09-15
Meridian Care,2026-08,3,MC-547183,Madison Franklin,1943-08-17,B-P-00019,94445646,26.25,RENEWAL,2026-09-15
Meridian Care,2026-08,4,MC-660349,Jesse Griffin-Steele,1956-12-02,B-P-00040,67876966,26.25,RENEWAL,2026-09-15
Meridian Care,2026-08,5,MC-407093,Wanda Steele,1933-10-10,B-P-00041,67876966,19.00,RENEWAL,2026-09-15
Meridian Care,2026-08,6,MC-345637,Wanda Steele,1933-10-10,B-P-00042,67876966,4.20,RENEWAL,2026-09-15
Meridian Care,2026-08,7,MC-240661,Steven Porter,1952-09-29,B-P-00057,94445646,26.25,RENEWAL,2026-09-15
Meridian Care,2026-08,8,MC-687981,Katherine Morgan-Willis,1937-03-03,B-P-00060,93619366,19.00,RENEWAL,2026-09-15
Meridian Care,2026-08,9,MC-906779,Katherine Morgan-Willis,1937-03-03,B-P-00061,93619366,4.20,RENEWAL,2026-09-15
Meridian Care,2026-08,10,MC-697312,Rodney Lee,1945-09-10,B-P-00062,49066206,19.00,RENEWAL,2026-09-15
Meridian Care,2026-08,11,MC-206804,Rodney Lee,1945-09-10,B-P-00063,49066206,4.20,RENEWAL,2026-09-15
Meridian Care,2026-08,12,MC-857750,Veronica Dalton,1946-02-15,B-P-00073,49066206,4.20,RENEWAL,2026-09-15
Meridian Care,2026-08,13,MC-999349,Anthony Wilson,1946-10-07,B-P-00076,93619366,38.00,NEW,2026-09-15
Meridian Care,2026-08,14,MC-282965,Anthony Wilson,1946-10-07,B-P-00077,93619366,8.40,NEW,2026-09-15
Meridian Care,2026-08,15,MC-281749,Jennifer Bond,1937-08-14,B-P-00083,67876966,26.25,RENEWAL,2026-09-15
Meridian Care,2026-08,16,MC-649447,David Murray,1992-10-30,B-P-00085,14829889,22.00,NEW,2026-09-15
Meridian Care,2026-08,17,MC-908720,Joshua Lopez,1967-04-04,B-P-00090,49066206,16.00,RENEWAL,2026-09-15
Meridian Care,2026-08,18,MC-473857,Anthony Schmitt,1994-04-14,B-P-00094,24647567,16.00,RENEWAL,2026-09-15
Meridian Care,2026-08,19,MC-576948,Tina Carter,1943-08-22,B-P-00096,50399119,26.25,RENEWAL,2026-09-15
Meridian Care,2026-08,20,MC-241887,Michael Ellison,1975-01-21,B-P-00106,91146902,16.00,RENEWAL,2026-09-15
Meridian Care,2026-08,21,MC-737556,Christopher Curtis,1994-05-14,B-P-00109,75084135,22.00,NEW,2026-09-15
Meridian Care,2026-08,22,MC-491991,Brandy Curtis,1952-12-18,B-P-00110,75084135,19.00,RENEWAL,2026-09-15
Meridian Care,2026-08,23,MC-260367,Brandy Curtis,1952-12-18,B-P-00111,75084135,4.20,RENEWAL,2026-09-15
Meridian Care,2026-08,24,MC-776161,Adam Curtis,1937-07-14,B-P-00112,75084135,52.50,NEW,2026-09-15
Meridian Care,2026-08,25,MC-562146,Erin Arnold,1945-11-16,B-P-00115,9527070,38.00,NEW,2026-09-15
Meridian Care,2026-08,26,MC-235276,Erin Arnold,1945-11-16,B-P-00116,9527070,8.40,NEW,2026-09-15
Meridian Care,2026-08,27,MC-404918,James Solis,1959-11-26,B-P-00117,93619366,52.50,NEW,2026-09-15
Meridian Care,2026-08,28,MC-171299,Christopher Solis,1944-04-23,B-P-00118,93619366,52.50,NEW,2026-09-15
Meridian Care,2026-08,29,MC-640636,Nicholas Ramos,1941-01-08,B-P-00130,37947372,19.00,RENEWAL,2026-09-15
Meridian Care,2026-08,30,MC-344916,Nicholas Ramos,1941-01-08,B-P-00131,37947372,4.20,RENEWAL,2026-09-15
Meridian Care,2026-08,31,MC-545686,Bruce Cline,1949-09-23,B-P-00162,51446845,19.00,RENEWAL,2026-09-15
Meridian Care,2026-08,32,MC-366060,Bruce Cline,1949-09-23,B-P-00163,51446845,4.20,RENEWAL,2026-09-15
Meridian Care,2026-08,33,MC-413893,Amanda Carter,1965-09-17,B-P-00170,59893296,16.00,RENEWAL,2026-09-15
Meridian Care,2026-08,34,MC-712113,Andrew Myers,1960-01-07,B-P-00176,24647567,52.50,NEW,2026-09-15
Meridian Care,2026-08,35,MC-864059,Aaron Myers,1994-02-02,B-P-00177,24647567,16.00,RENEWAL,2026-09-15
Meridian Care,2026-08,36,MC-629204,Elizabeth Williams,1944-03-08,B-P-00180,37947372,26.25,RENEWAL,2026-09-15
Meridian Care,2026-08,37,MC-159873,Amy Jackson,1988-07-13,B-P-00183,26047628,16.00,RENEWAL,2026-09-15
Meridian Care,2026-08,38,MC-223001,Howard Hudson,1940-05-28,B-P-00184,20671937,26.25,RENEWAL,2026-09-15
Meridian Care,2026-08,39,MC-620821,Timothy Cervantes,1939-01-23,B-P-00186,45462976,52.50,NEW,2026-09-15
Meridian Care,2026-08,40,MC-771295,Rachel Weaver,1951-01-01,B-P-00200,93619366,26.25,RENEWAL,2026-09-15
Meridian Care,2026-08,41,MC-243648,Joshua Carter,1956-02-12,B-P-00203,9527070,52.50,NEW,2026-09-15
Meridian Care,2026-08,42,MC-989477,Marvin Patton,1937-03-10,B-P-00216,24647567,26.25,RENEWAL,2026-09-15
Meridian Care,2026-08,43,MC-887541,Dean Frey,1960-06-15,B-P-00218,90228424,26.25,RENEWAL,2026-09-15
Meridian Care,2026-08,44,MC-163383,Brandon Crawford,1936-03-31,B-P-00224,81157097,26.25,RENEWAL,2026-09-15
Meridian Care,2026-08,45,MC-725052,Melanie Crawford,1952-12-27,B-P-00225,81157097,26.25,RENEWAL,2026-09-15
Meridian Care,2026-08,46,MC-569585,Holly Mcdaniel,1951-10-28,B-P-00268,51446845,26.25,RENEWAL,2026-09-15
Meridian Care,2026-08,47,MC-453807,Brianna Pineda,1935-08-15,B-P-00276,51446845,26.25,RENEWAL,2026-09-15
Meridian Care,2026-08,48,MC-842991,Brian Wiley,1940-06-21,B-P-00284,90228424,26.25,RENEWAL,2026-09-15
Meridian Care,2026-08,49,MC-532855,April Simmons,1977-08-24,B-P-00290,93619366,22.00,NEW,2026-09-15
Meridian Care,2026-08,50,MC-741265,Brittany Johnson,1940-11-03,B-P-00304,37947372,26.25,RENEWAL,2026-09-15
Meridian Care,2026-08,51,MC-658767,Matthew Franklin,1972-03-15,B-P-00314,93619366,22.00,NEW,2026-09-15
Meridian Care,2026-08,52,MC-998491,Diana Anderson,1957-03-28,B-P-00334,51446845,26.25,RENEWAL,2026-09-15
Meridian Care,2026-08,53,MC-399579,Bradley Johns,1971-09-21,B-P-00339,67876966,22.00,NEW,2026-09-15
Meridian Care,2026-08,54,MC-675550,Adam Jones,1953-07-29,B-P-00341,93619366,52.50,NEW,2026-09-15
Meridian Care,2026-08,55,MC-288185,Thomas Bryant,1934-08-29,B-P-00343,49066206,26.25,RENEWAL,2026-09-15
Meridian Care,2026-08,56,MC-745776,Jennifer Lara,1935-05-25,B-P-00344,50399119,19.00,RENEWAL,2026-09-15
Meridian Care,2026-08,57,MC-189237,Jennifer Lara,1935-05-25,B-P-00345,50399119,4.20,RENEWAL,2026-09-15
Meridian Care,2026-08,58,MC-705130,Angel Dickson,1934-07-16,B-P-00353,43888211,4.20,RENEWAL,2026-09-15
Meridian Care,2026-08,59,MC-854058,Rachel Robinson-Terrell,1947-07-01,B-P-00359,98787777,26.25,RENEWAL,2026-09-15
Meridian Care,2026-08,60,MC-188112,James Wright,2001-10-20,B-P-00368,67876966,22.00,NEW,2026-09-15
Meridian Care,2026-08,61,MC-252905,Gina Bradford,1937-03-16,B-P-00378,9527070,26.25,RENEWAL,2026-09-15
Meridian Care,2026-08,62,MC-737048,Danielle Greene,1978-06-11,B-P-00402,37947372,26.25,RENEWAL,2026-09-15
Meridian Care,2026-08,63,MC-162569,James Nguyen,2001-03-03,B-P-00408,91146902,16.00,RENEWAL,2026-09-15
Meridian Care,2026-08,64,MC-111031,Tammie Brooks,1959-02-26,B-P-00413,50399119,26.25,RENEWAL,2026-09-15
Meridian Care,2026-08,65,MC-128642,Andrea Ross,1958-09-17,B-P-00427,75084135,52.50,NEW,2026-09-15
Meridian Care,2026-08,66,MC-495196,Cindy Wise,1935-04-07,B-P-00432,45462976,19.00,RENEWAL,2026-09-15
Meridian Care,2026-08,67,MC-157784,Cindy Wise,1935-04-07,B-P-00433,45462976,4.20,RENEWAL,2026-09-15
Meridian Care,2026-08,68,MC-830509,David Carney,1997-10-09,B-P-00438,81157097,16.00,RENEWAL,2026-09-15
Meridian Care,2026-08,69,MC-995393,Mandy Shaffer,1943-12-04,B-P-00444,59893296,26.25,RENEWAL,2026-09-15
Meridian Care,2026-08,70,MC-875830,Larry Moore,1959-09-13,B-P-00462,51446845,52.50,NEW,2026-09-15
Meridian Care,2026-08,71,MC-200425,Jonathan Chavez,1935-02-03,B-P-00465,43888211,38.00,NEW,2026-09-15
Meridian Care,2026-08,72,MC-631799,Jonathan Chavez,1935-02-03,B-P-00466,43888211,8.40,NEW,2026-09-15
Meridian Care,2026-08,73,MC-321848,Brooke Hall,1938-09-14,B-P-00472,84583776,26.25,RENEWAL,2026-09-15
Meridian Care,2026-08,74,MC-449615,Danielle Robinson,1951-02-15,B-P-00480,43888211,26.25,RENEWAL,2026-09-15
Meridian Care,2026-08,75,MC-938845,George Andrews,1952-01-30,B-P-00483,64493418,26.25,RENEWAL,2026-09-15
Meridian Care,2026-08,76,MC-416469,Christina Johnston,1954-05-08,B-P-00488,43888211,26.25,RENEWAL,2026-09-15
Meridian Care,2026-08,77,MC-989071,Jeremy Tucker,1948-07-02,B-P-00490,67876966,8.40,NEW,2026-09-15
Meridian Care,2026-08,78,MC-934947,John Johnson,1942-02-03,B-P-00492,98787777,52.50,NEW,2026-09-15
Meridian Care,2026-08,79,MC-679435,Brandon Martinez,1953-08-08,B-P-00505,94445646,26.25,RENEWAL,2026-09-15
Meridian Care,2026-08,80,MC-655264,Julie Hanson,1998-12-30,B-P-00508,37947372,22.00,NEW,2026-09-15
Meridian Care,2026-08,81,MC-919362,Kelly Pittman,1939-01-27,B-P-00522,20671937,26.25,RENEWAL,2026-09-15
Meridian Care,2026-08,82,MC-139549,Austin Morales,1956-02-28,B-P-00523,64493418,19.00,RENEWAL,2026-09-15
Meridian Care,2026-08,83,MC-815828,Austin Morales,1956-02-28,B-P-00524,64493418,4.20,RENEWAL,2026-09-15
Meridian Care,2026-08,84,MC-981672,Christy Morales,1940-03-17,B-P-00525,64493418,19.00,RENEWAL,2026-09-15
Meridian Care,2026-08,85,MC-729502,Christy Morales,1940-03-17,B-P-00526,64493418,4.20,RENEWAL,2026-09-15
Meridian Care,2026-08,86,MC-686755,Christina Stewart,1938-08-14,B-P-00528,45462976,52.50,NEW,2026-09-15
Meridian Care,2026-08,87,MC-579478,Tyler Stewart,1945-03-05,B-P-00530,45462976,26.25,RENEWAL,2026-09-15
Meridian Care,2026-08,88,MC-309455,Christina Andrews,1943-11-07,B-P-00531,9527070,38.00,NEW,2026-09-15
Meridian Care,2026-08,89,MC-726018,Christina Andrews,1943-11-07,B-P-00532,9527070,8.40,NEW,2026-09-15
Meridian Care,2026-08,90,MC-548367,Travis Cruz,1986-07-24,B-P-00537,59893296,16.00,RENEWAL,2026-09-15
Meridian Care,2026-08,91,MC-669270,Richard Davis,1940-02-07,B-P-00538,50399119,26.25,RENEWAL,2026-09-15
Meridian Care,2026-08,92,MC-323530,James Archer,1952-07-04,B-P-00541,64493418,26.25,RENEWAL,2026-09-15
Meridian Care,2026-08,93,MC-276260,John Little,1949-02-21,B-P-00545,26047628,26.25,RENEWAL,2026-09-15
Meridian Care,2026-08,94,MC-120080,Michele Reed,1995-02-20,B-P-00560,69777236,22.00,NEW,2026-09-15
Meridian Care,2026-08,95,MC-821651,George Sanchez,1957-06-08,B-P-00567,90228424,52.50,NEW,2026-09-15
Meridian Care,2026-08,96,MC-662385,Holly Sanchez,1978-12-10,B-P-00568,90228424,19.00,RENEWAL,2026-09-15
Meridian Care,2026-08,97,MC-350024,Holly Sanchez,1978-12-10,B-P-00569,90228424,4.20,RENEWAL,2026-09-15
Meridian Care,2026-08,98,MC-305257,Anthony Kelley,1990-07-03,B-P-00571,51446845,16.00,RENEWAL,2026-09-15
Meridian Care,2026-08,99,MC-572855,Charles Holmes,1996-10-13,B-P-00576,50399119,16.00,RENEWAL,2026-09-15
Meridian Care,2026-08,100,MC-865537,Derek Martinez,1944-09-10,B-P-00598,14829889,26.25,RENEWAL,2026-09-15
Meridian Care,2026-08,101,MC-984698,Brandon Hartman,1942-11-29,B-P-00601,50399119,26.25,RENEWAL,2026-09-15
Meridian Care,2026-08,102,MC-490453,Rick Jackson,1959-06-18,B-P-00610,67876966,26.25,RENEWAL,2026-09-15
Meridian Care,2026-08,103,MC-789241,Joy Dixon,1955-05-21,B-P-00612,51446845,19.00,RENEWAL,2026-09-15
Meridian Care,2026-08,104,MC-607100,Joy Dixon,1955-05-21,B-P-00613,51446845,4.20,RENEWAL,2026-09-15
Meridian Care,2026-08,105,MC-937571,Ann Mcmillan,1959-08-10,B-P-00630,69777236,52.50,NEW,2026-09-15
Meridian Care,2026-08,106,MC-181767,Tyler Mcmillan,1941-05-13,B-P-00631,69777236,26.25,RENEWAL,2026-09-15
Meridian Care,2026-08,107,MC-899331,Austin Martin,1956-02-09,B-P-00633,81157097,26.25,RENEWAL,2026-09-15
Meridian Care,2026-08,108,MC-698333,Peter Lopez,1943-01-22,B-P-00636,75084135,52.50,NEW,2026-09-15
Meridian Care,2026-08,109,MC-206523,Karen Smith,1948-03-13,B-P-00648,26047628,26.25,RENEWAL,2026-09-15
Meridian Care,2026-08,110,MC-935945,Justin Moody,1944-10-13,B-P-00653,67876966,26.25,RENEWAL,2026-09-15
Meridian Care,2026-08,111,MC-822222,Charles Peterson,1945-05-28,B-P-00660,84583776,26.25,RENEWAL,2026-09-15
Meridian Care,2026-08,112,MC-867534,Danielle Randolph,1947-10-18,B-P-00677,64493418,26.25,RENEWAL,2026-09-15
Meridian Care,2026-08,113,MC-165695,Robert Fowler,1945-03-20,B-P-00689,50399119,4.20,RENEWAL,2026-09-15
Meridian Care,2026-08,114,MC-458555,Derek Evans,1955-11-21,B-P-00695,93619366,26.25,RENEWAL,2026-09-15
Meridian Care,2026-08,115,MC-715130,Larry Hicks,1982-03-14,B-P-00706,14829889,16.00,RENEWAL,2026-09-15
Meridian Care,2026-08,116,MC-417402,Craig Taylor,1936-05-20,B-P-00717,94445646,19.00,RENEWAL,2026-09-15
Meridian Care,2026-08,117,MC-100887,Craig Taylor,1936-05-20,B-P-00718,94445646,4.20,RENEWAL,2026-09-15
Meridian Care,2026-08,118,MC-971841,Thomas Davis,1953-02-04,B-P-00737,45462976,26.25,RENEWAL,2026-09-15
Meridian Care,2026-08,119,MC-446147,Reginald Stone,1936-03-15,B-P-00746,94445646,52.50,NEW,2026-09-15
Meridian Care,2026-08,120,MC-345516,Miranda Palmer,1952-12-26,B-P-00751,43888211,26.25,RENEWAL,2026-09-15
Meridian Care,2026-08,121,MC-671762,Kaitlin Holland,1977-09-20,B-P-00762,64493418,16.00,RENEWAL,2026-09-15
Meridian Care,2026-08,122,MC-173730,Megan Miller,1974-09-09,B-P-00772,59893296,16.00,RENEWAL,2026-09-15
Meridian Care,2026-08,123,MC-741642,Andrea Williams,1948-10-21,B-P-00785,59893296,26.25,RENEWAL,2026-09-15
Meridian Care,2026-08,124,MC-938972,Antonio Stevens,1948-04-03,B-P-00787,45462976,26.25,RENEWAL,2026-09-15
Meridian Care,2026-08,125,MC-561994,Kylie Walker,1955-07-23,B-P-00788,50399119,19.00,RENEWAL,2026-09-15
Meridian Care,2026-08,126,MC-711857,Kylie Walker,1955-07-23,B-P-00789,50399119,4.20,RENEWAL,2026-09-15
Meridian Care,2026-08,127,MC-486712,Daniel Jenkins,1975-10-20,B-P-00795,51446845,16.00,RENEWAL,2026-09-15
Meridian Care,2026-08,128,MC-176001,Michael Lee,1947-11-09,B-P-00809,24647567,19.00,RENEWAL,2026-09-15
Meridian Care,2026-08,129,MC-493544,Michael Lee,1947-11-09,B-P-00810,24647567,4.20,RENEWAL,2026-09-15
Meridian Care,2026-08,130,MC-639680,Garrett Brown,1945-07-02,B-P-00811,50399119,26.25,RENEWAL,2026-09-15
Meridian Care,2026-08,131,MC-286022,Joseph Elliott,1948-10-18,B-P-00816,84583776,26.25,RENEWAL,2026-09-15
Meridian Care,2026-08,132,MC-598059,Jeremiah Sanchez,1944-07-16,B-P-00821,81157097,19.00,RENEWAL,2026-09-15
Meridian Care,2026-08,133,MC-174638,Jeremiah Sanchez,1944-07-16,B-P-00822,81157097,4.20,RENEWAL,2026-09-15
Meridian Care,2026-08,134,MC-989636,Sarah Willis,1970-02-04,B-P-00827,90228424,16.00,RENEWAL,2026-09-15
Meridian Care,2026-08,135,MC-511289,Katherine Potts,1957-01-07,B-P-00830,59893296,26.25,RENEWAL,2026-09-15
Meridian Care,2026-08,136,MC-839929,Paul Braun,1940-06-06,B-P-00844,91146902,26.25,RENEWAL,2026-09-15
Meridian Care,2026-08,137,MC-808976,Sydney Maldonado,1951-08-08,B-P-00852,14829889,26.25,RENEWAL,2026-09-15
Meridian Care,2026-08,138,MC-466498,Manuel Mclean,1949-02-27,B-P-00855,81157097,26.25,RENEWAL,2026-09-15
Meridian Care,2026-08,139,MC-421053,James Gardner,1978-07-25,B-P-00894,91146902,22.00,NEW,2026-09-15
Meridian Care,2026-08,140,MC-444868,Heidi Ward,1951-09-15,B-P-00907,45462976,19.00,RENEWAL,2026-09-15
Meridian Care,2026-08,141,MC-974308,Heidi Ward,1951-09-15,B-P-00908,45462976,4.20,RENEWAL,2026-09-15
Meridian Care,2026-08,142,MC-392747,Kristin Thompson,1956-12-21,B-P-00911,64493418,26.25,RENEWAL,2026-09-15
Meridian Care,2026-08,143,MC-477406,Paul Myers,1947-02-22,B-P-00917,51446845,26.25,RENEWAL,2026-09-15
Meridian Care,2026-08,144,MC-275219,Kathryn Smith,1940-12-01,B-P-00929,94445646,38.00,NEW,2026-09-15
Meridian Care,2026-08,145,MC-843186,Kathryn Smith,1940-12-01,B-P-00930,94445646,8.40,NEW,2026-09-15
Meridian Care,2026-08,146,MC-466648,Cindy Griffith,1956-01-21,B-P-00931,75084135,26.25,RENEWAL,2026-09-15
Meridian Care,2026-08,147,MC-257935,Steven Stark,1995-02-16,B-P-00950,75084135,16.00,RENEWAL,2026-09-15
Meridian Care,2026-08,148,MC-843210,Susan Ball,1953-06-05,B-P-00960,67876966,26.25,RENEWAL,2026-09-15
Meridian Care,2026-08,149,MC-269183,April Fletcher,1951-01-24,B-P-00974,90228424,52.50,NEW,2026-09-15
Meridian Care,2026-08,150,MC-393046,David Parker,1943-10-08,B-P-00991,90228424,19.00,RENEWAL,2026-09-15
Meridian Care,2026-08,151,MC-402257,David Parker,1943-10-08,B-P-00992,90228424,4.20,RENEWAL,2026-09-15
Meridian Care,2026-08,152,MC-438847,James Reynolds,1937-10-21,B-P-00997,49066206,26.25,RENEWAL,2026-09-15
Meridian Care,2026-08,153,MC-654153,John Liu,1936-05-31,B-P-00999,9527070,52.50,NEW,2026-09-15
Meridian Care,2026-08,154,MC-436587,Lori Lawrence,1946-03-07,B-P-01008,91146902,26.25,RENEWAL,2026-09-15
Meridian Care,2026-08,155,MC-184654,Brandon Nelson,1936-08-08,B-P-01010,43888211,4.20,RENEWAL,2026-09-15
Meridian Care,2026-08,156,MC-429364,Samuel Moreno,1965-11-24,B-P-01015,69777236,52.50,NEW,2026-09-15
Meridian Care,2026-08,157,MC-884834,Bonnie Moreno,1954-09-15,B-P-01016,69777236,52.50,NEW,2026-09-15
Meridian Care,2026-08,158,MC-846713,Vanessa Johnson,1958-09-12,B-P-01021,20671937,26.25,RENEWAL,2026-09-15
Meridian Care,2026-08,159,MC-421150,Christopher Dixon,1934-09-15,B-P-01024,98787777,4.20,RENEWAL,2026-09-15
Meridian Care,2026-08,160,MC-809059,Danielle Francis,1945-05-03,B-P-01026,9527070,19.00,RENEWAL,2026-09-15
Meridian Care,2026-08,161,MC-600056,Danielle Francis,1945-05-03,B-P-01027,9527070,4.20,RENEWAL,2026-09-15
Meridian Care,2026-08,162,MC-556139,Sarah Williams,1944-03-21,B-P-01028,20671937,26.25,RENEWAL,2026-09-15
Meridian Care,2026-08,163,MC-116565,Shannon Garcia,1972-10-25,B-P-01030,51446845,16.00,RENEWAL,2026-09-15
Meridian Care,2026-08,164,MC-762910,Joseph Wood,1991-05-30,B-P-01051,50979283,26.25,RENEWAL,2026-09-15
Meridian Care,2026-08,165,MC-211378,Linda Anderson,1958-01-30,B-P-01066,64493418,52.50,NEW,2026-09-15
Meridian Care,2026-08,166,MC-524173,Stephanie Novak,1992-02-21,B-P-01070,45462976,16.00,RENEWAL,2026-09-15
Meridian Care,2026-08,167,MC-555165,Lauren Alvarez,1951-04-11,B-P-01076,20671937,26.25,RENEWAL,2026-09-15
Meridian Care,2026-08,168,MC-767497,Angela Conway,1939-10-22,B-P-01088,59893296,19.00,RENEWAL,2026-09-15
Meridian Care,2026-08,169,MC-688080,Angela Conway,1939-10-22,B-P-01089,59893296,4.20,RENEWAL,2026-09-15
Meridian Care,2026-08,170,MC-635319,Hailey Smith,1955-11-14,B-P-01112,45462976,26.25,RENEWAL,2026-09-15
Meridian Care,2026-08,171,MC-861570,Courtney Wilson,1940-12-21,B-P-01114,81157097,26.25,RENEWAL,2026-09-15
Meridian Care,2026-08,172,MC-801018,James Acevedo,2003-06-04,B-P-01123,45462976,16.00,RENEWAL,2026-09-15
Meridian Care,2026-08,173,MC-537229,Katie Collins,1939-10-28,B-P-01143,26047628,52.50,NEW,2026-09-15
Meridian Care,2026-08,174,MC-964058,Victoria Lopez,1957-07-08,B-P-01163,9527070,52.50,NEW,2026-09-15
Meridian Care,2026-08,175,MC-735211,Krystal Jennings,1946-08-26,B-P-01165,49066206,26.25,RENEWAL,2026-09-15
Meridian Care,2026-08,176,MC-288051,Kayla Ellis,1938-10-06,B-P-01174,81157097,52.50,NEW,2026-09-15
Meridian Care,2026-08,177,MC-962545,Stephanie Walker,1960-02-01,B-P-01182,91146902,38.00,NEW,2026-09-15
Meridian Care,2026-08,178,MC-789958,Stephanie Walker,1960-02-01,B-P-01183,91146902,8.40,NEW,2026-09-15
Meridian Care,2026-08,179,MC-546569,Emma Bautista,1951-07-17,B-P-01203,59893296,26.25,RENEWAL,2026-09-15
Meridian Care,2026-08,180,MC-261134,Teresa Wolfe,1954-03-04,B-P-01217,90228424,26.25,RENEWAL,2026-09-15
Meridian Care,2026-08,181,MC-974476,Marcus Lawson,1996-10-10,B-P-01223,24647567,22.00,NEW,2026-09-15
Meridian Care,2026-08,182,MC-216247,Cody Gutierrez,1937-03-09,B-P-01227,9527070,52.50,NEW,2026-09-15
Meridian Care,2026-08,183,MC-559105,Allison Parker,1956-07-31,B-P-01238,9527070,38.00,NEW,2026-09-15
Meridian Care,2026-08,184,MC-958292,Allison Parker,1956-07-31,B-P-01239,9527070,8.40,NEW,2026-09-15
Meridian Care,2026-08,185,MC-186328,Krystal Wood,1946-10-18,B-P-01253,49066206,19.00,RENEWAL,2026-09-15
Meridian Care,2026-08,186,MC-125992,Krystal Wood,1946-10-18,B-P-01254,49066206,4.20,RENEWAL,2026-09-15
Meridian Care,2026-08,187,MC-675412,Mitchell Hamilton,1941-12-02,B-P-01258,75084135,26.25,RENEWAL,2026-09-15
Meridian Care,2026-08,188,MC-130188,Brittney Hamilton,1956-07-18,B-P-01259,75084135,26.25,RENEWAL,2026-09-15
Meridian Care,2026-08,189,MC-574641,Julie Shannon,1940-07-29,B-P-01262,59893296,26.25,RENEWAL,2026-09-15
Meridian Care,2026-08,190,MC-146710,Sharon Taylor,1960-07-01,B-P-01266,51446845,8.40,NEW,2026-09-15
Meridian Care,2026-08,191,MC-270438,Joseph Morgan,1952-03-13,B-P-01274,98787777,19.00,RENEWAL,2026-09-15
Meridian Care,2026-08,192,MC-858089,Joseph Morgan,1952-03-13,B-P-01275,98787777,4.20,RENEWAL,2026-09-15
Meridian Care,2026-08,193,MC-809832,Kathleen Ramirez,1963-02-25,B-P-01320,98787777,52.50,NEW,2026-09-15
Meridian Care,2026-08,194,MC-571467,Kathy Higgins,1958-05-06,B-P-01330,49066206,52.50,NEW,2026-09-15
Meridian Care,2026-08,195,MC-174879,Priscilla Stokes,1952-02-07,B-P-01333,69777236,19.00,RENEWAL,2026-09-15
Meridian Care,2026-08,196,MC-492844,Priscilla Stokes,1952-02-07,B-P-01334,69777236,4.20,RENEWAL,2026-09-15
Meridian Care,2026-08,197,MC-220727,Amanda Braun,1946-06-19,B-P-01343,81157097,26.25,RENEWAL,2026-09-15
Meridian Care,2026-08,198,MC-822463,Traci Lowery,1956-05-16,B-P-01346,37947372,26.25,RENEWAL,2026-09-15
Meridian Care,2026-08,199,MC-829996,Lawrence Castro,1941-02-07,B-P-01359,50399119,26.25,RENEWAL,2026-09-15
Meridian Care,2026-08,200,MC-487741,Michael Johnson,1958-03-12,B-P-01380,20671937,26.25,RENEWAL,2026-09-15
Meridian Care,2026-08,201,MC-614827,Cole Wallace,1948-10-22,B-P-01403,91146902,26.25,RENEWAL,2026-09-15
Meridian Care,2026-08,202,MC-549046,Crystal Miller,1948-10-06,B-P-01427,64493418,26.25,RENEWAL,2026-09-15
Meridian Care,2026-08,203,MC-738304,Joseph Wade,1953-09-27,B-P-01434,84583776,19.00,RENEWAL,2026-09-15
Meridian Care,2026-08,204,MC-253256,Joseph Wade,1953-09-27,B-P-01435,84583776,4.20,RENEWAL,2026-09-15
Meridian Care,2026-08,205,MC-659332,Jenna Johnson,1953-05-18,B-P-01439,91146902,26.25,RENEWAL,2026-09-15
Meridian Care,2026-08,206,MC-463666,Roger Watson,1991-05-15,B-P-01448,50979283,16.00,RENEWAL,2026-09-15
Meridian Care,2026-08,207,MC-614836,Jesus Silva,1952-11-24,B-P-01459,20671937,26.25,RENEWAL,2026-09-15
Meridian Care,2026-08,208,MC-859155,Michael Rice,1990-06-12,B-P-01464,50979283,22.00,NEW,2026-09-15
Meridian Care,2026-08,209,MC-950451,Nancy Gaines,1940-02-10,B-P-01465,20671937,19.00,RENEWAL,2026-09-15
Meridian Care,2026-08,210,MC-976186,Nancy Gaines,1940-02-10,B-P-01466,20671937,4.20,RENEWAL,2026-09-15
Meridian Care,2026-08,211,MC-283357,Nichole Noble,1959-03-29,B-P-01475,49066206,52.50,NEW,2026-09-15
Meridian Care,2026-08,212,MC-361960,Angela Preston,1947-05-01,B-P-01481,24647567,52.50,NEW,2026-09-15
Meridian Care,2026-08,213,MC-770828,Douglas Woods,1941-08-23,B-P-01484,94445646,19.00,RENEWAL,2026-09-15
Meridian Care,2026-08,214,MC-307287,Douglas Woods,1941-08-23,B-P-01485,94445646,4.20,RENEWAL,2026-09-15
Meridian Care,2026-08,215,MC-559999,Melinda Smith,1996-11-22,B-P-01495,26047628,16.00,RENEWAL,2026-09-15
Meridian Care,2026-08,216,MC-586847,Brandy Stone,1954-10-12,B-P-01500,90228424,19.00,RENEWAL,2026-09-15
Meridian Care,2026-08,217,MC-168318,Brandy Stone,1954-10-12,B-P-01501,90228424,4.20,RENEWAL,2026-09-15
Meridian Care,2026-08,218,MC-232528,Adrian Orr,1940-04-27,B-P-01502,45462976,26.25,RENEWAL,2026-09-15
Meridian Care,2026-08,219,MC-171469,Alyssa Cantrell,2005-06-20,B-P-01518,26047628,22.00,NEW,2026-09-15
Meridian Care,2026-08,220,MC-223171,John Silva,1943-05-03,B-P-01523,84583776,4.20,RENEWAL,2026-09-15
Meridian Care,2026-08,221,MC-973675,Renee Martinez,1955-05-05,B-P-01545,24647567,52.50,NEW,2026-09-15
Meridian Care,2026-08,222,MC-377067,Melvin Fitzgerald,1942-10-16,B-P-01549,81157097,26.25,RENEWAL,2026-09-15
Meridian Care,2026-08,223,MC-542154,Stephanie Kirk,1957-12-15,B-P-01550,14829889,19.00,RENEWAL,2026-09-15
Meridian Care,2026-08,224,MC-967371,Stephanie Kirk,1957-12-15,B-P-01551,14829889,4.20,RENEWAL,2026-09-15
Meridian Care,2026-08,225,MC-909758,Rebecca Santiago,1950-08-24,B-P-01555,45462976,26.25,RENEWAL,2026-09-15
Meridian Care,2026-08,226,MC-251830,John Barton,1936-10-21,B-P-01564,49066206,38.00,NEW,2026-09-15
Meridian Care,2026-08,227,MC-872429,John Barton,1936-10-21,B-P-01565,49066206,8.40,NEW,2026-09-15
Meridian Care,2026-08,228,MC-560910,Madison Hughes,1978-08-30,B-P-01569,59893296,22.00,NEW,2026-09-15
Meridian Care,2026-08,229,MC-853957,Chelsea Bernard,1953-08-31,B-P-01572,69777236,26.25,RENEWAL,2026-09-15
Meridian Care,2026-08,230,MC-941893,Bernard Garza,1996-07-29,B-P-01613,59893296,26.25,RENEWAL,2026-09-15
Meridian Care,2026-08,231,MC-393278,Janet Myers,1979-11-14,B-P-01621,64493418,22.00,NEW,2026-09-15
Meridian Care,2026-08,232,MC-341387,Gary Myers,1953-01-20,B-P-01622,64493418,19.00,RENEWAL,2026-09-15
Meridian Care,2026-08,233,MC-536237,Gary Myers,1953-01-20,B-P-01623,64493418,4.20,RENEWAL,2026-09-15
Meridian Care,2026-08,234,MC-738672,Tyler Williamson,1959-03-14,B-P-01624,51446845,26.25,RENEWAL,2026-09-15
Meridian Care,2026-08,235,MC-554377,Robert Brown,1996-08-06,B-P-01628,20671937,22.00,NEW,2026-09-15
Meridian Care,2026-08,236,MC-579226,Kevin Myers,1947-09-15,B-P-01631,43888211,26.25,RENEWAL,2026-09-15
Meridian Care,2026-08,237,MC-466157,Christopher Hoffman,1948-09-27,B-P-01640,98787777,4.20,RENEWAL,2026-09-15
Meridian Care,2026-08,238,MC-323392,Lindsey Oconnell,1952-11-16,B-P-01643,69777236,52.50,NEW,2026-09-15
Meridian Care,2026-08,239,MC-687505,Douglas Cline,1948-11-02,B-P-01646,64493418,19.00,RENEWAL,2026-09-15
Meridian Care,2026-08,240,MC-251962,Douglas Cline,1948-11-02,B-P-01647,64493418,4.20,RENEWAL,2026-09-15
Meridian Care,2026-08,241,MC-134592,Samantha Baxter,1940-06-24,B-P-01651,84583776,26.25,RENEWAL,2026-09-15
Meridian Care,2026-08,242,MC-325233,Trevor Mcpherson,1940-12-15,B-P-01656,24647567,26.25,RENEWAL,2026-09-15
Meridian Care,2026-08,243,MC-941642,Marcus Barrett,1937-09-15,B-P-01664,45462976,26.25,RENEWAL,2026-09-15
Meridian Care,2026-08,244,MC-122825,Sean Madden,1940-07-23,B-P-01669,51446845,52.50,NEW,2026-09-15
Meridian Care,2026-08,245,MC-298755,Jordan Diaz,1965-10-02,B-P-01670,75084135,22.00,NEW,2026-09-15
Meridian Care,2026-08,246,MC-372956,Dennis Moreno,1934-01-11,B-P-01677,91146902,26.25,RENEWAL,2026-09-15
Meridian Care,2026-08,247,MC-943728,Angela Moreno,1942-08-25,B-P-01678,91146902,26.25,RENEWAL,2026-09-15
Meridian Care,2026-08,248,MC-938963,Vanessa Torres,1935-08-06,B-P-01680,64493418,26.25,RENEWAL,2026-09-15
Meridian Care,2026-08,249,MC-268045,Keith Walters,1937-06-17,B-P-01686,43888211,26.25,RENEWAL,2026-09-15
Meridian Care,2026-08,250,MC-762913,Elizabeth Hall,1935-10-05,B-P-01706,93619366,52.50,NEW,2026-09-15
Meridian Care,2026-08,251,MC-282500,Joel Hogan,1938-02-20,B-P-01712,14829889,26.25,RENEWAL,2026-09-15
Meridian Care,2026-08,252,MC-987247,Sarah Hogan,1940-07-31,B-P-01713,14829889,26.25,RENEWAL,2026-09-15
Meridian Care,2026-08,253,MC-418231,Andrew Murray,1955-12-26,B-P-01717,26047628,4.20,RENEWAL,2026-09-15
Meridian Care,2026-08,254,MC-267439,Jacqueline White,1940-01-12,B-P-01718,50979283,26.25,RENEWAL,2026-09-15
Meridian Care,2026-08,255,MC-421914,Ashley Riggs,1991-01-04,B-P-01726,51446845,22.00,NEW,2026-09-15
Meridian Care,2026-08,256,MC-818550,Marcus Woods,1983-11-24,B-P-01730,75084135,22.00,NEW,2026-09-15
Meridian Care,2026-08,257,MC-202293,Julia Watts,1936-02-13,B-P-01733,37947372,52.50,NEW,2026-09-15
Meridian Care,2026-08,258,MC-792284,Jeffery Steele,1976-12-21,B-P-01741,45462976,22.00,NEW,2026-09-15
Meridian Care,2026-08,259,MC-526737,Nicholas Cruz,1951-08-28,B-P-01756,64493418,26.25,RENEWAL,2026-09-15
Meridian Care,2026-08,260,MC-757402,Daniel Hood,1945-03-08,B-P-01757,9527070,52.50,NEW,2026-09-15
Meridian Care,2026-08,261,MC-303906,Jacob Arias,1937-05-02,B-P-01778,24647567,52.50,NEW,2026-09-15
Meridian Care,2026-08,262,MC-157965,Kristopher Adams,1960-06-30,B-P-01796,69777236,52.50,NEW,2026-09-15
Meridian Care,2026-08,263,MC-213322,Dillon Horton,1941-03-17,B-P-01800,75084135,26.25,RENEWAL,2026-09-15
Meridian Care,2026-08,264,MC-548010,Brandon Barrett,1947-04-15,B-P-01813,14829889,26.25,RENEWAL,2026-09-15
Meridian Care,2026-08,265,MC-171550,Christina Gordon,1954-11-25,B-P-01819,75084135,26.25,RENEWAL,2026-09-15
Meridian Care,2026-08,266,MC-128082,Carolyn Williams,1942-02-24,B-P-01841,14829889,26.25,RENEWAL,2026-09-15
Meridian Care,2026-08,267,MC-829490,Rebecca Ortiz,1992-03-01,B-P-01860,81157097,4.20,RENEWAL,2026-09-15
Meridian Care,2026-08,268,MC-673456,Alicia Reed,1938-08-14,B-P-01861,93619366,26.25,RENEWAL,2026-09-15
Meridian Care,2026-08,269,MC-563904,Maria Ellis,1952-10-09,B-P-01878,14829889,4.20,RENEWAL,2026-09-15
Meridian Care,2026-08,270,MC-883450,Robert Allen,1942-10-20,B-P-01890,59893296,26.25,RENEWAL,2026-09-15
Meridian Care,2026-08,271,MC-573521,Maria Bass,1942-02-17,B-P-01894,69777236,19.00,RENEWAL,2026-09-15
Meridian Care,2026-08,272,MC-746567,Maria Bass,1942-02-17,B-P-01895,69777236,4.20,RENEWAL,2026-09-15
Meridian Care,2026-08,273,MC-985074,Jacqueline Evans,1944-03-07,B-P-01896,81157097,19.00,RENEWAL,2026-09-15
Meridian Care,2026-08,274,MC-288487,Jacqueline Evans,1944-03-07,B-P-01897,81157097,4.20,RENEWAL,2026-09-15
Meridian Care,2026-08,275,MC-876553,Mario Reynolds,1948-07-25,B-P-01901,24647567,26.25,RENEWAL,2026-09-15
Meridian Care,2026-08,276,MC-805054,Elizabeth White,1956-03-12,B-P-01902,45462976,26.25,RENEWAL,2026-09-15
Meridian Care,2026-08,277,MC-676671,Jessica Foster,1942-08-21,B-P-01909,94445646,26.25,RENEWAL,2026-09-15
Meridian Care,2026-08,278,MC-493459,Sandra Mathis,1939-10-30,B-P-01913,50979283,26.25,RENEWAL,2026-09-15
Meridian Care,2026-08,279,MC-969907,Brent Osborne,1938-11-25,B-P-01916,24647567,52.50,NEW,2026-09-15
Meridian Care,2026-08,280,MC-741345,Amy Ryan,1991-10-25,B-P-01917,69777236,22.00,NEW,2026-09-15
Meridian Care,2026-08,281,MC-650628,Rachel Wilson,1937-09-20,B-P-01928,81157097,26.25,RENEWAL,2026-09-15
Meridian Care,2026-08,282,MC-875582,Kenneth Lane,1946-12-09,B-P-01939,50979283,19.00,RENEWAL,2026-09-15
Meridian Care,2026-08,283,MC-790508,Kenneth Lane,1946-12-09,B-P-01940,50979283,4.20,RENEWAL,2026-09-15
Meridian Care,2026-08,284,MC-637248,Roy Russo,1960-02-11,B-P-01949,69777236,52.50,NEW,2026-09-15
Meridian Care,2026-08,285,MC-370026,Timothy Burke,1944-09-28,B-P-01964,98787777,4.20,RENEWAL,2026-09-15
Meridian Care,2026-08,286,MC-254224,Catherine Davis,1948-07-06,B-P-01969,26047628,26.25,RENEWAL,2026-09-15
Meridian Care,2026-08,287,MC-119628,Stephen Kirk,1957-12-15,B-P-02006,14829889,19.00,RENEWAL,2026-09-15
Meridian Care,2026-08,288,MC-211987,Stephen Kirk,1957-12-15,B-P-02007,14829889,4.20,RENEWAL,2026-09-15
Meridian Care,2026-08,289,MC-191617,Alexis Jackson,1986-09-05,B-P-02022,59893296,22.00,NEW,2026-09-15
Meridian Care,2026-08,290,MC-857355,Dale Frank,1967-07-29,B-P-02036,93619366,22.00,NEW,2026-09-15
Meridian Care,2026-08,291,MC-418781,Ronald Zamora,1977-04-05,B-P-02037,69777236,22.00,NEW,2026-09-15
Meridian Care,2026-08,292,MC-251033,James Jennings,1973-08-03,B-P-02040,24647567,22.00,NEW,2026-09-15
