policy_id,client_id,carrier,plan_id,line_of_business,state,eligibility_reason,effective_date,termination_date,status,writing_agent_npn,monthly_premium,carrier_member_id
B-P-00001,B-C-00001,Cardinal Mutual,H7696-022,MA,CO,AGE,2022-12-01,,ACTIVE,49066206,4.70,CM-841994
B-P-00002,B-C-00002,Northwind Health,61006CO8098472,ACA,CO,,2024-01-01,,ACTIVE,49066206,784.78,NW-726400
B-P-00003,B-C-00003,Summit Health Plans,H9807-018,MA,TN,AGE,2024-11-01,,ACTIVE,45462976,42.14,SH-718237
B-P-00004,B-C-00004,Harborline,17955VA5115931,ACA,VA,,2024-01-01,,ACTIVE,98787777,622.60,HL-437878
B-P-00005,B-C-00005,Summit Health Plans,G,MEDSUPP,OR,AGE,2022-01-01,,ACTIVE,9527070,298.61,SH-159996
B-P-00006,B-C-00005,Summit Health Plans,S4824-019,PDP,OR,AGE,2022-01-01,,ACTIVE,9527070,20.96,SH-768544
B-P-00007,B-C-00006,Bluepeak,H9161-018-001,MA,HI,AGE,2024-01-01,,ACTIVE,81157097,5.80,BP-246120
B-P-00008,B-C-00007,Harborline,H2522-009-003,MA,TX,AGE,2024-09-01,,ACTIVE,14829889,35.66,HL-187422
B-P-00009,B-C-00008,Northwind Health,H3036-023,MA,DE,AGE,2025-01-01,,ACTIVE,59893296,30.39,NW-337316
B-P-00010,B-C-00009,Harborline,H1547-020-003,MA,DE,DISABILITY,2024-01-01,,ACTIVE,59893296,58.35,HL-714693
B-P-00011,B-C-00010,Harborline,S4178-019,PDP,PA,AGE,2024-11-01,,ACTIVE,64493418,12.83,HL-346945
B-P-00012,B-C-00011,Harborline,H2522-003-001,MA,CT,AGE,2024-12-01,,ACTIVE,51446845,13.08,HL-869959
B-P-00013,B-C-00012,Summit Health Plans,H4044-028,MA,OR,AGE,2026-03-01,,ACTIVE,43888211,16.40,SH-795824
B-P-00014,B-C-00013,Harborline,17955OR3645640,ACA,OR,,2024-01-01,,ACTIVE,43888211,368.08,HL-576075
B-P-00015,B-C-00014,Meridian Care,18024CO9562914,ACA,CO,,2024-01-01,,ACTIVE,64493418,364.03,MC-625001
B-P-00016,B-C-00015,Meridian Care,H5913-005,MA,DC,AGE,2024-08-01,,ACTIVE,24647567,10.83,MC-223802
B-P-00017,B-C-00016,Summit Health Plans,R4076-025,MA,DE,AGE,2024-08-01,,ACTIVE,59893296,48.56,SH-778651
B-P-00018,B-C-00017,Bluepeak,H5243-011,MA,DE,DISABILITY,2024-01-01,,ACTIVE,59893296,8.66,BP-456809
B-P-00019,B-C-00018,Meridian Care,H4636-030,MA,MN,AGE,2025-02-01,,ACTIVE,94445646,30.93,MC-547183
B-P-00020,B-C-00019,Summit Health Plans,H9807-028,MA,PA,DISABILITY,2023-06-01,,ACTIVE,50399119,31.17,SH-161353
B-P-00021,B-C-00020,Summit Health Plans,H9807-025-003,MA,WY,AGE,2024-12-01,,ACTIVE,20671937,9.23,SH-636772
B-P-00022,B-C-00021,Harborline,H2522-019,MA,WY,AGE,2025-11-01,,ACTIVE,20671937,47.72,HL-196420
B-P-00025,B-C-00023,Bluepeak,39473WY8859818,ACA,WY,,2026-01-01,,ACTIVE,91146902,278.51,BP-703143
B-P-00026,B-C-00024,Summit Health Plans,R3913-019,MA,WY,AGE,2022-08-01,,ACTIVE,91146902,28.74,SH-824878
B-P-00027,B-C-00025,Summit Health Plans,H9807-017,MA,NE,AGE,2025-02-01,,ACTIVE,94445646,25.68,SH-847858
B-P-00028,B-C-00026,Meridian Care,H5913-016-003,MA,NE,AGE,2023-03-01,2024-05-31,TERMINATED,94445646,54.44,MC-648417
B-P-00029,B-C-00026,Bluepeak,H5243-021,MA,NE,AGE,2024-06-01,,ACTIVE,94445646,11.59,BP-884634
B-P-00030,B-C-00027,Cardinal Mutual,H7696-012-001,MA,ND,AGE,2025-03-01,2026-03-31,TERMINATED,93619366,25.32,CM-955569
B-P-00031,B-C-00027,Bluepeak,H9161-012,MA,ND,AGE,2026-04-01,,ACTIVE,93619366,28.61,BP-840477
B-P-00032,B-C-00028,Summit Health Plans,H9807-023,MA,GA,AGE,2024-12-01,,ACTIVE,26047628,24.38,SH-546858
B-P-00033,B-C-00029,Summit Health Plans,75720CT6958214,ACA,CT,,2024-01-01,,ACTIVE,90228424,498.56,SH-241409
B-P-00034,B-C-00030,Harborline,S4178-021,PDP,DE,AGE,2025-04-01,,ACTIVE,59893296,77.19,HL-373864
B-P-00035,B-C-00031,Meridian Care,H4636-008-002,MA,GA,AGE,2023-03-01,2024-09-30,TERMINATED,51446845,3.33,MC-679515
B-P-00036,B-C-00031,Cardinal Mutual,H7696-022,MA,GA,AGE,2024-10-01,,ACTIVE,51446845,20.29,CM-353388
B-P-00037,B-C-00032,Cardinal Mutual,H5265-017,MA,NE,AGE,2024-11-01,,ACTIVE,91146902,12.00,CM-629790
B-P-00038,B-C-00033,Northwind Health,N,MEDSUPP,NE,AGE,2022-03-01,,ACTIVE,91146902,187.06,NW-814762
B-P-00039,B-C-00033,Northwind Health,S2942-002,PDP,NE,AGE,2022-03-01,,ACTIVE,91146902,46.65,NW-825719
B-P-00040,B-C-00034,Meridian Care,H5913-018,MA,NC,AGE,2024-03-01,,ACTIVE,67876966,20.74,MC-660349
B-P-00041,B-C-00035,Meridian Care,L,MEDSUPP,NC,AGE,2022-07-01,,ACTIVE,67876966,91.15,MC-407093
B-P-00042,B-C-00035,Meridian Care,S7287-008-001,PDP,NC,AGE,2022-07-01,,ACTIVE,67876966,47.12,MC-345637
B-P-00043,B-C-00036,Summit Health Plans,A,MEDSUPP,CT,ESRD,2022-06-01,,ACTIVE,14829889,210.60,SH-267131
B-P-00044,B-C-00036,Summit Health Plans,S4824-023-002,PDP,CT,ESRD,2022-06-01,,ACTIVE,14829889,57.47,SH-189345
B-P-00045,B-C-00037,Harborline,S4178-010,PDP,GA,AGE,2025-09-01,,ACTIVE,26047628,29.23,HL-517758
B-P-00046,B-C-00038,Meridian Care,H5913-016,MA,GA,AGE,2023-08-01,2026-01-31,TERMINATED,26047628,58.77,MC-725325
B-P-00047,B-C-00038,Bluepeak,H5243-010,MA,GA,AGE,2026-02-01,,ACTIVE,26047628,40.49,BP-638060
B-P-00048,B-C-00039,Bluepeak,H5243-002,MA,OR,AGE,2024-05-01,,ACTIVE,43888211,54.01,BP-165851
B-P-00049,B-C-00040,Summit Health Plans,75720OR3401539,ACA,OR,,2025-01-01,2025-12-31,TERMINATED,43888211,389.55,SH-752691
B-P-00050,B-C-00040,Harborline,17955OR0404293,ACA,OR,,2026-01-01,,ACTIVE,43888211,227.32,HL-605579
B-P-00051,B-C-00041,Harborline,H2522-014,MA,NV,AGE,2026-04-01,,ACTIVE,37947372,8.24,HL-943036
B-P-00052,B-C-00042,Meridian Care,H4636-005,MA,TX,AGE,2023-10-01,2026-01-31,TERMINATED,50399119,22.83,MC-500546
B-P-00053,B-C-00042,Harborline,H1547-012,MA,TX,AGE,2026-02-01,,ACTIVE,50399119,42.29,HL-735042
B-P-00054,B-C-00043,Cardinal Mutual,H5265-027-002,MA,AR,AGE,2023-09-01,,ACTIVE,98787777,1.32,CM-656520
B-P-00055,B-C-00044,Cardinal Mutual,K,MEDSUPP,CT,AGE,2022-12-01,,ACTIVE,91146902,164.74,CM-463432
B-P-00056,B-C-00044,Cardinal Mutual,S1849-008,PDP,CT,AGE,2022-12-01,,ACTIVE,91146902,17.74,CM-641988
B-P-00057,B-C-00045,Meridian Care,H5913-023,MA,NE,AGE,2022-10-01,,ACTIVE,94445646,32.29,MC-240661
B-P-00058,B-C-00046,Cardinal Mutual,H7696-027,MA,AZ,AGE,2024-11-01,,ACTIVE,9527070,32.59,CM-186405
B-P-00059,B-C-00047,Harborline,H1547-030,MA,WV,AGE,2023-10-01,,ACTIVE,64493418,20.90,HL-633101
B-P-00060,B-C-00048,Meridian Care,N,MEDSUPP,NC,AGE,2025-06-01,,ACTIVE,93619366,97.37,MC-687981
B-P-00061,B-C-00048,Meridian Care,S4547-007,PDP,NC,AGE,2025-06-01,,ACTIVE,93619366,77.21,MC-906779
B-P-00062,B-C-00049,Meridian Care,K,MEDSUPP,CO,AGE,2023-08-01,,ACTIVE,49066206,209.39,MC-697312
B-P-00063,B-C-00049,Meridian Care,S7287-002-002,PDP,CO,AGE,2023-08-01,,ACTIVE,49066206,71.26,MC-206804
B-P-00064,B-C-00050,Harborline,H2522-011-001,MA,UT,AGE,2026-11-01,,PENDING,45462976,11.56,HL-411478
B-P-00065,B-C-00051,Cardinal Mutual,H7696-017-003,MA,NE,AGE,2025-05-01,,ACTIVE,94445646,56.14,CM-183658
B-P-00066,B-C-00052,Bluepeak,G,MEDSUPP,NE,AGE,2025-03-01,,ACTIVE,94445646,239.14,BP-682074
B-P-00067,B-C-00052,Bluepeak,S2427-011,PDP,NE,AGE,2025-03-01,,ACTIVE,94445646,61.81,BP-840307
B-P-00068,B-C-00053,Summit Health Plans,B,MEDSUPP,NC,AGE,2022-08-01,,ACTIVE,93619366,204.95,SH-310748
B-P-00069,B-C-00053,Summit Health Plans,S1837-030,PDP,NC,AGE,2022-08-01,,ACTIVE,93619366,86.54,SH-354796
B-P-00070,B-C-00054,Summit Health Plans,H9807-018,MA,VA,AGE,2022-05-01,,ACTIVE,98787777,26.19,SH-276744
B-P-00071,B-C-00055,Bluepeak,H9161-005,MA,CT,AGE,2026-02-01,,ACTIVE,90228424,21.76,BP-108451
B-P-00072,B-C-00056,Cardinal Mutual,H5265-030,MA,DC,AGE,2025-10-01,,ACTIVE,75084135,54.75,CM-102272
B-P-00073,B-C-00057,Meridian Care,S7287-027,PDP,SD,AGE,2024-02-01,,ACTIVE,49066206,66.27,MC-857750
B-P-00074,B-C-00058,Harborline,N,MEDSUPP,SD,AGE,2026-04-01,,ACTIVE,49066206,274.95,HL-858264
B-P-00075,B-C-00058,Harborline,S7610-012,PDP,SD,AGE,2026-04-01,,ACTIVE,49066206,48.44,HL-848679
B-P-00076,B-C-00059,Meridian Care,A,MEDSUPP,ND,AGE,2026-05-01,,ACTIVE,93619366,147.83,MC-999349
B-P-00077,B-C-00059,Meridian Care,S4547-014,PDP,ND,AGE,2026-05-01,,ACTIVE,93619366,10.10,MC-282965
B-P-00078,B-C-00060,Summit Health Plans,R3913-006-001,MA,ND,AGE,2024-03-01,,ACTIVE,93619366,38.62,SH-970749
B-P-00079,B-C-00061,Harborline,17955WY9909566,ACA,WY,,2025-01-01,2025-12-31,TERMINATED,20671937,785.43,HL-231005
B-P-00080,B-C-00061,Northwind Health,61006WY4463688,ACA,WY,,2026-01-01,,ACTIVE,20671937,508.65,NW-392551
B-P-00083,B-C-00063,Meridian Care,H5913-003,MA,AL,AGE,2024-08-01,,ACTIVE,67876966,20.56,MC-281749
B-P-00084,B-C-00064,Summit Health Plans,H4044-019-002,MA,WV,AGE,2022-12-01,,ACTIVE,64493418,40.98,SH-387046
B-P-00085,B-C-00065,Meridian Care,18024TX6998041,ACA,TX,,2026-01-01,,ACTIVE,14829889,390.58,MC-649447
B-P-00086,B-C-00066,Northwind Health,61006CO8847424,ACA,CO,,2024-01-01,,ACTIVE,59893296,896.01,NW-806701
B-P-00087,B-C-00067,Harborline,H2522-016-003,MA,CO,AGE,2022-07-01,,ACTIVE,59893296,36.37,HL-433067
B-P-00088,B-C-00068,Northwind Health,H3064-019-001,MA,NE,AGE,2024-06-01,2026-02-28,TERMINATED,94445646,36.45,NW-581496
B-P-00089,B-C-00068,Summit Health Plans,R3913-026,MA,NE,AGE,2026-03-01,,ACTIVE,94445646,32.57,SH-129823
B-P-00090,B-C-00069,Meridian Care,18024SD8061502,ACA,SD,,2025-01-01,,ACTIVE,49066206,240.08,MC-908720
B-P-00091,B-C-00070,Harborline,H1547-018,MA,SD,AGE,2025-06-01,,ACTIVE,49066206,22.35,HL-848611
B-P-00092,B-C-00071,Meridian Care,18024CO5868941,ACA,CO,,2025-01-01,2025-12-31,TERMINATED,49066206,469.52,MC-324740
B-P-00093,B-C-00071,Northwind Health,61006CO5393840,ACA,CO,,2026-01-01,,ACTIVE,49066206,389.60,NW-190018
B-P-00094,B-C-00072,Meridian Care,18024DC1221998,ACA,DC,,2025-01-01,,ACTIVE,24647567,356.34,MC-473857
B-P-00095,B-C-00073,Northwind Health,H3036-015,MA,OK,AGE,2026-04-01,,ACTIVE,81157097,29.44,NW-147614
B-P-00096,B-C-00074,Meridian Care,H4636-021-002,MA,CA,AGE,2025-05-01,,ACTIVE,50399119,48.12,MC-576948
B-P-00097,B-C-00075,Harborline,17955CA1711314,ACA,CA,,2024-01-01,,ACTIVE,50399119,869.32,HL-158373
B-P-00098,B-C-00076,Summit Health Plans,75720CT6658186,ACA,CT,,2024-01-01,,ACTIVE,14829889,535.56,SH-948978
B-P-00099,B-C-00077,Bluepeak,H5243-025-002,MA,CT,AGE,2025-05-01,,ACTIVE,14829889,58.98,BP-688337
B-P-00100,B-C-00078,Summit Health Plans,H4044-008,MA,WY,AGE,2022-10-01,,ACTIVE,91146902,5.14,SH-436434
B-P-00101,B-C-00079,Cardinal Mutual,H5265-011,MA,WY,AGE,2024-07-01,,ACTIVE,91146902,45.69,CM-238890
B-P-00103,B-C-00081,Cardinal Mutual,S6685-015,PDP,NC,AGE,2025-09-01,,ACTIVE,93619366,84.47,CM-330219
B-P-00104,B-C-00082,Northwind Health,H3036-018,MA,NC,AGE,2022-07-01,,ACTIVE,93619366,21.95,NW-703348
B-P-00105,B-C-00083,Cardinal Mutual,H7696-014-001,MA,WY,AGE,2023-11-01,,ACTIVE,20671937,33.08,CM-118672
B-P-00106,B-C-00084,Meridian Care,18024PA7441678,ACA,PA,,2024-01-01,,ACTIVE,91146902,778.56,MC-241887
B-P-00107,B-C-00085,Summit Health Plans,H4044-027,MA,PA,AGE,2024-01-01,,ACTIVE,91146902,53.20,SH-417925
B-P-00108,B-C-00086,Harborline,17955WV2123214,ACA,WV,,2025-01-01,2025-12-31,TERMINATED,75084135,173.66,HL-244037
B-P-00109,B-C-00086,Meridian Care,18024WV0178838,ACA,WV,,2026-01-01,,ACTIVE,75084135,863.52,MC-737556
B-P-00110,B-C-00087,Meridian Care,G,MEDSUPP,WV,AGE,2023-06-01,,ACTIVE,75084135,240.37,MC-491991
B-P-00111,B-C-00087,Meridian Care,S7287-008,PDP,WV,AGE,2023-06-01,,ACTIVE,75084135,79.78,MC-260367
B-P-00112,B-C-00088,Meridian Care,H5913-029,MA,WV,AGE,2025-12-01,,ACTIVE,75084135,19.95,MC-776161
B-P-00113,B-C-00089,Cardinal Mutual,H7696-029,MA,OR,AGE,2024-12-01,2026-02-28,TERMINATED,9527070,54.68,CM-293109
B-P-00114,B-C-00089,Summit Health Plans,H9807-024,MA,OR,AGE,2026-03-01,,ACTIVE,9527070,13.94,SH-486210
B-P-00115,B-C-00090,Meridian Care,G,MEDSUPP,OR,AGE,2026-03-01,,ACTIVE,9527070,160.46,MC-562146
B-P-00116,B-C-00090,Meridian Care,S7287-023-002,PDP,OR,AGE,2026-03-01,,ACTIVE,9527070,7.29,MC-235276
B-P-00117,B-C-00091,Meridian Care,H5913-021-003,MA,AR,AGE,2026-01-01,,ACTIVE,93619366,32.55,MC-404918
B-P-00118,B-C-00092,Meridian Care,R4076-017-003,MA,AR,AGE,2026-05-01,,ACTIVE,93619366,6.29,MC-171299
B-P-00119,B-C-00093,Bluepeak,R6570-020,MA,VT,AGE,2025-06-01,,ACTIVE,84583776,54.10,BP-940762
B-P-00120,B-C-00094,Summit Health Plans,H4044-018,MA,MA,AGE,2024-11-01,,ACTIVE,75084135,55.78,SH-244024
B-P-00121,B-C-00095,Bluepeak,H5243-001,MA,CO,AGE,2022-01-01,,ACTIVE,49066206,28.10,BP-981520
B-P-00122,B-C-00096,Summit Health Plans,R3913-007-001,MA,CO,AGE,2022-03-01,,ACTIVE,49066206,13.48,SH-561033
B-P-00123,B-C-00097,Bluepeak,S2427-023,PDP,CO,AGE,2024-05-01,,ACTIVE,49066206,29.58,BP-152926
B-P-00124,B-C-00098,Northwind Health,H3036-013-001,MA,KY,AGE,2022-06-01,,ACTIVE,43888211,2.41,NW-786716
B-P-00125,B-C-00099,Bluepeak,H9161-027,MA,FL,AGE,2024-04-01,,ACTIVE,90228424,58.72,BP-378553
B-P-00126,B-C-00100,Summit Health Plans,H9807-028,MA,FL,AGE,2023-07-01,,ACTIVE,90228424,17.61,SH-385237
B-P-00127,B-C-00101,Summit Health Plans,H9807-010,MA,PA,AGE,2026-11-01,,PENDING,91146902,41.61,SH-522647
B-P-00128,B-C-00102,Northwind Health,H3064-018,MA,KY,AGE,2024-08-01,2025-07-31,TERMINATED,43888211,4.68,NW-619643
B-P-00129,B-C-00102,Summit Health Plans,H4044-001,MA,KY,AGE,2025-08-01,,ACTIVE,43888211,48.08,SH-302104
B-P-00130,B-C-00103,Meridian Care,A,MEDSUPP,RI,AGE,2023-06-01,,ACTIVE,37947372,215.98,MC-640636
B-P-00131,B-C-00103,Meridian Care,S7287-005-002,PDP,RI,AGE,2023-06-01,,ACTIVE,37947372,33.32,MC-344916
B-P-00134,B-C-00105,Northwind Health,R6531-014,MA,CT,AGE,2025-12-01,,ACTIVE,51446845,59.07,NW-290917
B-P-00135,B-C-00106,Cardinal Mutual,S6685-020,PDP,CT,AGE,2025-09-01,,ACTIVE,51446845,64.51,CM-871666
B-P-00136,B-C-00107,Bluepeak,39473AZ0085928,ACA,AZ,,2025-01-01,2025-12-31,TERMINATED,14829889,510.68,BP-891289
B-P-00137,B-C-00107,Northwind Health,61006AZ0913474,ACA,AZ,,2026-01-01,,ACTIVE,14829889,389.59,NW-663938
B-P-00138,B-C-00108,Harborline,H1547-025,MA,CT,AGE,2025-08-01,,ACTIVE,20671937,15.55,HL-752028
B-P-00139,B-C-00109,Summit Health Plans,K,MEDSUPP,WV,AGE,2024-01-01,,ACTIVE,69777236,269.84,SH-115278
B-P-00140,B-C-00109,Summit Health Plans,S4824-003,PDP,WV,AGE,2024-01-01,,ACTIVE,69777236,84.70,SH-376195
B-P-00141,B-C-00110,Northwind Health,H3064-011,MA,WV,AGE,2023-02-01,2026-01-31,TERMINATED,69777236,52.40,NW-215330
B-P-00142,B-C-00110,Cardinal Mutual,H7696-030,MA,WV,AGE,2026-02-01,,ACTIVE,69777236,15.53,CM-397174
B-P-00143,B-C-00111,Northwind Health,H3064-021,MA,LA,AGE,2024-04-01,2025-05-31,TERMINATED,26047628,52.90,NW-615925
B-P-00144,B-C-00111,Cardinal Mutual,H5265-003,MA,LA,AGE,2025-06-01,,ACTIVE,26047628,6.04,CM-602538
B-P-00145,B-C-00112,Cardinal Mutual,H7696-018-001,MA,DE,AGE,2023-05-01,,ACTIVE,59893296,25.40,CM-243240
B-P-00146,B-C-00113,Northwind Health,H3064-022,MA,DE,AGE,2024-06-01,2025-12-31,TERMINATED,59893296,11.40,NW-575921
B-P-00147,B-C-00113,Cardinal Mutual,H7696-005,MA,DE,AGE,2026-01-01,,ACTIVE,59893296,9.09,CM-155234
B-P-00148,B-C-00114,Bluepeak,R6570-011-003,MA,OK,AGE,2024-10-01,,ACTIVE,81157097,50.14,BP-982529
B-P-00149,B-C-00115,Northwind Health,H3036-021-002,MA,OK,AGE,2025-05-01,,ACTIVE,81157097,35.57,NW-596274
B-P-00150,B-C-00116,Bluepeak,H9161-028-002,MA,DE,AGE,2026-03-01,,ACTIVE,59893296,11.46,BP-272120
B-P-00151,B-C-00117,Northwind Health,61006NJ4396058,ACA,NJ,,2026-01-01,,ACTIVE,75084135,535.80,NW-922681
B-P-00152,B-C-00118,Harborline,17955NM2409320,ACA,NM,,2024-01-01,,ACTIVE,67876966,885.18,HL-922396
B-P-00153,B-C-00119,Bluepeak,G,MEDSUPP,SD,AGE,2023-12-01,,ACTIVE,14829889,232.61,BP-946722
B-P-00154,B-C-00119,Bluepeak,S7317-013,PDP,SD,AGE,2023-12-01,,ACTIVE,14829889,76.54,BP-402862
B-P-00155,B-C-00120,Harborline,H2522-002-003,MA,SD,AGE,2025-04-01,,ACTIVE,49066206,48.97,HL-998759
B-P-00156,B-C-00121,Bluepeak,39473SD5248379,ACA,SD,,2025-01-01,2025-12-31,TERMINATED,49066206,762.07,BP-815068
B-P-00157,B-C-00121,Summit Health Plans,75720SD9594668,ACA,SD,,2026-01-01,,ACTIVE,49066206,570.00,SH-568755
B-P-00158,B-C-00122,Summit Health Plans,G,MEDSUPP,NC,AGE,2023-06-01,,ACTIVE,98787777,248.34,SH-626273
B-P-00159,B-C-00122,Summit Health Plans,S4824-030,PDP,NC,AGE,2023-06-01,,ACTIVE,98787777,40.04,SH-849885
B-P-00160,B-C-00123,Harborline,R7629-014-002,MA,GA,AGE,2024-07-01,2025-06-30,TERMINATED,51446845,52.94,HL-220601
B-P-00161,B-C-00123,Bluepeak,H9161-014-001,MA,GA,AGE,2025-07-01,,ACTIVE,51446845,55.15,BP-917748
B-P-00162,B-C-00124,Meridian Care,G,MEDSUPP,GA,AGE,2024-02-01,,ACTIVE,51446845,118.73,MC-545686
B-P-00163,B-C-00124,Meridian Care,S7287-027,PDP,GA,AGE,2024-02-01,,ACTIVE,51446845,62.29,MC-366060
B-P-00164,B-C-00125,Cardinal Mutual,N,MEDSUPP,NC,AGE,2022-08-01,,ACTIVE,93619366,156.91,CM-802270
B-P-00165,B-C-00125,Cardinal Mutual,S1849-012,PDP,NC,AGE,2022-08-01,,ACTIVE,93619366,66.58,CM-753408
B-P-00166,B-C-00126,Northwind Health,F,MEDSUPP,NC,AGE,2023-11-01,,ACTIVE,93619366,219.74,NW-809244
B-P-00167,B-C-00126,Northwind Health,S2942-030,PDP,NC,AGE,2023-11-01,,ACTIVE,93619366,74.18,NW-379327
B-P-00170,B-C-00128,Meridian Care,18024DE1420603,ACA,DE,,2024-01-01,,ACTIVE,59893296,348.39,MC-413893
B-P-00171,B-C-00129,Northwind Health,H3064-025-003,MA,DE,AGE,2024-12-01,2025-11-30,TERMINATED,59893296,2.54,NW-767239
B-P-00172,B-C-00129,Harborline,H2522-030,MA,DE,AGE,2025-12-01,,ACTIVE,59893296,16.60,HL-531802
B-P-00173,B-C-00130,Harborline,17955NV6003263,ACA,NV,,2025-01-01,,ACTIVE,45462976,614.02,HL-100998
B-P-00174,B-C-00131,Summit Health Plans,S4824-003,PDP,RI,AGE,2023-05-01,,ACTIVE,37947372,51.84,SH-887550
B-P-00175,B-C-00132,Northwind Health,H3036-005,MA,KY,AGE,2023-07-01,,ACTIVE,81157097,54.06,NW-539400
B-P-00176,B-C-00133,Meridian Care,H4636-003,MA,DC,AGE,2026-03-01,,ACTIVE,24647567,0.30,MC-712113
B-P-00177,B-C-00134,Meridian Care,18024DC5367947,ACA,DC,,2024-01-01,,ACTIVE,24647567,546.06,MC-864059
B-P-00178,B-C-00135,Harborline,N,MEDSUPP,RI,AGE,2026-03-01,,ACTIVE,37947372,121.90,HL-298944
B-P-00179,B-C-00135,Harborline,S7610-017,PDP,RI,AGE,2026-03-01,,ACTIVE,37947372,72.25,HL-730648
B-P-00180,B-C-00136,Meridian Care,H4636-026,MA,RI,AGE,2023-03-01,,ACTIVE,37947372,57.11,MC-629204
B-P-00181,B-C-00137,Harborline,17955SD3185160,ACA,SD,,2024-01-01,,ACTIVE,14829889,437.47,HL-387247
B-P-00182,B-C-00138,Northwind Health,H3036-029,MA,GA,AGE,2024-07-01,,ACTIVE,26047628,50.10,NW-291459
B-P-00183,B-C-00139,Meridian Care,18024GA9119161,ACA,GA,,2024-01-01,,ACTIVE,26047628,821.19,MC-159873
B-P-00184,B-C-00140,Meridian Care,H5913-008,MA,WY,AGE,2022-03-01,,ACTIVE,20671937,23.34,MC-223001
B-P-00185,B-C-00141,Cardinal Mutual,H7696-014,MA,NV,AGE,2023-03-01,2025-08-31,TERMINATED,45462976,49.95,CM-267925
B-P-00186,B-C-00141,Meridian Care,H5913-006-002,MA,NV,AGE,2025-09-01,,ACTIVE,45462976,29.12,MC-620821
B-P-00187,B-C-00142,Cardinal Mutual,S6685-023,PDP,NV,AGE,2022-09-01,,ACTIVE,45462976,47.17,CM-637224
B-P-00188,B-C-00143,Summit Health Plans,H4044-028,MA,PA,AGE,2025-01-01,,ACTIVE,91146902,43.60,SH-234678
B-P-00189,B-C-00144,Summit Health Plans,H9807-016-001,MA,LA,AGE,2025-03-01,,ACTIVE,26047628,42.22,SH-726724
B-P-00190,B-C-00145,Cardinal Mutual,A,MEDSUPP,LA,AGE,2026-03-01,,ACTIVE,26047628,168.35,CM-113014
B-P-00191,B-C-00145,Cardinal Mutual,S1849-022,PDP,LA,AGE,2026-03-01,,ACTIVE,26047628,76.39,CM-972879
B-P-00192,B-C-00146,Summit Health Plans,H4044-023-003,MA,NJ,AGE,2024-06-01,2025-11-30,TERMINATED,75084135,38.50,SH-834650
B-P-00193,B-C-00146,Northwind Health,H3064-021,MA,NJ,AGE,2025-12-01,,ACTIVE,75084135,46.09,NW-715823
B-P-00194,B-C-00147,Northwind Health,H3064-025,MA,DE,AGE,2024-05-01,,ACTIVE,59893296,27.42,NW-313032
B-P-00195,B-C-00148,Bluepeak,R8474-003-002,MA,MA,AGE,2026-04-01,,ACTIVE,90228424,10.83,BP-240344
B-P-00196,B-C-00149,Northwind Health,61006LA4101952,ACA,LA,,2025-01-01,2025-12-31,TERMINATED,26047628,763.59,NW-831295
B-P-00197,B-C-00149,Cardinal Mutual,70072LA6021662,ACA,LA,,2026-01-01,,ACTIVE,26047628,160.96,CM-493331
B-P-00198,B-C-00150,Harborline,H2522-008-002,MA,NC,AGE,2024-04-01,2025-06-30,TERMINATED,93619366,50.11,HL-579434
B-P-00199,B-C-00150,Northwind Health,H3064-014,MA,NC,AGE,2025-07-01,,ACTIVE,93619366,4.03,NW-303670
B-P-00200,B-C-00151,Meridian Care,H5913-023-001,MA,NC,AGE,2025-01-01,,ACTIVE,93619366,43.58,MC-771295
B-P-00201,B-C-00152,Northwind Health,61006CT4252680,ACA,CT,,2026-01-01,,ACTIVE,24647567,434.88,NW-217768
B-P-00202,B-C-00153,Summit Health Plans,H9807-025-003,MA,PA,AGE,2023-11-01,,ACTIVE,64493418,10.53,SH-686172
B-P-00203,B-C-00154,Meridian Care,H5913-013-003,MA,OR,AGE,2025-11-01,,ACTIVE,9527070,12.64,MC-243648
B-P-00204,B-C-00155,Harborline,H1547-010,MA,AZ,AGE,2022-01-01,,ACTIVE,9527070,39.10,HL-111102
B-P-00205,B-C-00156,Northwind Health,H3064-001,MA,OR,AGE,2023-12-01,,ACTIVE,43888211,43.70,NW-640300
B-P-00207,B-C-00158,Bluepeak,H5243-030,MA,DC,AGE,2022-07-01,,ACTIVE,24647567,15.25,BP-271365
B-P-00208,B-C-00159,Bluepeak,H9161-020-001,MA,TN,AGE,2024-08-01,,ACTIVE,45462976,24.33,BP-527880
B-P-00209,B-C-00160,Meridian Care,H5913-012,MA,TN,AGE,2022-12-01,2024-01-31,TERMINATED,45462976,10.89,MC-729497
B-P-00210,B-C-00160,Cardinal Mutual,H7696-010,MA,TN,AGE,2024-02-01,,ACTIVE,45462976,46.90,CM-243908
B-P-00211,B-C-00161,Summit Health Plans,75720TN9367610,ACA,TN,,2025-01-01,,ACTIVE,45462976,383.82,SH-339247
B-P-00212,B-C-00162,Summit Health Plans,H9807-022,MA,NE,AGE,2023-05-01,,ACTIVE,94445646,57.26,SH-955078
B-P-00213,B-C-00163,Northwind Health,H3064-018-003,MA,MA,AGE,2022-08-01,,ACTIVE,90228424,20.85,NW-917662
B-P-00214,B-C-00164,Bluepeak,H5243-010-001,MA,AR,AGE,2026-04-01,,ACTIVE,93619366,35.36,BP-392934
B-P-00215,B-C-00165,Summit Health Plans,H9807-019,MA,DC,AGE,2023-08-01,2024-11-30,TERMINATED,24647567,12.26,SH-390811
B-P-00216,B-C-00165,Meridian Care,H5913-012-002,MA,DC,AGE,2024-12-01,,ACTIVE,24647567,50.90,MC-989477
B-P-00217,B-C-00166,Cardinal Mutual,H7696-006,MA,OK,AGE,2024-05-01,,ACTIVE,90228424,1.69,CM-666659
B-P-00218,B-C-00167,Meridian Care,H5913-017-003,MA,OK,AGE,2025-07-01,,ACTIVE,90228424,47.90,MC-887541
B-P-00219,B-C-00168,Bluepeak,H5243-027-002,MA,OK,AGE,2025-09-01,,ACTIVE,90228424,41.30,BP-251762
B-P-00220,B-C-00169,Bluepeak,39473WY4949059,ACA,WY,,2025-01-01,2025-12-31,TERMINATED,84583776,663.78,BP-101818
B-P-00221,B-C-00169,Summit Health Plans,75720WY2230250,ACA,WY,,2026-01-01,,ACTIVE,84583776,217.33,SH-943444
B-P-00222,B-C-00170,Northwind Health,H3036-004-003,MA,WY,AGE,2022-09-01,,ACTIVE,84583776,59.68,NW-648679
B-P-00223,B-C-00171,Northwind Health,61006GA2703912,ACA,GA,,2026-01-01,,ACTIVE,26047628,312.87,NW-457774
B-P-00224,B-C-00172,Meridian Care,H4636-029,MA,OK,AGE,2024-09-01,,ACTIVE,81157097,22.58,MC-163383
B-P-00225,B-C-00173,Meridian Care,H5913-013,MA,OK,AGE,2024-07-01,,ACTIVE,81157097,12.80,MC-725052
B-P-00226,B-C-00174,Northwind Health,61006LA1447764,ACA,LA,,2024-01-01,,ACTIVE,26047628,817.56,NW-661661
B-P-00227,B-C-00175,Cardinal Mutual,H7696-026,MA,AL,AGE,2023-09-01,,ACTIVE,67876966,33.10,CM-261560
B-P-00228,B-C-00176,Harborline,H1547-024,MA,WV,AGE,2023-01-01,,ACTIVE,75084135,14.60,HL-161909
B-P-00229,B-C-00177,Meridian Care,18024CT3528091,ACA,CT,,2025-01-01,2025-12-31,TERMINATED,20671937,835.75,MC-507970
B-P-00230,B-C-00177,Bluepeak,39473CT4765418,ACA,CT,,2026-01-01,,ACTIVE,20671937,807.15,BP-268095
B-P-00231,B-C-00178,Summit Health Plans,G,MEDSUPP,TX,AGE,2022-06-01,,ACTIVE,50399119,285.61,SH-448410
B-P-00232,B-C-00178,Summit Health Plans,S1837-023,PDP,TX,AGE,2022-06-01,,ACTIVE,50399119,86.64,SH-624327
B-P-00233,B-C-00179,Cardinal Mutual,H5265-005-002,MA,TX,AGE,2023-12-01,,ACTIVE,50399119,11.25,CM-519281
B-P-00234,B-C-00180,Summit Health Plans,H4044-029,MA,TX,AGE,2025-05-01,,ACTIVE,50399119,48.87,SH-271297
B-P-00235,B-C-00181,Cardinal Mutual,H5265-017-003,MA,TX,AGE,2022-02-01,,ACTIVE,50399119,45.35,CM-962093
B-P-00236,B-C-00182,Northwind Health,H3036-004-001,MA,CO,AGE,2022-11-01,,ACTIVE,59893296,15.81,NW-855609
B-P-00237,B-C-00183,Northwind Health,61006CO5265467,ACA,CO,,2025-01-01,2025-12-31,TERMINATED,59893296,214.44,NW-176440
B-P-00238,B-C-00183,Bluepeak,39473CO3753156,ACA,CO,,2026-01-01,,ACTIVE,59893296,578.42,BP-559950
B-P-00239,B-C-00184,Summit Health Plans,R3913-024,MA,GA,AGE,2023-03-01,2025-07-31,TERMINATED,26047628,1.48,SH-403524
B-P-00240,B-C-00184,Cardinal Mutual,H7696-010,MA,GA,AGE,2025-08-01,,ACTIVE,26047628,41.62,CM-960882
B-P-00241,B-C-00185,Northwind Health,H3064-003,MA,UT,AGE,2023-09-01,,ACTIVE,45462976,17.49,NW-905147
B-P-00242,B-C-00186,Summit Health Plans,75720MA5166691,ACA,MA,,2026-01-01,,ACTIVE,90228424,658.05,SH-544342
B-P-00243,B-C-00187,Bluepeak,39473MA5915068,ACA,MA,,2025-01-01,2025-12-31,TERMINATED,90228424,486.64,BP-484034
B-P-00244,B-C-00187,Harborline,17955MA8850769,ACA,MA,,2026-01-01,,ACTIVE,90228424,389.70,HL-136769
B-P-00245,B-C-00188,Northwind Health,H3036-008,MA,NV,AGE,2023-04-01,2025-12-31,TERMINATED,45462976,50.91,NW-650142
B-P-00246,B-C-00188,Summit Health Plans,H9807-022-001,MA,NV,AGE,2026-01-01,,ACTIVE,45462976,54.98,SH-460722
B-P-00247,B-C-00189,Meridian Care,H4636-012,MA,WY,AGE,2023-06-01,2024-07-31,TERMINATED,20671937,16.08,MC-929802
B-P-00248,B-C-00189,Cardinal Mutual,H5265-027,MA,WY,AGE,2024-08-01,,ACTIVE,20671937,48.56,CM-554402
B-P-00249,B-C-00190,Summit Health Plans,H9807-015,MA,CT,AGE,2026-02-01,,ACTIVE,20671937,18.14,SH-868919
B-P-00250,B-C-00191,Northwind Health,S2942-012,PDP,RI,AGE,2022-06-01,,ACTIVE,37947372,89.74,NW-549569
B-P-00251,B-C-00192,Harborline,H1547-026,MA,RI,AGE,2023-06-01,,ACTIVE,37947372,4.42,HL-752839
B-P-00252,B-C-00193,Harborline,H1547-003,MA,DC,AGE,2025-10-01,,ACTIVE,75084135,53.74,HL-976926
B-P-00253,B-C-00194,Northwind Health,H3036-021,MA,NC,AGE,2025-06-01,,ACTIVE,98787777,21.02,NW-479996
B-P-00254,B-C-00195,Bluepeak,H5243-013,MA,WY,AGE,2023-11-01,,ACTIVE,20671937,30.66,BP-432719
B-P-00255,B-C-00196,Summit Health Plans,S1837-016-003,PDP,TX,AGE,2024-01-01,,ACTIVE,14829889,49.23,SH-795322
B-P-00256,B-C-00197,Meridian Care,H4636-008-002,MA,KY,AGE,2023-10-01,2024-09-30,TERMINATED,81157097,32.51,MC-944452
B-P-00257,B-C-00197,Harborline,H1547-012,MA,KY,AGE,2024-10-01,,ACTIVE,81157097,6.05,HL-999022
B-P-00258,B-C-00198,Summit Health Plans,H4044-016,MA,CA,AGE,2024-04-01,,ACTIVE,50399119,4.57,SH-885899
B-P-00259,B-C-00199,Harborline,N,MEDSUPP,NE,AGE,2026-04-01,,ACTIVE,94445646,106.73,HL-764868
B-P-00260,B-C-00199,Harborline,S4178-023,PDP,NE,AGE,2026-04-01,,ACTIVE,94445646,27.18,HL-860461
B-P-00261,B-C-00200,Harborline,H1547-009-003,MA,NE,AGE,2023-03-01,,ACTIVE,94445646,23.64,HL-600258
B-P-00262,B-C-00201,Cardinal Mutual,H7696-011,MA,GA,AGE,2022-10-01,,ACTIVE,51446845,46.21,CM-538457
B-P-00263,B-C-00202,Northwind Health,L,MEDSUPP,SD,AGE,2024-12-01,,ACTIVE,49066206,318.81,NW-274494
B-P-00264,B-C-00202,Northwind Health,S9721-007,PDP,SD,AGE,2024-12-01,,ACTIVE,49066206,48.05,NW-411553
B-P-00265,B-C-00203,Summit Health Plans,75720SD7382741,ACA,SD,,2026-01-01,,ACTIVE,49066206,258.30,SH-615107
B-P-00266,B-C-00204,Bluepeak,39473CT8377038,ACA,CT,,2026-01-01,,ACTIVE,20671937,702.05,BP-733403
B-P-00267,B-C-00205,Harborline,R4376-022-003,MA,CT,AGE,2025-07-01,,ACTIVE,20671937,48.96,HL-827983
B-P-00268,B-C-00206,Meridian Care,H4636-026-001,MA,CT,AGE,2022-01-01,,ACTIVE,51446845,20.74,MC-569585
B-P-00269,B-C-00207,Bluepeak,G,MEDSUPP,KY,AGE,2024-09-01,,ACTIVE,43888211,298.52,BP-290847
B-P-00270,B-C-00207,Bluepeak,S7317-006,PDP,KY,AGE,2024-09-01,,ACTIVE,43888211,15.08,BP-610755
B-P-00271,B-C-00208,Harborline,17955CT1486862,ACA,CT,,2026-01-01,,ACTIVE,20671937,306.87,HL-706957
B-P-00272,B-C-00209,Bluepeak,H9161-008-003,MA,WY,AGE,2024-01-01,,ACTIVE,20671937,33.52,BP-711850
B-P-00273,B-C-00210,Bluepeak,H9161-026-001,MA,GA,AGE,2022-03-01,,ACTIVE,26047628,16.75,BP-636237
B-P-00274,B-C-00211,Harborline,F,MEDSUPP,GA,AGE,2023-04-01,,ACTIVE,26047628,312.73,HL-894483
B-P-00275,B-C-00211,Harborline,S7610-009,PDP,GA,AGE,2023-04-01,,ACTIVE,26047628,88.44,HL-500634
B-P-00276,B-C-00212,Meridian Care,H5913-010,MA,GA,AGE,2024-07-01,,ACTIVE,51446845,30.31,MC-453807
B-P-00277,B-C-00213,Northwind Health,L,MEDSUPP,GA,AGE,2025-02-01,,ACTIVE,51446845,119.21,NW-893763
B-P-00278,B-C-00213,Northwind Health,S9721-022-003,PDP,GA,AGE,2025-02-01,,ACTIVE,51446845,83.08,NW-537219
B-P-00279,B-C-00214,Summit Health Plans,N,MEDSUPP,GA,AGE,2024-10-01,,ACTIVE,51446845,316.24,SH-554370
B-P-00280,B-C-00214,Summit Health Plans,S1837-004,PDP,GA,AGE,2024-10-01,,ACTIVE,51446845,34.16,SH-678812
B-P-00281,B-C-00215,Bluepeak,39473LA4941883,ACA,LA,,2026-01-01,,ACTIVE,26047628,396.06,BP-907990
B-P-00282,B-C-00216,Summit Health Plans,75720MA8713243,ACA,MA,,2024-01-01,,ACTIVE,90228424,294.78,SH-406534
B-P-00283,B-C-00217,Cardinal Mutual,R7519-028,MA,CO,AGE,2022-12-01,,ACTIVE,59893296,42.22,CM-225077
B-P-00284,B-C-00218,Meridian Care,H4636-007-001,MA,CT,AGE,2022-10-01,,ACTIVE,90228424,12.58,MC-842991
B-P-00285,B-C-00219,Cardinal Mutual,70072CO2007953,ACA,CO,,2025-01-01,2025-12-31,TERMINATED,49066206,670.82,CM-447592
B-P-00286,B-C-00219,Northwind Health,61006CO4609534,ACA,CO,,2026-01-01,,ACTIVE,49066206,579.95,NW-673535
B-P-00287,B-C-00220,Harborline,H1547-020,MA,CT,AGE,2025-01-01,,ACTIVE,24647567,36.81,HL-289091
B-P-00288,B-C-00221,Northwind Health,H3036-017,MA,CT,AGE,2025-10-01,,ACTIVE,24647567,24.98,NW-424617
B-P-00289,B-C-00222,Summit Health Plans,75720NC5431547,ACA,NC,,2025-01-01,2025-12-31,TERMINATED,93619366,692.01,SH-327014
B-P-00290,B-C-00222,Meridian Care,18024NC2688038,ACA,NC,,2026-01-01,,ACTIVE,93619366,367.61,MC-532855
B-P-00291,B-C-00223,Bluepeak,H5243-004,MA,MN,AGE,2024-04-01,,ACTIVE,94445646,35.25,BP-776909
B-P-00292,B-C-00224,Meridian Care,18024CT4585182,ACA,CT,,2025-01-01,2025-12-31,TERMINATED,20671937,604.54,MC-976616
B-P-00293,B-C-00224,Northwind Health,61006CT6046239,ACA,CT,,2026-01-01,,ACTIVE,20671937,456.54,NW-841482
B-P-00294,B-C-00225,Meridian Care,18024OR9381336,ACA,OR,,2027-01-01,,PENDING,93619366,601.05,MC-326388
B-P-00295,B-C-00226,Bluepeak,R8474-026,MA,OR,AGE,2023-05-01,,ACTIVE,93619366,15.62,BP-262851
B-P-00296,B-C-00227,Bluepeak,S7317-027-002,PDP,TN,AGE,2025-10-01,,ACTIVE,45462976,32.66,BP-585302
B-P-00297,B-C-00228,Harborline,K,MEDSUPP,DC,AGE,2024-02-01,,ACTIVE,24647567,180.24,HL-142321
B-P-00298,B-C-00228,Harborline,S4178-011,PDP,DC,AGE,2024-02-01,,ACTIVE,24647567,7.50,HL-595294
B-P-00299,B-C-00229,Summit Health Plans,75720FL1303750,ACA,FL,,2025-01-01,,ACTIVE,90228424,797.29,SH-369595
B-P-00300,B-C-00230,Northwind Health,H3064-013,MA,CO,DISABILITY,2025-01-01,,ACTIVE,64493418,20.47,NW-873907
B-P-00301,B-C-00231,Harborline,17955OR9516755,ACA,OR,,2026-01-01,,ACTIVE,43888211,826.19,HL-508283
B-P-00302,B-C-00232,Summit Health Plans,75720DE4148544,ACA,DE,,2025-01-01,,ACTIVE,69777236,753.91,SH-462019
B-P-00303,B-C-00233,Harborline,H1547-011,MA,NE,AGE,2022-09-01,,ACTIVE,91146902,32.08,HL-121566
B-P-00304,B-C-00234,Meridian Care,H5913-019,MA,NV,AGE,2022-01-01,,ACTIVE,37947372,22.93,MC-741265
B-P-00305,B-C-00235,Northwind Health,H3036-020-002,MA,NV,AGE,2026-02-01,,ACTIVE,37947372,44.04,NW-549575
B-P-00306,B-C-00236,Northwind Health,H3064-017,MA,OR,AGE,2022-11-01,,ACTIVE,43888211,0.77,NW-843451
B-P-00307,B-C-00237,Summit Health Plans,H9807-026-001,MA,OR,AGE,2025-07-01,,ACTIVE,43888211,2.41,SH-190028
B-P-00308,B-C-00238,Bluepeak,H5243-003,MA,OR,AGE,2025-10-01,,ACTIVE,43888211,13.27,BP-251182
B-P-00309,B-C-00239,Cardinal Mutual,H5265-003,MA,AR,AGE,2025-09-01,,ACTIVE,93619366,35.58,CM-942912
B-P-00310,B-C-00240,Harborline,H1547-005,MA,OR,AGE,2023-07-01,,ACTIVE,43888211,38.20,HL-912530
B-P-00311,B-C-00241,Northwind Health,H3064-001,MA,OR,AGE,2022-01-01,2025-03-31,TERMINATED,43888211,13.26,NW-105740
B-P-00312,B-C-00241,Harborline,H1547-013,MA,OR,AGE,2025-04-01,,ACTIVE,43888211,4.02,HL-725283
B-P-00313,B-C-00242,Cardinal Mutual,R7519-029,MA,ND,AGE,2024-11-01,,ACTIVE,93619366,41.77,CM-690935
B-P-00314,B-C-00243,Meridian Care,18024ND6322510,ACA,ND,,2026-01-01,,ACTIVE,93619366,596.12,MC-658767
B-P-00315,B-C-00244,Northwind Health,R6531-011,MA,CT,AGE,2025-03-01,2026-03-31,TERMINATED,51446845,44.36,NW-217416
B-P-00316,B-C-00244,Cardinal Mutual,H5265-012-001,MA,CT,AGE,2026-04-01,,ACTIVE,51446845,52.02,CM-916081
B-P-00317,B-C-00245,Harborline,H2522-008,MA,CT,AGE,2022-01-01,,ACTIVE,51446845,19.61,HL-744464
B-P-00318,B-C-00246,Summit Health Plans,H4044-028-002,MA,MO,AGE,2023-03-01,,ACTIVE,81157097,9.46,SH-228312
B-P-00319,B-C-00247,Cardinal Mutual,H7696-004,MA,MO,AGE,2022-09-01,,ACTIVE,81157097,34.18,CM-533550
B-P-00320,B-C-00248,Summit Health Plans,H4044-004-002,MA,MO,AGE,2024-05-01,2025-10-31,TERMINATED,81157097,46.18,SH-627239
B-P-00321,B-C-00248,Cardinal Mutual,H7696-017,MA,MO,AGE,2025-11-01,,ACTIVE,81157097,51.13,CM-712739
B-P-00322,B-C-00249,Summit Health Plans,R4076-014-003,MA,FL,DISABILITY,2023-08-01,,ACTIVE,90228424,42.27,SH-342933
B-P-00323,B-C-00250,Summit Health Plans,H4044-017,MA,FL,AGE,2022-08-01,2025-03-31,TERMINATED,90228424,58.56,SH-933283
B-P-00324,B-C-00250,Harborline,H2522-001,MA,FL,AGE,2025-04-01,,ACTIVE,90228424,59.28,HL-178486
B-P-00325,B-C-00251,Northwind Health,H3064-013-002,MA,KY,AGE,2025-07-01,,ACTIVE,43888211,58.82,NW-575523
B-P-00326,B-C-00252,Northwind Health,H3036-027-002,MA,KY,AGE,2024-06-01,2025-12-31,TERMINATED,43888211,28.08,NW-325992
B-P-00327,B-C-00252,Summit Health Plans,H4044-007-003,MA,KY,AGE,2026-01-01,,ACTIVE,43888211,54.12,SH-725568
B-P-00328,B-C-00253,Harborline,S7610-010,PDP,VA,AGE,2023-09-01,,ACTIVE,98787777,36.77,HL-752977
B-P-00329,B-C-00254,Bluepeak,K,MEDSUPP,MA,AGE,2025-09-01,,ACTIVE,90228424,189.25,BP-470426
B-P-00330,B-C-00254,Bluepeak,S2427-016,PDP,MA,AGE,2025-09-01,,ACTIVE,90228424,73.56,BP-811713
B-P-00331,B-C-00255,Bluepeak,S7317-021,PDP,CO,AGE,2025-07-01,,ACTIVE,64493418,13.09,BP-673728
B-P-00332,B-C-00256,Cardinal Mutual,H5265-017,MA,WV,AGE,2023-10-01,,ACTIVE,75084135,35.73,CM-980213
B-P-00333,B-C-00257,Cardinal Mutual,S1849-012-002,PDP,MO,AGE,2024-03-01,,ACTIVE,69777236,18.12,CM-326379
B-P-00334,B-C-00258,Meridian Care,H4636-013-002,MA,GA,AGE,2022-05-01,,ACTIVE,51446845,50.76,MC-998491
B-P-00335,B-C-00259,Bluepeak,R6570-018,MA,TX,AGE,2025-11-01,,ACTIVE,14829889,38.39,BP-774046
B-P-00336,B-C-00260,Harborline,17955TX1800508,ACA,TX,,2026-01-01,,ACTIVE,14829889,655.53,HL-800362
B-P-00337,B-C-00261,Summit Health Plans,H4044-003,MA,NM,AGE,2024-09-01,,ACTIVE,67876966,8.46,SH-646333
B-P-00338,B-C-00262,Harborline,17955NM4149243,ACA,NM,,2025-01-01,2025-12-31,TERMINATED,67876966,390.30,HL-985507
B-P-00339,B-C-00262,Meridian Care,18024NM1208362,ACA,NM,,2026-01-01,,ACTIVE,67876966,893.84,MC-399579
B-P-00340,B-C-00263,Summit Health Plans,H9807-012,MA,OR,AGE,2024-12-01,2025-11-30,TERMINATED,93619366,43.00,SH-306585
B-P-00341,B-C-00263,Meridian Care,H4636-010,MA,OR,AGE,2025-12-01,,ACTIVE,93619366,9.08,MC-675550
B-P-00342,B-C-00264,Bluepeak,H9161-011,MA,CO,AGE,2024-01-01,2024-12-31,TERMINATED,49066206,26.62,BP-796128
B-P-00343,B-C-00264,Meridian Care,H4636-024,MA,CO,AGE,2025-01-01,,ACTIVE,49066206,3.46,MC-288185
B-P-00344,B-C-00265,Meridian Care,G,MEDSUPP,HI,AGE,2024-07-01,,ACTIVE,50399119,120.12,MC-745776
B-P-00345,B-C-00265,Meridian Care,S4547-017,PDP,HI,AGE,2024-07-01,,ACTIVE,50399119,55.06,MC-189237
B-P-00346,B-C-00266,Northwind Health,H3064-014,MA,HI,AGE,2023-03-01,,ACTIVE,50399119,53.98,NW-928564
B-P-00347,B-C-00267,Summit Health Plans,R3913-016,MA,CT,AGE,2022-08-01,,ACTIVE,20671937,3.85,SH-192791
B-P-00348,B-C-00268,Northwind Health,H3064-007,MA,CT,AGE,2023-02-01,,ACTIVE,20671937,42.95,NW-129033
B-P-00349,B-C-00269,Harborline,17955DC8415269,ACA,DC,,2026-01-01,,ACTIVE,24647567,855.80,HL-250180
B-P-00350,B-C-00270,Northwind Health,61006DC6518773,ACA,DC,,2024-01-01,,ACTIVE,24647567,684.60,NW-871393
B-P-00351,B-C-00271,Summit Health Plans,R3913-005,MA,OR,AGE,2025-01-01,,ACTIVE,43888211,50.81,SH-827654
B-P-00352,B-C-00272,Bluepeak,H5243-006,MA,OR,AGE,2024-12-01,,ACTIVE,43888211,36.27,BP-176361
B-P-00353,B-C-00273,Meridian Care,S7287-028,PDP,OR,AGE,2023-08-01,,ACTIVE,43888211,82.15,MC-705130
B-P-00354,B-C-00274,Bluepeak,R8474-007,MA,DC,AGE,2026-05-01,,ACTIVE,75084135,48.64,BP-849369
B-P-00355,B-C-00275,Cardinal Mutual,H5265-024,MA,TN,AGE,2023-11-01,2025-10-31,TERMINATED,45462976,56.12,CM-260152
B-P-00356,B-C-00275,Northwind Health,H3064-014,MA,TN,AGE,2025-11-01,,ACTIVE,45462976,5.59,NW-798233
B-P-00357,B-C-00276,Summit Health Plans,H4044-007-003,MA,LA,AGE,2022-02-01,,ACTIVE,26047628,19.85,SH-296653
B-P-00358,B-C-00277,Summit Health Plans,H4044-015,MA,LA,AGE,2023-07-01,,ACTIVE,26047628,57.10,SH-144960
B-P-00359,B-C-00278,Meridian Care,H4636-027,MA,VA,AGE,2024-06-01,,ACTIVE,98787777,41.07,MC-854058
B-P-00360,B-C-00279,Bluepeak,H5243-007,MA,VA,AGE,2024-11-01,,ACTIVE,98787777,42.02,BP-322111
B-P-00361,B-C-00280,Summit Health Plans,H4044-009-001,MA,VA,AGE,2022-05-01,,ACTIVE,98787777,56.62,SH-154559
B-P-00362,B-C-00281,Bluepeak,S7317-014,PDP,PA,AGE,2025-07-01,,ACTIVE,64493418,26.32,BP-988848
B-P-00365,B-C-00283,Bluepeak,H9161-004,MA,AL,AGE,2023-10-01,2026-02-28,TERMINATED,67876966,20.67,BP-550767
B-P-00366,B-C-00283,Cardinal Mutual,H7696-025,MA,AL,AGE,2026-03-01,,ACTIVE,67876966,10.70,CM-549629
B-P-00367,B-C-00284,Northwind Health,61006AL6363410,ACA,AL,,2025-01-01,2025-12-31,TERMINATED,67876966,319.52,NW-236003
B-P-00368,B-C-00284,Meridian Care,18024AL9833127,ACA,AL,,2026-01-01,,ACTIVE,67876966,409.62,MC-188112
B-P-00369,B-C-00285,Cardinal Mutual,S1849-024,PDP,MO,AGE,2024-12-01,,ACTIVE,69777236,48.29,CM-429679
B-P-00370,B-C-00286,Meridian Care,18024MO7370995,ACA,MO,,2025-01-01,2025-12-31,TERMINATED,69777236,220.66,MC-639570
B-P-00371,B-C-00286,Bluepeak,39473MO8694928,ACA,MO,,2026-01-01,,ACTIVE,69777236,472.55,BP-905969
B-P-00373,B-C-00288,Summit Health Plans,H9807-016,MA,CT,AGE,2024-11-01,,ACTIVE,24647567,4.37,SH-470979
B-P-00374,B-C-00289,Summit Health Plans,H4044-013-003,MA,ND,AGE,2022-09-01,2025-06-30,TERMINATED,93619366,33.36,SH-971246
B-P-00375,B-C-00289,Bluepeak,H9161-027,MA,ND,AGE,2025-07-01,,ACTIVE,93619366,4.04,BP-672688
B-P-00376,B-C-00290,Cardinal Mutual,H5265-007,MA,WY,AGE,2026-05-01,,ACTIVE,84583776,59.42,CM-626534
B-P-00377,B-C-00291,Northwind Health,H3036-021,MA,NV,AGE,2023-09-01,,ACTIVE,45462976,45.02,NW-263820
B-P-00378,B-C-00292,Meridian Care,H5913-026-001,MA,OR,AGE,2025-01-01,,ACTIVE,9527070,51.47,MC-252905
B-P-00379,B-C-00293,Cardinal Mutual,70072NC3640575,ACA,NC,,2024-01-01,,ACTIVE,67876966,413.61,CM-552404
B-P-00380,B-C-00294,Cardinal Mutual,H5265-003-003,MA,NC,AGE,2024-05-01,,ACTIVE,67876966,19.91,CM-625121
B-P-00381,B-C-00295,Northwind Health,H3036-016,MA,DE,AGE,2023-04-01,,ACTIVE,59893296,12.41,NW-761538
B-P-00382,B-C-00296,Summit Health Plans,H4044-028-003,MA,DE,AGE,2026-03-01,,ACTIVE,59893296,54.71,SH-350171
B-P-00383,B-C-00297,Bluepeak,H9161-014-001,MA,CT,AGE,2023-09-01,,ACTIVE,51446845,52.02,BP-305776
B-P-00384,B-C-00298,Northwind Health,H3064-016,MA,CT,AGE,2022-10-01,2024-03-31,TERMINATED,51446845,15.09,NW-203227
B-P-00385,B-C-00298,Cardinal Mutual,H5265-030,MA,CT,AGE,2024-04-01,,ACTIVE,51446845,23.37,CM-177300
B-P-00386,B-C-00299,Northwind Health,H3036-001,MA,DE,AGE,2022-11-01,,ACTIVE,59893296,22.85,NW-941825
B-P-00387,B-C-00300,Bluepeak,39473DE7914488,ACA,DE,,2025-01-01,2025-12-31,TERMINATED,59893296,435.89,BP-709723
B-P-00388,B-C-00300,Northwind Health,61006DE2696080,ACA,DE,,2026-01-01,,ACTIVE,59893296,345.14,NW-791394
B-P-00389,B-C-00301,Harborline,F,MEDSUPP,AZ,AGE,2024-05-01,,ACTIVE,9527070,302.70,HL-149946
B-P-00390,B-C-00301,Harborline,S7610-030,PDP,AZ,AGE,2024-05-01,,ACTIVE,9527070,20.02,HL-332968
B-P-00391,B-C-00302,Cardinal Mutual,70072AZ2521343,ACA,AZ,,2025-01-01,2025-12-31,TERMINATED,9527070,534.73,CM-130177
B-P-00392,B-C-00302,Northwind Health,61006AZ9252819,ACA,AZ,,2026-01-01,,ACTIVE,9527070,772.92,NW-616556
B-P-00393,B-C-00303,Cardinal Mutual,H7696-017-002,MA,TX,AGE,2024-07-01,2026-03-31,TERMINATED,14829889,58.29,CM-572745
B-P-00394,B-C-00303,Summit Health Plans,H9807-009-003,MA,TX,AGE,2026-04-01,,ACTIVE,14829889,32.56,SH-415066
B-P-00395,B-C-00304,Cardinal Mutual,H5265-007,MA,TX,AGE,2022-02-01,,ACTIVE,14829889,0.15,CM-375652
B-P-00396,B-C-00305,Harborline,H1547-008,MA,TN,AGE,2025-05-01,,ACTIVE,45462976,10.68,HL-149339
B-P-00397,B-C-00306,Summit Health Plans,H9807-006,MA,WY,AGE,2022-11-01,,ACTIVE,20671937,42.70,SH-688157
B-P-00398,B-C-00307,Northwind Health,H3036-029,MA,WY,AGE,2022-08-01,,ACTIVE,20671937,17.45,NW-898637
B-P-00399,B-C-00308,Bluepeak,H9161-004,MA,CA,AGE,2025-09-01,,ACTIVE,50399119,41.64,BP-959506
B-P-00400,B-C-00309,Cardinal Mutual,H5265-016,MA,NC,AGE,2022-05-01,,ACTIVE,93619366,53.42,CM-507533
B-P-00401,B-C-00310,Cardinal Mutual,H7696-025,MA,NC,AGE,2025-06-01,,ACTIVE,93619366,46.74,CM-121237
B-P-00402,B-C-00311,Meridian Care,H5913-010,MA,RI,DISABILITY,2024-07-01,,ACTIVE,37947372,1.01,MC-737048
B-P-00403,B-C-00312,Harborline,H1547-020,MA,RI,AGE,2024-06-01,,ACTIVE,37947372,16.42,HL-619551
B-P-00404,B-C-00313,Bluepeak,N,MEDSUPP,GA,AGE,2024-08-01,,ACTIVE,51446845,100.08,BP-241212
B-P-00405,B-C-00313,Bluepeak,S7317-025,PDP,GA,AGE,2024-08-01,,ACTIVE,51446845,28.28,BP-196753
B-P-00406,B-C-00314,Bluepeak,N,MEDSUPP,PA,AGE,2025-06-01,,ACTIVE,91146902,308.53,BP-674315
B-P-00407,B-C-00314,Bluepeak,S2427-019,PDP,PA,AGE,2025-06-01,,ACTIVE,91146902,30.18,BP-762853
B-P-00408,B-C-00315,Meridian Care,18024PA9678975,ACA,PA,,2025-01-01,,ACTIVE,91146902,415.72,MC-162569
B-P-00411,B-C-00317,Harborline,S7610-019,PDP,CO,AGE,2023-12-01,,ACTIVE,49066206,42.94,HL-853291
B-P-00412,B-C-00318,Harborline,17955NV6251912,ACA,NV,,2026-01-01,,ACTIVE,37947372,891.64,HL-977924
B-P-00413,B-C-00319,Meridian Care,H4636-025-003,MA,PA,AGE,2025-05-01,,ACTIVE,50399119,48.81,MC-111031
B-P-00416,B-C-00321,Harborline,S4178-026,PDP,AR,AGE,2025-03-01,,ACTIVE,93619366,54.01,HL-540888
B-P-00417,B-C-00322,Summit Health Plans,75720NE4354472,ACA,NE,,2025-01-01,2025-12-31,TERMINATED,94445646,764.67,SH-979641
B-P-00418,B-C-00322,Harborline,17955NE5116111,ACA,NE,,2026-01-01,,ACTIVE,94445646,799.27,HL-425210
B-P-00419,B-C-00323,Cardinal Mutual,H7696-013,MA,DC,AGE,2022-03-01,2024-03-31,TERMINATED,24647567,2.88,CM-784895
B-P-00420,B-C-00323,Summit Health Plans,H4044-011,MA,DC,AGE,2024-04-01,,ACTIVE,24647567,20.39,SH-318896
B-P-00421,B-C-00324,Summit Health Plans,H9807-021,MA,DC,AGE,2023-08-01,,ACTIVE,24647567,48.35,SH-574429
B-P-00422,B-C-00325,Northwind Health,H3036-022-002,MA,DC,AGE,2023-12-01,,ACTIVE,24647567,14.86,NW-234284
B-P-00423,B-C-00326,Northwind Health,H3036-016,MA,MN,AGE,2022-07-01,,ACTIVE,94445646,2.61,NW-179525
B-P-00424,B-C-00327,Cardinal Mutual,H5265-020-002,MA,MN,AGE,2025-12-01,,ACTIVE,94445646,44.60,CM-178206
B-P-00425,B-C-00328,Summit Health Plans,R3913-004,MA,NC,AGE,2022-09-01,2024-08-31,TERMINATED,67876966,3.69,SH-842140
B-P-00426,B-C-00328,Cardinal Mutual,H7696-007,MA,NC,AGE,2024-09-01,,ACTIVE,67876966,48.34,CM-681078
B-P-00427,B-C-00329,Meridian Care,H5913-018,MA,DC,AGE,2026-01-01,,ACTIVE,75084135,39.29,MC-128642
B-P-00428,B-C-00330,Bluepeak,H5243-021-001,MA,CO,AGE,2025-05-01,,ACTIVE,49066206,23.80,BP-907142
B-P-00429,B-C-00331,Summit Health Plans,H4044-012,MA,CO,AGE,2022-06-01,,ACTIVE,49066206,56.88,SH-529681
B-P-00430,B-C-00332,Summit Health Plans,H9807-024-002,MA,WY,AGE,2024-03-01,,ACTIVE,84583776,6.22,SH-693270
B-P-00431,B-C-00333,Bluepeak,H9161-024,MA,WY,AGE,2024-09-01,,ACTIVE,84583776,38.68,BP-748929
B-P-00432,B-C-00334,Meridian Care,L,MEDSUPP,UT,AGE,2025-02-01,,ACTIVE,45462976,235.25,MC-495196
B-P-00433,B-C-00334,Meridian Care,S7287-015,PDP,UT,AGE,2025-02-01,,ACTIVE,45462976,76.76,MC-157784
B-P-00434,B-C-00335,Cardinal Mutual,70072UT1828779,ACA,UT,,2025-01-01,2025-12-31,TERMINATED,45462976,212.57,CM-226096
B-P-00435,B-C-00335,Bluepeak,39473UT1767466,ACA,UT,,2026-01-01,,ACTIVE,45462976,314.17,BP-987587
B-P-00436,B-C-00336,Cardinal Mutual,G,MEDSUPP,WY,AGE,2023-02-01,,ACTIVE,91146902,286.80,CM-426317
B-P-00437,B-C-00336,Cardinal Mutual,S1849-003,PDP,WY,AGE,2023-02-01,,ACTIVE,91146902,61.61,CM-772806
B-P-00438,B-C-00337,Meridian Care,18024MO0579042,ACA,MO,,2024-01-01,,ACTIVE,81157097,272.74,MC-830509
B-P-00439,B-C-00338,Summit Health Plans,H9807-003-001,MA,DE,AGE,2022-02-01,,ACTIVE,69777236,41.51,SH-396822
B-P-00440,B-C-00339,Cardinal Mutual,H5265-027-003,MA,DE,AGE,2023-01-01,2024-04-30,TERMINATED,69777236,9.56,CM-353164
B-P-00441,B-C-00339,Northwind Health,H3036-029,MA,DE,AGE,2024-05-01,,ACTIVE,69777236,16.33,NW-643546
B-P-00442,B-C-00340,Northwind Health,F,MEDSUPP,CT,AGE,2025-02-01,,ACTIVE,14829889,138.83,NW-813063
B-P-00443,B-C-00340,Northwind Health,S2942-009-001,PDP,CT,AGE,2025-02-01,,ACTIVE,14829889,29.13,NW-939498
B-P-00444,B-C-00341,Meridian Care,H5913-024,MA,CO,AGE,2022-07-01,,ACTIVE,59893296,13.89,MC-995393
B-P-00445,B-C-00342,Northwind Health,H3064-013,MA,CT,AGE,2022-08-01,,ACTIVE,24647567,43.28,NW-530496
B-P-00446,B-C-00343,Northwind Health,H3036-016,MA,MS,AGE,2022-11-01,,ACTIVE,50979283,53.35,NW-891726
B-P-00447,B-C-00344,Summit Health Plans,R3913-013-003,MA,AR,AGE,2024-12-01,,ACTIVE,93619366,49.54,SH-805591
B-P-00448,B-C-00345,Northwind Health,H3064-009,MA,CT,AGE,2025-10-01,,ACTIVE,20671937,20.81,NW-447012
B-P-00449,B-C-00346,Summit Health Plans,H9807-024-001,MA,CO,AGE,2024-10-01,2026-03-31,TERMINATED,59893296,53.47,SH-750722
B-P-00450,B-C-00346,Harborline,R4376-018,MA,CO,AGE,2026-04-01,,ACTIVE,59893296,35.32,HL-826992
B-P-00451,B-C-00347,Harborline,17955MO8751747,ACA,MO,,2025-01-01,,ACTIVE,69777236,634.00,HL-810734
B-P-00452,B-C-00348,Cardinal Mutual,H7696-003,MA,GA,AGE,2022-12-01,,ACTIVE,51446845,13.87,CM-650069
B-P-00453,B-C-00349,Cardinal Mutual,70072MA8719174,ACA,MA,,2025-01-01,2025-12-31,TERMINATED,90228424,604.03,CM-298355
B-P-00454,B-C-00349,Harborline,17955MA0030997,ACA,MA,,2026-01-01,,ACTIVE,90228424,206.62,HL-991590
B-P-00455,B-C-00350,Meridian Care,R6659-015,MA,MO,AGE,2023-02-01,2024-10-31,TERMINATED,69777236,19.55,MC-631076
B-P-00456,B-C-00350,Summit Health Plans,H4044-015,MA,MO,AGE,2024-11-01,,ACTIVE,69777236,58.78,SH-832304
B-P-00457,B-C-00351,Bluepeak,H5243-030,MA,MO,AGE,2023-12-01,,ACTIVE,69777236,6.41,BP-562004
B-P-00458,B-C-00352,Northwind Health,H3064-028,MA,CT,AGE,2023-09-01,,ACTIVE,14829889,57.74,NW-490446
B-P-00459,B-C-00353,Summit Health Plans,H9807-024-003,MA,NC,AGE,2025-09-01,,ACTIVE,93619366,49.84,SH-429280
B-P-00460,B-C-00354,Bluepeak,H9161-017,MA,CT,AGE,2026-01-01,,ACTIVE,20671937,36.50,BP-381388
B-P-00461,B-C-00355,Summit Health Plans,R4076-003-003,MA,FL,AGE,2025-07-01,,ACTIVE,90228424,4.01,SH-755038
B-P-00462,B-C-00356,Meridian Care,R4076-012,MA,GA,AGE,2025-09-01,,ACTIVE,51446845,15.24,MC-875830
B-P-00463,B-C-00357,Cardinal Mutual,N,MEDSUPP,GA,AGE,2022-07-01,,ACTIVE,51446845,210.22,CM-923452
B-P-00464,B-C-00357,Cardinal Mutual,S1849-024,PDP,GA,AGE,2022-07-01,,ACTIVE,51446845,16.24,CM-168595
B-P-00465,B-C-00358,Meridian Care,B,MEDSUPP,KY,AGE,2026-05-01,,ACTIVE,43888211,158.77,MC-200425
B-P-00466,B-C-00358,Meridian Care,S7287-025-003,PDP,KY,AGE,2026-05-01,,ACTIVE,43888211,63.44,MC-631799
B-P-00467,B-C-00359,Harborline,L,MEDSUPP,RI,AGE,2022-11-01,,ACTIVE,37947372,301.00,HL-973168
B-P-00468,B-C-00359,Harborline,S7610-018-003,PDP,RI,AGE,2022-11-01,,ACTIVE,37947372,25.26,HL-477086
B-P-00469,B-C-00360,Harborline,H1547-019-001,MA,NE,AGE,2025-01-01,,ACTIVE,94445646,30.43,HL-904699
B-P-00470,B-C-00361,Harborline,K,MEDSUPP,SD,AGE,2024-04-01,,ACTIVE,84583776,315.82,HL-439815
B-P-00471,B-C-00361,Harborline,S4178-028,PDP,SD,AGE,2024-04-01,,ACTIVE,84583776,35.18,HL-828048
B-P-00472,B-C-00362,Meridian Care,H4636-016,MA,SD,AGE,2024-02-01,,ACTIVE,84583776,53.84,MC-321848
B-P-00473,B-C-00363,Harborline,N,MEDSUPP,GA,AGE,2024-07-01,,ACTIVE,26047628,148.60,HL-213363
B-P-00474,B-C-00363,Harborline,S7610-012,PDP,GA,AGE,2024-07-01,,ACTIVE,26047628,29.98,HL-256149
B-P-00475,B-C-00364,Cardinal Mutual,H7696-028,MA,GA,AGE,2023-01-01,,ACTIVE,26047628,32.02,CM-930765
B-P-00476,B-C-00365,Summit Health Plans,H4044-003,MA,SD,AGE,2022-01-01,,ACTIVE,84583776,25.58,SH-516975
B-P-00477,B-C-00366,Meridian Care,H5913-004,MA,SD,AGE,2025-04-01,2026-03-31,TERMINATED,84583776,49.76,MC-267245
B-P-00478,B-C-00366,Harborline,H2522-012,MA,SD,AGE,2026-04-01,,ACTIVE,84583776,24.81,HL-615072
B-P-00479,B-C-00367,Summit Health Plans,H4044-014,MA,OR,AGE,2024-06-01,,ACTIVE,43888211,4.64,SH-665400
B-P-00480,B-C-00368,Meridian Care,H5913-030,MA,OR,AGE,2023-05-01,,ACTIVE,43888211,0.91,MC-449615
B-P-00481,B-C-00369,Bluepeak,H5243-002-002,MA,DC,AGE,2026-03-01,,ACTIVE,24647567,23.57,BP-400141
B-P-00482,B-C-00370,Northwind Health,H3036-028,MA,DC,AGE,2024-03-01,,ACTIVE,24647567,20.96,NW-863967
B-P-00483,B-C-00371,Meridian Care,H5913-014,MA,CO,AGE,2025-07-01,,ACTIVE,64493418,14.38,MC-938845
B-P-00484,B-C-00372,Harborline,H2522-017,MA,NC,AGE,2024-05-01,2025-07-31,TERMINATED,98787777,3.16,HL-637862
B-P-00485,B-C-00372,Cardinal Mutual,H7696-021,MA,NC,AGE,2025-08-01,,ACTIVE,98787777,58.37,CM-390201
B-P-00486,B-C-00373,Bluepeak,H5243-013-002,MA,NC,AGE,2023-09-01,,ACTIVE,98787777,55.42,BP-603573
B-P-00487,B-C-00374,Bluepeak,H5243-002,MA,OR,AGE,2024-03-01,2025-04-30,TERMINATED,43888211,40.08,BP-260228
B-P-00488,B-C-00374,Meridian Care,H5913-005,MA,OR,AGE,2025-05-01,,ACTIVE,43888211,19.82,MC-416469
B-P-00489,B-C-00375,Bluepeak,H5243-011,MA,OR,AGE,2022-11-01,,ACTIVE,43888211,52.59,BP-770047
B-P-00490,B-C-00376,Meridian Care,S4547-003-002,PDP,AL,AGE,2026-02-01,,ACTIVE,67876966,17.96,MC-989071
B-P-00491,B-C-00377,Bluepeak,H5243-019,MA,AL,AGE,2025-08-01,,ACTIVE,67876966,45.01,BP-443633
B-P-00492,B-C-00378,Meridian Care,H4636-023,MA,NC,AGE,2025-12-01,,ACTIVE,98787777,32.14,MC-934947
B-P-00493,B-C-00379,Cardinal Mutual,H7696-004-002,MA,SD,AGE,2025-10-01,,ACTIVE,49066206,48.08,CM-229852
B-P-00494,B-C-00380,Summit Health Plans,H9807-003,MA,SD,AGE,2025-03-01,,ACTIVE,49066206,18.63,SH-163523
B-P-00495,B-C-00381,Bluepeak,H9161-003-003,MA,ND,AGE,2024-04-01,,ACTIVE,93619366,51.34,BP-697262
B-P-00496,B-C-00382,Harborline,17955OR0905841,ACA,OR,,2027-01-01,,PENDING,9527070,463.29,HL-366639
B-P-00497,B-C-00383,Harborline,H2522-017,MA,OR,AGE,2025-11-01,,ACTIVE,9527070,28.27,HL-214488
B-P-00498,B-C-00384,Cardinal Mutual,H5265-022,MA,WY,AGE,2022-08-01,,ACTIVE,20671937,47.64,CM-520907
B-P-00499,B-C-00385,Summit Health Plans,S4824-025,PDP,PA,AGE,2022-11-01,,ACTIVE,64493418,80.45,SH-363688
B-P-00500,B-C-00386,Cardinal Mutual,70072PA4954486,ACA,PA,,2025-01-01,,ACTIVE,64493418,863.36,CM-607950
B-P-00501,B-C-00387,Northwind Health,H3064-017-001,MA,FL,AGE,2025-10-01,,ACTIVE,90228424,52.62,NW-815287
B-P-00502,B-C-00388,Summit Health Plans,S4824-007-001,PDP,FL,AGE,2025-06-01,,ACTIVE,90228424,14.76,SH-243495
B-P-00503,B-C-00389,Cardinal Mutual,H7696-018-003,MA,MN,AGE,2025-03-01,2026-02-28,TERMINATED,94445646,54.22,CM-969380
B-P-00504,B-C-00389,Harborline,H2522-007,MA,MN,AGE,2026-03-01,,ACTIVE,94445646,57.38,HL-801939
B-P-00505,B-C-00390,Meridian Care,H4636-030-002,MA,MN,AGE,2025-04-01,,ACTIVE,94445646,59.87,MC-679435
B-P-00506,B-C-00391,Northwind Health,61006AZ6647283,ACA,AZ,,2025-01-01,,ACTIVE,14829889,530.84,NW-110275
B-P-00507,B-C-00392,Harborline,17955NV0564886,ACA,NV,,2025-01-01,2025-12-31,TERMINATED,37947372,813.41,HL-974416
B-P-00508,B-C-00392,Meridian Care,18024NV2347141,ACA,NV,,2026-01-01,,ACTIVE,37947372,540.56,MC-655264
B-P-00509,B-C-00393,Cardinal Mutual,70072CO1087554,ACA,CO,,2025-01-01,,ACTIVE,49066206,832.24,CM-376383
B-P-00510,B-C-00394,Summit Health Plans,H9807-003,MA,AZ,AGE,2024-01-01,,ACTIVE,9527070,18.43,SH-730883
B-P-00511,B-C-00395,Bluepeak,H9161-002,MA,PA,AGE,2023-06-01,2024-10-31,TERMINATED,64493418,52.92,BP-274185
B-P-00512,B-C-00395,Cardinal Mutual,H7696-025-002,MA,PA,AGE,2024-11-01,,ACTIVE,64493418,37.21,CM-332297
B-P-00513,B-C-00396,Summit Health Plans,G,MEDSUPP,PA,AGE,2022-12-01,,ACTIVE,64493418,269.51,SH-517877
B-P-00514,B-C-00396,Summit Health Plans,S4824-019,PDP,PA,AGE,2022-12-01,,ACTIVE,64493418,21.81,SH-232705
B-P-00515,B-C-00397,Northwind Health,H3064-011,MA,PA,AGE,2024-03-01,,ACTIVE,64493418,32.05,NW-968229
B-P-00516,B-C-00398,Cardinal Mutual,70072OR3431051,ACA,OR,,2025-01-01,,ACTIVE,43888211,732.21,CM-975840
B-P-00517,B-C-00399,Meridian Care,18024CO5014338,ACA,CO,,2025-01-01,2025-12-31,TERMINATED,59893296,205.54,MC-986409
B-P-00518,B-C-00399,Cardinal Mutual,70072CO2713719,ACA,CO,,2026-01-01,,ACTIVE,59893296,790.18,CM-500637
B-P-00519,B-C-00400,Harborline,H2522-021,MA,CO,AGE,2025-07-01,,ACTIVE,59893296,53.85,HL-630338
B-P-00520,B-C-00401,Summit Health Plans,75720CT1804902,ACA,CT,,2026-01-01,,ACTIVE,20671937,209.67,SH-992593
B-P-00521,B-C-00402,Summit Health Plans,H4044-028-001,MA,CT,AGE,2022-09-01,2025-01-31,TERMINATED,20671937,48.92,SH-847028
B-P-00522,B-C-00402,Meridian Care,H4636-007,MA,CT,AGE,2025-02-01,,ACTIVE,20671937,21.37,MC-919362
B-P-00523,B-C-00403,Meridian Care,K,MEDSUPP,WV,AGE,2023-12-01,,ACTIVE,64493418,163.08,MC-139549
B-P-00524,B-C-00403,Meridian Care,S7287-018-002,PDP,WV,AGE,2023-12-01,,ACTIVE,64493418,75.15,MC-815828
B-P-00525,B-C-00404,Meridian Care,F,MEDSUPP,WV,AGE,2025-03-01,,ACTIVE,64493418,223.13,MC-981672
B-P-00526,B-C-00404,Meridian Care,S7287-007-003,PDP,WV,AGE,2025-03-01,,ACTIVE,64493418,45.20,MC-729502
B-P-00527,B-C-00405,Northwind Health,H3036-014,MA,UT,AGE,2023-02-01,2025-08-31,TERMINATED,45462976,24.36,NW-994062
B-P-00528,B-C-00405,Meridian Care,H4636-010-002,MA,UT,AGE,2025-09-01,,ACTIVE,45462976,31.71,MC-686755
B-P-00529,B-C-00406,Summit Health Plans,H9807-002-003,MA,UT,AGE,2022-08-01,2025-03-31,TERMINATED,45462976,48.35,SH-927147
B-P-00530,B-C-00406,Meridian Care,H4636-001,MA,UT,AGE,2025-04-01,,ACTIVE,45462976,59.77,MC-579478
B-P-00531,B-C-00407,Meridian Care,G,MEDSUPP,OR,AGE,2025-11-01,,ACTIVE,9527070,274.47,MC-309455
B-P-00532,B-C-00407,Meridian Care,S4547-024-003,PDP,OR,AGE,2025-11-01,,ACTIVE,9527070,39.23,MC-726018
B-P-00533,B-C-00408,Cardinal Mutual,H5265-016,MA,WV,AGE,2022-08-01,,ACTIVE,69777236,15.29,CM-503079
B-P-00534,B-C-00409,Northwind Health,R6531-011-001,MA,GA,AGE,2025-10-01,,ACTIVE,26047628,59.63,NW-683353
B-P-00535,B-C-00410,Bluepeak,N,MEDSUPP,DE,AGE,2025-11-01,,ACTIVE,59893296,264.29,BP-431341
B-P-00536,B-C-00410,Bluepeak,S2427-015,PDP,DE,AGE,2025-11-01,,ACTIVE,59893296,88.38,BP-147247
B-P-00537,B-C-00411,Meridian Care,18024DE4020182,ACA,DE,,2025-01-01,,ACTIVE,59893296,675.78,MC-548367
B-P-00538,B-C-00412,Meridian Care,H4636-019,MA,CA,AGE,2025-05-01,,ACTIVE,50399119,57.69,MC-669270
B-P-00539,B-C-00413,Northwind Health,A,MEDSUPP,CA,AGE,2025-12-01,,ACTIVE,50399119,103.28,NW-793909
B-P-00540,B-C-00413,Northwind Health,S2942-012,PDP,CA,AGE,2025-12-01,,ACTIVE,50399119,73.29,NW-321041
B-P-00541,B-C-00414,Meridian Care,H4636-009,MA,WV,AGE,2023-02-01,,ACTIVE,64493418,13.79,MC-323530
B-P-00542,B-C-00415,Northwind Health,R1279-013,MA,WV,AGE,2025-04-01,,ACTIVE,64493418,22.87,NW-454714
B-P-00545,B-C-00417,Meridian Care,H4636-016,MA,LA,AGE,2022-12-01,,ACTIVE,26047628,41.72,MC-276260
B-P-00546,B-C-00418,Meridian Care,H4636-016,MA,LA,AGE,2022-02-01,2025-06-30,TERMINATED,26047628,15.20,MC-546256
B-P-00547,B-C-00418,Summit Health Plans,H4044-008,MA,LA,AGE,2025-07-01,,ACTIVE,26047628,54.52,SH-320941
B-P-00548,B-C-00419,Northwind Health,61006MN1409198,ACA,MN,,2026-01-01,,ACTIVE,94445646,376.38,NW-214301
B-P-00549,B-C-00420,Northwind Health,H3036-017-003,MA,MN,AGE,2023-12-01,,ACTIVE,94445646,14.17,NW-763962
B-P-00550,B-C-00421,Harborline,N,MEDSUPP,RI,AGE,2024-06-01,,ACTIVE,37947372,165.42,HL-466406
B-P-00551,B-C-00421,Harborline,S7610-004-003,PDP,RI,AGE,2024-06-01,,ACTIVE,37947372,83.74,HL-459976
B-P-00552,B-C-00422,Summit Health Plans,H9807-030,MA,CO,AGE,2022-08-01,,ACTIVE,49066206,15.25,SH-603376
B-P-00553,B-C-00423,Summit Health Plans,H9807-003-002,MA,CO,AGE,2023-11-01,2025-05-31,TERMINATED,49066206,12.29,SH-291879
B-P-00554,B-C-00423,Cardinal Mutual,H7696-013,MA,CO,AGE,2025-06-01,,ACTIVE,49066206,37.29,CM-584063
B-P-00555,B-C-00424,Northwind Health,H3064-002,MA,CO,AGE,2024-02-01,,ACTIVE,49066206,50.94,NW-958618
B-P-00556,B-C-00425,Northwind Health,H3036-006,MA,DC,AGE,2022-03-01,,ACTIVE,75084135,54.51,NW-689469
B-P-00558,B-C-00427,Summit Health Plans,H9807-018,MA,UT,AGE,2026-05-01,,ACTIVE,45462976,33.06,SH-485391
B-P-00559,B-C-00428,Bluepeak,39473MO4264938,ACA,MO,,2025-01-01,2025-12-31,TERMINATED,69777236,448.24,BP-933085
B-P-00560,B-C-00428,Meridian Care,18024MO6559862,ACA,MO,,2026-01-01,,ACTIVE,69777236,310.60,MC-120080
B-P-00561,B-C-00429,Cardinal Mutual,R6363-028,MA,MO,AGE,2022-06-01,,ACTIVE,69777236,23.55,CM-247424
B-P-00562,B-C-00430,Northwind Health,61006CO6920739,ACA,CO,,2025-01-01,2025-12-31,TERMINATED,59893296,400.67,NW-785412
B-P-00563,B-C-00430,Bluepeak,39473CO5058626,ACA,CO,,2026-01-01,,ACTIVE,59893296,792.22,BP-705280
B-P-00564,B-C-00431,Bluepeak,39473DE7669592,ACA,DE,,2024-01-01,,ACTIVE,59893296,828.97,BP-671299
B-P-00565,B-C-00432,Cardinal Mutual,A,MEDSUPP,KY,DISABILITY,2023-12-01,,ACTIVE,43888211,92.43,CM-144656
B-P-00566,B-C-00432,Cardinal Mutual,S1849-023,PDP,KY,DISABILITY,2023-12-01,,ACTIVE,43888211,89.65,CM-748068
B-P-00567,B-C-00433,Meridian Care,H4636-009,MA,FL,AGE,2026-02-01,,ACTIVE,90228424,47.24,MC-821651
B-P-00568,B-C-00434,Meridian Care,A,MEDSUPP,FL,DISABILITY,2022-10-01,,ACTIVE,90228424,183.95,MC-662385
B-P-00569,B-C-00434,Meridian Care,S7287-003-002,PDP,FL,DISABILITY,2022-10-01,,ACTIVE,90228424,10.86,MC-350024
B-P-00570,B-C-00435,Summit Health Plans,H9807-009,MA,PA,AGE,2023-02-01,,ACTIVE,91146902,53.23,SH-637554
B-P-00571,B-C-00436,Meridian Care,18024GA1476085,ACA,GA,,2025-01-01,,ACTIVE,51446845,594.54,MC-305257
B-P-00572,B-C-00437,Northwind Health,H3064-011,MA,NV,AGE,2026-11-01,,PENDING,37947372,4.34,NW-868495
B-P-00573,B-C-00438,Cardinal Mutual,70072NV9642313,ACA,NV,,2025-01-01,,ACTIVE,37947372,150.62,CM-739130
B-P-00574,B-C-00439,Northwind Health,H3064-019,MA,WI,AGE,2024-11-01,2025-12-31,TERMINATED,50979283,21.20,NW-248604
B-P-00575,B-C-00439,Bluepeak,R6570-019-001,MA,WI,AGE,2026-01-01,,ACTIVE,50979283,22.14,BP-356919
B-P-00576,B-C-00440,Meridian Care,18024PA4459027,ACA,PA,,2024-01-01,,ACTIVE,50399119,253.27,MC-572855
B-P-00577,B-C-00441,Summit Health Plans,H4044-013,MA,PA,AGE,2024-01-01,,ACTIVE,50399119,44.70,SH-408319
B-P-00578,B-C-00442,Bluepeak,G,MEDSUPP,NE,AGE,2025-04-01,,ACTIVE,94445646,184.92,BP-757304
B-P-00579,B-C-00442,Bluepeak,S2427-016,PDP,NE,AGE,2025-04-01,,ACTIVE,94445646,32.69,BP-142525
B-P-00580,B-C-00443,Summit Health Plans,75720LA0920497,ACA,LA,,2025-01-01,2025-12-31,TERMINATED,26047628,382.55,SH-357240
B-P-00581,B-C-00443,Cardinal Mutual,70072LA0589577,ACA,LA,,2026-01-01,,ACTIVE,26047628,580.24,CM-877526
B-P-00582,B-C-00444,Summit Health Plans,F,MEDSUPP,DC,AGE,2024-01-01,,ACTIVE,75084135,230.85,SH-444618
B-P-00583,B-C-00444,Summit Health Plans,S4824-004,PDP,DC,AGE,2024-01-01,,ACTIVE,75084135,79.45,SH-214025
B-P-00584,B-C-00445,Summit Health Plans,75720CO7295638,ACA,CO,,2025-01-01,2025-12-31,TERMINATED,49066206,158.20,SH-701391
B-P-00585,B-C-00445,Bluepeak,39473CO1470594,ACA,CO,,2026-01-01,,ACTIVE,49066206,455.84,BP-385095
B-P-00588,B-C-00447,Northwind Health,H3036-003,MA,OK,AGE,2026-04-01,,ACTIVE,81157097,36.75,NW-668146
B-P-00589,B-C-00448,Cardinal Mutual,H7696-027-001,MA,DC,AGE,2022-12-01,,ACTIVE,75084135,48.96,CM-825317
B-P-00590,B-C-00449,Cardinal Mutual,70072DC8878066,ACA,DC,,2024-01-01,,ACTIVE,75084135,888.43,CM-872892
B-P-00591,B-C-00450,Northwind Health,H3064-018,MA,CT,AGE,2026-11-01,,PENDING,24647567,20.13,NW-308664
B-P-00592,B-C-00451,Northwind Health,S9721-020-001,PDP,CT,AGE,2023-05-01,,ACTIVE,24647567,85.83,NW-495299
B-P-00593,B-C-00452,Bluepeak,H9161-009-001,MA,CO,AGE,2023-02-01,,ACTIVE,59893296,28.41,BP-194834
B-P-00594,B-C-00453,Summit Health Plans,H9807-012-003,MA,GA,AGE,2022-02-01,,ACTIVE,26047628,45.30,SH-928490
B-P-00595,B-C-00454,Bluepeak,H5243-025,MA,GA,AGE,2023-10-01,,ACTIVE,26047628,33.64,BP-967318
B-P-00596,B-C-00455,Bluepeak,S7317-002-003,PDP,CT,AGE,2023-06-01,,ACTIVE,24647567,66.86,BP-414648
B-P-00597,B-C-00456,Cardinal Mutual,R7519-009,MA,CT,AGE,2025-05-01,,ACTIVE,91146902,41.06,CM-698900
B-P-00598,B-C-00457,Meridian Care,H5913-013-003,MA,SD,AGE,2024-10-01,,ACTIVE,14829889,13.60,MC-865537
B-P-00599,B-C-00458,Northwind Health,H3036-030,MA,PA,AGE,2022-07-01,2024-03-31,TERMINATED,50399119,53.52,NW-901604
B-P-00600,B-C-00458,Cardinal Mutual,H5265-027,MA,PA,AGE,2024-04-01,,ACTIVE,50399119,7.09,CM-831302
B-P-00601,B-C-00459,Meridian Care,H5913-025,MA,PA,AGE,2022-07-01,,ACTIVE,50399119,40.73,MC-984698
B-P-00602,B-C-00460,Northwind Health,H3064-013-003,MA,AZ,AGE,2026-01-01,,ACTIVE,14829889,5.06,NW-659207
B-P-00603,B-C-00461,Meridian Care,H5913-007-003,MA,GA,AGE,2024-02-01,2025-03-31,TERMINATED,51446845,14.16,MC-492408
B-P-00604,B-C-00461,Bluepeak,H5243-007,MA,GA,AGE,2025-04-01,,ACTIVE,51446845,44.14,BP-797051
B-P-00605,B-C-00462,Harborline,17955GA6561739,ACA,GA,,2024-01-01,,ACTIVE,51446845,573.82,HL-706399
B-P-00606,B-C-00463,Northwind Health,H3036-024,MA,CT,AGE,2022-07-01,2023-10-31,TERMINATED,20671937,10.94,NW-101972
B-P-00607,B-C-00463,Harborline,H1547-030,MA,CT,AGE,2023-11-01,,ACTIVE,20671937,38.27,HL-120763
B-P-00608,B-C-00464,Bluepeak,H9161-006,MA,NC,AGE,2026-11-01,,PENDING,67876966,51.69,BP-971179
B-P-00609,B-C-00465,Northwind Health,61006NC3313020,ACA,NC,,2025-01-01,,ACTIVE,67876966,529.14,NW-752989
B-P-00610,B-C-00466,Meridian Care,H5913-005,MA,NC,AGE,2025-07-01,,ACTIVE,67876966,12.29,MC-490453
B-P-00611,B-C-00467,Harborline,H2522-018-002,MA,WY,AGE,2024-11-01,,ACTIVE,91146902,3.93,HL-509230
B-P-00612,B-C-00468,Meridian Care,L,MEDSUPP,GA,AGE,2023-09-01,,ACTIVE,51446845,263.14,MC-789241
B-P-00613,B-C-00468,Meridian Care,S7287-027,PDP,GA,AGE,2023-09-01,,ACTIVE,51446845,81.91,MC-607100
B-P-00614,B-C-00469,Northwind Health,G,MEDSUPP,GA,AGE,2025-05-01,,ACTIVE,51446845,154.69,NW-811129
B-P-00615,B-C-00469,Northwind Health,S9721-019,PDP,GA,AGE,2025-05-01,,ACTIVE,51446845,68.24,NW-904197
B-P-00616,B-C-00470,Harborline,17955TN0619578,ACA,TN,,2025-01-01,2025-12-31,TERMINATED,45462976,781.74,HL-220055
B-P-00617,B-C-00470,Northwind Health,61006TN5051220,ACA,TN,,2026-01-01,,ACTIVE,45462976,587.58,NW-309212
B-P-00618,B-C-00471,Bluepeak,R6570-018,MA,VA,AGE,2024-08-01,,ACTIVE,98787777,24.68,BP-837650
B-P-00619,B-C-00472,Cardinal Mutual,H5265-002,MA,GA,AGE,2022-11-01,,ACTIVE,26047628,0.74,CM-383860
B-P-00620,B-C-00473,Harborline,K,MEDSUPP,GA,AGE,2023-07-01,,ACTIVE,51446845,138.36,HL-356714
B-P-00621,B-C-00473,Harborline,S7610-023,PDP,GA,AGE,2023-07-01,,ACTIVE,51446845,32.53,HL-214267
B-P-00622,B-C-00474,Cardinal Mutual,H7696-022,MA,OK,AGE,2025-09-01,,ACTIVE,81157097,3.02,CM-467313
B-P-00623,B-C-00475,Cardinal Mutual,70072TX8818486,ACA,TX,,2025-01-01,,ACTIVE,14829889,619.26,CM-838282
B-P-00624,B-C-00476,Harborline,H1547-021,MA,TN,AGE,2024-08-01,,ACTIVE,45462976,40.15,HL-521910
B-P-00625,B-C-00477,Harborline,R4376-013,MA,TN,AGE,2025-10-01,,ACTIVE,45462976,30.07,HL-439060
B-P-00626,B-C-00478,Bluepeak,H9161-012,MA,CT,AGE,2023-08-01,,ACTIVE,20671937,58.34,BP-138317
B-P-00627,B-C-00479,Meridian Care,18024DC6681179,ACA,DC,,2027-01-01,,PENDING,24647567,698.18,MC-368675
B-P-00628,B-C-00480,Bluepeak,39473NV2793703,ACA,NV,,2025-01-01,2025-12-31,TERMINATED,37947372,212.38,BP-247222
B-P-00629,B-C-00480,Summit Health Plans,75720NV3502990,ACA,NV,,2026-01-01,,ACTIVE,37947372,605.57,SH-846604
B-P-00630,B-C-00481,Meridian Care,H5913-004,MA,DE,AGE,2026-01-01,,ACTIVE,69777236,39.09,MC-937571
B-P-00631,B-C-00482,Meridian Care,H5913-001,MA,DE,AGE,2022-05-01,,ACTIVE,69777236,37.49,MC-181767
B-P-00632,B-C-00483,Cardinal Mutual,S1849-007,PDP,KY,AGE,2023-10-01,,ACTIVE,81157097,20.31,CM-745835
B-P-00633,B-C-00484,Meridian Care,H5913-017,MA,KY,AGE,2023-03-01,,ACTIVE,81157097,18.53,MC-899331
B-P-00634,B-C-00485,Summit Health Plans,H4044-024,MA,UT,DISABILITY,2022-10-01,,ACTIVE,45462976,17.34,SH-872825
B-P-00635,B-C-00486,Bluepeak,H5243-010,MA,DC,AGE,2022-05-01,2025-08-31,TERMINATED,75084135,40.65,BP-154628
B-P-00636,B-C-00486,Meridian Care,R4076-003,MA,DC,AGE,2025-09-01,,ACTIVE,75084135,44.27,MC-698333
B-P-00637,B-C-00487,Summit Health Plans,H9807-029,MA,DC,AGE,2024-07-01,,ACTIVE,24647567,8.75,SH-751595
B-P-00638,B-C-00488,Northwind Health,H3064-022,MA,DC,AGE,2024-02-01,2025-04-30,TERMINATED,24647567,18.38,NW-435182
B-P-00639,B-C-00488,Cardinal Mutual,H5265-029,MA,DC,AGE,2025-05-01,,ACTIVE,24647567,17.39,CM-305360
B-P-00640,B-C-00489,Northwind Health,H3036-023,MA,SD,AGE,2023-04-01,,ACTIVE,84583776,48.43,NW-677899
B-P-00641,B-C-00490,Northwind Health,61006KY4272228,ACA,KY,,2025-01-01,,ACTIVE,81157097,403.12,NW-986491
B-P-00642,B-C-00491,Harborline,17955KY4232336,ACA,KY,,2025-01-01,,ACTIVE,81157097,490.02,HL-963534
B-P-00643,B-C-00492,Northwind Health,61006CO8323536,ACA,CO,,2025-01-01,2025-12-31,TERMINATED,49066206,780.66,NW-761525
B-P-00644,B-C-00492,Bluepeak,39473CO7763331,ACA,CO,,2026-01-01,,ACTIVE,49066206,178.03,BP-408426
B-P-00645,B-C-00493,Harborline,H2522-021-001,MA,CO,AGE,2025-03-01,,ACTIVE,49066206,32.21,HL-717250
B-P-00646,B-C-00494,Summit Health Plans,H9807-017-003,MA,CO,AGE,2024-08-01,,ACTIVE,49066206,26.21,SH-881239
B-P-00647,B-C-00495,Northwind Health,H3036-024-003,MA,LA,AGE,2024-12-01,,ACTIVE,26047628,0.12,NW-690920
B-P-00648,B-C-00496,Meridian Care,H4636-025-003,MA,LA,AGE,2022-01-01,,ACTIVE,26047628,28.49,MC-206523
B-P-00649,B-C-00497,Northwind Health,H3064-001,MA,RI,AGE,2023-12-01,,ACTIVE,37947372,48.41,NW-488863
B-P-00650,B-C-00498,Summit Health Plans,L,MEDSUPP,CT,AGE,2024-08-01,,ACTIVE,20671937,196.83,SH-360823
B-P-00651,B-C-00498,Summit Health Plans,S1837-011,PDP,CT,AGE,2024-08-01,,ACTIVE,20671937,50.79,SH-312402
B-P-00652,B-C-00499,Harborline,17955OH0173775,ACA,OH,,2026-01-01,,ACTIVE,50979283,343.74,HL-372344
B-P-00653,B-C-00500,Meridian Care,H5913-004,MA,AL,AGE,2024-07-01,,ACTIVE,67876966,22.29,MC-935945
B-P-00654,B-C-00501,Summit Health Plans,N,MEDSUPP,AL,AGE,2023-05-01,,ACTIVE,67876966,245.74,SH-908125
B-P-00655,B-C-00501,Summit Health Plans,S1837-024,PDP,AL,AGE,2023-05-01,,ACTIVE,67876966,79.55,SH-289559
B-P-00656,B-C-00502,Bluepeak,39473MN8382623,ACA,MN,,2025-01-01,,ACTIVE,94445646,188.03,BP-870687
B-P-00657,B-C-00503,Harborline,S7610-021,PDP,WI,AGE,2026-02-01,,ACTIVE,50979283,34.89,HL-329949
B-P-00658,B-C-00504,Northwind Health,H3036-018,MA,NM,AGE,2026-11-01,,PENDING,67876966,46.25,NW-744368
B-P-00659,B-C-00505,Bluepeak,H5243-022-001,MA,DE,AGE,2022-05-01,,ACTIVE,59893296,16.85,BP-869729
B-P-00660,B-C-00506,Meridian Care,H5913-014,MA,SD,AGE,2025-03-01,,ACTIVE,84583776,55.83,MC-822222
B-P-00661,B-C-00507,Harborline,H2522-024,MA,SD,AGE,2023-01-01,,ACTIVE,84583776,3.23,HL-641796
B-P-00662,B-C-00508,Cardinal Mutual,H5265-022-001,MA,NE,DISABILITY,2026-01-01,,ACTIVE,94445646,34.19,CM-305165
B-P-00663,B-C-00509,Harborline,S7610-030,PDP,AL,AGE,2025-08-01,,ACTIVE,67876966,55.73,HL-157068
B-P-00664,B-C-00510,Bluepeak,39473CT7359677,ACA,CT,,2026-01-01,,ACTIVE,24647567,654.70,BP-517440
B-P-00665,B-C-00511,Summit Health Plans,S4824-029,PDP,OR,DISABILITY,2026-11-01,,PENDING,9527070,7.72,SH-241629
B-P-00666,B-C-00512,Summit Health Plans,G,MEDSUPP,SD,AGE,2025-06-01,,ACTIVE,14829889,114.41,SH-171552
B-P-00667,B-C-00512,Summit Health Plans,S1837-005,PDP,SD,AGE,2025-06-01,,ACTIVE,14829889,29.83,SH-774323
B-P-00668,B-C-00513,Harborline,17955CT1454232,ACA,CT,,2025-01-01,2025-12-31,TERMINATED,51446845,757.31,HL-278692
B-P-00669,B-C-00513,Cardinal Mutual,70072CT4967572,ACA,CT,,2026-01-01,,ACTIVE,51446845,159.39,CM-250859
B-P-00670,B-C-00514,Bluepeak,H5243-029,MA,CT,AGE,2024-03-01,,ACTIVE,51446845,54.48,BP-795945
B-P-00671,B-C-00515,Bluepeak,L,MEDSUPP,AZ,AGE,2022-12-01,,ACTIVE,14829889,122.55,BP-596924
B-P-00672,B-C-00515,Bluepeak,S7317-004,PDP,AZ,AGE,2022-12-01,,ACTIVE,14829889,17.42,BP-375619
B-P-00673,B-C-00516,Northwind Health,H3036-029,MA,TN,AGE,2026-11-01,,PENDING,45462976,18.81,NW-479450
B-P-00674,B-C-00517,Harborline,G,MEDSUPP,RI,AGE,2022-02-01,,ACTIVE,37947372,162.05,HL-966451
B-P-00675,B-C-00517,Harborline,S7610-024,PDP,RI,AGE,2022-02-01,,ACTIVE,37947372,66.42,HL-581894
B-P-00676,B-C-00518,Northwind Health,H3064-012,MA,PA,AGE,2022-08-01,,ACTIVE,64493418,49.18,NW-333697
B-P-00677,B-C-00519,Meridian Care,H5913-022,MA,PA,AGE,2023-11-01,,ACTIVE,64493418,57.75,MC-867534
B-P-00678,B-C-00520,Bluepeak,K,MEDSUPP,PA,AGE,2025-02-01,,ACTIVE,64493418,252.31,BP-405457
B-P-00679,B-C-00520,Bluepeak,S2427-014,PDP,PA,AGE,2025-02-01,,ACTIVE,64493418,14.89,BP-696415
B-P-00680,B-C-00521,Bluepeak,H9161-009,MA,AR,AGE,2022-06-01,2023-06-30,TERMINATED,93619366,42.40,BP-199478
B-P-00681,B-C-00521,Summit Health Plans,R4076-003-003,MA,AR,AGE,2023-07-01,,ACTIVE,93619366,41.60,SH-554109
B-P-00682,B-C-00522,Northwind Health,H3036-017-003,MA,CA,AGE,2022-05-01,,ACTIVE,50399119,3.10,NW-136794
B-P-00683,B-C-00523,Summit Health Plans,75720WY5356112,ACA,WY,,2026-01-01,,ACTIVE,20671937,777.24,SH-859019
B-P-00684,B-C-00524,Bluepeak,S2427-008,PDP,AZ,AGE,2023-01-01,,ACTIVE,14829889,20.08,BP-820004
B-P-00685,B-C-00525,Bluepeak,S7317-020-002,PDP,AZ,AGE,2025-10-01,,ACTIVE,14829889,20.27,BP-271025
B-P-00686,B-C-00526,Northwind Health,H3036-029,MA,CO,DISABILITY,2022-11-01,2024-12-31,TERMINATED,64493418,0.60,NW-828868
B-P-00687,B-C-00526,Summit Health Plans,R3913-025,MA,CO,DISABILITY,2025-01-01,,ACTIVE,64493418,51.68,SH-325740
B-P-00688,B-C-00527,Bluepeak,H5243-005-001,MA,CO,AGE,2025-11-01,,ACTIVE,64493418,42.37,BP-136390
B-P-00689,B-C-00528,Meridian Care,S4547-022-003,PDP,HI,AGE,2022-07-01,,ACTIVE,50399119,23.90,MC-165695
B-P-00690,B-C-00529,Bluepeak,39473DE2668897,ACA,DE,,2025-01-01,,ACTIVE,69777236,482.93,BP-119440
B-P-00691,B-C-00530,Summit Health Plans,H4044-018-002,MA,DE,AGE,2025-04-01,2026-04-30,TERMINATED,69777236,6.76,SH-275999
B-P-00692,B-C-00530,Harborline,H2522-028,MA,DE,AGE,2026-05-01,,ACTIVE,69777236,53.95,HL-964371
B-P-00693,B-C-00531,Summit Health Plans,G,MEDSUPP,NC,DISABILITY,2024-08-01,,ACTIVE,93619366,305.23,SH-598116
B-P-00694,B-C-00531,Summit Health Plans,S1837-028,PDP,NC,DISABILITY,2024-08-01,,ACTIVE,93619366,51.44,SH-398455
B-P-00695,B-C-00532,Meridian Care,H4636-023-003,MA,NC,AGE,2022-11-01,,ACTIVE,93619366,57.89,MC-458555
B-P-00696,B-C-00533,Meridian Care,18024CO4747453,ACA,CO,,2025-01-01,2025-12-31,TERMINATED,59893296,630.60,MC-483845
B-P-00697,B-C-00533,Harborline,17955CO1942583,ACA,CO,,2026-01-01,,ACTIVE,59893296,152.47,HL-980622
B-P-00698,B-C-00534,Harborline,H1547-022,MA,CO,AGE,2024-07-01,,ACTIVE,59893296,40.67,HL-900966
B-P-00699,B-C-00535,Harborline,H1547-023,MA,CO,AGE,2022-08-01,2026-03-31,TERMINATED,49066206,58.49,HL-966507
B-P-00700,B-C-00535,Cardinal Mutual,H5265-028,MA,CO,AGE,2026-04-01,,ACTIVE,49066206,6.76,CM-783078
B-P-00701,B-C-00536,Bluepeak,S2427-013,PDP,UT,AGE,2025-11-01,,ACTIVE,45462976,87.15,BP-533330
B-P-00702,B-C-00537,Northwind Health,N,MEDSUPP,UT,AGE,2024-04-01,,ACTIVE,45462976,196.75,NW-953518
B-P-00703,B-C-00537,Northwind Health,S9721-020,PDP,UT,AGE,2024-04-01,,ACTIVE,45462976,36.72,NW-468997
B-P-00704,B-C-00538,Summit Health Plans,K,MEDSUPP,VT,AGE,2023-09-01,,ACTIVE,84583776,173.37,SH-678852
B-P-00705,B-C-00538,Summit Health Plans,S1837-019,PDP,VT,AGE,2023-09-01,,ACTIVE,84583776,69.93,SH-382728
B-P-00706,B-C-00539,Meridian Care,18024CT8169451,ACA,CT,,2024-01-01,,ACTIVE,14829889,157.50,MC-715130
B-P-00707,B-C-00540,Summit Health Plans,N,MEDSUPP,AZ,AGE,2025-02-01,,ACTIVE,9527070,104.08,SH-936387
B-P-00708,B-C-00540,Summit Health Plans,S1837-010,PDP,AZ,AGE,2025-02-01,,ACTIVE,9527070,66.06,SH-754325
B-P-00709,B-C-00541,Summit Health Plans,H4044-005,MA,CT,AGE,2024-10-01,,ACTIVE,51446845,27.77,SH-920688
B-P-00710,B-C-00542,Summit Health Plans,H9807-005,MA,CT,AGE,2023-06-01,,ACTIVE,51446845,29.79,SH-142801
B-P-00711,B-C-00543,Cardinal Mutual,H7696-020-001,MA,TX,AGE,2025-06-01,,ACTIVE,14829889,36.42,CM-640005
B-P-00712,B-C-00544,Harborline,S4178-002-001,PDP,WY,AGE,2026-01-01,,ACTIVE,84583776,50.39,HL-836830
B-P-00713,B-C-00545,Harborline,H1547-010-001,MA,LA,AGE,2025-02-01,,ACTIVE,26047628,40.27,HL-251373
B-P-00714,B-C-00546,Bluepeak,H5243-005,MA,LA,AGE,2022-10-01,2024-03-31,TERMINATED,26047628,55.34,BP-611944
B-P-00715,B-C-00546,Harborline,H1547-026-002,MA,LA,AGE,2024-04-01,,ACTIVE,26047628,6.85,HL-574602
B-P-00716,B-C-00547,Bluepeak,H5243-027,MA,NE,AGE,2025-05-01,,ACTIVE,94445646,43.22,BP-986654
B-P-00717,B-C-00548,Meridian Care,F,MEDSUPP,NE,AGE,2022-02-01,,ACTIVE,94445646,90.46,MC-417402
B-P-00718,B-C-00548,Meridian Care,S4547-004,PDP,NE,AGE,2022-02-01,,ACTIVE,94445646,23.03,MC-100887
B-P-00719,B-C-00549,Northwind Health,S2942-030,PDP,MO,AGE,2023-02-01,,ACTIVE,81157097,27.08,NW-266139
B-P-00720,B-C-00550,Bluepeak,H9161-030-003,MA,MO,AGE,2025-02-01,,ACTIVE,81157097,48.34,BP-752525
B-P-00721,B-C-00551,Bluepeak,39473MN4577296,ACA,MN,,2026-01-01,,ACTIVE,94445646,761.21,BP-670431
B-P-00722,B-C-00552,Summit Health Plans,L,MEDSUPP,MN,AGE,2025-08-01,,ACTIVE,94445646,267.36,SH-390200
B-P-00723,B-C-00552,Summit Health Plans,S4824-003,PDP,MN,AGE,2025-08-01,,ACTIVE,94445646,85.92,SH-692975
B-P-00724,B-C-00553,Cardinal Mutual,H5265-018,MA,MS,AGE,2023-10-01,,ACTIVE,50979283,29.98,CM-242688
B-P-00725,B-C-00554,Northwind Health,61006KY9976931,ACA,KY,,2025-01-01,,ACTIVE,81157097,595.63,NW-784273
B-P-00726,B-C-00555,Summit Health Plans,S1837-010-003,PDP,KY,AGE,2023-08-01,,ACTIVE,81157097,51.26,SH-489499
B-P-00727,B-C-00556,Harborline,17955GA4299036,ACA,GA,,2026-01-01,,ACTIVE,26047628,802.78,HL-908215
B-P-00728,B-C-00557,Harborline,17955WY1666548,ACA,WY,,2024-01-01,,ACTIVE,91146902,369.44,HL-678142
B-P-00729,B-C-00558,Cardinal Mutual,70072DC4088161,ACA,DC,,2025-01-01,,ACTIVE,75084135,573.43,CM-693156
B-P-00730,B-C-00559,Cardinal Mutual,H7696-021,MA,WI,AGE,2022-11-01,,ACTIVE,50979283,0.25,CM-289617
B-P-00731,B-C-00560,Cardinal Mutual,70072HI7260324,ACA,HI,,2026-01-01,,ACTIVE,50399119,406.23,CM-597407
B-P-00732,B-C-00561,Bluepeak,H9161-009-002,MA,WY,AGE,2023-07-01,2025-10-31,TERMINATED,20671937,23.80,BP-675847
B-P-00733,B-C-00561,Cardinal Mutual,H7696-028-001,MA,WY,AGE,2025-11-01,,ACTIVE,20671937,34.35,CM-659794
B-P-00734,B-C-00562,Summit Health Plans,H4044-010,MA,WY,AGE,2026-05-01,,ACTIVE,20671937,55.70,SH-630780
B-P-00735,B-C-00563,Cardinal Mutual,H5265-025-001,MA,CO,AGE,2025-06-01,,ACTIVE,64493418,42.68,CM-900075
B-P-00736,B-C-00564,Harborline,17955HI5265491,ACA,HI,,2025-01-01,,ACTIVE,50399119,625.67,HL-676044
B-P-00737,B-C-00565,Meridian Care,H5913-002,MA,NV,AGE,2022-07-01,,ACTIVE,45462976,12.01,MC-971841
B-P-00738,B-C-00566,Northwind Health,61006NV9812129,ACA,NV,,2025-01-01,2025-12-31,TERMINATED,45462976,772.43,NW-337102
B-P-00739,B-C-00566,Bluepeak,39473NV0666325,ACA,NV,,2026-01-01,,ACTIVE,45462976,287.06,BP-418181
B-P-00740,B-C-00567,Harborline,17955CA1899906,ACA,CA,,2024-01-01,,ACTIVE,50399119,233.88,HL-324251
B-P-00741,B-C-00568,Harborline,S4178-015,PDP,CA,AGE,2026-02-01,,ACTIVE,50399119,84.31,HL-820567
B-P-00742,B-C-00569,Harborline,H1547-011,MA,MN,AGE,2023-10-01,2025-08-31,TERMINATED,94445646,49.27,HL-314003
B-P-00743,B-C-00569,Cardinal Mutual,H7696-025,MA,MN,AGE,2025-09-01,,ACTIVE,94445646,15.53,CM-609049
B-P-00744,B-C-00570,Harborline,L,MEDSUPP,MN,AGE,2024-12-01,,ACTIVE,94445646,218.07,HL-490089
B-P-00745,B-C-00570,Harborline,S4178-006-001,PDP,MN,AGE,2024-12-01,,ACTIVE,94445646,18.42,HL-999632
B-P-00746,B-C-00571,Meridian Care,H4636-004-001,MA,NE,AGE,2026-05-01,,ACTIVE,94445646,42.46,MC-446147
B-P-00747,B-C-00572,Harborline,17955MO8915201,ACA,MO,,2025-01-01,2025-12-31,TERMINATED,81157097,559.67,HL-142060
B-P-00748,B-C-00572,Summit Health Plans,75720MO4475741,ACA,MO,,2026-01-01,,ACTIVE,81157097,150.25,SH-685910
B-P-00749,B-C-00573,Cardinal Mutual,H5265-016-002,MA,WY,AGE,2022-04-01,,ACTIVE,91146902,40.58,CM-153928
B-P-00750,B-C-00574,Harborline,H1547-005-003,MA,WY,AGE,2022-06-01,,ACTIVE,91146902,29.65,HL-552930
B-P-00751,B-C-00575,Meridian Care,H4636-028-001,MA,OR,AGE,2025-07-01,,ACTIVE,43888211,35.75,MC-345516
B-P-00752,B-C-00576,Cardinal Mutual,70072LA7288628,ACA,LA,,2025-01-01,,ACTIVE,26047628,452.47,CM-463659
B-P-00753,B-C-00577,Meridian Care,H4636-016,MA,WI,AGE,2023-03-01,2025-11-30,TERMINATED,50979283,4.90,MC-864256
B-P-00754,B-C-00577,Bluepeak,H9161-010-002,MA,WI,AGE,2025-12-01,,ACTIVE,50979283,47.79,BP-468149
B-P-00755,B-C-00578,Harborline,17955WI9595924,ACA,WI,,2024-01-01,,ACTIVE,50979283,526.50,HL-668276
B-P-00756,B-C-00579,Northwind Health,H3036-006-002,MA,LA,AGE,2026-04-01,,ACTIVE,26047628,10.34,NW-588322
B-P-00757,B-C-00580,Northwind Health,A,MEDSUPP,LA,AGE,2023-01-01,,ACTIVE,26047628,177.68,NW-801813
B-P-00758,B-C-00580,Northwind Health,S9721-012,PDP,LA,AGE,2023-01-01,,ACTIVE,26047628,86.70,NW-780005
B-P-00759,B-C-00581,Bluepeak,G,MEDSUPP,SD,AGE,2025-02-01,,ACTIVE,84583776,161.87,BP-298298
B-P-00760,B-C-00581,Bluepeak,S7317-011,PDP,SD,AGE,2025-02-01,,ACTIVE,84583776,82.87,BP-287634
B-P-00761,B-C-00582,Harborline,17955WV9114939,ACA,WV,,2025-01-01,,ACTIVE,64493418,653.88,HL-207322
B-P-00762,B-C-00583,Meridian Care,18024WV1327524,ACA,WV,,2025-01-01,,ACTIVE,64493418,525.66,MC-671762
B-P-00763,B-C-00584,Northwind Health,S2942-027,PDP,WV,AGE,2023-04-01,,ACTIVE,64493418,13.33,NW-691193
B-P-00764,B-C-00585,Summit Health Plans,H9807-011,MA,MA,AGE,2025-04-01,,ACTIVE,90228424,44.09,SH-119841
B-P-00765,B-C-00586,Harborline,17955MA3447464,ACA,MA,,2025-01-01,2025-12-31,TERMINATED,90228424,640.46,HL-131248
B-P-00766,B-C-00586,Summit Health Plans,75720MA3489078,ACA,MA,,2026-01-01,,ACTIVE,90228424,877.33,SH-537171
B-P-00767,B-C-00587,Northwind Health,G,MEDSUPP,UT,AGE,2025-08-01,,ACTIVE,45462976,190.86,NW-577391
B-P-00768,B-C-00587,Northwind Health,S9721-028,PDP,UT,AGE,2025-08-01,,ACTIVE,45462976,83.42,NW-541935
B-P-00769,B-C-00588,Cardinal Mutual,70072NC7298857,ACA,NC,,2025-01-01,2025-12-31,TERMINATED,50979283,247.99,CM-926096
B-P-00770,B-C-00588,Northwind Health,61006NC8841673,ACA,NC,,2026-01-01,,ACTIVE,50979283,778.48,NW-152197
B-P-00771,B-C-00589,Harborline,H1547-030,MA,NC,AGE,2022-07-01,,ACTIVE,50979283,59.15,HL-775809
B-P-00772,B-C-00590,Meridian Care,18024CO6485517,ACA,CO,,2025-01-01,,ACTIVE,59893296,691.22,MC-173730
B-P-00773,B-C-00591,Harborline,H2522-011,MA,NC,DISABILITY,2025-12-01,,ACTIVE,67876966,12.41,HL-211214
B-P-00774,B-C-00592,Bluepeak,39473NC0821563,ACA,NC,,2025-01-01,,ACTIVE,67876966,246.59,BP-248990
B-P-00775,B-C-00593,Harborline,H1547-029,MA,DE,AGE,2022-07-01,,ACTIVE,69777236,6.84,HL-389738
B-P-00776,B-C-00594,Harborline,17955MO0559794,ACA,MO,,2024-01-01,,ACTIVE,69777236,593.12,HL-258775
B-P-00777,B-C-00595,Northwind Health,H3036-023,MA,PA,AGE,2022-09-01,,ACTIVE,64493418,25.71,NW-617312
B-P-00778,B-C-00596,Bluepeak,H5243-024-001,MA,WI,AGE,2024-07-01,,ACTIVE,50979283,31.97,BP-728798
B-P-00779,B-C-00597,Northwind Health,N,MEDSUPP,WI,AGE,2022-05-01,,ACTIVE,50979283,159.82,NW-740633
B-P-00780,B-C-00597,Northwind Health,S2942-004,PDP,WI,AGE,2022-05-01,,ACTIVE,50979283,46.15,NW-475857
B-P-00781,B-C-00598,Summit Health Plans,H4044-026,MA,PA,AGE,2026-02-01,,ACTIVE,50399119,9.83,SH-569379
B-P-00783,B-C-00600,Harborline,H1547-019,MA,TX,AGE,2022-03-01,,ACTIVE,14829889,23.48,HL-226661
B-P-00784,B-C-00601,Bluepeak,H5243-016-001,MA,DE,AGE,2024-06-01,,ACTIVE,59893296,32.21,BP-135952
B-P-00785,B-C-00602,Meridian Care,H4636-010-003,MA,DE,AGE,2022-06-01,,ACTIVE,59893296,5.26,MC-741642
B-P-00786,B-C-00603,Summit Health Plans,R3913-001,MA,UT,AGE,2022-07-01,2024-06-30,TERMINATED,45462976,54.12,SH-332327
B-P-00787,B-C-00603,Meridian Care,H4636-017-001,MA,UT,AGE,2024-07-01,,ACTIVE,45462976,13.81,MC-938972
B-P-00788,B-C-00604,Meridian Care,G,MEDSUPP,TX,AGE,2023-11-01,,ACTIVE,50399119,167.15,MC-561994
B-P-00789,B-C-00604,Meridian Care,S4547-023-001,PDP,TX,AGE,2023-11-01,,ACTIVE,50399119,77.39,MC-711857
B-P-00790,B-C-00605,Harborline,H1547-020,MA,TX,AGE,2024-01-01,,ACTIVE,50399119,46.38,HL-135541
B-P-00791,B-C-00606,Northwind Health,N,MEDSUPP,KY,AGE,2025-08-01,,ACTIVE,43888211,105.37,NW-532627
B-P-00792,B-C-00606,Northwind Health,S9721-010-003,PDP,KY,AGE,2025-08-01,,ACTIVE,43888211,74.08,NW-992976
B-P-00793,B-C-00607,Cardinal Mutual,N,MEDSUPP,CT,AGE,2025-12-01,,ACTIVE,51446845,290.81,CM-185447
B-P-00794,B-C-00607,Cardinal Mutual,S1849-030,PDP,CT,AGE,2025-12-01,,ACTIVE,51446845,25.12,CM-169729
B-P-00795,B-C-00608,Meridian Care,18024CT7174200,ACA,CT,,2024-01-01,,ACTIVE,51446845,166.45,MC-486712
B-P-00796,B-C-00609,Summit Health Plans,S1837-007-003,PDP,GA,AGE,2026-03-01,,ACTIVE,26047628,11.62,SH-698601
B-P-00797,B-C-00610,Cardinal Mutual,H7696-012,MA,GA,AGE,2025-10-01,,ACTIVE,26047628,35.67,CM-162379
B-P-00798,B-C-00611,Harborline,R7629-002,MA,WY,AGE,2024-07-01,,ACTIVE,20671937,33.00,HL-691149
B-P-00799,B-C-00612,Cardinal Mutual,70072NJ9950711,ACA,NJ,,2024-01-01,,ACTIVE,75084135,794.13,CM-704497
B-P-00800,B-C-00613,Harborline,H2522-021,MA,MS,AGE,2023-11-01,,ACTIVE,50979283,37.22,HL-397507
B-P-00801,B-C-00614,Bluepeak,H5243-015-003,MA,MS,AGE,2024-01-01,,ACTIVE,50979283,26.93,BP-427419
B-P-00802,B-C-00615,Summit Health Plans,H4044-019-001,MA,NC,ESRD,2022-10-01,,ACTIVE,67876966,53.21,SH-513910
B-P-00803,B-C-00616,Harborline,R4376-025,MA,NV,AGE,2026-11-01,,PENDING,37947372,43.73,HL-870208
B-P-00804,B-C-00617,Cardinal Mutual,H7696-011,MA,NV,AGE,2025-08-01,,ACTIVE,37947372,7.30,CM-582515
B-P-00805,B-C-00618,Summit Health Plans,H4044-002-002,MA,RI,AGE,2023-01-01,,ACTIVE,37947372,11.33,SH-393348
B-P-00806,B-C-00619,Northwind Health,H3064-007,MA,KY,AGE,2022-02-01,,ACTIVE,81157097,40.24,NW-398087
B-P-00807,B-C-00620,Meridian Care,H5913-026,MA,DC,AGE,2023-10-01,2025-09-30,TERMINATED,24647567,25.50,MC-317048
B-P-00808,B-C-00620,Cardinal Mutual,H5265-010-001,MA,DC,AGE,2025-10-01,,ACTIVE,24647567,49.33,CM-568856
B-P-00809,B-C-00621,Meridian Care,B,MEDSUPP,DC,AGE,2022-02-01,,ACTIVE,24647567,169.47,MC-176001
B-P-00810,B-C-00621,Meridian Care,S4547-002,PDP,DC,AGE,2022-02-01,,ACTIVE,24647567,15.73,MC-493544
B-P-00811,B-C-00622,Meridian Care,H5913-024-001,MA,CA,AGE,2025-04-01,,ACTIVE,50399119,23.01,MC-639680
B-P-00812,B-C-00623,Harborline,H2522-008-002,MA,DC,AGE,2024-12-01,,ACTIVE,24647567,9.63,HL-872186
B-P-00813,B-C-00624,Northwind Health,N,MEDSUPP,OK,AGE,2023-12-01,,ACTIVE,81157097,193.97,NW-742873
B-P-00814,B-C-00624,Northwind Health,S2942-022-001,PDP,OK,AGE,2023-12-01,,ACTIVE,81157097,54.98,NW-985363
B-P-00815,B-C-00625,Bluepeak,H5243-030-001,MA,SD,AGE,2023-10-01,2024-11-30,TERMINATED,84583776,44.35,BP-302076
B-P-00816,B-C-00625,Meridian Care,H5913-009,MA,SD,AGE,2024-12-01,,ACTIVE,84583776,25.31,MC-286022
B-P-00817,B-C-00626,Summit Health Plans,H9807-028,MA,SD,AGE,2025-10-01,,ACTIVE,84583776,29.40,SH-332623
B-P-00818,B-C-00627,Cardinal Mutual,H7696-005,MA,SD,AGE,2023-11-01,,ACTIVE,84583776,46.48,CM-985733
B-P-00819,B-C-00628,Cardinal Mutual,70072NE0392210,ACA,NE,,2026-01-01,,ACTIVE,94445646,577.69,CM-168696
B-P-00820,B-C-00629,Northwind Health,61006NE6820837,ACA,NE,,2025-01-01,,ACTIVE,94445646,185.84,NW-327937
B-P-00821,B-C-00630,Meridian Care,N,MEDSUPP,KY,AGE,2022-11-01,,ACTIVE,81157097,126.79,MC-598059
B-P-00822,B-C-00630,Meridian Care,S4547-010-002,PDP,KY,AGE,2022-11-01,,ACTIVE,81157097,32.84,MC-174638
B-P-00823,B-C-00631,Cardinal Mutual,H7696-001-003,MA,KY,AGE,2022-11-01,2024-06-30,TERMINATED,81157097,2.72,CM-403733
B-P-00824,B-C-00631,Summit Health Plans,H4044-023-002,MA,KY,AGE,2024-07-01,,ACTIVE,81157097,34.76,SH-619902
B-P-00825,B-C-00632,Cardinal Mutual,70072KY2044463,ACA,KY,,2027-01-01,,PENDING,81157097,207.87,CM-704768
B-P-00826,B-C-00633,Bluepeak,H9161-011-002,MA,FL,AGE,2026-11-01,,PENDING,90228424,31.49,BP-190550
B-P-00827,B-C-00634,Meridian Care,18024FL8219383,ACA,FL,,2024-01-01,,ACTIVE,90228424,273.57,MC-989636
B-P-00828,B-C-00635,Cardinal Mutual,H5265-007,MA,FL,AGE,2024-02-01,,ACTIVE,90228424,54.15,CM-958073
B-P-00829,B-C-00636,Cardinal Mutual,70072WY4050427,ACA,WY,,2026-01-01,,ACTIVE,84583776,381.85,CM-759032
B-P-00830,B-C-00637,Meridian Care,R4076-011,MA,DE,AGE,2025-05-01,,ACTIVE,59893296,58.50,MC-511289
B-P-00831,B-C-00638,Bluepeak,A,MEDSUPP,DE,AGE,2022-05-01,,ACTIVE,59893296,181.64,BP-774313
B-P-00832,B-C-00638,Bluepeak,S7317-004,PDP,DE,AGE,2022-05-01,,ACTIVE,59893296,64.52,BP-111890
B-P-00833,B-C-00639,Harborline,H2522-030,MA,RI,AGE,2026-02-01,,ACTIVE,37947372,30.00,HL-994762
B-P-00834,B-C-00640,Northwind Health,H3064-030,MA,RI,AGE,2023-01-01,2024-04-30,TERMINATED,37947372,24.22,NW-559800
B-P-00835,B-C-00640,Harborline,R4376-005-001,MA,RI,AGE,2024-05-01,,ACTIVE,37947372,41.52,HL-472785
B-P-00836,B-C-00641,Summit Health Plans,75720CT1574624,ACA,CT,,2025-01-01,,ACTIVE,91146902,513.21,SH-592073
B-P-00837,B-C-00642,Cardinal Mutual,H5265-028,MA,CT,AGE,2026-02-01,,ACTIVE,91146902,31.64,CM-597802
B-P-00838,B-C-00643,Northwind Health,61006CT1784470,ACA,CT,,2024-01-01,,ACTIVE,91146902,511.16,NW-753245
B-P-00839,B-C-00644,Northwind Health,H3064-023-003,MA,CA,AGE,2024-07-01,,ACTIVE,50399119,55.41,NW-547859
B-P-00840,B-C-00645,Summit Health Plans,S1837-028-003,PDP,CA,AGE,2025-06-01,,ACTIVE,50399119,39.71,SH-233039
B-P-00841,B-C-00646,Harborline,H2522-026,MA,TN,AGE,2023-02-01,,ACTIVE,45462976,33.10,HL-204870
B-P-00842,B-C-00647,Summit Health Plans,B,MEDSUPP,TN,AGE,2022-08-01,,ACTIVE,45462976,269.72,SH-444897
B-P-00843,B-C-00647,Summit Health Plans,S4824-023,PDP,TN,AGE,2022-08-01,,ACTIVE,45462976,6.28,SH-206835
B-P-00844,B-C-00648,Meridian Care,H4636-016,MA,CT,AGE,2024-10-01,,ACTIVE,91146902,26.25,MC-839929
B-P-00845,B-C-00649,Northwind Health,H3036-006,MA,CT,AGE,2023-05-01,,ACTIVE,91146902,12.45,NW-388352
B-P-00846,B-C-00650,Northwind Health,S2942-016-003,PDP,CO,AGE,2025-04-01,,ACTIVE,59893296,78.09,NW-113385
B-P-00847,B-C-00651,Summit Health Plans,H4044-014-003,MA,CO,AGE,2025-12-01,,ACTIVE,59893296,17.98,SH-659834
B-P-00848,B-C-00652,Cardinal Mutual,70072OR6741583,ACA,OR,,2024-01-01,,ACTIVE,93619366,838.33,CM-111838
B-P-00849,B-C-00653,Harborline,17955OR6632864,ACA,OR,,2024-01-01,,ACTIVE,93619366,718.35,HL-315241
B-P-00850,B-C-00654,Summit Health Plans,H9807-003-001,MA,SD,AGE,2023-02-01,,ACTIVE,14829889,33.89,SH-883337
B-P-00851,B-C-00655,Summit Health Plans,H4044-028,MA,SD,AGE,2024-11-01,,ACTIVE,14829889,35.45,SH-716537
B-P-00852,B-C-00656,Meridian Care,H5913-021,MA,SD,AGE,2024-12-01,,ACTIVE,14829889,30.88,MC-808976
B-P-00853,B-C-00657,Cardinal Mutual,N,MEDSUPP,WV,AGE,2025-06-01,,ACTIVE,64493418,315.14,CM-405340
B-P-00854,B-C-00657,Cardinal Mutual,S6685-021,PDP,WV,AGE,2025-06-01,,ACTIVE,64493418,40.50,CM-987266
B-P-00855,B-C-00658,Meridian Care,H5913-015,MA,MO,AGE,2024-02-01,,ACTIVE,81157097,2.29,MC-466498
B-P-00856,B-C-00659,Harborline,H2522-026,MA,NE,AGE,2023-06-01,,ACTIVE,94445646,3.19,HL-441567
B-P-00857,B-C-00660,Harborline,17955RI0578412,ACA,RI,,2025-01-01,2025-12-31,TERMINATED,37947372,471.71,HL-737132
B-P-00858,B-C-00660,Cardinal Mutual,70072RI2045903,ACA,RI,,2026-01-01,,ACTIVE,37947372,576.85,CM-770569
B-P-00859,B-C-00661,Summit Health Plans,H9807-016,MA,SD,AGE,2023-03-01,,ACTIVE,84583776,40.84,SH-592405
B-P-00860,B-C-00662,Bluepeak,H9161-019,MA,SD,AGE,2022-08-01,,ACTIVE,84583776,51.44,BP-758065
B-P-00861,B-C-00663,Summit Health Plans,H4044-017,MA,GA,AGE,2022-11-01,,ACTIVE,26047628,18.49,SH-871098
B-P-00862,B-C-00664,Cardinal Mutual,H7696-015-002,MA,WV,AGE,2024-12-01,,ACTIVE,69777236,26.50,CM-489519
B-P-00863,B-C-00665,Northwind Health,61006DC6082417,ACA,DC,,2025-01-01,,ACTIVE,24647567,818.35,NW-142037
B-P-00864,B-C-00666,Summit Health Plans,H9807-019-003,MA,DC,AGE,2022-11-01,,ACTIVE,24647567,50.28,SH-362395
B-P-00865,B-C-00667,Harborline,H1547-010-002,MA,MN,AGE,2023-10-01,,ACTIVE,94445646,52.63,HL-261136
B-P-00866,B-C-00668,Cardinal Mutual,H7696-004-001,MA,MN,AGE,2024-03-01,,ACTIVE,94445646,58.23,CM-173106
B-P-00867,B-C-00669,Harborline,R7629-014-002,MA,AR,AGE,2022-08-01,,ACTIVE,93619366,19.42,HL-801190
B-P-00868,B-C-00670,Summit Health Plans,H4044-021,MA,AR,AGE,2026-02-01,,ACTIVE,93619366,33.11,SH-486673
B-P-00869,B-C-00671,Meridian Care,S4547-014,PDP,NV,ESRD,2026-11-01,,PENDING,37947372,58.20,MC-532528
B-P-00870,B-C-00672,Bluepeak,H5243-017-002,MA,NV,AGE,2024-07-01,2025-07-31,TERMINATED,37947372,4.44,BP-705727
B-P-00871,B-C-00672,Cardinal Mutual,H5265-011,MA,NV,AGE,2025-08-01,,ACTIVE,37947372,52.49,CM-646957
B-P-00872,B-C-00673,Cardinal Mutual,A,MEDSUPP,AL,AGE,2025-05-01,,ACTIVE,67876966,132.06,CM-680636
B-P-00873,B-C-00673,Cardinal Mutual,S6685-019-002,PDP,AL,AGE,2025-05-01,,ACTIVE,67876966,24.47,CM-852989
B-P-00874,B-C-00674,Northwind Health,F,MEDSUPP,AR,AGE,2024-05-01,,ACTIVE,93619366,139.44,NW-338070
B-P-00875,B-C-00674,Northwind Health,S9721-011,PDP,AR,AGE,2024-05-01,,ACTIVE,93619366,7.50,NW-162051
B-P-00876,B-C-00675,Harborline,H1547-024,MA,DC,AGE,2022-07-01,,ACTIVE,24647567,42.44,HL-475464
B-P-00877,B-C-00676,Harborline,H2522-009,MA,PA,AGE,2024-05-01,,ACTIVE,64493418,31.21,HL-145732
B-P-00878,B-C-00677,Summit Health Plans,H4044-017,MA,PA,AGE,2023-11-01,2026-04-30,TERMINATED,64493418,0.35,SH-825282
B-P-00879,B-C-00677,Harborline,H2522-029,MA,PA,AGE,2026-05-01,,ACTIVE,64493418,22.74,HL-580677
B-P-00880,B-C-00678,Meridian Care,18024CO7697203,ACA,CO,,2025-01-01,2025-12-31,TERMINATED,49066206,330.57,MC-656958
B-P-00881,B-C-00678,Bluepeak,39473CO3289266,ACA,CO,,2026-01-01,,ACTIVE,49066206,272.55,BP-822867
B-P-00882,B-C-00679,Cardinal Mutual,70072CO0076494,ACA,CO,,2026-01-01,,ACTIVE,49066206,646.12,CM-275879
B-P-00883,B-C-00680,Bluepeak,G,MEDSUPP,AZ,AGE,2024-12-01,,ACTIVE,9527070,167.91,BP-969246
B-P-00884,B-C-00680,Bluepeak,S2427-001,PDP,AZ,AGE,2024-12-01,,ACTIVE,9527070,21.47,BP-442740
B-P-00885,B-C-00681,Northwind Health,H3036-016,MA,AZ,AGE,2026-01-01,,ACTIVE,9527070,49.52,NW-466638
B-P-00886,B-C-00682,Bluepeak,N,MEDSUPP,NC,AGE,2024-02-01,,ACTIVE,98787777,232.78,BP-632541
B-P-00887,B-C-00682,Bluepeak,S2427-020,PDP,NC,AGE,2024-02-01,,ACTIVE,98787777,6.68,BP-973385
B-P-00888,B-C-00683,Summit Health Plans,H9807-019,MA,OR,AGE,2026-02-01,,ACTIVE,9527070,45.86,SH-487143
B-P-00889,B-C-00684,Harborline,R4376-028,MA,CT,AGE,2024-12-01,2026-04-30,TERMINATED,14829889,1.09,HL-364893
B-P-00890,B-C-00684,Summit Health Plans,H4044-022-002,MA,CT,AGE,2026-05-01,,ACTIVE,14829889,45.31,SH-443661
B-P-00891,B-C-00685,Harborline,H1547-021,MA,PA,AGE,2024-08-01,2025-11-30,TERMINATED,91146902,3.28,HL-653461
B-P-00892,B-C-00685,Bluepeak,H9161-016,MA,PA,AGE,2025-12-01,,ACTIVE,91146902,11.25,BP-531150
B-P-00893,B-C-00686,Harborline,17955PA6029922,ACA,PA,,2025-01-01,2025-12-31,TERMINATED,91146902,617.68,HL-534006
B-P-00894,B-C-00686,Meridian Care,18024PA2932982,ACA,PA,,2026-01-01,,ACTIVE,91146902,827.84,MC-421053
B-P-00895,B-C-00687,Summit Health Plans,H4044-024,MA,NC,AGE,2023-05-01,,ACTIVE,93619366,13.06,SH-331777
B-P-00896,B-C-00688,Harborline,H1547-006,MA,NC,AGE,2025-10-01,,ACTIVE,93619366,35.81,HL-916518
B-P-00897,B-C-00689,Northwind Health,H3036-005,MA,NV,AGE,2025-07-01,,ACTIVE,37947372,5.07,NW-849825
B-P-00898,B-C-00690,Summit Health Plans,H4044-022,MA,MA,AGE,2025-05-01,,ACTIVE,90228424,49.60,SH-456921
B-P-00899,B-C-00691,Harborline,H1547-019-001,MA,MA,AGE,2024-09-01,2025-11-30,TERMINATED,90228424,18.53,HL-151662
B-P-00900,B-C-00691,Northwind Health,H3036-012,MA,MA,AGE,2025-12-01,,ACTIVE,90228424,57.68,NW-956386
B-P-00901,B-C-00692,Summit Health Plans,S4824-024,PDP,OH,AGE,2025-08-01,,ACTIVE,50979283,26.04,SH-149951
B-P-00902,B-C-00693,Bluepeak,G,MEDSUPP,TN,AGE,2025-03-01,,ACTIVE,45462976,117.50,BP-150805
B-P-00903,B-C-00693,Bluepeak,S2427-005-002,PDP,TN,AGE,2025-03-01,,ACTIVE,45462976,45.18,BP-722417
B-P-00904,B-C-00694,Cardinal Mutual,S6685-024-003,PDP,KY,AGE,2025-11-01,,ACTIVE,43888211,22.85,CM-704816
B-P-00905,B-C-00695,Harborline,17955NE8847704,ACA,NE,,2025-01-01,,ACTIVE,91146902,564.60,HL-167646
B-P-00906,B-C-00696,Harborline,17955TN8327838,ACA,TN,,2027-01-01,,PENDING,45462976,855.03,HL-953040
B-P-00907,B-C-00697,Meridian Care,F,MEDSUPP,TN,AGE,2022-03-01,,ACTIVE,45462976,159.79,MC-444868
B-P-00908,B-C-00697,Meridian Care,S4547-010,PDP,TN,AGE,2022-03-01,,ACTIVE,45462976,48.29,MC-974308
B-P-00909,B-C-00698,Harborline,17955NM8242257,ACA,NM,,2025-01-01,2025-12-31,TERMINATED,67876966,565.19,HL-984885
B-P-00910,B-C-00698,Bluepeak,39473NM9924039,ACA,NM,,2026-01-01,,ACTIVE,67876966,657.10,BP-552069
B-P-00911,B-C-00699,Meridian Care,H4636-012,MA,PA,AGE,2024-08-01,,ACTIVE,64493418,33.46,MC-392747
B-P-00912,B-C-00700,Bluepeak,R8474-019-003,MA,MA,AGE,2025-10-01,,ACTIVE,75084135,3.83,BP-681795
B-P-00913,B-C-00701,Harborline,17955NE9381414,ACA,NE,,2025-01-01,,ACTIVE,94445646,617.06,HL-262148
B-P-00914,B-C-00702,Northwind Health,H3064-024,MA,NE,AGE,2024-02-01,2026-02-28,TERMINATED,94445646,9.85,NW-760440
B-P-00915,B-C-00702,Summit Health Plans,R4076-019,MA,NE,AGE,2026-03-01,,ACTIVE,94445646,3.89,SH-367584
B-P-00916,B-C-00703,Harborline,H2522-001,MA,LA,AGE,2023-07-01,,ACTIVE,26047628,58.00,HL-416508
B-P-00917,B-C-00704,Meridian Care,H4636-011,MA,GA,AGE,2024-10-01,,ACTIVE,51446845,23.44,MC-477406
B-P-00918,B-C-00705,Bluepeak,B,MEDSUPP,GA,AGE,2026-05-01,,ACTIVE,51446845,224.54,BP-653947
B-P-00919,B-C-00705,Bluepeak,S7317-021-003,PDP,GA,AGE,2026-05-01,,ACTIVE,51446845,63.34,BP-670718
B-P-00920,B-C-00706,Summit Health Plans,H4044-015-001,MA,LA,AGE,2025-04-01,,ACTIVE,26047628,32.04,SH-449552
B-P-00921,B-C-00707,Cardinal Mutual,H7696-019,MA,ND,AGE,2023-01-01,,ACTIVE,93619366,25.26,CM-223758
B-P-00922,B-C-00708,Harborline,17955ND8586173,ACA,ND,,2026-01-01,,ACTIVE,93619366,892.45,HL-551350
B-P-00923,B-C-00709,Summit Health Plans,H9807-016,MA,LA,AGE,2025-06-01,,ACTIVE,26047628,45.79,SH-585279
B-P-00924,B-C-00710,Bluepeak,H9161-019,MA,CT,AGE,2026-05-01,,ACTIVE,51446845,34.86,BP-609402
B-P-00925,B-C-00711,Northwind Health,H3036-019,MA,CT,AGE,2022-06-01,,ACTIVE,51446845,39.63,NW-782773
B-P-00926,B-C-00712,Cardinal Mutual,H5265-001,MA,WY,AGE,2022-06-01,,ACTIVE,20671937,59.97,CM-922829
B-P-00927,B-C-00713,Harborline,H1547-008,MA,MN,DISABILITY,2025-05-01,2026-04-30,TERMINATED,94445646,8.77,HL-857897
B-P-00928,B-C-00713,Northwind Health,H3064-006,MA,MN,DISABILITY,2026-05-01,,ACTIVE,94445646,10.22,NW-823209
B-P-00929,B-C-00714,Meridian Care,F,MEDSUPP,MN,AGE,2025-09-01,,ACTIVE,94445646,90.68,MC-275219
B-P-00930,B-C-00714,Meridian Care,S7287-022,PDP,MN,AGE,2025-09-01,,ACTIVE,94445646,86.28,MC-843186
B-P-00931,B-C-00715,Meridian Care,H4636-008,MA,MA,AGE,2023-08-01,,ACTIVE,75084135,43.42,MC-466648
B-P-00932,B-C-00716,Cardinal Mutual,H7696-029,MA,MA,AGE,2022-02-01,,ACTIVE,75084135,50.83,CM-864409
B-P-00933,B-C-00717,Summit Health Plans,L,MEDSUPP,NC,AGE,2022-01-01,,ACTIVE,67876966,148.91,SH-927521
B-P-00934,B-C-00717,Summit Health Plans,S1837-018-001,PDP,NC,AGE,2022-01-01,,ACTIVE,67876966,47.82,SH-453652
B-P-00935,B-C-00718,Meridian Care,18024ND7827218,ACA,ND,,2025-01-01,2025-12-31,TERMINATED,93619366,292.09,MC-414892
B-P-00936,B-C-00718,Bluepeak,39473ND2575099,ACA,ND,,2026-01-01,,ACTIVE,93619366,847.96,BP-887566
B-P-00937,B-C-00719,Bluepeak,H9161-016,MA,ND,AGE,2022-04-01,2024-12-31,TERMINATED,93619366,5.54,BP-744476
B-P-00938,B-C-00719,Northwind Health,H3036-011,MA,ND,AGE,2025-01-01,,ACTIVE,93619366,25.16,NW-968618
B-P-00939,B-C-00720,Cardinal Mutual,R7519-021,MA,AR,AGE,2023-07-01,,ACTIVE,93619366,25.71,CM-505767
B-P-00940,B-C-00721,Harborline,H1547-022,MA,MO,AGE,2024-11-01,,ACTIVE,81157097,43.29,HL-883891
B-P-00941,B-C-00722,Northwind Health,H3064-006,MA,MO,AGE,2023-11-01,,ACTIVE,81157097,9.98,NW-326638
B-P-00942,B-C-00723,Harborline,S4178-010,PDP,PA,AGE,2022-09-01,,ACTIVE,50399119,84.92,HL-261076
B-P-00943,B-C-00724,Harborline,17955PA2337458,ACA,PA,,2024-01-01,,ACTIVE,50399119,374.29,HL-173372
B-P-00944,B-C-00725,Northwind Health,H3036-016,MA,DE,AGE,2025-03-01,,ACTIVE,59893296,45.73,NW-395039
B-P-00945,B-C-00726,Bluepeak,H9161-012,MA,DE,AGE,2024-03-01,,ACTIVE,59893296,17.24,BP-888638
B-P-00946,B-C-00727,Harborline,H2522-002,MA,DC,AGE,2023-11-01,,ACTIVE,24647567,23.51,HL-975206
B-P-00947,B-C-00728,Northwind Health,61006LA3780816,ACA,LA,,2025-01-01,,ACTIVE,26047628,484.95,NW-919314
B-P-00948,B-C-00729,Cardinal Mutual,70072LA0624726,ACA,LA,,2026-01-01,,ACTIVE,26047628,449.31,CM-287407
B-P-00949,B-C-00730,Summit Health Plans,H4044-008-003,MA,CT,AGE,2022-11-01,,ACTIVE,51446845,9.13,SH-503275
B-P-00950,B-C-00731,Meridian Care,18024DC2781579,ACA,DC,,2024-01-01,,ACTIVE,75084135,237.06,MC-257935
B-P-00951,B-C-00732,Summit Health Plans,H4044-026,MA,CT,AGE,2022-01-01,,ACTIVE,51446845,12.34,SH-842540
B-P-00952,B-C-00733,Bluepeak,R6570-010,MA,AR,AGE,2023-12-01,,ACTIVE,98787777,9.71,BP-463195
B-P-00953,B-C-00734,Bluepeak,H9161-013,MA,PA,DISABILITY,2024-06-01,,ACTIVE,50399119,6.72,BP-565387
B-P-00954,B-C-00735,Cardinal Mutual,H5265-006-003,MA,PA,AGE,2022-08-01,,ACTIVE,50399119,12.83,CM-158233
B-P-00955,B-C-00736,Meridian Care,18024NV7945578,ACA,NV,,2025-01-01,2025-12-31,TERMINATED,37947372,280.92,MC-799750
B-P-00956,B-C-00736,Cardinal Mutual,70072NV2546633,ACA,NV,,2026-01-01,,ACTIVE,37947372,711.71,CM-904647
B-P-00957,B-C-00737,Summit Health Plans,S1837-022,PDP,GA,AGE,2025-06-01,,ACTIVE,26047628,43.78,SH-888045
B-P-00958,B-C-00738,Summit Health Plans,H9807-009,MA,GA,AGE,2024-01-01,,ACTIVE,26047628,39.78,SH-884079
B-P-00959,B-C-00739,Cardinal Mutual,70072CT8937967,ACA,CT,,2026-01-01,,ACTIVE,20671937,466.43,CM-557262
B-P-00960,B-C-00740,Meridian Care,H5913-024,MA,NC,AGE,2025-03-01,,ACTIVE,67876966,39.00,MC-843210
B-P-00961,B-C-00741,Bluepeak,39473NC8643978,ACA,NC,,2024-01-01,,ACTIVE,67876966,284.61,BP-320823
B-P-00962,B-C-00742,Northwind Health,G,MEDSUPP,NC,AGE,2022-11-01,,ACTIVE,67876966,188.26,NW-929050
B-P-00963,B-C-00742,Northwind Health,S2942-008,PDP,NC,AGE,2022-11-01,,ACTIVE,67876966,53.10,NW-336539
B-P-00964,B-C-00743,Bluepeak,H5243-026,MA,WY,AGE,2023-01-01,,ACTIVE,84583776,11.16,BP-877960
B-P-00965,B-C-00744,Summit Health Plans,L,MEDSUPP,CO,AGE,2025-02-01,,ACTIVE,59893296,189.55,SH-544567
B-P-00966,B-C-00744,Summit Health Plans,S4824-021-002,PDP,CO,AGE,2025-02-01,,ACTIVE,59893296,25.47,SH-650018
B-P-00967,B-C-00745,Summit Health Plans,H4044-022,MA,CO,AGE,2022-05-01,,ACTIVE,59893296,38.53,SH-417212
B-P-00968,B-C-00746,Harborline,H1547-011,MA,OR,AGE,2024-11-01,,ACTIVE,43888211,21.16,HL-174494
B-P-00969,B-C-00747,Summit Health Plans,H4044-022,MA,MN,AGE,2023-09-01,,ACTIVE,94445646,56.83,SH-641371
B-P-00970,B-C-00748,Bluepeak,39473DE1177658,ACA,DE,,2025-01-01,2025-12-31,TERMINATED,69777236,543.88,BP-520656
B-P-00971,B-C-00748,Northwind Health,61006DE0104532,ACA,DE,,2026-01-01,,ACTIVE,69777236,542.08,NW-184912
B-P-00972,B-C-00749,Meridian Care,H4636-018-003,MA,DE,ESRD,2023-07-01,2026-04-30,TERMINATED,69777236,19.83,MC-814607
B-P-00973,B-C-00749,Bluepeak,H9161-003,MA,DE,ESRD,2026-05-01,,ACTIVE,69777236,16.88,BP-975885
B-P-00974,B-C-00750,Meridian Care,H4636-030,MA,FL,AGE,2025-09-01,,ACTIVE,90228424,13.44,MC-269183
B-P-00975,B-C-00751,Summit Health Plans,H4044-026,MA,OK,AGE,2022-02-01,2025-07-31,TERMINATED,90228424,31.24,SH-506040
B-P-00976,B-C-00751,Cardinal Mutual,H5265-022,MA,OK,AGE,2025-08-01,,ACTIVE,90228424,12.77,CM-523483
B-P-00977,B-C-00752,Meridian Care,H4636-020-003,MA,OK,AGE,2024-12-01,2026-02-28,TERMINATED,90228424,16.41,MC-472341
B-P-00978,B-C-00752,Harborline,H1547-025,MA,OK,AGE,2026-03-01,,ACTIVE,90228424,14.28,HL-877247
B-P-00979,B-C-00753,Summit Health Plans,N,MEDSUPP,WI,AGE,2024-05-01,,ACTIVE,50979283,192.39,SH-226948
B-P-00980,B-C-00753,Summit Health Plans,S4824-030-003,PDP,WI,AGE,2024-05-01,,ACTIVE,50979283,42.96,SH-298811
B-P-00981,B-C-00754,Cardinal Mutual,A,MEDSUPP,WI,AGE,2022-02-01,,ACTIVE,50979283,176.19,CM-932834
B-P-00982,B-C-00754,Cardinal Mutual,S6685-018,PDP,WI,AGE,2022-02-01,,ACTIVE,50979283,7.12,CM-288446
B-P-00983,B-C-00755,Summit Health Plans,N,MEDSUPP,VT,AGE,2023-02-01,,ACTIVE,84583776,102.46,SH-791873
B-P-00984,B-C-00755,Summit Health Plans,S1837-018,PDP,VT,AGE,2023-02-01,,ACTIVE,84583776,87.80,SH-546663
B-P-00985,B-C-00756,Bluepeak,S7317-021,PDP,VT,AGE,2025-06-01,,ACTIVE,84583776,14.20,BP-996171
B-P-00986,B-C-00757,Cardinal Mutual,H5265-002,MA,GA,AGE,2022-11-01,,ACTIVE,26047628,53.90,CM-160341
B-P-00987,B-C-00758,Cardinal Mutual,G,MEDSUPP,WV,AGE,2022-12-01,,ACTIVE,64493418,306.31,CM-556375
B-P-00988,B-C-00758,Cardinal Mutual,S1849-001-002,PDP,WV,AGE,2022-12-01,,ACTIVE,64493418,49.43,CM-231192
B-P-00989,B-C-00759,Northwind Health,H3036-008,MA,RI,AGE,2024-06-01,,ACTIVE,37947372,39.33,NW-851484
B-P-00990,B-C-00760,Summit Health Plans,H4044-018,MA,RI,AGE,2023-10-01,,ACTIVE,37947372,42.12,SH-513430
B-P-00991,B-C-00761,Meridian Care,G,MEDSUPP,OK,AGE,2022-06-01,,ACTIVE,90228424,266.92,MC-393046
B-P-00992,B-C-00761,Meridian Care,S7287-020,PDP,OK,AGE,2022-06-01,,ACTIVE,90228424,77.30,MC-402257
B-P-00993,B-C-00762,Bluepeak,39473GA1268525,ACA,GA,,2024-01-01,,ACTIVE,26047628,758.50,BP-969553
B-P-00994,B-C-00763,Bluepeak,H5243-016,MA,OK,AGE,2022-04-01,,ACTIVE,90228424,55.27,BP-367278
B-P-00995,B-C-00764,Harborline,H1547-018,MA,NC,AGE,2024-12-01,,ACTIVE,98787777,2.88,HL-375079
B-P-00996,B-C-00765,Harborline,H1547-014,MA,WY,AGE,2023-12-01,,ACTIVE,91146902,41.03,HL-819538
B-P-00997,B-C-00766,Meridian Care,H5913-027-003,MA,SD,AGE,2022-09-01,,ACTIVE,49066206,24.65,MC-438847
B-P-00998,B-C-00767,Bluepeak,H9161-014,MA,AZ,AGE,2024-12-01,2026-02-28,TERMINATED,9527070,28.13,BP-295846
B-P-00999,B-C-00767,Meridian Care,R4076-009,MA,AZ,AGE,2026-03-01,,ACTIVE,9527070,6.86,MC-654153
B-P-01000,B-C-00768,Summit Health Plans,H9807-008,MA,AZ,AGE,2024-04-01,2025-05-31,TERMINATED,9527070,4.87,SH-833924
B-P-01001,B-C-00768,Cardinal Mutual,H5265-030,MA,AZ,AGE,2025-06-01,,ACTIVE,9527070,17.80,CM-516147
B-P-01002,B-C-00769,Northwind Health,G,MEDSUPP,AZ,AGE,2025-07-01,,ACTIVE,9527070,232.54,NW-298029
B-P-01003,B-C-00769,Northwind Health,S2942-030,PDP,AZ,AGE,2025-07-01,,ACTIVE,9527070,69.97,NW-241221
B-P-01004,B-C-00770,Cardinal Mutual,70072CA5766889,ACA,CA,,2024-01-01,,ACTIVE,50399119,594.42,CM-905682
B-P-01005,B-C-00771,Northwind Health,61006UT8893871,ACA,UT,,2024-01-01,,ACTIVE,45462976,155.52,NW-856859
B-P-01006,B-C-00772,Meridian Care,H5913-006,MA,OK,AGE,2022-09-01,2025-07-31,TERMINATED,67876966,41.25,MC-294438
B-P-01007,B-C-00772,Harborline,H1547-006-003,MA,OK,AGE,2025-08-01,,ACTIVE,67876966,41.37,HL-522273
B-P-01008,B-C-00773,Meridian Care,R4076-008,MA,WY,AGE,2025-06-01,,ACTIVE,91146902,47.46,MC-436587
B-P-01009,B-C-00774,Northwind Health,61006TN7864543,ACA,TN,,2026-01-01,,ACTIVE,45462976,867.21,NW-359629
B-P-01010,B-C-00775,Meridian Care,S7287-024,PDP,OR,AGE,2022-12-01,,ACTIVE,43888211,73.57,MC-184654
B-P-01011,B-C-00776,Summit Health Plans,S1837-030-002,PDP,OR,DISABILITY,2023-09-01,,ACTIVE,43888211,72.83,SH-225641
B-P-01012,B-C-00777,Harborline,H1547-004,MA,PA,AGE,2025-05-01,2026-04-30,TERMINATED,64493418,47.24,HL-596442
B-P-01013,B-C-00777,Bluepeak,H9161-029,MA,PA,AGE,2026-05-01,,ACTIVE,64493418,2.63,BP-211872
B-P-01014,B-C-00778,Bluepeak,H9161-008,MA,WV,DISABILITY,2024-04-01,2026-02-28,TERMINATED,69777236,56.72,BP-194371
B-P-01015,B-C-00778,Meridian Care,H5913-003-002,MA,WV,DISABILITY,2026-03-01,,ACTIVE,69777236,22.09,MC-429364
B-P-01016,B-C-00779,Meridian Care,H4636-019,MA,WV,AGE,2026-03-01,,ACTIVE,69777236,8.64,MC-884834
B-P-01017,B-C-00780,Cardinal Mutual,70072VT5333196,ACA,VT,,2025-01-01,2025-12-31,TERMINATED,84583776,686.31,CM-557957
B-P-01018,B-C-00780,Harborline,17955VT9865932,ACA,VT,,2026-01-01,,ACTIVE,84583776,351.85,HL-933267
B-P-01019,B-C-00781,Bluepeak,H5243-018-003,MA,TX,AGE,2022-12-01,,ACTIVE,50399119,32.53,BP-935672
B-P-01020,B-C-00782,Bluepeak,R8474-019,MA,WY,AGE,2023-04-01,,ACTIVE,20671937,13.47,BP-897314
B-P-01021,B-C-00783,Meridian Care,H5913-019-001,MA,WY,AGE,2025-08-01,,ACTIVE,20671937,31.31,MC-846713
B-P-01022,B-C-00784,Northwind Health,S2942-017-003,PDP,PA,AGE,2025-12-01,,ACTIVE,50399119,86.13,NW-403134
B-P-01023,B-C-00785,Harborline,H2522-010,MA,OR,AGE,2024-05-01,,ACTIVE,9527070,37.24,HL-502343
B-P-01024,B-C-00786,Meridian Care,S7287-021-003,PDP,NC,AGE,2025-01-01,,ACTIVE,98787777,9.41,MC-421150
B-P-01025,B-C-00787,Summit Health Plans,H9807-026-003,MA,NM,AGE,2022-02-01,,ACTIVE,67876966,39.83,SH-215547
B-P-01026,B-C-00788,Meridian Care,N,MEDSUPP,OR,AGE,2022-08-01,,ACTIVE,9527070,169.27,MC-809059
B-P-01027,B-C-00788,Meridian Care,S7287-020,PDP,OR,AGE,2022-08-01,,ACTIVE,9527070,66.77,MC-600056
B-P-01028,B-C-00789,Meridian Care,H4636-020-001,MA,CT,AGE,2023-08-01,,ACTIVE,20671937,35.58,MC-556139
B-P-01029,B-C-00790,Cardinal Mutual,70072CT2110092,ACA,CT,,2025-01-01,,ACTIVE,51446845,834.63,CM-396470
B-P-01030,B-C-00791,Meridian Care,18024CT4855147,ACA,CT,,2024-01-01,,ACTIVE,51446845,661.94,MC-116565
B-P-01031,B-C-00792,Harborline,H2522-012,MA,CA,AGE,2022-02-01,,ACTIVE,50399119,36.01,HL-631045
B-P-01032,B-C-00793,Harborline,H2522-030,MA,WV,AGE,2023-10-01,2025-05-31,TERMINATED,64493418,44.15,HL-616326
B-P-01033,B-C-00793,Northwind Health,H3064-001,MA,WV,AGE,2025-06-01,,ACTIVE,64493418,11.41,NW-535928
B-P-01034,B-C-00794,Bluepeak,H5243-002-003,MA,NV,AGE,2026-03-01,,ACTIVE,37947372,13.58,BP-440514
B-P-01035,B-C-00795,Northwind Health,H3064-021,MA,OR,AGE,2023-07-01,2025-12-31,TERMINATED,9527070,26.68,NW-454035
B-P-01036,B-C-00795,Harborline,H2522-027-001,MA,OR,AGE,2026-01-01,,ACTIVE,9527070,59.17,HL-771461
B-P-01037,B-C-00796,Northwind Health,61006NJ2010321,ACA,NJ,,2024-01-01,,ACTIVE,75084135,207.20,NW-386800
B-P-01038,B-C-00797,Bluepeak,H9161-015,MA,NJ,AGE,2024-05-01,2025-08-31,TERMINATED,75084135,13.65,BP-871055
B-P-01039,B-C-00797,Cardinal Mutual,H7696-007,MA,NJ,AGE,2025-09-01,,ACTIVE,75084135,1.47,CM-647400
B-P-01040,B-C-00798,Bluepeak,G,MEDSUPP,VT,AGE,2025-06-01,,ACTIVE,84583776,122.50,BP-264804
B-P-01041,B-C-00798,Bluepeak,S7317-011,PDP,VT,AGE,2025-06-01,,ACTIVE,84583776,68.66,BP-722590
B-P-01042,B-C-00799,Cardinal Mutual,70072NC3788877,ACA,NC,,2025-01-01,,ACTIVE,67876966,604.30,CM-215659
B-P-01043,B-C-00800,Cardinal Mutual,70072NC4455410,ACA,NC,,2024-01-01,,ACTIVE,67876966,428.69,CM-882604
B-P-01044,B-C-00801,Harborline,L,MEDSUPP,CO,AGE,2024-07-01,,ACTIVE,64493418,199.33,HL-846883
B-P-01045,B-C-00801,Harborline,S4178-006-002,PDP,CO,AGE,2024-07-01,,ACTIVE,64493418,82.94,HL-304207
B-P-01046,B-C-00802,Harborline,A,MEDSUPP,DE,AGE,2022-11-01,,ACTIVE,59893296,92.19,HL-166381
B-P-01047,B-C-00802,Harborline,S7610-028,PDP,DE,AGE,2022-11-01,,ACTIVE,59893296,22.31,HL-196942
B-P-01048,B-C-00803,Northwind Health,61006DE8857527,ACA,DE,,2024-01-01,,ACTIVE,59893296,276.18,NW-676962
B-P-01049,B-C-00804,Summit Health Plans,H9807-028,MA,KY,ESRD,2022-09-01,,ACTIVE,81157097,1.50,SH-273331
B-P-01050,B-C-00805,Northwind Health,H3064-006,MA,CO,AGE,2026-11-01,,PENDING,64493418,53.35,NW-425349
B-P-01051,B-C-00806,Meridian Care,H4636-024-001,MA,NC,DISABILITY,2025-08-01,,ACTIVE,50979283,55.78,MC-762910
B-P-01052,B-C-00807,Bluepeak,39473OK2526793,ACA,OK,,2026-01-01,,ACTIVE,90228424,822.99,BP-723988
B-P-01053,B-C-00808,Northwind Health,H3064-026,MA,CO,AGE,2026-05-01,,ACTIVE,59893296,58.59,NW-739886
B-P-01054,B-C-00809,Summit Health Plans,H9807-004-001,MA,WY,AGE,2023-04-01,,ACTIVE,91146902,46.09,SH-835956
B-P-01055,B-C-00810,Cardinal Mutual,N,MEDSUPP,AL,AGE,2025-02-01,,ACTIVE,67876966,156.36,CM-503002
B-P-01056,B-C-00810,Cardinal Mutual,S6685-009,PDP,AL,AGE,2025-02-01,,ACTIVE,67876966,89.58,CM-488247
B-P-01057,B-C-00811,Bluepeak,H5243-007,MA,AL,AGE,2025-07-01,,ACTIVE,67876966,23.04,BP-252914
B-P-01058,B-C-00812,Cardinal Mutual,H5265-013-003,MA,CO,AGE,2025-03-01,,ACTIVE,64493418,38.31,CM-932925
B-P-01059,B-C-00813,Northwind Health,H3064-021,MA,CO,AGE,2023-07-01,2026-01-31,TERMINATED,64493418,58.10,NW-287392
B-P-01060,B-C-00813,Harborline,R7629-003,MA,CO,AGE,2026-02-01,,ACTIVE,64493418,4.03,HL-823125
B-P-01061,B-C-00814,Cardinal Mutual,S1849-008-002,PDP,WV,AGE,2024-02-01,,ACTIVE,69777236,67.02,CM-734655
B-P-01062,B-C-00815,Cardinal Mutual,N,MEDSUPP,OK,AGE,2024-02-01,,ACTIVE,81157097,141.41,CM-474799
B-P-01063,B-C-00815,Cardinal Mutual,S1849-011-001,PDP,OK,AGE,2024-02-01,,ACTIVE,81157097,72.52,CM-917252
B-P-01064,B-C-00816,Summit Health Plans,75720MS1429394,ACA,MS,,2024-01-01,,ACTIVE,50979283,174.44,SH-114152
B-P-01065,B-C-00817,Summit Health Plans,H9807-007,MA,WV,AGE,2024-01-01,2025-12-31,TERMINATED,64493418,37.88,SH-882418
B-P-01066,B-C-00817,Meridian Care,H5913-011,MA,WV,AGE,2026-01-01,,ACTIVE,64493418,12.33,MC-211378
B-P-01067,B-C-00818,Summit Health Plans,75720WV7298274,ACA,WV,,2025-01-01,,ACTIVE,64493418,408.96,SH-869449
B-P-01068,B-C-00819,Summit Health Plans,H4044-013,MA,OK,AGE,2025-08-01,,ACTIVE,90228424,28.79,SH-988502
B-P-01069,B-C-00820,Harborline,17955NJ6898161,ACA,NJ,,2025-01-01,,ACTIVE,75084135,413.22,HL-557990
B-P-01070,B-C-00821,Meridian Care,18024TN2548071,ACA,TN,,2025-01-01,,ACTIVE,45462976,709.30,MC-524173
B-P-01071,B-C-00822,Northwind Health,H3064-017,MA,TN,AGE,2024-01-01,,ACTIVE,45462976,34.57,NW-326264
B-P-01072,B-C-00823,Cardinal Mutual,H7696-028,MA,ND,AGE,2022-02-01,2024-05-31,TERMINATED,93619366,21.48,CM-763737
B-P-01073,B-C-00823,Harborline,H2522-028-001,MA,ND,AGE,2024-06-01,,ACTIVE,93619366,20.59,HL-916044
B-P-01074,B-C-00824,Harborline,17955ND5130185,ACA,ND,,2026-01-01,,ACTIVE,93619366,383.06,HL-929028
B-P-01075,B-C-00825,Cardinal Mutual,H7696-020,MA,CT,AGE,2025-07-01,,ACTIVE,20671937,52.79,CM-217636
B-P-01076,B-C-00826,Meridian Care,H4636-018,MA,CT,AGE,2025-06-01,,ACTIVE,20671937,39.25,MC-555165
B-P-01077,B-C-00827,Summit Health Plans,H9807-017,MA,CO,AGE,2022-09-01,,ACTIVE,49066206,11.72,SH-862356
B-P-01078,B-C-00828,Cardinal Mutual,R6363-005,MA,PA,ESRD,2022-10-01,2024-11-30,TERMINATED,64493418,19.68,CM-179722
B-P-01079,B-C-00828,Harborline,H1547-015,MA,PA,ESRD,2024-12-01,,ACTIVE,64493418,24.28,HL-967058
B-P-01080,B-C-00829,Northwind Health,H3064-014,MA,PA,AGE,2022-04-01,,ACTIVE,64493418,39.66,NW-578177
B-P-01081,B-C-00830,Bluepeak,H9161-012-003,MA,HI,AGE,2022-09-01,,ACTIVE,50399119,58.94,BP-907011
B-P-01082,B-C-00831,Cardinal Mutual,70072OR6674369,ACA,OR,,2025-01-01,2025-12-31,TERMINATED,93619366,259.63,CM-908956
B-P-01083,B-C-00831,Bluepeak,39473OR3240538,ACA,OR,,2026-01-01,,ACTIVE,93619366,841.09,BP-429605
B-P-01084,B-C-00832,Cardinal Mutual,H5265-022,MA,KY,AGE,2025-06-01,,ACTIVE,81157097,20.42,CM-338103
B-P-01085,B-C-00833,Northwind Health,N,MEDSUPP,KY,AGE,2026-04-01,,ACTIVE,81157097,137.54,NW-346716
B-P-01086,B-C-00833,Northwind Health,S9721-010,PDP,KY,AGE,2026-04-01,,ACTIVE,81157097,57.44,NW-288811
B-P-01087,B-C-00834,Summit Health Plans,H9807-025,MA,DE,DISABILITY,2023-06-01,,ACTIVE,59893296,1.25,SH-753241
B-P-01088,B-C-00835,Meridian Care,A,MEDSUPP,DE,AGE,2022-01-01,,ACTIVE,59893296,130.50,MC-767497
B-P-01089,B-C-00835,Meridian Care,S7287-011,PDP,DE,AGE,2022-01-01,,ACTIVE,59893296,28.61,MC-688080
B-P-01090,B-C-00836,Meridian Care,H4636-025,MA,DE,AGE,2022-01-01,2024-06-30,TERMINATED,69777236,20.29,MC-280321
B-P-01091,B-C-00836,Cardinal Mutual,H7696-006,MA,DE,AGE,2024-07-01,,ACTIVE,69777236,18.65,CM-518812
B-P-01092,B-C-00837,Summit Health Plans,H4044-024,MA,AZ,AGE,2024-01-01,,ACTIVE,9527070,44.02,SH-433287
B-P-01093,B-C-00838,Northwind Health,H3064-017-001,MA,MO,AGE,2022-02-01,,ACTIVE,69777236,26.51,NW-946563
B-P-01094,B-C-00839,Cardinal Mutual,S6685-001,PDP,MO,AGE,2025-12-01,,ACTIVE,69777236,29.79,CM-185633
B-P-01095,B-C-00840,Summit Health Plans,R4076-017,MA,WY,AGE,2022-09-01,,ACTIVE,91146902,10.29,SH-209422
B-P-01096,B-C-00841,Harborline,17955WY5232974,ACA,WY,,2024-01-01,,ACTIVE,91146902,330.16,HL-899268
B-P-01097,B-C-00842,Northwind Health,H3036-005,MA,UT,AGE,2023-11-01,,ACTIVE,45462976,48.78,NW-392789
B-P-01098,B-C-00843,Meridian Care,18024PA4236944,ACA,PA,,2025-01-01,2025-12-31,TERMINATED,64493418,441.53,MC-256444
B-P-01099,B-C-00843,Bluepeak,39473PA8726040,ACA,PA,,2026-01-01,,ACTIVE,64493418,244.98,BP-744462
B-P-01100,B-C-00844,Meridian Care,18024PA9130892,ACA,PA,,2025-01-01,2025-12-31,TERMINATED,64493418,346.51,MC-359084
B-P-01101,B-C-00844,Bluepeak,39473PA7551499,ACA,PA,,2026-01-01,,ACTIVE,64493418,535.44,BP-611685
B-P-01102,B-C-00845,Cardinal Mutual,G,MEDSUPP,DE,AGE,2022-05-01,,ACTIVE,59893296,110.05,CM-402287
B-P-01103,B-C-00845,Cardinal Mutual,S6685-001,PDP,DE,AGE,2022-05-01,,ACTIVE,59893296,26.33,CM-291877
B-P-01104,B-C-00846,Northwind Health,61006CT5758373,ACA,CT,,2025-01-01,,ACTIVE,14829889,595.94,NW-270333
B-P-01105,B-C-00847,Harborline,H1547-023,MA,CT,AGE,2024-05-01,,ACTIVE,14829889,7.55,HL-478340
B-P-01106,B-C-00848,Summit Health Plans,H4044-018,MA,DE,AGE,2022-11-01,,ACTIVE,59893296,56.32,SH-602814
B-P-01107,B-C-00849,Northwind Health,61006WI9573543,ACA,WI,,2025-01-01,,ACTIVE,50979283,481.26,NW-811946
B-P-01108,B-C-00850,Cardinal Mutual,H5265-008,MA,NV,AGE,2023-02-01,2024-12-31,TERMINATED,37947372,5.74,CM-211539
B-P-01109,B-C-00850,Summit Health Plans,H9807-021,MA,NV,AGE,2025-01-01,,ACTIVE,37947372,5.75,SH-351785
B-P-01110,B-C-00851,Bluepeak,H5243-020,MA,NV,AGE,2022-01-01,2023-11-30,TERMINATED,45462976,40.35,BP-720866
B-P-01111,B-C-00851,Harborline,H1547-015,MA,NV,AGE,2023-12-01,,ACTIVE,45462976,21.26,HL-745873
B-P-01112,B-C-00852,Meridian Care,H4636-001,MA,NV,AGE,2022-12-01,,ACTIVE,45462976,2.74,MC-635319
B-P-01113,B-C-00853,Cardinal Mutual,R6363-028,MA,NV,AGE,2022-02-01,,ACTIVE,45462976,8.85,CM-685089
B-P-01114,B-C-00854,Meridian Care,H5913-025,MA,OK,AGE,2023-12-01,,ACTIVE,81157097,53.28,MC-861570
B-P-01115,B-C-00855,Summit Health Plans,H9807-021-002,MA,OK,AGE,2024-09-01,,ACTIVE,81157097,6.35,SH-546242
B-P-01116,B-C-00856,Harborline,R4376-011-001,MA,CO,AGE,2024-04-01,,ACTIVE,64493418,7.48,HL-657171
B-P-01117,B-C-00857,Harborline,17955DE0427782,ACA,DE,,2024-01-01,,ACTIVE,69777236,780.73,HL-279085
B-P-01118,B-C-00858,Harborline,H1547-005,MA,NV,AGE,2023-01-01,,ACTIVE,45462976,36.44,HL-892739
B-P-01119,B-C-00859,Harborline,17955OR8755947,ACA,OR,,2025-01-01,2025-12-31,TERMINATED,43888211,712.57,HL-315410
B-P-01120,B-C-00859,Northwind Health,61006OR5034248,ACA,OR,,2026-01-01,,ACTIVE,43888211,161.09,NW-817564
B-P-01121,B-C-00860,Summit Health Plans,H9807-013-001,MA,CO,AGE,2026-02-01,,ACTIVE,64493418,11.73,SH-153399
B-P-01122,B-C-00861,Cardinal Mutual,R7519-012,MA,MO,AGE,2023-01-01,,ACTIVE,81157097,47.57,CM-747764
B-P-01123,B-C-00862,Meridian Care,18024TN0716268,ACA,TN,,2024-01-01,,ACTIVE,45462976,885.06,MC-801018
B-P-01124,B-C-00863,Cardinal Mutual,70072TN4183064,ACA,TN,,2025-01-01,,ACTIVE,45462976,659.17,CM-249609
B-P-01125,B-C-00864,Summit Health Plans,H9807-016,MA,MA,AGE,2023-01-01,,ACTIVE,90228424,18.12,SH-160724
B-P-01126,B-C-00865,Summit Health Plans,H4044-024-003,MA,MA,AGE,2025-03-01,,ACTIVE,90228424,39.35,SH-236333
B-P-01127,B-C-00866,Harborline,S7610-002,PDP,AZ,AGE,2025-11-01,,ACTIVE,14829889,87.83,HL-432507
B-P-01128,B-C-00867,Cardinal Mutual,H5265-015,MA,AZ,AGE,2025-09-01,,ACTIVE,14829889,52.42,CM-297901
B-P-01129,B-C-00868,Bluepeak,L,MEDSUPP,GA,AGE,2024-11-01,,ACTIVE,26047628,134.60,BP-830101
B-P-01130,B-C-00868,Bluepeak,S2427-009,PDP,GA,AGE,2024-11-01,,ACTIVE,26047628,77.51,BP-875862
B-P-01131,B-C-00869,Harborline,H1547-002-002,MA,WV,AGE,2024-06-01,,ACTIVE,64493418,15.69,HL-167888
B-P-01132,B-C-00870,Summit Health Plans,H9807-025-003,MA,WV,AGE,2026-04-01,,ACTIVE,64493418,36.58,SH-962531
B-P-01133,B-C-00871,Northwind Health,H3036-003,MA,SD,AGE,2025-06-01,,ACTIVE,14829889,32.25,NW-708854
B-P-01134,B-C-00872,Northwind Health,G,MEDSUPP,SD,AGE,2025-06-01,,ACTIVE,14829889,176.79,NW-662790
B-P-01135,B-C-00872,Northwind Health,S2942-004,PDP,SD,AGE,2025-06-01,,ACTIVE,14829889,22.04,NW-901554
B-P-01136,B-C-00873,Summit Health Plans,75720AR6311830,ACA,AR,,2024-01-01,,ACTIVE,93619366,609.34,SH-729402
B-P-01137,B-C-00874,Harborline,H2522-027-003,MA,AR,AGE,2024-02-01,,ACTIVE,93619366,48.12,HL-559406
B-P-01138,B-C-00875,Meridian Care,18024PA3110833,ACA,PA,,2025-01-01,2025-12-31,TERMINATED,91146902,361.10,MC-856602
B-P-01139,B-C-00875,Harborline,17955PA7781859,ACA,PA,,2026-01-01,,ACTIVE,91146902,796.16,HL-800044
B-P-01140,B-C-00876,Northwind Health,H3064-029,MA,CA,AGE,2024-11-01,,ACTIVE,50399119,31.65,NW-912247
B-P-01141,B-C-00877,Northwind Health,H3036-007-002,MA,CA,AGE,2024-03-01,,ACTIVE,50399119,22.52,NW-754153
B-P-01142,B-C-00878,Summit Health Plans,R4076-029-001,MA,GA,AGE,2024-11-01,,ACTIVE,26047628,46.37,SH-589356
B-P-01143,B-C-00879,Meridian Care,H5913-020,MA,GA,AGE,2026-02-01,,ACTIVE,26047628,4.61,MC-537229
B-P-01144,B-C-00880,Cardinal Mutual,H5265-016,MA,KY,AGE,2022-07-01,,ACTIVE,43888211,34.85,CM-149625
B-P-01145,B-C-00881,Bluepeak,F,MEDSUPP,OR,AGE,2026-03-01,,ACTIVE,9527070,126.59,BP-995517
B-P-01146,B-C-00881,Bluepeak,S2427-015,PDP,OR,AGE,2026-03-01,,ACTIVE,9527070,31.72,BP-720068
B-P-01147,B-C-00882,Cardinal Mutual,H7696-022,MA,DE,AGE,2022-02-01,,ACTIVE,69777236,39.50,CM-556571
B-P-01148,B-C-00883,Bluepeak,H9161-002-003,MA,PA,AGE,2022-01-01,,ACTIVE,64493418,26.32,BP-405467
B-P-01149,B-C-00884,Northwind Health,N,MEDSUPP,PA,AGE,2026-04-01,,ACTIVE,64493418,217.70,NW-935683
B-P-01150,B-C-00884,Northwind Health,S9721-007-003,PDP,PA,AGE,2026-04-01,,ACTIVE,64493418,21.19,NW-479273
B-P-01151,B-C-00885,Northwind Health,61006CT9421671,ACA,CT,,2025-01-01,,ACTIVE,91146902,585.00,NW-870857
B-P-01152,B-C-00886,Northwind Health,S9721-027-003,PDP,CT,AGE,2024-01-01,,ACTIVE,91146902,57.00,NW-524426
B-P-01153,B-C-00887,Bluepeak,H9161-006,MA,CT,AGE,2024-10-01,,ACTIVE,51446845,55.14,BP-906747
B-P-01154,B-C-00888,Northwind Health,H3036-012,MA,CT,AGE,2025-06-01,,ACTIVE,20671937,51.91,NW-343650
B-P-01155,B-C-00889,Bluepeak,H5243-009-003,MA,CT,AGE,2022-06-01,,ACTIVE,20671937,5.73,BP-488813
B-P-01156,B-C-00890,Northwind Health,61006VA5043758,ACA,VA,,2026-01-01,,ACTIVE,98787777,169.93,NW-773834
B-P-01157,B-C-00891,Harborline,H1547-014,MA,VA,AGE,2022-08-01,2023-09-30,TERMINATED,98787777,55.07,HL-873528
B-P-01158,B-C-00891,Northwind Health,H3036-005,MA,VA,AGE,2023-10-01,,ACTIVE,98787777,39.70,NW-692952
B-P-01159,B-C-00892,Bluepeak,H5243-021,MA,KY,AGE,2022-05-01,,ACTIVE,43888211,0.73,BP-298007
B-P-01160,B-C-00893,Bluepeak,39473KY9925276,ACA,KY,,2027-01-01,,PENDING,43888211,461.14,BP-444899
B-P-01161,B-C-00894,Northwind Health,H3036-025,MA,ND,AGE,2024-09-01,,ACTIVE,93619366,18.46,NW-561890
B-P-01162,B-C-00895,Harborline,H2522-004,MA,NV,AGE,2022-06-01,,ACTIVE,37947372,57.21,HL-111749
B-P-01163,B-C-00896,Meridian Care,H5913-011,MA,OR,AGE,2025-09-01,,ACTIVE,9527070,55.07,MC-964058
B-P-01164,B-C-00897,Northwind Health,H3064-020,MA,WY,AGE,2025-10-01,,ACTIVE,20671937,14.54,NW-990839
B-P-01165,B-C-00898,Meridian Care,H5913-012,MA,SD,AGE,2022-08-01,,ACTIVE,49066206,10.48,MC-735211
B-P-01166,B-C-00899,Harborline,H2522-024-002,MA,SD,AGE,2024-04-01,,ACTIVE,49066206,40.77,HL-563442
B-P-01167,B-C-00900,Harborline,R4376-003,MA,OK,AGE,2024-10-01,,ACTIVE,67876966,36.60,HL-807796
B-P-01168,B-C-00901,Summit Health Plans,75720MS8246504,ACA,MS,,2024-01-01,,ACTIVE,50979283,161.76,SH-130720
B-P-01169,B-C-00902,Meridian Care,H5913-011,MA,MS,AGE,2023-03-01,2025-08-31,TERMINATED,50979283,59.00,MC-113435
B-P-01170,B-C-00902,Summit Health Plans,H4044-028,MA,MS,AGE,2025-09-01,,ACTIVE,50979283,40.11,SH-897330
B-P-01171,B-C-00903,Cardinal Mutual,H5265-018-002,MA,NC,AGE,2023-03-01,,ACTIVE,98787777,31.95,CM-252417
B-P-01172,B-C-00904,Harborline,17955MO7244556,ACA,MO,,2025-01-01,,ACTIVE,69777236,181.69,HL-525289
B-P-01173,B-C-00905,Bluepeak,H5243-011,MA,WY,AGE,2025-07-01,,ACTIVE,84583776,44.95,BP-338797
B-P-01174,B-C-00906,Meridian Care,R4076-002,MA,OK,AGE,2025-10-01,,ACTIVE,81157097,0.27,MC-288051
B-P-01175,B-C-00907,Cardinal Mutual,70072OK4336499,ACA,OK,,2025-01-01,,ACTIVE,81157097,342.78,CM-164889
B-P-01176,B-C-00908,Meridian Care,18024CT8720336,ACA,CT,,2025-01-01,2025-12-31,TERMINATED,20671937,623.03,MC-910914
B-P-01177,B-C-00908,Bluepeak,39473CT9336952,ACA,CT,,2026-01-01,,ACTIVE,20671937,568.81,BP-925867
B-P-01178,B-C-00909,Summit Health Plans,H4044-016,MA,OK,AGE,2026-11-01,,PENDING,67876966,0.32,SH-980642
B-P-01179,B-C-00910,Northwind Health,S2942-005,PDP,OK,AGE,2024-04-01,,ACTIVE,67876966,10.69,NW-976888
B-P-01180,B-C-00911,Bluepeak,S2427-002,PDP,OK,DISABILITY,2024-07-01,,ACTIVE,67876966,84.45,BP-786369
B-P-01181,B-C-00912,Cardinal Mutual,70072WY9174162,ACA,WY,,2024-01-01,,ACTIVE,91146902,790.06,CM-371284
B-P-01182,B-C-00913,Meridian Care,G,MEDSUPP,WY,AGE,2026-05-01,,ACTIVE,91146902,226.60,MC-962545
B-P-01183,B-C-00913,Meridian Care,S7287-001,PDP,WY,AGE,2026-05-01,,ACTIVE,91146902,62.14,MC-789958
B-P-01184,B-C-00914,Cardinal Mutual,F,MEDSUPP,WY,AGE,2024-04-01,,ACTIVE,91146902,131.38,CM-675536
B-P-01185,B-C-00914,Cardinal Mutual,S6685-004,PDP,WY,AGE,2024-04-01,,ACTIVE,91146902,73.02,CM-170310
B-P-01186,B-C-00915,Summit Health Plans,H4044-025-002,MA,OR,AGE,2026-04-01,,ACTIVE,9527070,17.78,SH-881328
B-P-01187,B-C-00916,Summit Health Plans,H4044-016,MA,DE,AGE,2023-01-01,2025-09-30,TERMINATED,59893296,42.58,SH-509845
B-P-01188,B-C-00916,Northwind Health,H3036-019,MA,DE,AGE,2025-10-01,,ACTIVE,59893296,5.78,NW-111314
B-P-01189,B-C-00917,Harborline,H1547-001-002,MA,AR,AGE,2024-08-01,,ACTIVE,98787777,36.42,HL-509023
B-P-01190,B-C-00918,Northwind Health,H3036-014,MA,WI,AGE,2025-02-01,,ACTIVE,50979283,49.45,NW-240275
B-P-01191,B-C-00919,Cardinal Mutual,H5265-022,MA,WI,AGE,2022-08-01,,ACTIVE,50979283,20.70,CM-306923
B-P-01192,B-C-00920,Bluepeak,39473WV4683898,ACA,WV,,2024-01-01,,ACTIVE,64493418,767.44,BP-638419
B-P-01193,B-C-00921,Summit Health Plans,K,MEDSUPP,WV,AGE,2023-02-01,,ACTIVE,64493418,136.25,SH-582907
B-P-01194,B-C-00921,Summit Health Plans,S1837-030,PDP,WV,AGE,2023-02-01,,ACTIVE,64493418,63.32,SH-605404
B-P-01195,B-C-00922,Harborline,H2522-003-001,MA,RI,AGE,2024-12-01,2025-11-30,TERMINATED,37947372,18.35,HL-651463
B-P-01196,B-C-00922,Summit Health Plans,H9807-004,MA,RI,AGE,2025-12-01,,ACTIVE,37947372,13.14,SH-252404
B-P-01197,B-C-00923,Cardinal Mutual,H5265-022,MA,RI,AGE,2025-09-01,,ACTIVE,37947372,50.28,CM-969676
B-P-01198,B-C-00924,Harborline,H2522-021,MA,CT,AGE,2026-02-01,,ACTIVE,24647567,32.42,HL-816687
B-P-01199,B-C-00925,Summit Health Plans,H4044-011,MA,CT,AGE,2023-02-01,,ACTIVE,24647567,5.78,SH-510524
B-P-01200,B-C-00926,Bluepeak,H5243-021,MA,OH,AGE,2025-08-01,,ACTIVE,50979283,46.74,BP-990593
B-P-01201,B-C-00927,Northwind Health,S9721-003,PDP,SD,AGE,2026-02-01,,ACTIVE,49066206,37.95,NW-367553
B-P-01202,B-C-00928,Cardinal Mutual,H5265-017,MA,SD,AGE,2024-09-01,,ACTIVE,49066206,27.84,CM-781233
B-P-01203,B-C-00929,Meridian Care,H5913-027-002,MA,CO,AGE,2022-08-01,,ACTIVE,59893296,0.79,MC-546569
B-P-01204,B-C-00930,Summit Health Plans,75720PA5314780,ACA,PA,,2024-01-01,,ACTIVE,91146902,341.24,SH-760010
B-P-01205,B-C-00931,Cardinal Mutual,H5265-006-001,MA,PA,AGE,2022-07-01,2024-04-30,TERMINATED,50399119,24.79,CM-460289
B-P-01206,B-C-00931,Summit Health Plans,H4044-006,MA,PA,AGE,2024-05-01,,ACTIVE,50399119,47.76,SH-254830
B-P-01207,B-C-00932,Harborline,H2522-020,MA,DC,ESRD,2022-06-01,,ACTIVE,24647567,12.51,HL-411805
B-P-01208,B-C-00933,Cardinal Mutual,G,MEDSUPP,DC,AGE,2025-07-01,,ACTIVE,24647567,227.14,CM-207979
B-P-01209,B-C-00933,Cardinal Mutual,S6685-010-002,PDP,DC,AGE,2025-07-01,,ACTIVE,24647567,45.21,CM-297717
B-P-01210,B-C-00934,Northwind Health,S9721-024,PDP,OR,AGE,2024-01-01,,ACTIVE,43888211,28.98,NW-293308
B-P-01211,B-C-00935,Northwind Health,F,MEDSUPP,OR,AGE,2026-02-01,,ACTIVE,43888211,120.59,NW-413754
B-P-01212,B-C-00935,Northwind Health,S9721-015,PDP,OR,AGE,2026-02-01,,ACTIVE,43888211,22.64,NW-585027
B-P-01213,B-C-00936,Cardinal Mutual,70072CT1592559,ACA,CT,,2025-01-01,2025-12-31,TERMINATED,14829889,689.96,CM-487596
B-P-01214,B-C-00936,Northwind Health,61006CT7345824,ACA,CT,,2026-01-01,,ACTIVE,14829889,440.22,NW-640961
B-P-01215,B-C-00937,Northwind Health,61006CT0789412,ACA,CT,,2025-01-01,2025-12-31,TERMINATED,14829889,834.07,NW-874770
B-P-01216,B-C-00937,Cardinal Mutual,70072CT9342232,ACA,CT,,2026-01-01,,ACTIVE,14829889,863.47,CM-945195
B-P-01217,B-C-00938,Meridian Care,H4636-001-003,MA,FL,AGE,2022-07-01,,ACTIVE,90228424,58.16,MC-261134
B-P-01218,B-C-00939,Northwind Health,61006PA4607668,ACA,PA,,2025-01-01,,ACTIVE,50399119,827.89,NW-730003
B-P-01219,B-C-00940,Cardinal Mutual,H7696-030,MA,OR,AGE,2024-05-01,,ACTIVE,93619366,58.56,CM-923586
B-P-01220,B-C-00941,Cardinal Mutual,H7696-004,MA,OR,AGE,2022-01-01,,ACTIVE,93619366,59.37,CM-554111
B-P-01221,B-C-00942,Harborline,H1547-003-001,MA,CT,AGE,2024-02-01,,ACTIVE,51446845,12.96,HL-324592
B-P-01222,B-C-00943,Harborline,H1547-020,MA,CT,AGE,2025-06-01,,ACTIVE,51446845,58.59,HL-239540
B-P-01223,B-C-00944,Meridian Care,18024DC1775004,ACA,DC,,2026-01-01,,ACTIVE,24647567,771.48,MC-974476
B-P-01224,B-C-00945,Summit Health Plans,A,MEDSUPP,OR,AGE,2023-07-01,,ACTIVE,9527070,98.40,SH-253861
B-P-01225,B-C-00945,Summit Health Plans,S1837-014,PDP,OR,AGE,2023-07-01,,ACTIVE,9527070,31.49,SH-911990
B-P-01226,B-C-00946,Northwind Health,H3064-021,MA,DE,AGE,2025-07-01,,ACTIVE,59893296,33.93,NW-420478
B-P-01227,B-C-00947,Meridian Care,H4636-017,MA,AZ,AGE,2025-11-01,,ACTIVE,9527070,50.34,MC-216247
B-P-01228,B-C-00948,Harborline,17955AZ1257542,ACA,AZ,,2024-01-01,,ACTIVE,9527070,459.13,HL-814614
B-P-01230,B-C-00950,Harborline,H1547-010,MA,LA,AGE,2023-12-01,,ACTIVE,26047628,31.77,HL-654705
B-P-01231,B-C-00951,Harborline,N,MEDSUPP,WY,AGE,2022-05-01,,ACTIVE,84583776,157.31,HL-656145
B-P-01232,B-C-00951,Harborline,S4178-024,PDP,WY,AGE,2022-05-01,,ACTIVE,84583776,46.63,HL-723333
B-P-01233,B-C-00952,Bluepeak,39473NM6917708,ACA,NM,,2025-01-01,,ACTIVE,67876966,398.79,BP-864909
B-P-01234,B-C-00953,Meridian Care,H5913-006,MA,OR,AGE,2022-11-01,2026-01-31,TERMINATED,9527070,11.09,MC-624558
B-P-01235,B-C-00953,Cardinal Mutual,H7696-007-002,MA,OR,AGE,2026-02-01,,ACTIVE,9527070,8.14,CM-633145
B-P-01236,B-C-00954,Northwind Health,S2942-010,PDP,NC,AGE,2022-04-01,,ACTIVE,98787777,78.55,NW-823608
B-P-01237,B-C-00955,Northwind Health,H3064-013,MA,LA,AGE,2026-01-01,,ACTIVE,26047628,36.54,NW-678066
B-P-01238,B-C-00956,Meridian Care,N,MEDSUPP,OR,AGE,2026-03-01,,ACTIVE,9527070,118.29,MC-559105
B-P-01239,B-C-00956,Meridian Care,S4547-030-003,PDP,OR,AGE,2026-03-01,,ACTIVE,9527070,62.40,MC-958292
B-P-01240,B-C-00957,Bluepeak,39473NC4468713,ACA,NC,,2025-01-01,2025-12-31,TERMINATED,50979283,629.91,BP-772788
B-P-01241,B-C-00957,Northwind Health,61006NC8829590,ACA,NC,,2026-01-01,,ACTIVE,50979283,645.98,NW-635379
B-P-01242,B-C-00958,Cardinal Mutual,H5265-029,MA,AZ,AGE,2024-12-01,2026-03-31,TERMINATED,9527070,26.95,CM-322134
B-P-01243,B-C-00958,Northwind Health,H3036-006,MA,AZ,AGE,2026-04-01,,ACTIVE,9527070,31.09,NW-743170
B-P-01244,B-C-00959,Summit Health Plans,75720VA3374607,ACA,VA,,2024-01-01,,ACTIVE,98787777,411.39,SH-764616
B-P-01245,B-C-00960,Harborline,H1547-030,MA,CT,AGE,2023-12-01,,ACTIVE,14829889,52.37,HL-277386
B-P-01246,B-C-00961,Harborline,H1547-024,MA,ND,AGE,2023-07-01,2025-09-30,TERMINATED,93619366,52.12,HL-564745
B-P-01247,B-C-00961,Northwind Health,H3036-012,MA,ND,AGE,2025-10-01,,ACTIVE,93619366,57.53,NW-896122
B-P-01248,B-C-00962,Bluepeak,H9161-014-003,MA,ND,AGE,2022-05-01,2026-01-31,TERMINATED,93619366,38.17,BP-212388
B-P-01249,B-C-00962,Cardinal Mutual,H7696-004,MA,ND,AGE,2026-02-01,,ACTIVE,93619366,25.76,CM-991009
B-P-01250,B-C-00963,Summit Health Plans,H9807-022,MA,MO,AGE,2024-02-01,2026-03-31,TERMINATED,69777236,13.41,SH-757929
B-P-01251,B-C-00963,Harborline,H1547-028-002,MA,MO,AGE,2026-04-01,,ACTIVE,69777236,56.31,HL-160804
B-P-01252,B-C-00964,Bluepeak,39473DC4863123,ACA,DC,,2024-01-01,,ACTIVE,75084135,759.76,BP-319378
B-P-01253,B-C-00965,Meridian Care,N,MEDSUPP,SD,AGE,2023-09-01,,ACTIVE,49066206,134.20,MC-186328
B-P-01254,B-C-00965,Meridian Care,S7287-013-002,PDP,SD,AGE,2023-09-01,,ACTIVE,49066206,19.57,MC-125992
B-P-01255,B-C-00966,Harborline,H1547-013,MA,SD,AGE,2024-01-01,2026-04-30,TERMINATED,49066206,45.08,HL-829590
B-P-01256,B-C-00966,Northwind Health,H3036-022,MA,SD,AGE,2026-05-01,,ACTIVE,49066206,46.23,NW-637303
B-P-01257,B-C-00967,Harborline,H1547-022,MA,SD,AGE,2022-02-01,,ACTIVE,49066206,21.13,HL-605720
B-P-01258,B-C-00968,Meridian Care,R4076-022-001,MA,DC,AGE,2023-12-01,,ACTIVE,75084135,0.42,MC-675412
B-P-01259,B-C-00969,Meridian Care,H4636-015-002,MA,DC,AGE,2022-10-01,,ACTIVE,75084135,10.13,MC-130188
B-P-01260,B-C-00970,Harborline,H2522-026-001,MA,OR,AGE,2023-08-01,,ACTIVE,9527070,34.80,HL-867235
B-P-01261,B-C-00971,Bluepeak,H9161-016-003,MA,SD,AGE,2023-11-01,,ACTIVE,84583776,3.24,BP-275865
B-P-01262,B-C-00972,Meridian Care,H5913-008,MA,CO,AGE,2024-08-01,,ACTIVE,59893296,42.98,MC-574641
B-P-01263,B-C-00973,Harborline,H1547-016,MA,PA,AGE,2023-04-01,,ACTIVE,91146902,34.88,HL-852483
B-P-01264,B-C-00974,Cardinal Mutual,70072GA8466291,ACA,GA,,2025-01-01,2025-12-31,TERMINATED,51446845,428.36,CM-108305
B-P-01265,B-C-00974,Summit Health Plans,75720GA4487087,ACA,GA,,2026-01-01,,ACTIVE,51446845,617.45,SH-121982
B-P-01266,B-C-00975,Meridian Care,S7287-014,PDP,GA,AGE,2026-03-01,,ACTIVE,51446845,52.77,MC-146710
B-P-01267,B-C-00976,Cardinal Mutual,R6363-020-003,MA,SD,DISABILITY,2025-03-01,,ACTIVE,49066206,37.45,CM-388236
B-P-01268,B-C-00977,Northwind Health,H3036-016,MA,LA,AGE,2025-05-01,,ACTIVE,26047628,28.42,NW-975725
B-P-01269,B-C-00978,Harborline,H1547-018,MA,NM,DISABILITY,2023-07-01,2024-08-31,TERMINATED,67876966,36.88,HL-886409
B-P-01270,B-C-00978,Bluepeak,H9161-002,MA,NM,DISABILITY,2024-09-01,,ACTIVE,67876966,8.37,BP-243878
B-P-01271,B-C-00979,Summit Health Plans,H9807-004,MA,NM,AGE,2022-08-01,2023-10-31,TERMINATED,67876966,1.35,SH-736534
B-P-01272,B-C-00979,Bluepeak,H5243-018-003,MA,NM,AGE,2023-11-01,,ACTIVE,67876966,6.70,BP-359694
B-P-01273,B-C-00980,Cardinal Mutual,70072OH0227796,ACA,OH,,2026-01-01,,ACTIVE,50979283,580.51,CM-295296
B-P-01274,B-C-00981,Meridian Care,G,MEDSUPP,VA,AGE,2022-05-01,,ACTIVE,98787777,157.00,MC-270438
B-P-01275,B-C-00981,Meridian Care,S4547-020,PDP,VA,AGE,2022-05-01,,ACTIVE,98787777,7.39,MC-858089
B-P-01276,B-C-00982,Summit Health Plans,H9807-013,MA,VA,AGE,2024-04-01,,ACTIVE,98787777,31.61,SH-212393
B-P-01277,B-C-00983,Cardinal Mutual,H5265-006,MA,WV,AGE,2025-04-01,,ACTIVE,69777236,58.64,CM-841203
B-P-01278,B-C-00984,Cardinal Mutual,H7696-009,MA,WV,AGE,2025-02-01,,ACTIVE,69777236,49.03,CM-950125
B-P-01279,B-C-00985,Northwind Health,H3064-014,MA,WY,AGE,2023-09-01,,ACTIVE,20671937,34.02,NW-606338
B-P-01280,B-C-00986,Summit Health Plans,H9807-023,MA,WY,AGE,2023-03-01,,ACTIVE,20671937,25.69,SH-104449
B-P-01281,B-C-00987,Summit Health Plans,S1837-030,PDP,WY,AGE,2023-04-01,,ACTIVE,20671937,62.42,SH-855318
B-P-01282,B-C-00988,Harborline,17955TX6239001,ACA,TX,,2024-01-01,,ACTIVE,14829889,797.38,HL-140940
B-P-01283,B-C-00989,Bluepeak,H9161-029,MA,TX,AGE,2025-05-01,,ACTIVE,14829889,21.40,BP-336948
B-P-01284,B-C-00990,Summit Health Plans,75720CT4026116,ACA,CT,,2024-01-01,,ACTIVE,14829889,757.51,SH-862381
B-P-01285,B-C-00991,Summit Health Plans,H9807-022,MA,CO,AGE,2023-02-01,,ACTIVE,59893296,44.88,SH-617402
B-P-01286,B-C-00992,Harborline,17955CO7244878,ACA,CO,,2025-01-01,2025-12-31,TERMINATED,59893296,734.18,HL-742642
B-P-01287,B-C-00992,Cardinal Mutual,70072CO5624036,ACA,CO,,2026-01-01,,ACTIVE,59893296,558.06,CM-909043
B-P-01288,B-C-00993,Bluepeak,S7317-004,PDP,OR,AGE,2023-01-01,,ACTIVE,9527070,9.31,BP-984064
B-P-01289,B-C-00994,Northwind Health,S2942-030,PDP,NV,AGE,2023-12-01,,ACTIVE,37947372,55.31,NW-815198
B-P-01290,B-C-00995,Meridian Care,H4636-013-003,MA,NV,AGE,2026-11-01,,PENDING,37947372,33.84,MC-400890
B-P-01291,B-C-00996,Harborline,17955NV8338672,ACA,NV,,2026-01-01,,ACTIVE,37947372,655.33,HL-947132
B-P-01292,B-C-00997,Summit Health Plans,H9807-030,MA,LA,AGE,2023-05-01,,ACTIVE,26047628,15.85,SH-618419
B-P-01293,B-C-00998,Harborline,H2522-004,MA,VT,AGE,2023-06-01,2024-08-31,TERMINATED,84583776,1.03,HL-836110
B-P-01294,B-C-00998,Northwind Health,R1279-006,MA,VT,AGE,2024-09-01,,ACTIVE,84583776,48.34,NW-678638
B-P-01295,B-C-00999,Bluepeak,A,MEDSUPP,VT,AGE,2023-10-01,,ACTIVE,84583776,175.29,BP-107441
B-P-01296,B-C-00999,Bluepeak,S2427-029,PDP,VT,AGE,2023-10-01,,ACTIVE,84583776,22.11,BP-512376
B-P-01297,B-C-01000,Northwind Health,H3036-009,MA,TN,DISABILITY,2022-05-01,,ACTIVE,45462976,38.31,NW-290975
B-P-01298,B-C-01001,Summit Health Plans,G,MEDSUPP,CT,AGE,2024-03-01,,ACTIVE,90228424,173.00,SH-197840
B-P-01299,B-C-01001,Summit Health Plans,S4824-027-001,PDP,CT,AGE,2024-03-01,,ACTIVE,90228424,16.77,SH-420912
B-P-01300,B-C-01002,Bluepeak,H9161-018,MA,DE,AGE,2024-12-01,,ACTIVE,59893296,21.91,BP-954854
B-P-01301,B-C-01003,Summit Health Plans,H9807-029-001,MA,DE,AGE,2022-04-01,2024-08-31,TERMINATED,59893296,28.72,SH-923661
B-P-01302,B-C-01003,Northwind Health,H3036-013,MA,DE,AGE,2024-09-01,,ACTIVE,59893296,36.89,NW-199856
B-P-01303,B-C-01004,Bluepeak,39473CO0041944,ACA,CO,,2024-01-01,,ACTIVE,64493418,622.83,BP-998597
B-P-01304,B-C-01005,Bluepeak,H5243-021-001,MA,CO,AGE,2022-10-01,,ACTIVE,64493418,58.02,BP-642510
B-P-01305,B-C-01006,Bluepeak,39473RI9131948,ACA,RI,,2025-01-01,2025-12-31,TERMINATED,37947372,804.99,BP-324675
B-P-01306,B-C-01006,Northwind Health,61006RI4134900,ACA,RI,,2026-01-01,,ACTIVE,37947372,387.95,NW-476693
B-P-01307,B-C-01007,Northwind Health,61006TX6910184,ACA,TX,,2026-01-01,,ACTIVE,14829889,502.59,NW-414633
B-P-01308,B-C-01008,Northwind Health,61006CT1374147,ACA,CT,,2026-01-01,,ACTIVE,20671937,472.36,NW-339871
B-P-01309,B-C-01009,Harborline,S4178-016,PDP,CT,AGE,2024-10-01,,ACTIVE,90228424,53.28,HL-582794
B-P-01310,B-C-01010,Harborline,H2522-018,MA,CT,AGE,2026-04-01,,ACTIVE,90228424,58.52,HL-607150
B-P-01311,B-C-01011,Summit Health Plans,H4044-026,MA,CO,AGE,2023-03-01,,ACTIVE,59893296,36.65,SH-987604
B-P-01312,B-C-01012,Harborline,L,MEDSUPP,NV,AGE,2023-05-01,,ACTIVE,37947372,159.44,HL-877152
B-P-01313,B-C-01012,Harborline,S7610-021-002,PDP,NV,AGE,2023-05-01,,ACTIVE,37947372,30.54,HL-715082
B-P-01314,B-C-01013,Harborline,H2522-013,MA,NC,AGE,2023-03-01,2024-04-30,TERMINATED,93619366,39.09,HL-503032
B-P-01315,B-C-01013,Summit Health Plans,H4044-002,MA,NC,AGE,2024-05-01,,ACTIVE,93619366,31.63,SH-191325
B-P-01316,B-C-01014,Cardinal Mutual,H5265-019,MA,CT,AGE,2025-11-01,,ACTIVE,51446845,42.57,CM-834982
B-P-01317,B-C-01015,Summit Health Plans,H4044-024,MA,SD,AGE,2025-11-01,,ACTIVE,84583776,25.03,SH-120325
B-P-01318,B-C-01016,Bluepeak,R8474-016,MA,GA,AGE,2023-01-01,,ACTIVE,26047628,28.79,BP-582129
B-P-01319,B-C-01017,Harborline,H1547-029,MA,NC,DISABILITY,2024-02-01,2026-04-30,TERMINATED,98787777,47.15,HL-630217
B-P-01320,B-C-01017,Meridian Care,H4636-001-002,MA,NC,DISABILITY,2026-05-01,,ACTIVE,98787777,38.78,MC-809832
B-P-01321,B-C-01018,Summit Health Plans,H9807-003,MA,NC,AGE,2024-12-01,,ACTIVE,98787777,40.53,SH-869610
B-P-01322,B-C-01019,Meridian Care,R6659-003,MA,SD,AGE,2023-02-01,2024-05-31,TERMINATED,14829889,30.29,MC-848863
B-P-01323,B-C-01019,Cardinal Mutual,H5265-004,MA,SD,AGE,2024-06-01,,ACTIVE,14829889,19.67,CM-950679
B-P-01324,B-C-01020,Summit Health Plans,H4044-009,MA,KY,AGE,2026-05-01,,ACTIVE,43888211,44.95,SH-152228
B-P-01325,B-C-01021,Harborline,17955KY8690662,ACA,KY,,2026-01-01,,ACTIVE,43888211,207.75,HL-908138
B-P-01326,B-C-01022,Harborline,F,MEDSUPP,OH,AGE,2022-03-01,,ACTIVE,50979283,239.62,HL-647025
B-P-01327,B-C-01022,Harborline,S7610-013,PDP,OH,AGE,2022-03-01,,ACTIVE,50979283,9.15,HL-545088
B-P-01328,B-C-01023,Northwind Health,F,MEDSUPP,MS,AGE,2022-05-01,,ACTIVE,50979283,265.60,NW-630142
B-P-01329,B-C-01023,Northwind Health,S9721-023,PDP,MS,AGE,2022-05-01,,ACTIVE,50979283,30.41,NW-494095
B-P-01330,B-C-01024,Meridian Care,H5913-012,MA,CO,AGE,2025-12-01,,ACTIVE,49066206,21.13,MC-571467
B-P-01331,B-C-01025,Cardinal Mutual,L,MEDSUPP,GA,AGE,2024-10-01,,ACTIVE,26047628,303.53,CM-950886
B-P-01332,B-C-01025,Cardinal Mutual,S6685-010-002,PDP,GA,AGE,2024-10-01,,ACTIVE,26047628,44.35,CM-857298
B-P-01333,B-C-01026,Meridian Care,A,MEDSUPP,DE,AGE,2025-05-01,,ACTIVE,69777236,276.98,MC-174879
B-P-01334,B-C-01026,Meridian Care,S4547-008,PDP,DE,AGE,2025-05-01,,ACTIVE,69777236,23.64,MC-492844
B-P-01335,B-C-01027,Harborline,H1547-021,MA,DE,AGE,2024-06-01,,ACTIVE,69777236,31.69,HL-516490
B-P-01336,B-C-01028,Harborline,R7629-018,MA,OR,AGE,2023-12-01,,ACTIVE,9527070,10.04,HL-678938
B-P-01337,B-C-01029,Northwind Health,H3064-022,MA,OR,AGE,2026-11-01,,PENDING,93619366,13.76,NW-255814
B-P-01338,B-C-01030,Northwind Health,G,MEDSUPP,OR,AGE,2023-10-01,,ACTIVE,93619366,109.69,NW-864982
B-P-01339,B-C-01030,Northwind Health,S9721-007,PDP,OR,AGE,2023-10-01,,ACTIVE,93619366,26.46,NW-143674
B-P-01340,B-C-01031,Meridian Care,H5913-025-001,MA,OK,AGE,2023-12-01,2025-07-31,TERMINATED,81157097,20.40,MC-958771
B-P-01341,B-C-01031,Cardinal Mutual,H7696-003,MA,OK,AGE,2025-08-01,,ACTIVE,81157097,15.35,CM-280788
B-P-01342,B-C-01032,Harborline,S7610-011,PDP,OK,AGE,2025-05-01,,ACTIVE,81157097,8.21,HL-752931
B-P-01343,B-C-01033,Meridian Care,H5913-002,MA,MO,AGE,2022-04-01,,ACTIVE,81157097,1.49,MC-220727
B-P-01344,B-C-01034,Harborline,H1547-007-003,MA,CA,AGE,2025-07-01,,ACTIVE,50399119,54.99,HL-338365
B-P-01345,B-C-01035,Bluepeak,H9161-016,MA,DE,AGE,2025-12-01,,ACTIVE,59893296,22.90,BP-514028
B-P-01346,B-C-01036,Meridian Care,H5913-004,MA,RI,AGE,2022-04-01,,ACTIVE,37947372,1.03,MC-822463
B-P-01347,B-C-01037,Harborline,H1547-007,MA,AL,AGE,2025-02-01,2026-04-30,TERMINATED,67876966,1.55,HL-568927
B-P-01348,B-C-01037,Northwind Health,H3064-010,MA,AL,AGE,2026-05-01,,ACTIVE,67876966,33.57,NW-199017
B-P-01349,B-C-01038,Harborline,17955HI3641809,ACA,HI,,2025-01-01,2025-12-31,TERMINATED,81157097,730.80,HL-392288
B-P-01350,B-C-01038,Summit Health Plans,75720HI5575003,ACA,HI,,2026-01-01,,ACTIVE,81157097,371.92,SH-890018
B-P-01351,B-C-01039,Harborline,17955DE6302473,ACA,DE,,2025-01-01,,ACTIVE,69777236,748.00,HL-407239
B-P-01352,B-C-01040,Bluepeak,H9161-021,MA,CT,AGE,2024-03-01,,ACTIVE,90228424,3.47,BP-302447
B-P-01353,B-C-01041,Harborline,H2522-007,MA,OK,AGE,2025-02-01,,ACTIVE,67876966,9.36,HL-842560
B-P-01354,B-C-01042,Bluepeak,R8474-026-001,MA,OK,AGE,2023-08-01,,ACTIVE,67876966,34.00,BP-536841
B-P-01355,B-C-01043,Harborline,H1547-002,MA,NE,AGE,2026-01-01,,ACTIVE,94445646,6.02,HL-235744
B-P-01356,B-C-01044,Summit Health Plans,H4044-016,MA,NE,AGE,2023-07-01,,ACTIVE,94445646,58.71,SH-608135
B-P-01357,B-C-01045,Summit Health Plans,H4044-015,MA,AZ,AGE,2023-11-01,2025-08-31,TERMINATED,9527070,15.86,SH-312155
B-P-01358,B-C-01045,Cardinal Mutual,H5265-013-002,MA,AZ,AGE,2025-09-01,,ACTIVE,9527070,21.11,CM-753719
B-P-01359,B-C-01046,Meridian Care,R4076-019,MA,HI,AGE,2022-01-01,,ACTIVE,50399119,9.86,MC-829996
B-P-01360,B-C-01047,Harborline,H1547-025,MA,OK,AGE,2024-06-01,,ACTIVE,67876966,19.48,HL-277106
B-P-01361,B-C-01048,Summit Health Plans,S4824-026,PDP,OK,AGE,2026-02-01,,ACTIVE,67876966,12.35,SH-609311
B-P-01362,B-C-01049,Harborline,H1547-012,MA,VA,AGE,2026-01-01,,ACTIVE,98787777,13.08,HL-890020
B-P-01363,B-C-01050,Bluepeak,H9161-007,MA,VA,AGE,2022-08-01,,ACTIVE,98787777,1.77,BP-981945
B-P-01364,B-C-01051,Bluepeak,39473OR1315413,ACA,OR,,2025-01-01,,ACTIVE,93619366,325.73,BP-652487
B-P-01365,B-C-01052,Summit Health Plans,H9807-013,MA,TN,AGE,2025-02-01,,ACTIVE,45462976,53.60,SH-327189
B-P-01366,B-C-01053,Cardinal Mutual,S1849-029,PDP,DC,AGE,2023-11-01,,ACTIVE,24647567,80.40,CM-452688
B-P-01367,B-C-01054,Summit Health Plans,H9807-028-001,MA,DC,AGE,2022-12-01,,ACTIVE,24647567,7.03,SH-422123
B-P-01368,B-C-01055,Bluepeak,H9161-010-003,MA,SD,AGE,2025-01-01,,ACTIVE,84583776,22.76,BP-622002
B-P-01369,B-C-01056,Bluepeak,H9161-003,MA,SD,AGE,2024-01-01,,ACTIVE,84583776,55.92,BP-881238
B-P-01370,B-C-01057,Summit Health Plans,H9807-024,MA,TX,AGE,2023-05-01,,ACTIVE,50399119,14.11,SH-695323
B-P-01371,B-C-01058,Harborline,17955TX2970965,ACA,TX,,2025-01-01,2025-12-31,TERMINATED,50399119,484.47,HL-703358
B-P-01372,B-C-01058,Cardinal Mutual,70072TX6452365,ACA,TX,,2026-01-01,,ACTIVE,50399119,385.42,CM-495750
B-P-01373,B-C-01059,Harborline,17955PA6676651,ACA,PA,,2025-01-01,,ACTIVE,91146902,373.30,HL-574358
B-P-01374,B-C-01060,Harborline,17955PA0528077,ACA,PA,,2025-01-01,2025-12-31,TERMINATED,91146902,211.20,HL-405351
B-P-01375,B-C-01060,Summit Health Plans,75720PA2547859,ACA,PA,,2026-01-01,,ACTIVE,91146902,726.25,SH-837500
B-P-01376,B-C-01061,Northwind Health,H3036-019-003,MA,CT,AGE,2023-03-01,,ACTIVE,51446845,38.36,NW-826973
B-P-01377,B-C-01062,Bluepeak,39473WY4995862,ACA,WY,,2026-01-01,,ACTIVE,20671937,539.93,BP-879599
B-P-01378,B-C-01063,Summit Health Plans,H4044-023,MA,CA,AGE,2024-10-01,,ACTIVE,50399119,21.04,SH-817993
B-P-01379,B-C-01064,Harborline,H2522-006,MA,CA,AGE,2024-03-01,,ACTIVE,50399119,22.91,HL-380144
B-P-01380,B-C-01065,Meridian Care,H5913-002,MA,CT,AGE,2025-04-01,,ACTIVE,20671937,2.13,MC-487741
B-P-01381,B-C-01066,Bluepeak,G,MEDSUPP,GA,AGE,2026-03-01,,ACTIVE,51446845,106.58,BP-674707
B-P-01382,B-C-01066,Bluepeak,S7317-020,PDP,GA,AGE,2026-03-01,,ACTIVE,51446845,34.38,BP-923444
B-P-01383,B-C-01067,Bluepeak,H9161-024-002,MA,NC,AGE,2023-06-01,,ACTIVE,67876966,17.53,BP-356728
B-P-01384,B-C-01068,Summit Health Plans,G,MEDSUPP,NC,AGE,2025-08-01,,ACTIVE,67876966,253.65,SH-827138
B-P-01385,B-C-01068,Summit Health Plans,S4824-029-003,PDP,NC,AGE,2025-08-01,,ACTIVE,67876966,56.60,SH-349138
B-P-01386,B-C-01069,Cardinal Mutual,N,MEDSUPP,CT,AGE,2023-12-01,,ACTIVE,24647567,207.84,CM-112069
B-P-01387,B-C-01069,Cardinal Mutual,S1849-015-003,PDP,CT,AGE,2023-12-01,,ACTIVE,24647567,36.22,CM-177163
B-P-01388,B-C-01070,Cardinal Mutual,H7696-012,MA,DE,AGE,2022-05-01,,ACTIVE,59893296,6.12,CM-718248
B-P-01389,B-C-01071,Summit Health Plans,H4044-009-003,MA,MA,AGE,2023-03-01,,ACTIVE,75084135,22.32,SH-560352
B-P-01390,B-C-01072,Summit Health Plans,75720OH3756085,ACA,OH,,2026-01-01,,ACTIVE,50979283,166.41,SH-973576
B-P-01391,B-C-01073,Northwind Health,G,MEDSUPP,OH,AGE,2023-01-01,,ACTIVE,50979283,166.46,NW-850435
B-P-01392,B-C-01073,Northwind Health,S9721-009,PDP,OH,AGE,2023-01-01,,ACTIVE,50979283,34.25,NW-371993
B-P-01393,B-C-01074,Northwind Health,H3064-014,MA,OH,AGE,2024-01-01,,ACTIVE,50979283,18.32,NW-187779
B-P-01394,B-C-01075,Harborline,H2522-012-003,MA,CT,AGE,2026-03-01,,ACTIVE,20671937,52.41,HL-555603
B-P-01395,B-C-01076,Bluepeak,H9161-001-003,MA,CT,AGE,2025-05-01,,ACTIVE,20671937,29.20,BP-544444
B-P-01396,B-C-01077,Harborline,S7610-003-002,PDP,CT,AGE,2023-02-01,,ACTIVE,20671937,67.84,HL-747551
B-P-01397,B-C-01078,Meridian Care,18024KY5244235,ACA,KY,,2025-01-01,2025-12-31,TERMINATED,43888211,678.79,MC-701076
B-P-01398,B-C-01078,Northwind Health,61006KY3146036,ACA,KY,,2026-01-01,,ACTIVE,43888211,346.58,NW-882359
B-P-01399,B-C-01079,Summit Health Plans,H4044-024-001,MA,MA,AGE,2024-05-01,2026-02-28,TERMINATED,75084135,33.92,SH-166119
B-P-01400,B-C-01079,Harborline,H2522-016,MA,MA,AGE,2026-03-01,,ACTIVE,75084135,22.05,HL-503783
B-P-01401,B-C-01080,Northwind Health,H3064-001,MA,MA,AGE,2025-05-01,,ACTIVE,75084135,38.56,NW-556546
B-P-01402,B-C-01081,Harborline,H2522-011,MA,AZ,AGE,2025-10-01,,ACTIVE,9527070,43.73,HL-399340
B-P-01403,B-C-01082,Meridian Care,H5913-007-001,MA,WY,AGE,2022-01-01,,ACTIVE,91146902,53.52,MC-614827
B-P-01404,B-C-01083,Harborline,H1547-028,MA,WY,AGE,2023-11-01,,ACTIVE,91146902,42.84,HL-164929
B-P-01407,B-C-01085,Northwind Health,S2942-021,PDP,HI,AGE,2025-09-01,,ACTIVE,50399119,82.49,NW-559554
B-P-01408,B-C-01086,Bluepeak,H9161-021,MA,HI,AGE,2022-02-01,,ACTIVE,50399119,50.44,BP-280255
B-P-01409,B-C-01087,Harborline,17955CO5964797,ACA,CO,,2026-01-01,,ACTIVE,64493418,843.28,HL-867353
B-P-01410,B-C-01088,Bluepeak,39473FL0746135,ACA,FL,,2024-01-01,,ACTIVE,90228424,161.36,BP-193772
B-P-01411,B-C-01089,Bluepeak,H9161-016,MA,FL,AGE,2022-04-01,,ACTIVE,90228424,33.64,BP-211331
B-P-01412,B-C-01090,Summit Health Plans,S1837-030,PDP,RI,AGE,2023-05-01,,ACTIVE,37947372,84.13,SH-148191
B-P-01413,B-C-01091,Cardinal Mutual,H7696-024,MA,OK,AGE,2023-02-01,,ACTIVE,90228424,54.01,CM-342834
B-P-01414,B-C-01092,Bluepeak,G,MEDSUPP,OK,AGE,2025-11-01,,ACTIVE,90228424,314.76,BP-110386
B-P-01415,B-C-01092,Bluepeak,S2427-020,PDP,OK,AGE,2025-11-01,,ACTIVE,90228424,83.33,BP-769478
B-P-01416,B-C-01093,Cardinal Mutual,70072GA9009836,ACA,GA,,2025-01-01,,ACTIVE,26047628,281.29,CM-951616
B-P-01417,B-C-01094,Bluepeak,H5243-009,MA,CT,AGE,2023-12-01,2024-11-30,TERMINATED,51446845,19.69,BP-108893
B-P-01418,B-C-01094,Northwind Health,H3064-007-003,MA,CT,AGE,2024-12-01,,ACTIVE,51446845,49.47,NW-936087
B-P-01419,B-C-01095,Harborline,H1547-018,MA,AR,AGE,2023-09-01,,ACTIVE,98787777,18.02,HL-838691
B-P-01420,B-C-01096,Northwind Health,H3036-012-002,MA,RI,AGE,2022-03-01,,ACTIVE,37947372,32.63,NW-158615
B-P-01421,B-C-01097,Summit Health Plans,F,MEDSUPP,NC,AGE,2025-11-01,,ACTIVE,93619366,212.87,SH-250219
B-P-01422,B-C-01097,Summit Health Plans,S1837-020-002,PDP,NC,AGE,2025-11-01,,ACTIVE,93619366,74.27,SH-728870
B-P-01423,B-C-01098,Harborline,H1547-004,MA,NC,AGE,2023-11-01,,ACTIVE,50979283,58.92,HL-474357
B-P-01424,B-C-01099,Summit Health Plans,H4044-027-003,MA,NC,AGE,2024-06-01,,ACTIVE,50979283,37.61,SH-718655
B-P-01425,B-C-01100,Harborline,H2522-010,MA,CO,AGE,2025-03-01,2026-03-31,TERMINATED,59893296,8.03,HL-356028
B-P-01426,B-C-01100,Cardinal Mutual,H5265-001,MA,CO,AGE,2026-04-01,,ACTIVE,59893296,1.88,CM-802373
B-P-01427,B-C-01101,Meridian Care,H5913-012,MA,WV,AGE,2025-07-01,,ACTIVE,64493418,49.36,MC-549046
B-P-01428,B-C-01102,Bluepeak,H9161-001,MA,WV,AGE,2022-05-01,,ACTIVE,64493418,32.54,BP-863885
B-P-01429,B-C-01103,Harborline,H2522-003,MA,OR,AGE,2023-03-01,,ACTIVE,43888211,26.51,HL-812079
B-P-01430,B-C-01104,Northwind Health,F,MEDSUPP,OR,AGE,2026-03-01,,ACTIVE,43888211,155.19,NW-643447
B-P-01431,B-C-01104,Northwind Health,S2942-025,PDP,OR,AGE,2026-03-01,,ACTIVE,43888211,27.56,NW-623554
B-P-01432,B-C-01105,Cardinal Mutual,H5265-014,MA,TX,AGE,2022-08-01,2025-10-31,TERMINATED,50399119,18.90,CM-176412
B-P-01433,B-C-01105,Harborline,H1547-020-001,MA,TX,AGE,2025-11-01,,ACTIVE,50399119,47.22,HL-699685
B-P-01434,B-C-01106,Meridian Care,B,MEDSUPP,WY,AGE,2022-12-01,,ACTIVE,84583776,280.62,MC-738304
B-P-01435,B-C-01106,Meridian Care,S4547-005,PDP,WY,AGE,2022-12-01,,ACTIVE,84583776,14.11,MC-253256
B-P-01436,B-C-01107,Harborline,H1547-021,MA,WY,AGE,2024-11-01,,ACTIVE,84583776,6.54,HL-259579
B-P-01437,B-C-01108,Harborline,N,MEDSUPP,NC,AGE,2023-02-01,,ACTIVE,98787777,92.41,HL-819173
B-P-01438,B-C-01108,Harborline,S4178-020,PDP,NC,AGE,2023-02-01,,ACTIVE,98787777,9.09,HL-687442
B-P-01439,B-C-01109,Meridian Care,H4636-013,MA,NE,AGE,2023-03-01,,ACTIVE,91146902,39.63,MC-659332
B-P-01440,B-C-01110,Harborline,N,MEDSUPP,GA,AGE,2024-12-01,,ACTIVE,51446845,232.99,HL-242446
B-P-01441,B-C-01110,Harborline,S4178-021,PDP,GA,AGE,2024-12-01,,ACTIVE,51446845,78.30,HL-437739
B-P-01442,B-C-01111,Summit Health Plans,H9807-018,MA,WY,AGE,2024-11-01,,ACTIVE,84583776,59.26,SH-621568
B-P-01443,B-C-01112,Harborline,H1547-024,MA,PA,AGE,2024-12-01,,ACTIVE,50399119,21.17,HL-361333
B-P-01444,B-C-01113,Summit Health Plans,H9807-029-001,MA,AR,AGE,2026-05-01,,ACTIVE,93619366,18.34,SH-488437
B-P-01445,B-C-01114,Summit Health Plans,H9807-014-003,MA,CT,ESRD,2025-08-01,,ACTIVE,24647567,14.95,SH-702550
B-P-01446,B-C-01115,Northwind Health,S2942-029,PDP,FL,AGE,2026-01-01,,ACTIVE,90228424,41.69,NW-962284
B-P-01447,B-C-01116,Bluepeak,H5243-022,MA,OK,AGE,2025-12-01,,ACTIVE,67876966,26.16,BP-407410
B-P-01448,B-C-01117,Meridian Care,18024NC1475242,ACA,NC,,2025-01-01,,ACTIVE,50979283,849.93,MC-463666
B-P-01449,B-C-01118,Northwind Health,L,MEDSUPP,NC,AGE,2025-07-01,,ACTIVE,50979283,166.70,NW-446033
B-P-01450,B-C-01118,Northwind Health,S2942-020-001,PDP,NC,AGE,2025-07-01,,ACTIVE,50979283,14.40,NW-159728
B-P-01451,B-C-01119,Summit Health Plans,H9807-002,MA,CT,AGE,2025-02-01,,ACTIVE,90228424,31.36,SH-911977
B-P-01452,B-C-01120,Northwind Health,H3036-004,MA,HI,AGE,2025-04-01,,ACTIVE,81157097,2.72,NW-384621
B-P-01453,B-C-01121,Bluepeak,39473HI6745829,ACA,HI,,2026-01-01,,ACTIVE,81157097,618.60,BP-539407
B-P-01454,B-C-01122,Cardinal Mutual,70072MS2075690,ACA,MS,,2025-01-01,2025-12-31,TERMINATED,50979283,563.68,CM-829756
B-P-01455,B-C-01122,Bluepeak,39473MS3161307,ACA,MS,,2026-01-01,,ACTIVE,50979283,594.94,BP-385993
B-P-01456,B-C-01123,Harborline,R7629-005,MA,MS,AGE,2024-03-01,,ACTIVE,50979283,20.27,HL-509658
B-P-01457,B-C-01124,Bluepeak,39473ND9598116,ACA,ND,,2026-01-01,,ACTIVE,93619366,481.94,BP-848543
B-P-01458,B-C-01125,Cardinal Mutual,R7519-011,MA,ND,AGE,2024-10-01,,ACTIVE,93619366,30.17,CM-573860
B-P-01459,B-C-01126,Meridian Care,H4636-005,MA,CT,AGE,2025-07-01,,ACTIVE,20671937,45.74,MC-614836
B-P-01460,B-C-01127,Northwind Health,H3064-028,MA,SD,AGE,2023-04-01,,ACTIVE,49066206,59.57,NW-820913
B-P-01461,B-C-01128,Harborline,H2522-028,MA,CO,AGE,2024-12-01,2026-02-28,TERMINATED,64493418,36.98,HL-986281
B-P-01462,B-C-01128,Bluepeak,H5243-013-003,MA,CO,AGE,2026-03-01,,ACTIVE,64493418,46.68,BP-353964
B-P-01463,B-C-01129,Northwind Health,61006WI5686415,ACA,WI,,2025-01-01,2025-12-31,TERMINATED,50979283,776.08,NW-211229
B-P-01464,B-C-01129,Meridian Care,18024WI9444018,ACA,WI,,2026-01-01,,ACTIVE,50979283,425.44,MC-859155
B-P-01465,B-C-01130,Meridian Care,K,MEDSUPP,WY,AGE,2023-08-01,,ACTIVE,20671937,113.44,MC-950451
B-P-01466,B-C-01130,Meridian Care,S7287-016,PDP,WY,AGE,2023-08-01,,ACTIVE,20671937,34.50,MC-976186
B-P-01467,B-C-01131,Bluepeak,39473CO8945846,ACA,CO,,2026-01-01,,ACTIVE,64493418,792.57,BP-170826
B-P-01468,B-C-01132,Northwind Health,H3064-026,MA,CT,AGE,2023-06-01,,ACTIVE,51446845,38.80,NW-387685
B-P-01469,B-C-01133,Northwind Health,61006CT1909773,ACA,CT,,2025-01-01,2025-12-31,TERMINATED,51446845,444.35,NW-257039
B-P-01470,B-C-01133,Cardinal Mutual,70072CT3798246,ACA,CT,,2026-01-01,,ACTIVE,51446845,621.79,CM-374048
B-P-01471,B-C-01134,Northwind Health,H3036-021-001,MA,SD,AGE,2026-01-01,,ACTIVE,49066206,24.71,NW-435845
B-P-01472,B-C-01135,Cardinal Mutual,H5265-008,MA,OR,AGE,2025-03-01,,ACTIVE,9527070,30.06,CM-197937
B-P-01473,B-C-01136,Northwind Health,H3064-009,MA,CA,AGE,2023-04-01,,ACTIVE,50399119,29.54,NW-978764
B-P-01474,B-C-01137,Northwind Health,H3036-022,MA,CO,AGE,2024-12-01,,ACTIVE,49066206,12.21,NW-148476
B-P-01475,B-C-01138,Meridian Care,H4636-015-003,MA,CO,AGE,2026-03-01,,ACTIVE,49066206,4.01,MC-283357
B-P-01476,B-C-01139,Bluepeak,H5243-005-002,MA,NM,AGE,2024-01-01,,ACTIVE,67876966,42.34,BP-227193
B-P-01477,B-C-01140,Harborline,H1547-011-002,MA,FL,AGE,2026-04-01,,ACTIVE,90228424,15.90,HL-463471
B-P-01478,B-C-01141,Cardinal Mutual,H5265-004,MA,DC,AGE,2024-08-01,2026-01-31,TERMINATED,24647567,54.29,CM-130682
B-P-01479,B-C-01141,Harborline,H1547-009,MA,DC,AGE,2026-02-01,,ACTIVE,24647567,50.70,HL-518519
B-P-01480,B-C-01142,Cardinal Mutual,H7696-019,MA,DC,AGE,2024-12-01,2026-03-31,TERMINATED,24647567,36.95,CM-870175
B-P-01481,B-C-01142,Meridian Care,H4636-009,MA,DC,AGE,2026-04-01,,ACTIVE,24647567,31.82,MC-361960
B-P-01482,B-C-01143,Cardinal Mutual,H7696-029,MA,NE,AGE,2024-02-01,,ACTIVE,94445646,36.58,CM-541970
B-P-01483,B-C-01144,Northwind Health,61006NE3951132,ACA,NE,,2025-01-01,,ACTIVE,94445646,880.16,NW-182283
B-P-01484,B-C-01145,Meridian Care,K,MEDSUPP,NE,AGE,2022-07-01,,ACTIVE,94445646,218.00,MC-770828
B-P-01485,B-C-01145,Meridian Care,S4547-029-002,PDP,NE,AGE,2022-07-01,,ACTIVE,94445646,19.62,MC-307287
B-P-01486,B-C-01146,Cardinal Mutual,H5265-020,MA,OR,AGE,2022-08-01,2026-02-28,TERMINATED,9527070,1.42,CM-830828
B-P-01487,B-C-01146,Summit Health Plans,H4044-022,MA,OR,AGE,2026-03-01,,ACTIVE,9527070,15.78,SH-383173
B-P-01488,B-C-01147,Northwind Health,61006OR2034150,ACA,OR,,2025-01-01,2025-12-31,TERMINATED,9527070,159.06,NW-140544
B-P-01489,B-C-01147,Cardinal Mutual,70072OR0632365,ACA,OR,,2026-01-01,,ACTIVE,9527070,312.04,CM-159400
B-P-01492,B-C-01149,Northwind Health,61006CO8246380,ACA,CO,,2025-01-01,2025-12-31,TERMINATED,59893296,168.96,NW-177058
B-P-01493,B-C-01149,Cardinal Mutual,70072CO8027043,ACA,CO,,2026-01-01,,ACTIVE,59893296,879.23,CM-163784
B-P-01494,B-C-01150,Bluepeak,R6570-029,MA,GA,AGE,2024-01-01,,ACTIVE,26047628,20.30,BP-498659
B-P-01495,B-C-01151,Meridian Care,18024GA3112144,ACA,GA,,2024-01-01,,ACTIVE,26047628,443.16,MC-559999
B-P-01496,B-C-01152,Northwind Health,H3064-022,MA,CT,AGE,2025-06-01,,ACTIVE,24647567,4.27,NW-729093
B-P-01497,B-C-01153,Northwind Health,H3064-024,MA,CT,AGE,2022-07-01,,ACTIVE,24647567,6.18,NW-307907
B-P-01498,B-C-01154,Cardinal Mutual,R6363-013-001,MA,CT,AGE,2022-05-01,2025-03-31,TERMINATED,91146902,50.80,CM-322025
B-P-01499,B-C-01154,Summit Health Plans,H9807-010,MA,CT,AGE,2025-04-01,,ACTIVE,91146902,44.27,SH-802091
B-P-01500,B-C-01155,Meridian Care,A,MEDSUPP,MA,AGE,2023-10-01,,ACTIVE,90228424,280.95,MC-586847
B-P-01501,B-C-01155,Meridian Care,S7287-028,PDP,MA,AGE,2023-10-01,,ACTIVE,90228424,56.26,MC-168318
B-P-01502,B-C-01156,Meridian Care,H5913-011,MA,NV,AGE,2023-09-01,,ACTIVE,45462976,21.22,MC-232528
B-P-01503,B-C-01157,Summit Health Plans,H9807-007,MA,VT,AGE,2025-09-01,,ACTIVE,84583776,49.65,SH-463262
B-P-01504,B-C-01158,Harborline,R7629-009,MA,KY,AGE,2023-09-01,,ACTIVE,43888211,35.33,HL-772413
B-P-01505,B-C-01159,Summit Health Plans,H9807-003,MA,DC,AGE,2024-01-01,,ACTIVE,24647567,29.40,SH-203437
B-P-01506,B-C-01160,Harborline,17955VT3394257,ACA,VT,,2025-01-01,2025-12-31,TERMINATED,84583776,739.06,HL-567978
B-P-01507,B-C-01160,Summit Health Plans,75720VT6100372,ACA,VT,,2026-01-01,,ACTIVE,84583776,734.78,SH-939519
B-P-01508,B-C-01161,Bluepeak,H5243-022-002,MA,VT,AGE,2025-04-01,2026-04-30,TERMINATED,84583776,1.84,BP-224607
B-P-01509,B-C-01161,Harborline,H1547-002-002,MA,VT,AGE,2026-05-01,,ACTIVE,84583776,7.34,HL-786239
B-P-01510,B-C-01162,Meridian Care,H5913-016,MA,CA,AGE,2023-02-01,2025-02-28,TERMINATED,50399119,42.29,MC-341465
B-P-01511,B-C-01162,Summit Health Plans,H4044-017,MA,CA,AGE,2025-03-01,,ACTIVE,50399119,52.84,SH-205400
B-P-01512,B-C-01163,Cardinal Mutual,S1849-010-001,PDP,CA,AGE,2026-11-01,,PENDING,50399119,70.32,CM-638563
B-P-01513,B-C-01164,Bluepeak,H9161-008,MA,PA,AGE,2025-05-01,,ACTIVE,91146902,58.52,BP-812754
B-P-01514,B-C-01165,Harborline,17955PA9641466,ACA,PA,,2025-01-01,2025-12-31,TERMINATED,50399119,436.79,HL-487397
B-P-01515,B-C-01165,Summit Health Plans,75720PA1874456,ACA,PA,,2026-01-01,,ACTIVE,50399119,395.12,SH-505366
B-P-01516,B-C-01166,Summit Health Plans,N,MEDSUPP,LA,AGE,2023-09-01,,ACTIVE,26047628,289.05,SH-684915
B-P-01517,B-C-01166,Summit Health Plans,S1837-002,PDP,LA,AGE,2023-09-01,,ACTIVE,26047628,79.32,SH-584387
B-P-01518,B-C-01167,Meridian Care,18024LA7465148,ACA,LA,,2026-01-01,,ACTIVE,26047628,315.89,MC-171469
B-P-01519,B-C-01168,Bluepeak,G,MEDSUPP,CT,AGE,2025-04-01,,ACTIVE,24647567,306.87,BP-660399
B-P-01520,B-C-01168,Bluepeak,S7317-013,PDP,CT,AGE,2025-04-01,,ACTIVE,24647567,71.95,BP-301630
B-P-01521,B-C-01169,Harborline,H2522-028-001,MA,OK,AGE,2026-05-01,,ACTIVE,81157097,52.26,HL-647795
B-P-01522,B-C-01170,Bluepeak,H9161-022,MA,OK,AGE,2022-08-01,,ACTIVE,81157097,52.21,BP-917013
B-P-01523,B-C-01171,Meridian Care,S7287-030,PDP,VT,AGE,2023-09-01,,ACTIVE,84583776,63.29,MC-223171
B-P-01524,B-C-01172,Northwind Health,G,MEDSUPP,SD,AGE,2025-02-01,,ACTIVE,49066206,95.82,NW-181193
B-P-01525,B-C-01172,Northwind Health,S9721-004,PDP,SD,AGE,2025-02-01,,ACTIVE,49066206,63.16,NW-418099
B-P-01526,B-C-01173,Bluepeak,H5243-020,MA,SD,AGE,2026-11-01,,PENDING,49066206,6.82,BP-921231
B-P-01527,B-C-01174,Cardinal Mutual,70072NC8436376,ACA,NC,,2026-01-01,,ACTIVE,50979283,883.41,CM-918976
B-P-01528,B-C-01175,Cardinal Mutual,H7696-028-002,MA,NC,AGE,2024-06-01,2026-04-30,TERMINATED,50979283,58.52,CM-119504
B-P-01529,B-C-01175,Harborline,H1547-006-002,MA,NC,AGE,2026-05-01,,ACTIVE,50979283,32.64,HL-392688
B-P-01530,B-C-01176,Harborline,H1547-010,MA,NC,AGE,2026-11-01,,PENDING,50979283,36.13,HL-394829
B-P-01531,B-C-01177,Bluepeak,G,MEDSUPP,CT,AGE,2022-09-01,,ACTIVE,20671937,162.85,BP-684819
B-P-01532,B-C-01177,Bluepeak,S2427-021,PDP,CT,AGE,2022-09-01,,ACTIVE,20671937,64.13,BP-211914
B-P-01533,B-C-01178,Cardinal Mutual,H5265-019-001,MA,DE,AGE,2025-05-01,,ACTIVE,59893296,1.34,CM-799916
B-P-01534,B-C-01179,Bluepeak,H5243-007,MA,MA,AGE,2023-10-01,,ACTIVE,90228424,2.09,BP-799736
B-P-01535,B-C-01180,Harborline,H2522-028-001,MA,VT,AGE,2026-03-01,,ACTIVE,84583776,28.71,HL-124076
B-P-01536,B-C-01181,Bluepeak,H5243-028,MA,VT,AGE,2024-01-01,,ACTIVE,84583776,34.25,BP-966281
B-P-01537,B-C-01182,Meridian Care,18024OK0924498,ACA,OK,,2025-01-01,2025-12-31,TERMINATED,67876966,194.63,MC-192258
B-P-01538,B-C-01182,Bluepeak,39473OK2415577,ACA,OK,,2026-01-01,,ACTIVE,67876966,251.63,BP-483311
B-P-01539,B-C-01183,Harborline,H1547-012-002,MA,OK,AGE,2022-09-01,,ACTIVE,67876966,51.54,HL-715083
B-P-01540,B-C-01184,Cardinal Mutual,H5265-006,MA,SD,AGE,2023-07-01,,ACTIVE,49066206,26.85,CM-656767
B-P-01541,B-C-01185,Cardinal Mutual,70072SD5047948,ACA,SD,,2025-01-01,,ACTIVE,49066206,462.51,CM-637608
B-P-01542,B-C-01186,Harborline,17955SD8358326,ACA,SD,,2025-01-01,2025-12-31,TERMINATED,49066206,839.68,HL-644205
B-P-01543,B-C-01186,Bluepeak,39473SD6746099,ACA,SD,,2026-01-01,,ACTIVE,49066206,855.08,BP-983227
B-P-01544,B-C-01187,Cardinal Mutual,70072AR4191850,ACA,AR,,2026-01-01,,ACTIVE,93619366,281.96,CM-813465
B-P-01545,B-C-01188,Meridian Care,H5913-014,MA,CT,AGE,2025-12-01,,ACTIVE,24647567,48.05,MC-973675
B-P-01546,B-C-01189,Northwind Health,S2942-007,PDP,CT,AGE,2023-01-01,,ACTIVE,24647567,68.22,NW-911270
B-P-01547,B-C-01190,Harborline,17955OR5362465,ACA,OR,,2024-01-01,,ACTIVE,43888211,619.26,HL-420684
B-P-01548,B-C-01191,Harborline,H1547-005,MA,OR,AGE,2023-01-01,,ACTIVE,43888211,53.45,HL-741491
B-P-01549,B-C-01192,Meridian Care,H5913-025-001,MA,OK,AGE,2023-07-01,,ACTIVE,81157097,33.55,MC-377067
B-P-01550,B-C-01193,Meridian Care,L,MEDSUPP,TX,AGE,2025-07-01,,ACTIVE,14829889,144.06,MC-542154
B-P-01551,B-C-01193,Meridian Care,S4547-002,PDP,TX,AGE,2025-07-01,,ACTIVE,14829889,83.88,MC-967371
B-P-01552,B-C-01194,Summit Health Plans,H4044-010-001,MA,TX,AGE,2025-12-01,,ACTIVE,14829889,52.78,SH-312884
B-P-01553,B-C-01195,Cardinal Mutual,H7696-024-002,MA,CT,AGE,2025-06-01,,ACTIVE,24647567,11.17,CM-983108
B-P-01554,B-C-01196,Cardinal Mutual,H5265-027,MA,UT,AGE,2024-05-01,2025-04-30,TERMINATED,45462976,52.30,CM-426279
B-P-01555,B-C-01196,Meridian Care,H4636-006,MA,UT,AGE,2025-05-01,,ACTIVE,45462976,27.25,MC-909758
B-P-01556,B-C-01197,Northwind Health,61006WY0647942,ACA,WY,,2026-01-01,,ACTIVE,84583776,360.98,NW-840979
B-P-01557,B-C-01198,Cardinal Mutual,70072WY1736176,ACA,WY,,2025-01-01,,ACTIVE,84583776,699.45,CM-982949
B-P-01558,B-C-01199,Bluepeak,H9161-003,MA,OK,AGE,2025-03-01,,ACTIVE,67876966,31.93,BP-161617
B-P-01559,B-C-01200,Harborline,H2522-013,MA,OK,AGE,2024-09-01,,ACTIVE,67876966,32.17,HL-141516
B-P-01560,B-C-01201,Northwind Health,61006SD4457912,ACA,SD,,2024-01-01,,ACTIVE,84583776,577.23,NW-500049
B-P-01561,B-C-01202,Meridian Care,H4636-029,MA,SD,AGE,2023-08-01,2024-12-31,TERMINATED,84583776,36.97,MC-347168
B-P-01562,B-C-01202,Cardinal Mutual,H7696-030,MA,SD,AGE,2025-01-01,,ACTIVE,84583776,16.62,CM-907665
B-P-01563,B-C-01203,Summit Health Plans,R4076-004,MA,CO,AGE,2025-08-01,,ACTIVE,49066206,39.91,SH-712776
B-P-01564,B-C-01204,Meridian Care,A,MEDSUPP,CO,AGE,2026-03-01,,ACTIVE,49066206,289.75,MC-251830
B-P-01565,B-C-01204,Meridian Care,S7287-019-001,PDP,CO,AGE,2026-03-01,,ACTIVE,49066206,43.40,MC-872429
B-P-01566,B-C-01205,Meridian Care,H4636-001,MA,NV,AGE,2022-01-01,2024-12-31,TERMINATED,37947372,6.07,MC-522437
B-P-01567,B-C-01205,Northwind Health,H3064-028,MA,NV,AGE,2025-01-01,,ACTIVE,37947372,18.20,NW-292065
B-P-01568,B-C-01206,Cardinal Mutual,H5265-016,MA,MO,AGE,2024-04-01,,ACTIVE,81157097,57.31,CM-739978
B-P-01569,B-C-01207,Meridian Care,18024DE5927230,ACA,DE,,2026-01-01,,ACTIVE,59893296,661.71,MC-560910
B-P-01570,B-C-01208,Cardinal Mutual,H7696-019,MA,DE,AGE,2023-10-01,,ACTIVE,59893296,58.21,CM-694392
B-P-01571,B-C-01209,Cardinal Mutual,70072NM7739897,ACA,NM,,2026-01-01,,ACTIVE,67876966,673.36,CM-408462
B-P-01572,B-C-01210,Meridian Care,H5913-001,MA,DE,AGE,2024-05-01,,ACTIVE,69777236,18.31,MC-853957
B-P-01573,B-C-01211,Northwind Health,H3064-027-002,MA,NV,AGE,2024-07-01,,ACTIVE,37947372,3.91,NW-297377
B-P-01574,B-C-01212,Summit Health Plans,B,MEDSUPP,NV,AGE,2025-04-01,,ACTIVE,37947372,272.39,SH-473614
B-P-01575,B-C-01212,Summit Health Plans,S4824-029,PDP,NV,AGE,2025-04-01,,ACTIVE,37947372,58.95,SH-350616
B-P-01576,B-C-01213,Cardinal Mutual,H5265-030,MA,NV,AGE,2023-06-01,2025-08-31,TERMINATED,37947372,40.92,CM-302452
B-P-01577,B-C-01213,Northwind Health,H3064-027-001,MA,NV,AGE,2025-09-01,,ACTIVE,37947372,16.62,NW-564820
B-P-01578,B-C-01214,Harborline,G,MEDSUPP,NE,AGE,2025-04-01,,ACTIVE,94445646,287.87,HL-364457
B-P-01579,B-C-01214,Harborline,S4178-020,PDP,NE,AGE,2025-04-01,,ACTIVE,94445646,45.24,HL-514660
B-P-01580,B-C-01215,Harborline,N,MEDSUPP,DE,AGE,2024-03-01,,ACTIVE,69777236,217.61,HL-192647
B-P-01581,B-C-01215,Harborline,S4178-026,PDP,DE,AGE,2024-03-01,,ACTIVE,69777236,39.24,HL-554282
B-P-01582,B-C-01216,Cardinal Mutual,H7696-015,MA,OR,AGE,2023-01-01,,ACTIVE,93619366,10.17,CM-532307
B-P-01583,B-C-01217,Cardinal Mutual,H7696-030-001,MA,ND,AGE,2025-06-01,,ACTIVE,93619366,13.16,CM-185816
B-P-01584,B-C-01218,Cardinal Mutual,70072ND7184636,ACA,ND,,2026-01-01,,ACTIVE,93619366,233.93,CM-854730
B-P-01585,B-C-01219,Bluepeak,H9161-008,MA,AZ,AGE,2025-04-01,,ACTIVE,14829889,20.90,BP-531717
B-P-01586,B-C-01220,Northwind Health,H3064-006,MA,OR,AGE,2022-12-01,2026-04-30,TERMINATED,43888211,42.84,NW-746171
B-P-01587,B-C-01220,Bluepeak,R6570-002-002,MA,OR,AGE,2026-05-01,,ACTIVE,43888211,20.54,BP-233430
B-P-01588,B-C-01221,Cardinal Mutual,H7696-005-003,MA,ND,AGE,2024-12-01,,ACTIVE,93619366,41.23,CM-864622
B-P-01589,B-C-01222,Cardinal Mutual,70072SD5484727,ACA,SD,,2024-01-01,,ACTIVE,49066206,892.52,CM-754237
B-P-01590,B-C-01223,Bluepeak,L,MEDSUPP,CO,AGE,2025-11-01,,ACTIVE,64493418,271.67,BP-834715
B-P-01591,B-C-01223,Bluepeak,S2427-009,PDP,CO,AGE,2025-11-01,,ACTIVE,64493418,44.39,BP-133969
B-P-01592,B-C-01224,Summit Health Plans,75720CT4995575,ACA,CT,,2024-01-01,,ACTIVE,51446845,383.34,SH-598127
B-P-01593,B-C-01225,Cardinal Mutual,H5265-011,MA,DE,AGE,2024-07-01,,ACTIVE,69777236,57.40,CM-239109
B-P-01594,B-C-01226,Cardinal Mutual,H5265-018-001,MA,WY,AGE,2023-01-01,,ACTIVE,91146902,26.29,CM-527706
B-P-01595,B-C-01227,Bluepeak,H9161-030,MA,WY,AGE,2023-07-01,2024-09-30,TERMINATED,91146902,11.70,BP-833698
B-P-01596,B-C-01227,Northwind Health,H3064-016,MA,WY,AGE,2024-10-01,,ACTIVE,91146902,48.15,NW-558456
B-P-01597,B-C-01228,Bluepeak,H5243-003,MA,CT,AGE,2025-05-01,,ACTIVE,51446845,31.28,BP-874327
B-P-01598,B-C-01229,Cardinal Mutual,H5265-029,MA,CT,AGE,2024-08-01,2025-07-31,TERMINATED,51446845,12.60,CM-484256
B-P-01599,B-C-01229,Northwind Health,H3036-024-003,MA,CT,AGE,2025-08-01,,ACTIVE,51446845,19.53,NW-561540
B-P-01600,B-C-01230,Bluepeak,H5243-003,MA,VA,AGE,2024-05-01,,ACTIVE,98787777,52.84,BP-970651
B-P-01601,B-C-01231,Harborline,H1547-007-002,MA,VA,AGE,2024-09-01,,ACTIVE,98787777,9.30,HL-106639
B-P-01602,B-C-01232,Bluepeak,H5243-009-002,MA,TN,AGE,2024-06-01,,ACTIVE,45462976,35.52,BP-343347
B-P-01603,B-C-01233,Bluepeak,N,MEDSUPP,TN,AGE,2024-05-01,,ACTIVE,45462976,318.67,BP-686186
B-P-01604,B-C-01233,Bluepeak,S7317-029,PDP,TN,AGE,2024-05-01,,ACTIVE,45462976,16.63,BP-398182
B-P-01605,B-C-01234,Northwind Health,61006MO7454629,ACA,MO,,2026-01-01,,ACTIVE,69777236,414.03,NW-606370
B-P-01606,B-C-01235,Summit Health Plans,H9807-010,MA,MO,AGE,2024-10-01,2026-03-31,TERMINATED,69777236,5.66,SH-509885
B-P-01607,B-C-01235,Cardinal Mutual,H7696-025,MA,MO,AGE,2026-04-01,,ACTIVE,69777236,15.26,CM-462964
B-P-01608,B-C-01236,Cardinal Mutual,G,MEDSUPP,CT,AGE,2025-08-01,,ACTIVE,51446845,219.84,CM-467636
B-P-01609,B-C-01236,Cardinal Mutual,S6685-011,PDP,CT,AGE,2025-08-01,,ACTIVE,51446845,6.66,CM-838767
B-P-01610,B-C-01237,Summit Health Plans,K,MEDSUPP,PA,AGE,2023-11-01,,ACTIVE,64493418,261.37,SH-340198
B-P-01611,B-C-01237,Summit Health Plans,S1837-022,PDP,PA,AGE,2023-11-01,,ACTIVE,64493418,21.65,SH-657154
B-P-01612,B-C-01238,Harborline,H2522-028,MA,SD,AGE,2024-08-01,,ACTIVE,49066206,18.72,HL-214203
B-P-01613,B-C-01239,Meridian Care,H4636-010-003,MA,DE,DISABILITY,2023-02-01,,ACTIVE,59893296,51.85,MC-941893
B-P-01614,B-C-01240,Bluepeak,39473DE5961843,ACA,DE,,2024-01-01,,ACTIVE,69777236,563.28,BP-413416
B-P-01615,B-C-01241,Bluepeak,H9161-013,MA,DE,ESRD,2024-08-01,,ACTIVE,69777236,33.90,BP-415816
B-P-01616,B-C-01242,Cardinal Mutual,S1849-026,PDP,NM,AGE,2023-11-01,,ACTIVE,67876966,34.90,CM-371195
B-P-01617,B-C-01243,Cardinal Mutual,H7696-028-001,MA,AR,AGE,2024-03-01,,ACTIVE,98787777,37.26,CM-439889
B-P-01618,B-C-01244,Cardinal Mutual,S1849-018,PDP,MS,AGE,2025-04-01,,ACTIVE,50979283,85.12,CM-824264
B-P-01619,B-C-01245,Northwind Health,H3064-011-001,MA,CO,AGE,2023-06-01,,ACTIVE,59893296,4.02,NW-365488
B-P-01620,B-C-01246,Summit Health Plans,H9807-021,MA,PA,AGE,2022-06-01,,ACTIVE,64493418,17.40,SH-823474
B-P-01621,B-C-01247,Meridian Care,18024PA6482477,ACA,PA,,2026-01-01,,ACTIVE,64493418,876.35,MC-393278
B-P-01622,B-C-01248,Meridian Care,N,MEDSUPP,PA,AGE,2025-03-01,,ACTIVE,64493418,192.82,MC-341387
B-P-01623,B-C-01248,Meridian Care,S4547-020,PDP,PA,AGE,2025-03-01,,ACTIVE,64493418,59.27,MC-536237
B-P-01624,B-C-01249,Meridian Care,H5913-025,MA,GA,AGE,2024-12-01,,ACTIVE,51446845,6.50,MC-738672
B-P-01625,B-C-01250,Cardinal Mutual,H7696-010,MA,GA,AGE,2024-02-01,2025-05-31,TERMINATED,51446845,44.94,CM-880983
B-P-01626,B-C-01250,Harborline,H2522-009,MA,GA,AGE,2025-06-01,,ACTIVE,51446845,45.14,HL-137375
B-P-01627,B-C-01251,Northwind Health,61006WY2921739,ACA,WY,,2025-01-01,2025-12-31,TERMINATED,20671937,470.10,NW-420615
B-P-01628,B-C-01251,Meridian Care,18024WY6175935,ACA,WY,,2026-01-01,,ACTIVE,20671937,349.83,MC-554377
B-P-01629,B-C-01252,Bluepeak,B,MEDSUPP,WV,AGE,2024-01-01,,ACTIVE,69777236,251.05,BP-559119
B-P-01630,B-C-01252,Bluepeak,S2427-014,PDP,WV,AGE,2024-01-01,,ACTIVE,69777236,56.34,BP-914333
B-P-01631,B-C-01253,Meridian Care,R4076-002,MA,KY,AGE,2022-05-01,,ACTIVE,43888211,11.68,MC-579226
B-P-01632,B-C-01254,Harborline,S4178-015,PDP,KY,AGE,2023-12-01,,ACTIVE,43888211,62.43,HL-978060
B-P-01633,B-C-01255,Meridian Care,H4636-020-001,MA,LA,AGE,2022-12-01,2025-07-31,TERMINATED,26047628,50.06,MC-554211
B-P-01634,B-C-01255,Bluepeak,H9161-009,MA,LA,AGE,2025-08-01,,ACTIVE,26047628,19.76,BP-840952
B-P-01635,B-C-01256,Northwind Health,61006LA2833819,ACA,LA,,2024-01-01,,ACTIVE,26047628,407.05,NW-160403
B-P-01636,B-C-01257,Bluepeak,H5243-002,MA,LA,AGE,2025-12-01,,ACTIVE,26047628,43.11,BP-993516
B-P-01637,B-C-01258,Summit Health Plans,75720NC7685840,ACA,NC,,2024-01-01,,ACTIVE,98787777,414.79,SH-131105
B-P-01638,B-C-01259,Northwind Health,H3064-007,MA,NC,AGE,2023-01-01,2025-07-31,TERMINATED,98787777,25.69,NW-200293
B-P-01639,B-C-01259,Harborline,H1547-009-001,MA,NC,AGE,2025-08-01,,ACTIVE,98787777,19.15,HL-833162
B-P-01640,B-C-01260,Meridian Care,S4547-009,PDP,NC,AGE,2025-05-01,,ACTIVE,98787777,64.28,MC-466157
B-P-01641,B-C-01261,Harborline,H2522-029-001,MA,OK,AGE,2024-08-01,,ACTIVE,81157097,33.77,HL-123323
B-P-01642,B-C-01262,Northwind Health,H3036-018-002,MA,WV,AGE,2023-10-01,2026-02-28,TERMINATED,69777236,36.82,NW-391636
B-P-01643,B-C-01262,Meridian Care,H5913-006,MA,WV,AGE,2026-03-01,,ACTIVE,69777236,28.20,MC-323392
B-P-01644,B-C-01263,Meridian Care,H4636-019,MA,KY,AGE,2025-01-01,2026-04-30,TERMINATED,43888211,52.87,MC-560567
B-P-01645,B-C-01263,Summit Health Plans,H9807-018-003,MA,KY,AGE,2026-05-01,,ACTIVE,43888211,16.80,SH-702580
B-P-01646,B-C-01264,Meridian Care,G,MEDSUPP,PA,AGE,2025-01-01,,ACTIVE,64493418,191.45,MC-687505
B-P-01647,B-C-01264,Meridian Care,S4547-026,PDP,PA,AGE,2025-01-01,,ACTIVE,64493418,7.29,MC-251962
B-P-01648,B-C-01265,Harborline,K,MEDSUPP,TX,AGE,2022-11-01,,ACTIVE,50399119,243.73,HL-293617
B-P-01649,B-C-01265,Harborline,S7610-027,PDP,TX,AGE,2022-11-01,,ACTIVE,50399119,87.01,HL-342497
B-P-01650,B-C-01266,Bluepeak,H9161-020-002,MA,CT,AGE,2026-11-01,,PENDING,20671937,15.57,BP-908459
B-P-01651,B-C-01267,Meridian Care,H4636-027-002,MA,WY,AGE,2022-04-01,,ACTIVE,84583776,28.08,MC-134592
B-P-01652,B-C-01268,Cardinal Mutual,70072WI0438052,ACA,WI,,2025-01-01,,ACTIVE,50979283,850.00,CM-363774
B-P-01653,B-C-01269,Bluepeak,39473FL6979271,ACA,FL,,2026-01-01,,ACTIVE,90228424,564.43,BP-762704
B-P-01654,B-C-01270,Meridian Care,H4636-014,MA,DC,AGE,2022-11-01,2025-06-30,TERMINATED,24647567,21.14,MC-596040
B-P-01655,B-C-01270,Summit Health Plans,H9807-007,MA,DC,AGE,2025-07-01,,ACTIVE,24647567,25.74,SH-795235
B-P-01656,B-C-01271,Meridian Care,H5913-025-001,MA,DC,AGE,2022-06-01,,ACTIVE,24647567,29.52,MC-325233
B-P-01657,B-C-01272,Bluepeak,H5243-010-002,MA,WV,AGE,2024-06-01,,ACTIVE,64493418,3.05,BP-641841
B-P-01658,B-C-01273,Summit Health Plans,H4044-010,MA,WV,AGE,2025-11-01,,ACTIVE,64493418,50.86,SH-780955
B-P-01659,B-C-01274,Summit Health Plans,G,MEDSUPP,OR,AGE,2025-11-01,,ACTIVE,43888211,152.78,SH-668454
B-P-01660,B-C-01274,Summit Health Plans,S1837-008-003,PDP,OR,AGE,2025-11-01,,ACTIVE,43888211,69.97,SH-879531
B-P-01661,B-C-01275,Northwind Health,61006OR0391965,ACA,OR,,2025-01-01,,ACTIVE,43888211,599.87,NW-297635
B-P-01662,B-C-01276,Cardinal Mutual,H5265-009-002,MA,WI,AGE,2024-02-01,,ACTIVE,50979283,13.75,CM-648532
B-P-01663,B-C-01277,Bluepeak,H5243-020,MA,OK,AGE,2025-08-01,,ACTIVE,81157097,44.13,BP-102306
B-P-01664,B-C-01278,Meridian Care,H4636-021,MA,UT,AGE,2025-05-01,,ACTIVE,45462976,15.48,MC-941642
B-P-01665,B-C-01279,Cardinal Mutual,H5265-006,MA,NC,AGE,2024-03-01,,ACTIVE,50979283,34.15,CM-609358
B-P-01666,B-C-01280,Harborline,H2522-024,MA,NC,AGE,2025-02-01,,ACTIVE,50979283,29.16,HL-695977
B-P-01667,B-C-01281,Northwind Health,H3064-009-002,MA,OR,AGE,2024-12-01,,ACTIVE,9527070,53.68,NW-134037
B-P-01668,B-C-01282,Cardinal Mutual,H7696-013-003,MA,GA,AGE,2025-05-01,2026-04-30,TERMINATED,51446845,7.66,CM-256775
B-P-01669,B-C-01282,Meridian Care,H5913-020-001,MA,GA,AGE,2026-05-01,,ACTIVE,51446845,31.87,MC-122825
B-P-01670,B-C-01283,Meridian Care,18024WV2939625,ACA,WV,,2026-01-01,,ACTIVE,75084135,514.44,MC-298755
B-P-01671,B-C-01284,Summit Health Plans,H4044-019,MA,VA,AGE,2026-05-01,,ACTIVE,98787777,22.57,SH-771619
B-P-01672,B-C-01285,Summit Health Plans,H4044-016,MA,VA,AGE,2025-07-01,,ACTIVE,98787777,23.17,SH-945950
B-P-01673,B-C-01286,Harborline,17955CO7842891,ACA,CO,,2025-01-01,2025-12-31,TERMINATED,49066206,381.61,HL-245956
B-P-01674,B-C-01286,Cardinal Mutual,70072CO4780954,ACA,CO,,2026-01-01,,ACTIVE,49066206,659.09,CM-298330
B-P-01675,B-C-01287,Bluepeak,39473CO7231461,ACA,CO,,2025-01-01,2025-12-31,TERMINATED,49066206,713.57,BP-108138
B-P-01676,B-C-01287,Harborline,17955CO5292283,ACA,CO,,2026-01-01,,ACTIVE,49066206,247.80,HL-268099
B-P-01677,B-C-01288,Meridian Care,H5913-021,MA,NE,AGE,2022-02-01,,ACTIVE,91146902,9.82,MC-372956
B-P-01678,B-C-01289,Meridian Care,H5913-014,MA,NE,AGE,2022-11-01,,ACTIVE,91146902,25.85,MC-943728
B-P-01679,B-C-01290,Cardinal Mutual,H5265-013,MA,WV,AGE,2023-05-01,,ACTIVE,64493418,25.96,CM-975733
B-P-01680,B-C-01291,Meridian Care,R4076-020,MA,WV,AGE,2023-09-01,,ACTIVE,64493418,56.35,MC-938963
B-P-01681,B-C-01292,Cardinal Mutual,H7696-007,MA,NC,AGE,2024-05-01,,ACTIVE,93619366,50.92,CM-290772
B-P-01682,B-C-01293,Cardinal Mutual,S1849-022-001,PDP,NC,AGE,2025-07-01,,ACTIVE,93619366,85.54,CM-553336
B-P-01683,B-C-01294,Meridian Care,H4636-020,MA,AR,AGE,2023-12-01,2026-03-31,TERMINATED,93619366,42.57,MC-191377
B-P-01684,B-C-01294,Bluepeak,H9161-005,MA,AR,AGE,2026-04-01,,ACTIVE,93619366,17.27,BP-929450
B-P-01685,B-C-01295,Northwind Health,H3036-019,MA,AR,AGE,2024-01-01,,ACTIVE,93619366,22.60,NW-481086
B-P-01686,B-C-01296,Meridian Care,H4636-027,MA,OR,AGE,2022-11-01,,ACTIVE,43888211,13.29,MC-268045
B-P-01687,B-C-01297,Northwind Health,H3064-025,MA,OR,AGE,2025-07-01,,ACTIVE,43888211,12.63,NW-684258
B-P-01688,B-C-01298,Bluepeak,H5243-026,MA,FL,AGE,2025-06-01,,ACTIVE,90228424,6.84,BP-773722
B-P-01689,B-C-01299,Northwind Health,61006FL2578970,ACA,FL,,2025-01-01,,ACTIVE,90228424,726.82,NW-205170
B-P-01690,B-C-01300,Summit Health Plans,R3913-026-003,MA,TN,AGE,2022-04-01,,ACTIVE,45462976,5.24,SH-208571
B-P-01691,B-C-01301,Northwind Health,H3064-025,MA,KY,ESRD,2025-03-01,,ACTIVE,43888211,38.28,NW-505979
B-P-01692,B-C-01302,Summit Health Plans,75720SD6029108,ACA,SD,,2025-01-01,,ACTIVE,14829889,420.33,SH-527169
B-P-01693,B-C-01303,Bluepeak,B,MEDSUPP,MO,AGE,2025-10-01,,ACTIVE,69777236,169.12,BP-142593
B-P-01694,B-C-01303,Bluepeak,S2427-010-002,PDP,MO,AGE,2025-10-01,,ACTIVE,69777236,68.53,BP-156128
B-P-01695,B-C-01304,Summit Health Plans,H9807-028-002,MA,MO,AGE,2024-02-01,,ACTIVE,69777236,55.82,SH-298421
B-P-01696,B-C-01305,Cardinal Mutual,H7696-004-001,MA,SD,AGE,2022-11-01,,ACTIVE,84583776,55.24,CM-194956
B-P-01697,B-C-01306,Bluepeak,H9161-004,MA,SD,AGE,2025-12-01,,ACTIVE,84583776,59.62,BP-410373
B-P-01698,B-C-01307,Cardinal Mutual,H7696-025-001,MA,LA,AGE,2023-09-01,,ACTIVE,26047628,7.57,CM-396522
B-P-01699,B-C-01308,Cardinal Mutual,H5265-025,MA,CO,AGE,2025-04-01,,ACTIVE,49066206,10.10,CM-501715
B-P-01700,B-C-01309,Bluepeak,H5243-013,MA,CO,AGE,2022-05-01,,ACTIVE,49066206,44.41,BP-130083
B-P-01701,B-C-01310,Summit Health Plans,H4044-003-002,MA,WY,AGE,2023-02-01,,ACTIVE,84583776,36.71,SH-970935
B-P-01702,B-C-01311,Bluepeak,39473NM8865253,ACA,NM,,2024-01-01,,ACTIVE,67876966,409.55,BP-414079
B-P-01703,B-C-01312,Summit Health Plans,R3913-001,MA,WY,AGE,2024-09-01,,ACTIVE,20671937,4.89,SH-483071
B-P-01704,B-C-01313,Bluepeak,S7317-002,PDP,GA,AGE,2025-01-01,,ACTIVE,26047628,29.18,BP-818704
B-P-01705,B-C-01314,Northwind Health,H3036-011-003,MA,OR,AGE,2024-11-01,2026-03-31,TERMINATED,93619366,51.61,NW-393672
B-P-01706,B-C-01314,Meridian Care,H5913-028,MA,OR,AGE,2026-04-01,,ACTIVE,93619366,34.09,MC-762913
B-P-01707,B-C-01315,Northwind Health,A,MEDSUPP,SD,AGE,2023-07-01,,ACTIVE,84583776,278.79,NW-390501
B-P-01708,B-C-01315,Northwind Health,S2942-004,PDP,SD,AGE,2023-07-01,,ACTIVE,84583776,75.96,NW-780352
B-P-01709,B-C-01316,Northwind Health,H3064-005,MA,DC,AGE,2022-03-01,,ACTIVE,24647567,19.34,NW-640552
B-P-01710,B-C-01317,Northwind Health,S2942-010-001,PDP,PA,AGE,2022-12-01,,ACTIVE,91146902,46.21,NW-375037
B-P-01711,B-C-01318,Meridian Care,H5913-030-003,MA,PA,AGE,2026-11-01,,PENDING,91146902,47.79,MC-959543
B-P-01712,B-C-01319,Meridian Care,H4636-020,MA,TX,AGE,2023-12-01,,ACTIVE,14829889,8.72,MC-282500
B-P-01713,B-C-01320,Meridian Care,R4076-001,MA,TX,AGE,2023-03-01,,ACTIVE,14829889,44.12,MC-987247
B-P-01714,B-C-01321,Bluepeak,R8474-017-003,MA,DC,AGE,2026-03-01,,ACTIVE,75084135,19.99,BP-262768
B-P-01715,B-C-01322,Summit Health Plans,75720GA5185034,ACA,GA,,2025-01-01,2025-12-31,TERMINATED,26047628,481.05,SH-345387
B-P-01716,B-C-01322,Harborline,17955GA9173923,ACA,GA,,2026-01-01,,ACTIVE,26047628,457.92,HL-328775
B-P-01717,B-C-01323,Meridian Care,S7287-022-001,PDP,GA,AGE,2024-10-01,,ACTIVE,26047628,57.76,MC-418231
B-P-01718,B-C-01324,Meridian Care,H5913-017-001,MA,MS,AGE,2024-05-01,,ACTIVE,50979283,44.57,MC-267439
B-P-01719,B-C-01325,Northwind Health,H3036-002,MA,OK,AGE,2024-09-01,,ACTIVE,81157097,23.69,NW-348460
B-P-01720,B-C-01326,Summit Health Plans,L,MEDSUPP,VA,AGE,2022-05-01,,ACTIVE,98787777,318.28,SH-778575
B-P-01721,B-C-01326,Summit Health Plans,S1837-002,PDP,VA,AGE,2022-05-01,,ACTIVE,98787777,58.63,SH-517580
B-P-01722,B-C-01327,Cardinal Mutual,S1849-023,PDP,OK,AGE,2022-01-01,,ACTIVE,90228424,23.79,CM-805207
B-P-01723,B-C-01328,Bluepeak,A,MEDSUPP,OK,DISABILITY,2023-02-01,,ACTIVE,90228424,230.86,BP-527375
B-P-01724,B-C-01328,Bluepeak,S7317-005-001,PDP,OK,DISABILITY,2023-02-01,,ACTIVE,90228424,37.60,BP-912920
B-P-01725,B-C-01329,Bluepeak,S2427-011-003,PDP,CT,AGE,2025-04-01,,ACTIVE,51446845,81.26,BP-249526
B-P-01726,B-C-01330,Meridian Care,18024CT3355967,ACA,CT,,2026-01-01,,ACTIVE,51446845,176.74,MC-421914
B-P-01727,B-C-01331,Bluepeak,H9161-016,MA,WY,AGE,2024-04-01,2025-08-31,TERMINATED,84583776,13.05,BP-626765
B-P-01728,B-C-01331,Summit Health Plans,H9807-022-003,MA,WY,AGE,2025-09-01,,ACTIVE,84583776,43.42,SH-703219
B-P-01729,B-C-01332,Cardinal Mutual,70072MA6048431,ACA,MA,,2025-01-01,2025-12-31,TERMINATED,75084135,281.33,CM-598745
B-P-01730,B-C-01332,Meridian Care,18024MA5723073,ACA,MA,,2026-01-01,,ACTIVE,75084135,777.76,MC-818550
B-P-01731,B-C-01333,Cardinal Mutual,70072NV9758093,ACA,NV,,2025-01-01,2025-12-31,TERMINATED,37947372,887.58,CM-966751
B-P-01732,B-C-01333,Harborline,17955NV7938572,ACA,NV,,2026-01-01,,ACTIVE,37947372,770.61,HL-659619
B-P-01733,B-C-01334,Meridian Care,H5913-022,MA,NV,AGE,2026-04-01,,ACTIVE,37947372,51.84,MC-202293
B-P-01734,B-C-01335,Harborline,H1547-013,MA,NE,AGE,2022-01-01,2025-06-30,TERMINATED,94445646,20.49,HL-212404
B-P-01735,B-C-01335,Summit Health Plans,H4044-011,MA,NE,AGE,2025-07-01,,ACTIVE,94445646,5.08,SH-980713
B-P-01736,B-C-01336,Summit Health Plans,75720NE7151928,ACA,NE,,2025-01-01,2025-12-31,TERMINATED,94445646,336.39,SH-579364
B-P-01737,B-C-01336,Harborline,17955NE3386788,ACA,NE,,2026-01-01,,ACTIVE,94445646,865.80,HL-894398
B-P-01738,B-C-01337,Northwind Health,F,MEDSUPP,NV,AGE,2024-09-01,,ACTIVE,45462976,193.86,NW-476012
B-P-01739,B-C-01337,Northwind Health,S2942-027,PDP,NV,AGE,2024-09-01,,ACTIVE,45462976,87.52,NW-865866
B-P-01740,B-C-01338,Bluepeak,39473NV2379016,ACA,NV,,2025-01-01,2025-12-31,TERMINATED,45462976,311.92,BP-666728
B-P-01741,B-C-01338,Meridian Care,18024NV3968726,ACA,NV,,2026-01-01,,ACTIVE,45462976,403.13,MC-792284
B-P-01742,B-C-01339,Summit Health Plans,H9807-023,MA,NV,AGE,2022-06-01,,ACTIVE,45462976,42.89,SH-405699
B-P-01743,B-C-01340,Bluepeak,39473NV4807782,ACA,NV,,2026-01-01,,ACTIVE,37947372,612.05,BP-660319
B-P-01744,B-C-01341,Harborline,N,MEDSUPP,VA,AGE,2025-09-01,,ACTIVE,98787777,93.41,HL-341770
B-P-01745,B-C-01341,Harborline,S4178-010,PDP,VA,AGE,2025-09-01,,ACTIVE,98787777,58.50,HL-560804
B-P-01746,B-C-01342,Northwind Health,H3064-024-003,MA,VA,AGE,2026-05-01,,ACTIVE,98787777,18.81,NW-281689
B-P-01747,B-C-01343,Bluepeak,H9161-009,MA,SD,AGE,2025-03-01,2026-03-31,TERMINATED,49066206,28.64,BP-595461
B-P-01748,B-C-01343,Summit Health Plans,H9807-003,MA,SD,AGE,2026-04-01,,ACTIVE,49066206,10.54,SH-202174
B-P-01749,B-C-01344,Summit Health Plans,H9807-009,MA,SD,AGE,2022-07-01,,ACTIVE,49066206,25.60,SH-381362
B-P-01750,B-C-01345,Harborline,H2522-012,MA,CO,AGE,2023-12-01,,ACTIVE,49066206,21.34,HL-392280
B-P-01751,B-C-01346,Northwind Health,R1279-017,MA,UT,AGE,2024-12-01,2026-03-31,TERMINATED,45462976,26.60,NW-927273
B-P-01752,B-C-01346,Cardinal Mutual,H5265-029,MA,UT,AGE,2026-04-01,,ACTIVE,45462976,41.92,CM-897258
B-P-01753,B-C-01347,Northwind Health,K,MEDSUPP,CA,AGE,2022-06-01,,ACTIVE,50399119,246.63,NW-705662
B-P-01754,B-C-01347,Northwind Health,S2942-002,PDP,CA,AGE,2022-06-01,,ACTIVE,50399119,61.52,NW-771147
B-P-01755,B-C-01348,Cardinal Mutual,H7696-026,MA,CA,AGE,2024-08-01,,ACTIVE,50399119,15.81,CM-596132
B-P-01756,B-C-01349,Meridian Care,H5913-011,MA,PA,AGE,2025-04-01,,ACTIVE,64493418,24.65,MC-526737
B-P-01757,B-C-01350,Meridian Care,H4636-009-002,MA,AZ,AGE,2026-03-01,,ACTIVE,9527070,11.26,MC-757402
B-P-01758,B-C-01351,Cardinal Mutual,B,MEDSUPP,CA,AGE,2025-08-01,,ACTIVE,50399119,112.26,CM-330807
B-P-01759,B-C-01351,Cardinal Mutual,S6685-001,PDP,CA,AGE,2025-08-01,,ACTIVE,50399119,13.77,CM-382777
B-P-01760,B-C-01352,Harborline,H1547-020,MA,WV,AGE,2024-01-01,2026-03-31,TERMINATED,64493418,27.81,HL-439345
B-P-01761,B-C-01352,Summit Health Plans,H9807-001,MA,WV,AGE,2026-04-01,,ACTIVE,64493418,54.01,SH-582979
B-P-01762,B-C-01353,Cardinal Mutual,G,MEDSUPP,WV,AGE,2024-01-01,,ACTIVE,64493418,124.00,CM-843165
B-P-01763,B-C-01353,Cardinal Mutual,S6685-003,PDP,WV,AGE,2024-01-01,,ACTIVE,64493418,83.37,CM-676123
B-P-01764,B-C-01354,Northwind Health,61006WY9085645,ACA,WY,,2025-01-01,2025-12-31,TERMINATED,91146902,259.54,NW-634208
B-P-01765,B-C-01354,Summit Health Plans,75720WY7073806,ACA,WY,,2026-01-01,,ACTIVE,91146902,179.69,SH-854866
B-P-01766,B-C-01355,Harborline,H1547-023,MA,WY,AGE,2024-02-01,,ACTIVE,91146902,11.74,HL-414027
B-P-01767,B-C-01356,Northwind Health,K,MEDSUPP,PA,AGE,2023-08-01,,ACTIVE,50399119,126.90,NW-131846
B-P-01768,B-C-01356,Northwind Health,S2942-024,PDP,PA,AGE,2023-08-01,,ACTIVE,50399119,41.31,NW-794271
B-P-01769,B-C-01357,Northwind Health,61006PA1874581,ACA,PA,,2025-01-01,,ACTIVE,50399119,576.96,NW-933893
B-P-01770,B-C-01358,Harborline,17955OR2423554,ACA,OR,,2024-01-01,,ACTIVE,9527070,550.15,HL-956729
B-P-01771,B-C-01359,Harborline,H1547-015-001,MA,OR,AGE,2025-05-01,,ACTIVE,9527070,41.08,HL-765398
B-P-01772,B-C-01360,Summit Health Plans,H4044-005,MA,NE,AGE,2024-01-01,,ACTIVE,94445646,15.91,SH-390444
B-P-01773,B-C-01361,Cardinal Mutual,70072NC0756114,ACA,NC,,2025-01-01,2025-12-31,TERMINATED,67876966,440.27,CM-535342
B-P-01774,B-C-01361,Harborline,17955NC0902574,ACA,NC,,2026-01-01,,ACTIVE,67876966,365.48,HL-242916
B-P-01775,B-C-01362,Northwind Health,H3064-019,MA,VT,AGE,2025-08-01,,ACTIVE,84583776,44.59,NW-398358
B-P-01777,B-C-01364,Bluepeak,H5243-022,MA,MS,AGE,2022-01-01,,ACTIVE,50979283,22.38,BP-661275
B-P-01778,B-C-01365,Meridian Care,H5913-028,MA,CT,AGE,2026-04-01,,ACTIVE,24647567,8.20,MC-303906
B-P-01779,B-C-01366,Northwind Health,H3064-029,MA,NV,AGE,2026-04-01,,ACTIVE,45462976,1.52,NW-786468
B-P-01780,B-C-01367,Northwind Health,61006NV2078541,ACA,NV,,2025-01-01,,ACTIVE,45462976,408.04,NW-126954
B-P-01781,B-C-01368,Harborline,N,MEDSUPP,OK,AGE,2024-08-01,,ACTIVE,81157097,138.27,HL-326155
B-P-01782,B-C-01368,Harborline,S7610-012,PDP,OK,AGE,2024-08-01,,ACTIVE,81157097,67.05,HL-776922
B-P-01783,B-C-01369,Cardinal Mutual,H5265-018,MA,CO,ESRD,2022-06-01,,ACTIVE,64493418,39.27,CM-763201
B-P-01784,B-C-01370,Cardinal Mutual,70072CO3425971,ACA,CO,,2026-01-01,,ACTIVE,64493418,159.45,CM-521259
B-P-01785,B-C-01371,Harborline,H2522-003,MA,RI,AGE,2024-10-01,,ACTIVE,37947372,54.31,HL-143691
B-P-01786,B-C-01372,Harborline,H2522-028,MA,HI,AGE,2025-05-01,2026-04-30,TERMINATED,50399119,30.49,HL-667715
B-P-01787,B-C-01372,Bluepeak,H5243-005,MA,HI,AGE,2026-05-01,,ACTIVE,50399119,15.92,BP-589987
B-P-01788,B-C-01373,Harborline,H2522-018-002,MA,PA,AGE,2024-02-01,,ACTIVE,64493418,24.65,HL-471220
B-P-01789,B-C-01374,Bluepeak,H9161-022,MA,DC,AGE,2022-09-01,2026-02-28,TERMINATED,24647567,10.42,BP-874503
B-P-01790,B-C-01374,Cardinal Mutual,H5265-007,MA,DC,AGE,2026-03-01,,ACTIVE,24647567,40.64,CM-365926
B-P-01791,B-C-01375,Bluepeak,H5243-008,MA,NV,AGE,2025-02-01,,ACTIVE,37947372,55.08,BP-277436
B-P-01792,B-C-01376,Northwind Health,S9721-004-002,PDP,NV,AGE,2022-09-01,,ACTIVE,37947372,59.18,NW-943251
B-P-01793,B-C-01377,Summit Health Plans,75720CT6585659,ACA,CT,,2025-01-01,2025-12-31,TERMINATED,20671937,379.64,SH-316585
B-P-01794,B-C-01377,Northwind Health,61006CT9254305,ACA,CT,,2026-01-01,,ACTIVE,20671937,658.24,NW-958884
B-P-01795,B-C-01378,Cardinal Mutual,R7519-002,MA,MO,AGE,2025-12-01,,ACTIVE,69777236,56.88,CM-209601
B-P-01796,B-C-01379,Meridian Care,H4636-009,MA,MO,AGE,2025-10-01,,ACTIVE,69777236,44.56,MC-157965
B-P-01797,B-C-01380,Bluepeak,H9161-011,MA,PA,AGE,2025-08-01,,ACTIVE,50399119,53.57,BP-536829
B-P-01798,B-C-01381,Summit Health Plans,S1837-019-003,PDP,NV,AGE,2026-02-01,,ACTIVE,37947372,8.13,SH-223422
B-P-01799,B-C-01382,Bluepeak,H5243-027,MA,NJ,AGE,2023-03-01,2025-04-30,TERMINATED,75084135,16.46,BP-351542
B-P-01800,B-C-01382,Meridian Care,H5913-005,MA,NJ,AGE,2025-05-01,,ACTIVE,75084135,58.39,MC-213322
B-P-01801,B-C-01383,Cardinal Mutual,H5265-026,MA,NJ,AGE,2024-01-01,,ACTIVE,75084135,1.25,CM-445625
B-P-01802,B-C-01384,Harborline,H1547-006,MA,ND,AGE,2022-10-01,2025-11-30,TERMINATED,93619366,9.34,HL-864877
B-P-01803,B-C-01384,Cardinal Mutual,H7696-022,MA,ND,AGE,2025-12-01,,ACTIVE,93619366,29.41,CM-323414
B-P-01804,B-C-01385,Cardinal Mutual,H7696-024,MA,GA,AGE,2026-01-01,,ACTIVE,26047628,11.20,CM-702669
B-P-01805,B-C-01386,Summit Health Plans,H4044-025-001,MA,PA,AGE,2022-05-01,,ACTIVE,50399119,58.96,SH-896963
B-P-01806,B-C-01387,Bluepeak,H9161-024,MA,PA,AGE,2023-09-01,,ACTIVE,50399119,41.55,BP-577947
B-P-01807,B-C-01388,Cardinal Mutual,H5265-006,MA,WV,AGE,2026-02-01,,ACTIVE,75084135,9.06,CM-336088
B-P-01808,B-C-01389,Cardinal Mutual,H5265-020,MA,WV,AGE,2025-11-01,,ACTIVE,75084135,53.57,CM-788973
B-P-01809,B-C-01390,Northwind Health,G,MEDSUPP,RI,AGE,2022-03-01,,ACTIVE,37947372,231.05,NW-934877
B-P-01810,B-C-01390,Northwind Health,S2942-005-002,PDP,RI,AGE,2022-03-01,,ACTIVE,37947372,29.75,NW-921231
B-P-01811,B-C-01391,Bluepeak,H9161-016,MA,CT,AGE,2026-03-01,,ACTIVE,14829889,4.25,BP-167626
B-P-01812,B-C-01392,Cardinal Mutual,H5265-014-003,MA,CT,AGE,2023-08-01,2025-03-31,TERMINATED,14829889,45.34,CM-710780
B-P-01813,B-C-01392,Meridian Care,H4636-009,MA,CT,AGE,2025-04-01,,ACTIVE,14829889,36.46,MC-548010
B-P-01814,B-C-01393,Harborline,S7610-023,PDP,OR,AGE,2026-11-01,,PENDING,43888211,86.56,HL-342144
B-P-01815,B-C-01394,Summit Health Plans,H9807-005,MA,WV,AGE,2023-12-01,,ACTIVE,64493418,22.69,SH-417067
B-P-01816,B-C-01395,Cardinal Mutual,H5265-018,MA,CO,AGE,2022-10-01,,ACTIVE,49066206,48.75,CM-953495
B-P-01817,B-C-01396,Northwind Health,H3036-008,MA,NJ,AGE,2022-09-01,,ACTIVE,75084135,2.35,NW-305828
B-P-01818,B-C-01397,Northwind Health,H3064-014,MA,NJ,AGE,2023-08-01,2024-09-30,TERMINATED,75084135,57.06,NW-133308
B-P-01819,B-C-01397,Meridian Care,H4636-017-003,MA,NJ,AGE,2024-10-01,,ACTIVE,75084135,52.14,MC-171550
B-P-01820,B-C-01398,Bluepeak,S2427-013,PDP,PA,AGE,2024-08-01,,ACTIVE,50399119,26.48,BP-157228
B-P-01821,B-C-01399,Cardinal Mutual,S6685-012,PDP,NE,AGE,2025-09-01,,ACTIVE,91146902,28.26,CM-682880
B-P-01822,B-C-01400,Cardinal Mutual,H7696-025-002,MA,NE,AGE,2025-12-01,,ACTIVE,91146902,44.74,CM-883441
B-P-01823,B-C-01401,Cardinal Mutual,H5265-002,MA,GA,AGE,2026-03-01,,ACTIVE,51446845,35.61,CM-235620
B-P-01824,B-C-01402,Bluepeak,H9161-001,MA,GA,AGE,2024-01-01,,ACTIVE,51446845,37.16,BP-448633
B-P-01825,B-C-01403,Northwind Health,G,MEDSUPP,WV,AGE,2022-11-01,,ACTIVE,75084135,211.65,NW-747099
B-P-01826,B-C-01403,Northwind Health,S2942-015,PDP,WV,AGE,2022-11-01,,ACTIVE,75084135,85.61,NW-918642
B-P-01827,B-C-01404,Summit Health Plans,75720NC7447166,ACA,NC,,2024-01-01,,ACTIVE,93619366,288.50,SH-457206
B-P-01828,B-C-01405,Northwind Health,R6531-023,MA,UT,DISABILITY,2022-03-01,,ACTIVE,45462976,18.63,NW-886319
B-P-01829,B-C-01406,Summit Health Plans,H9807-013,MA,CT,AGE,2023-06-01,,ACTIVE,20671937,33.15,SH-104850
B-P-01830,B-C-01407,Harborline,H1547-028-003,MA,WY,AGE,2026-02-01,,ACTIVE,20671937,56.58,HL-931198
B-P-01831,B-C-01408,Northwind Health,61006RI2332352,ACA,RI,,2025-01-01,,ACTIVE,37947372,665.79,NW-590427
B-P-01832,B-C-01409,Cardinal Mutual,H5265-021-001,MA,MA,AGE,2025-07-01,,ACTIVE,90228424,44.91,CM-217057
B-P-01833,B-C-01410,Harborline,17955MA4093886,ACA,MA,,2024-01-01,,ACTIVE,90228424,517.99,HL-146007
B-P-01834,B-C-01411,Bluepeak,H9161-013,MA,MO,AGE,2024-03-01,,ACTIVE,81157097,46.30,BP-666822
B-P-01835,B-C-01412,Bluepeak,39473MO6041607,ACA,MO,,2026-01-01,,ACTIVE,81157097,669.17,BP-439895
B-P-01836,B-C-01413,Cardinal Mutual,R6363-016,MA,NC,AGE,2025-06-01,,ACTIVE,98787777,14.46,CM-495841
B-P-01837,B-C-01414,Harborline,17955NC6675318,ACA,NC,,2026-01-01,,ACTIVE,98787777,735.09,HL-718524
B-P-01838,B-C-01415,Harborline,H2522-020,MA,CT,AGE,2023-07-01,,ACTIVE,14829889,48.85,HL-539525
B-P-01839,B-C-01416,Northwind Health,61006OK0001738,ACA,OK,,2024-01-01,,ACTIVE,67876966,692.31,NW-111120
B-P-01840,B-C-01417,Harborline,17955OK1041359,ACA,OK,,2024-01-01,,ACTIVE,67876966,207.74,HL-752943
B-P-01841,B-C-01418,Meridian Care,R4076-019,MA,SD,AGE,2025-01-01,,ACTIVE,14829889,8.90,MC-128082
B-P-01842,B-C-01419,Northwind Health,H3036-027,MA,KY,AGE,2022-03-01,,ACTIVE,43888211,8.39,NW-386316
B-P-01843,B-C-01420,Summit Health Plans,G,MEDSUPP,CO,AGE,2023-08-01,,ACTIVE,59893296,282.79,SH-478123
B-P-01844,B-C-01420,Summit Health Plans,S1837-030-002,PDP,CO,AGE,2023-08-01,,ACTIVE,59893296,5.48,SH-948971
B-P-01845,B-C-01421,Bluepeak,N,MEDSUPP,PA,AGE,2022-10-01,,ACTIVE,64493418,254.30,BP-587213
B-P-01846,B-C-01421,Bluepeak,S7317-012,PDP,PA,AGE,2022-10-01,,ACTIVE,64493418,75.01,BP-341904
B-P-01847,B-C-01422,Summit Health Plans,H4044-029,MA,PA,AGE,2022-12-01,2024-10-31,TERMINATED,64493418,1.66,SH-213313
B-P-01848,B-C-01422,Northwind Health,H3036-006,MA,PA,AGE,2024-11-01,,ACTIVE,64493418,48.85,NW-305088
B-P-01849,B-C-01423,Cardinal Mutual,R6363-015,MA,SD,AGE,2024-06-01,2026-04-30,TERMINATED,84583776,1.03,CM-504796
B-P-01850,B-C-01423,Summit Health Plans,H4044-010,MA,SD,AGE,2026-05-01,,ACTIVE,84583776,2.98,SH-371071
B-P-01851,B-C-01424,Cardinal Mutual,70072CT7673514,ACA,CT,,2025-01-01,,ACTIVE,20671937,521.70,CM-822418
B-P-01852,B-C-01425,Northwind Health,B,MEDSUPP,CT,AGE,2025-08-01,,ACTIVE,24647567,171.79,NW-329742
B-P-01853,B-C-01425,Northwind Health,S9721-003,PDP,CT,AGE,2025-08-01,,ACTIVE,24647567,74.26,NW-565436
B-P-01854,B-C-01426,Harborline,S4178-021,PDP,CT,AGE,2024-01-01,,ACTIVE,24647567,50.36,HL-365865
B-P-01855,B-C-01427,Summit Health Plans,F,MEDSUPP,NC,AGE,2024-06-01,,ACTIVE,98787777,166.81,SH-435846
B-P-01856,B-C-01427,Summit Health Plans,S4824-005-003,PDP,NC,AGE,2024-06-01,,ACTIVE,98787777,64.12,SH-108828
B-P-01857,B-C-01428,Summit Health Plans,H4044-005-001,MA,NC,AGE,2024-02-01,,ACTIVE,98787777,53.16,SH-750766
B-P-01858,B-C-01429,Summit Health Plans,75720WV7619865,ACA,WV,,2025-01-01,2025-12-31,TERMINATED,64493418,467.78,SH-951066
B-P-01859,B-C-01429,Northwind Health,61006WV6959745,ACA,WV,,2026-01-01,,ACTIVE,64493418,235.40,NW-774597
B-P-01860,B-C-01430,Meridian Care,S7287-018,PDP,KY,DISABILITY,2024-08-01,,ACTIVE,81157097,15.63,MC-829490
B-P-01861,B-C-01431,Meridian Care,H4636-005,MA,ND,AGE,2024-07-01,,ACTIVE,93619366,25.04,MC-673456
B-P-01862,B-C-01432,Bluepeak,S7317-006-002,PDP,NV,AGE,2024-06-01,,ACTIVE,37947372,38.89,BP-668466
B-P-01863,B-C-01433,Cardinal Mutual,70072CT3001719,ACA,CT,,2024-01-01,,ACTIVE,20671937,675.08,CM-398242
B-P-01864,B-C-01434,Northwind Health,K,MEDSUPP,GA,AGE,2024-10-01,,ACTIVE,26047628,278.47,NW-762768
B-P-01865,B-C-01434,Northwind Health,S9721-027,PDP,GA,AGE,2024-10-01,,ACTIVE,26047628,27.71,NW-337634
B-P-01866,B-C-01435,Summit Health Plans,H9807-006,MA,WY,AGE,2026-05-01,,ACTIVE,20671937,45.97,SH-564807
B-P-01867,B-C-01436,Summit Health Plans,H4044-019-001,MA,SD,AGE,2026-05-01,,ACTIVE,14829889,7.91,SH-344897
B-P-01868,B-C-01437,Summit Health Plans,75720SD8183921,ACA,SD,,2024-01-01,,ACTIVE,14829889,527.64,SH-955003
B-P-01869,B-C-01438,Meridian Care,S4547-002,PDP,TX,AGE,2026-11-01,,PENDING,50399119,39.13,MC-248583
B-P-01870,B-C-01439,Cardinal Mutual,H7696-028,MA,TX,AGE,2023-04-01,,ACTIVE,50399119,17.21,CM-548538
B-P-01871,B-C-01440,Harborline,H1547-030-002,MA,WY,AGE,2022-04-01,,ACTIVE,91146902,43.25,HL-930506
B-P-01872,B-C-01441,Summit Health Plans,H9807-008,MA,AR,AGE,2022-12-01,,ACTIVE,98787777,33.08,SH-998238
B-P-01873,B-C-01442,Summit Health Plans,R4076-015-001,MA,PA,AGE,2024-05-01,,ACTIVE,91146902,30.09,SH-299612
B-P-01874,B-C-01443,Northwind Health,H3036-029,MA,CT,AGE,2024-08-01,,ACTIVE,24647567,9.93,NW-333716
B-P-01875,B-C-01444,Cardinal Mutual,H7696-011,MA,CT,AGE,2025-10-01,,ACTIVE,24647567,19.79,CM-515908
B-P-01876,B-C-01445,Bluepeak,39473OR6824987,ACA,OR,,2025-01-01,2025-12-31,TERMINATED,93619366,247.85,BP-928095
B-P-01877,B-C-01445,Cardinal Mutual,70072OR1646494,ACA,OR,,2026-01-01,,ACTIVE,93619366,295.94,CM-735853
B-P-01878,B-C-01446,Meridian Care,S4547-019,PDP,SD,AGE,2023-02-01,,ACTIVE,14829889,81.72,MC-563904
B-P-01879,B-C-01447,Bluepeak,H9161-011,MA,SD,AGE,2022-06-01,,ACTIVE,14829889,9.42,BP-779207
B-P-01880,B-C-01448,Cardinal Mutual,70072LA4560256,ACA,LA,,2026-01-01,,ACTIVE,26047628,366.90,CM-870148
B-P-01881,B-C-01449,Cardinal Mutual,H5265-027-002,MA,LA,AGE,2024-10-01,,ACTIVE,26047628,9.06,CM-733093
B-P-01882,B-C-01450,Summit Health Plans,75720OK6723521,ACA,OK,,2025-01-01,2025-12-31,TERMINATED,81157097,348.75,SH-957322
B-P-01883,B-C-01450,Cardinal Mutual,70072OK3039173,ACA,OK,,2026-01-01,,ACTIVE,81157097,704.04,CM-809810
B-P-01884,B-C-01451,Cardinal Mutual,S6685-016-001,PDP,OK,AGE,2025-09-01,,ACTIVE,81157097,34.94,CM-159017
B-P-01885,B-C-01452,Northwind Health,H3064-012,MA,NJ,AGE,2025-07-01,,ACTIVE,75084135,46.28,NW-984652
B-P-01886,B-C-01453,Cardinal Mutual,H5265-002-002,MA,OK,AGE,2025-09-01,,ACTIVE,81157097,30.98,CM-144366
B-P-01887,B-C-01454,Northwind Health,H3064-029,MA,AZ,AGE,2024-11-01,,ACTIVE,9527070,8.61,NW-345491
B-P-01888,B-C-01455,Northwind Health,H3064-027,MA,AZ,AGE,2022-11-01,,ACTIVE,9527070,32.33,NW-588851
B-P-01889,B-C-01456,Summit Health Plans,H4044-022,MA,DE,AGE,2024-01-01,,ACTIVE,59893296,55.28,SH-631789
B-P-01890,B-C-01457,Meridian Care,R6659-019,MA,DE,AGE,2022-02-01,,ACTIVE,59893296,52.21,MC-883450
B-P-01891,B-C-01458,Meridian Care,18024PA3004525,ACA,PA,,2025-01-01,2025-12-31,TERMINATED,64493418,530.74,MC-370883
B-P-01892,B-C-01458,Harborline,17955PA8030513,ACA,PA,,2026-01-01,,ACTIVE,64493418,256.32,HL-880108
B-P-01893,B-C-01459,Summit Health Plans,H4044-017,MA,PA,AGE,2024-11-01,,ACTIVE,64493418,12.21,SH-797272
B-P-01894,B-C-01460,Meridian Care,L,MEDSUPP,WV,AGE,2024-07-01,,ACTIVE,69777236,314.21,MC-573521
B-P-01895,B-C-01460,Meridian Care,S7287-009,PDP,WV,AGE,2024-07-01,,ACTIVE,69777236,75.39,MC-746567
B-P-01896,B-C-01461,Meridian Care,B,MEDSUPP,KY,AGE,2025-03-01,,ACTIVE,81157097,278.74,MC-985074
B-P-01897,B-C-01461,Meridian Care,S7287-023-003,PDP,KY,AGE,2025-03-01,,ACTIVE,81157097,33.39,MC-288487
B-P-01898,B-C-01462,Summit Health Plans,H9807-017,MA,KY,AGE,2022-02-01,,ACTIVE,81157097,33.35,SH-289170
B-P-01899,B-C-01463,Bluepeak,F,MEDSUPP,DC,AGE,2025-07-01,,ACTIVE,24647567,281.74,BP-741332
B-P-01900,B-C-01463,Bluepeak,S2427-018-002,PDP,DC,AGE,2025-07-01,,ACTIVE,24647567,61.41,BP-971846
B-P-01901,B-C-01464,Meridian Care,H5913-002,MA,DC,AGE,2024-04-01,,ACTIVE,24647567,30.87,MC-876553
B-P-01902,B-C-01465,Meridian Care,H5913-018,MA,NV,AGE,2024-09-01,,ACTIVE,45462976,44.18,MC-805054
B-P-01903,B-C-01466,Bluepeak,H9161-024-002,MA,NE,AGE,2026-03-01,,ACTIVE,91146902,33.98,BP-495885
B-P-01904,B-C-01467,Bluepeak,H5243-024,MA,WV,AGE,2025-10-01,,ACTIVE,64493418,45.84,BP-356500
B-P-01905,B-C-01468,Cardinal Mutual,H7696-025,MA,LA,AGE,2023-05-01,2024-12-31,TERMINATED,26047628,45.99,CM-270859
B-P-01906,B-C-01468,Harborline,H2522-009,MA,LA,AGE,2025-01-01,,ACTIVE,26047628,5.29,HL-647965
B-P-01907,B-C-01469,Cardinal Mutual,H7696-001,MA,LA,AGE,2022-07-01,,ACTIVE,26047628,29.89,CM-184408
B-P-01908,B-C-01470,Summit Health Plans,H9807-012-001,MA,CO,AGE,2026-11-01,,PENDING,64493418,31.13,SH-948745
B-P-01909,B-C-01471,Meridian Care,H4636-030,MA,NE,AGE,2022-05-01,,ACTIVE,94445646,46.23,MC-676671
B-P-01910,B-C-01472,Northwind Health,R6531-027-003,MA,WY,AGE,2023-06-01,2025-01-31,TERMINATED,84583776,48.04,NW-822816
B-P-01911,B-C-01472,Summit Health Plans,H4044-014,MA,WY,AGE,2025-02-01,,ACTIVE,84583776,19.75,SH-566351
B-P-01912,B-C-01473,Summit Health Plans,H4044-008-002,MA,OH,AGE,2022-04-01,2025-01-31,TERMINATED,50979283,20.16,SH-302720
B-P-01913,B-C-01473,Meridian Care,H4636-021-001,MA,OH,AGE,2025-02-01,,ACTIVE,50979283,51.26,MC-493459
B-P-01914,B-C-01474,Harborline,H1547-017,MA,CT,AGE,2022-08-01,,ACTIVE,14829889,16.05,HL-752637
B-P-01915,B-C-01475,Bluepeak,H5243-018-003,MA,DC,AGE,2024-01-01,2026-04-30,TERMINATED,24647567,37.68,BP-582385
B-P-01916,B-C-01475,Meridian Care,H5913-017-002,MA,DC,AGE,2026-05-01,,ACTIVE,24647567,42.77,MC-969907
B-P-01917,B-C-01476,Meridian Care,18024MO5408119,ACA,MO,,2026-01-01,,ACTIVE,69777236,486.90,MC-741345
B-P-01918,B-C-01477,Northwind Health,B,MEDSUPP,MO,AGE,2026-01-01,,ACTIVE,69777236,242.62,NW-690446
B-P-01919,B-C-01477,Northwind Health,S2942-010-003,PDP,MO,AGE,2026-01-01,,ACTIVE,69777236,72.64,NW-149179
B-P-01920,B-C-01478,Cardinal Mutual,H7696-026,MA,KY,AGE,2025-11-01,,ACTIVE,81157097,40.74,CM-567995
B-P-01921,B-C-01479,Cardinal Mutual,70072HI7585090,ACA,HI,,2025-01-01,2025-12-31,TERMINATED,50399119,767.26,CM-976602
B-P-01922,B-C-01479,Summit Health Plans,75720HI1747113,ACA,HI,,2026-01-01,,ACTIVE,50399119,450.34,SH-676529
B-P-01923,B-C-01480,Northwind Health,61006HI7281583,ACA,HI,,2025-01-01,2025-12-31,TERMINATED,50399119,612.37,NW-809304
B-P-01924,B-C-01480,Cardinal Mutual,70072HI1331924,ACA,HI,,2026-01-01,,ACTIVE,50399119,472.93,CM-293377
B-P-01925,B-C-01481,Bluepeak,H5243-020,MA,WV,AGE,2024-04-01,,ACTIVE,69777236,25.38,BP-560161
B-P-01926,B-C-01482,Cardinal Mutual,R7519-002,MA,VA,AGE,2026-01-01,,ACTIVE,98787777,27.17,CM-930695
B-P-01927,B-C-01483,Bluepeak,H9161-001-002,MA,PA,AGE,2023-12-01,,ACTIVE,91146902,51.45,BP-727525
B-P-01928,B-C-01484,Meridian Care,H4636-009,MA,MO,AGE,2023-12-01,,ACTIVE,81157097,28.29,MC-650628
B-P-01929,B-C-01485,Bluepeak,H5243-013,MA,MA,AGE,2025-01-01,2026-03-31,TERMINATED,90228424,49.13,BP-914678
B-P-01930,B-C-01485,Summit Health Plans,H4044-028-001,MA,MA,AGE,2026-04-01,,ACTIVE,90228424,43.59,SH-423806
B-P-01931,B-C-01486,Northwind Health,S9721-027-003,PDP,OK,AGE,2026-02-01,,ACTIVE,90228424,40.77,NW-903273
B-P-01932,B-C-01487,Bluepeak,H9161-001,MA,OK,AGE,2026-11-01,,PENDING,90228424,33.03,BP-706870
B-P-01933,B-C-01488,Bluepeak,H9161-011,MA,NC,AGE,2024-11-01,,ACTIVE,98787777,17.00,BP-446008
B-P-01934,B-C-01489,Summit Health Plans,H4044-026,MA,CT,AGE,2025-08-01,,ACTIVE,20671937,42.86,SH-801791
B-P-01935,B-C-01490,Cardinal Mutual,H5265-012,MA,CT,AGE,2023-02-01,,ACTIVE,20671937,58.54,CM-601246
B-P-01936,B-C-01491,Bluepeak,B,MEDSUPP,DE,AGE,2024-04-01,,ACTIVE,69777236,124.22,BP-452285
B-P-01937,B-C-01491,Bluepeak,S7317-017,PDP,DE,AGE,2024-04-01,,ACTIVE,69777236,73.74,BP-849797
B-P-01938,B-C-01492,Summit Health Plans,H9807-012,MA,OH,AGE,2024-08-01,,ACTIVE,50979283,37.73,SH-878887
B-P-01939,B-C-01493,Meridian Care,A,MEDSUPP,OH,AGE,2022-04-01,,ACTIVE,50979283,273.13,MC-875582
B-P-01940,B-C-01493,Meridian Care,S4547-007,PDP,OH,AGE,2022-04-01,,ACTIVE,50979283,11.60,MC-790508
B-P-01941,B-C-01494,Northwind Health,G,MEDSUPP,RI,AGE,2022-02-01,,ACTIVE,37947372,199.01,NW-830711
B-P-01942,B-C-01494,Northwind Health,S2942-025-002,PDP,RI,AGE,2022-02-01,,ACTIVE,37947372,29.38,NW-214763
B-P-01943,B-C-01495,Northwind Health,F,MEDSUPP,VA,AGE,2022-01-01,,ACTIVE,98787777,163.43,NW-652175
B-P-01944,B-C-01495,Northwind Health,S9721-001-001,PDP,VA,AGE,2022-01-01,,ACTIVE,98787777,77.84,NW-291964
B-P-01945,B-C-01496,Northwind Health,61006VA4594286,ACA,VA,,2024-01-01,,ACTIVE,98787777,561.28,NW-948594
B-P-01946,B-C-01497,Summit Health Plans,F,MEDSUPP,HI,AGE,2025-09-01,,ACTIVE,81157097,93.40,SH-288764
B-P-01947,B-C-01497,Summit Health Plans,S1837-018-002,PDP,HI,AGE,2025-09-01,,ACTIVE,81157097,31.61,SH-673472
B-P-01948,B-C-01498,Bluepeak,H5243-012,MA,HI,AGE,2025-05-01,,ACTIVE,81157097,12.34,BP-806476
B-P-01949,B-C-01499,Meridian Care,H4636-005,MA,DE,AGE,2025-09-01,,ACTIVE,69777236,6.18,MC-637248
B-P-01950,B-C-01500,Summit Health Plans,H9807-017,MA,DE,AGE,2023-04-01,,ACTIVE,69777236,37.02,SH-669785
B-P-01951,B-C-01084,Harborline,N,MEDSUPP,OH,AGE,2023-10-01,,ACTIVE,50979283,122.20,HL-795004
B-P-01952,B-C-01084,Harborline,S7304-015,PDP,OH,AGE,2023-10-01,,ACTIVE,50979283,44.61,HL-867355
B-P-01953,B-C-00062,Meridian Care,H3591-010-001,MA,UT,DISABILITY,2024-06-01,2025-09-30,TERMINATED,45462976,23.37,MC-938318
B-P-01954,B-C-00062,Cardinal Mutual,H7252-012-002,MA,UT,DISABILITY,2025-10-01,,ACTIVE,45462976,32.62,CM-946993
B-P-01955,B-C-00446,Summit Health Plans,B,MEDSUPP,CO,AGE,2024-09-01,,ACTIVE,49066206,303.44,SH-942427
B-P-01956,B-C-00446,Summit Health Plans,S8123-015,PDP,CO,AGE,2024-09-01,,ACTIVE,49066206,26.49,SH-603814
B-P-01957,B-C-01363,Summit Health Plans,H5371-004,MA,KY,AGE,2025-04-01,,ACTIVE,43888211,59.14,SH-677919
B-P-01958,B-C-00157,Cardinal Mutual,N,MEDSUPP,OR,AGE,2025-07-01,,ACTIVE,9527070,279.07,CM-965576
B-P-01959,B-C-00157,Cardinal Mutual,S1188-008,PDP,OR,AGE,2025-07-01,,ACTIVE,9527070,79.32,CM-345063
B-P-01960,B-C-00320,Meridian Care,76540AR8124192,ACA,AR,,2025-01-01,2025-12-31,TERMINATED,93619366,235.63,MC-948618
B-P-01961,B-C-00320,Summit Health Plans,93748AR2126969,ACA,AR,,2026-01-01,,ACTIVE,93619366,489.07,SH-997454
B-P-01962,B-C-00316,Harborline,H2796-005,MA,CO,AGE,2024-07-01,2025-09-30,TERMINATED,49066206,17.18,HL-165366
B-P-01963,B-C-00316,Bluepeak,H4593-021,MA,CO,AGE,2025-10-01,,ACTIVE,49066206,8.69,BP-393152
B-P-01964,B-C-00127,Meridian Care,S3927-001,PDP,AR,AGE,2024-10-01,,ACTIVE,98787777,34.56,MC-370026
B-P-01965,B-C-00426,Summit Health Plans,H9797-011-001,MA,UT,AGE,2024-11-01,,ACTIVE,45462976,6.43,SH-715049
B-P-01966,B-C-00949,Summit Health Plans,H5371-001,MA,TX,DISABILITY,2023-10-01,,ACTIVE,14829889,0.86,SH-833842
B-P-01967,B-C-01148,Northwind Health,H5040-016,MA,KY,AGE,2024-09-01,2026-03-31,TERMINATED,43888211,47.41,NW-947331
B-P-01968,B-C-01148,Bluepeak,H3266-004,MA,KY,AGE,2026-04-01,,ACTIVE,43888211,2.45,BP-831861
B-P-01969,B-C-00287,Meridian Care,H8433-007-001,MA,LA,AGE,2023-02-01,,ACTIVE,26047628,59.94,MC-254224
B-P-01970,B-C-00282,Northwind Health,H9830-016-001,MA,LA,AGE,2023-09-01,,ACTIVE,26047628,13.95,NW-897350
B-P-01971,B-C-00080,Summit Health Plans,H5371-028,MA,NC,AGE,2022-05-01,,ACTIVE,93619366,27.55,SH-696146
B-P-01972,B-C-00104,Bluepeak,23947NE0751672,ACA,NE,,2026-01-01,,ACTIVE,91146902,417.60,BP-587575
B-P-01973,B-C-00416,Northwind Health,A,MEDSUPP,TX,AGE,2024-09-01,,ACTIVE,14829889,177.45,NW-534376
B-P-01974,B-C-00416,Northwind Health,S6930-013,PDP,TX,AGE,2024-09-01,,ACTIVE,14829889,87.79,NW-528643
B-P-01975,B-C-00599,Meridian Care,H8433-004,MA,TX,AGE,2024-10-01,2025-11-30,TERMINATED,14829889,18.36,MC-188578
B-P-01976,B-C-00599,Northwind Health,H9830-013-002,MA,TX,AGE,2025-12-01,,ACTIVE,14829889,52.51,NW-927739
B-P-01977,B-C-00022,Summit Health Plans,93748NC2513552,ACA,NC,,2025-01-01,2025-12-31,TERMINATED,93619366,348.97,SH-327502
B-P-01978,B-C-00022,Northwind Health,76542NC9519724,ACA,NC,,2026-01-01,,ACTIVE,93619366,649.56,NW-100537
B-P-01979,B-C-01509,Meridian Care,18024AL9833127,ACA,AL,,2026-01-01,,ACTIVE,67876966,,MC-188112-01
B-P-01980,B-C-01510,Cardinal Mutual,70072RI2045903,ACA,RI,,2026-01-01,,ACTIVE,37947372,,CM-770569-01
B-P-01981,B-C-01511,Harborline,17955KY4232336,ACA,KY,,2025-01-01,,ACTIVE,81157097,,HL-963534-01
B-P-01982,B-C-01512,Harborline,17955DE6302473,ACA,DE,,2025-01-01,,ACTIVE,69777236,,HL-407239-01
B-P-01983,B-C-01513,Cardinal Mutual,70072NJ9950711,ACA,NJ,,2024-01-01,,ACTIVE,75084135,,CM-704497-01
B-P-01984,B-C-01514,Summit Health Plans,75720VT6100372,ACA,VT,,2026-01-01,,ACTIVE,84583776,,SH-939519-01
B-P-01985,B-C-01515,Harborline,17955TX1800508,ACA,TX,,2026-01-01,,ACTIVE,14829889,,HL-800362-01
B-P-01986,B-C-01516,Meridian Care,18024MO0579042,ACA,MO,,2024-01-01,,ACTIVE,81157097,,MC-830509-01
B-P-01987,B-C-01517,Cardinal Mutual,70072NE0392210,ACA,NE,,2026-01-01,,ACTIVE,94445646,,CM-168696-01
B-P-01988,B-C-01518,Harborline,17955OH0173775,ACA,OH,,2026-01-01,,ACTIVE,50979283,,HL-372344-01
B-P-01989,B-C-01519,Harborline,17955DE0427782,ACA,DE,,2024-01-01,,ACTIVE,69777236,,HL-279085-01
B-P-01990,B-C-01520,Bluepeak,39473KY9925276,ACA,KY,,2027-01-01,,PENDING,43888211,,BP-444899-01
B-P-01991,B-C-01521,Northwind Health,61006WI9573543,ACA,WI,,2025-01-01,,ACTIVE,50979283,,NW-811946-01
B-P-01992,B-C-01522,Cardinal Mutual,70072AR4191850,ACA,AR,,2026-01-01,,ACTIVE,93619366,,CM-813465-01
B-P-01993,B-C-01523,Cardinal Mutual,70072CA5766889,ACA,CA,,2024-01-01,,ACTIVE,50399119,,CM-905682-01
B-P-01994,B-C-01524,Northwind Health,61006CO5393840,ACA,CO,,2026-01-01,,ACTIVE,49066206,,NW-190018-01
B-P-01995,B-C-01525,Northwind Health,61006TX6910184,ACA,TX,,2026-01-01,,ACTIVE,14829889,,NW-414633-01
B-P-01996,B-C-01526,Summit Health Plans,75720PA5314780,ACA,PA,,2024-01-01,,ACTIVE,91146902,,SH-760010-01
B-P-01997,B-C-01527,Northwind Health,H3036-029,MA,GA,AGE,2024-07-01,,ACTIVE,26047628,50.10,NW-961702
B-P-01998,B-C-01528,Summit Health Plans,H4044-016,MA,CA,AGE,2024-04-01,,ACTIVE,50399119,4.57,SH-446037
B-P-01999,B-C-01529,Cardinal Mutual,H7696-026,MA,KY,AGE,2025-11-01,,ACTIVE,81157097,40.74,CM-221062
B-P-02000,B-C-01530,Bluepeak,H5243-024-001,MA,WI,AGE,2024-07-01,,ACTIVE,50979283,31.97,BP-517792
B-P-02001,B-C-01531,Bluepeak,H9161-004,MA,CA,AGE,2025-09-01,,ACTIVE,50399119,41.64,BP-190350
B-P-02002,B-C-01532,Bluepeak,G,MEDSUPP,SD,AGE,2023-12-01,,ACTIVE,14829889,232.61,BP-675062
B-P-02003,B-C-01532,Bluepeak,S7317-013,PDP,SD,AGE,2023-12-01,,ACTIVE,14829889,76.54,BP-631452
B-P-02004,B-C-01533,Harborline,17955WV9114939,ACA,WV,,2025-01-01,,ACTIVE,64493418,653.88,HL-510400
B-P-02005,B-C-01534,Northwind Health,H3036-005,MA,UT,AGE,2023-11-01,,ACTIVE,45462976,48.78,NW-453226
B-P-02006,B-C-01535,Meridian Care,L,MEDSUPP,TX,AGE,2025-07-01,,ACTIVE,14829889,144.06,MC-119628
B-P-02007,B-C-01535,Meridian Care,S4547-002,PDP,TX,AGE,2025-07-01,,ACTIVE,14829889,83.88,MC-211987
B-P-02008,B-C-01536,Summit Health Plans,S4824-024,PDP,OH,AGE,2025-08-01,,ACTIVE,50979283,26.04,SH-686595
B-P-02009,B-C-01537,Harborline,R7629-009,MA,KY,AGE,2023-09-01,,ACTIVE,43888211,35.33,HL-960756
B-P-02010,B-C-01538,Meridian Care,H4636-005,MA,TX,AGE,2023-10-01,2026-01-31,TERMINATED,50399119,22.83,MC-419024
B-P-02011,B-C-01538,Harborline,H1547-012,MA,TX,AGE,2026-02-01,,ACTIVE,50399119,42.29,HL-317517
B-P-02012,B-C-01539,Cardinal Mutual,70072TX8818486,ACA,TX,,2025-01-01,,ACTIVE,14829889,619.26,CM-282750
B-P-02013,B-C-01540,Bluepeak,H5243-002,MA,OR,AGE,2024-05-01,,ACTIVE,43888211,54.01,BP-817072
B-P-02014,B-C-01541,Bluepeak,H9161-011-002,MA,FL,AGE,2026-11-01,,PENDING,90228424,31.49,BP-649683
B-P-02015,B-C-01542,Cardinal Mutual,H5265-014,MA,TX,AGE,2022-08-01,2025-10-31,TERMINATED,50399119,18.90,CM-315546
B-P-02016,B-C-01542,Harborline,H1547-020-001,MA,TX,AGE,2025-11-01,,ACTIVE,50399119,47.22,HL-915081
B-P-02017,B-C-01543,Cardinal Mutual,70072VT5333196,ACA,VT,,2025-01-01,2025-12-31,TERMINATED,84583776,686.31,CM-790172
B-P-02018,B-C-01543,Harborline,17955VT9865932,ACA,VT,,2026-01-01,,ACTIVE,84583776,351.85,HL-369693
B-P-02019,B-C-01544,Harborline,17955OR0905841,ACA,OR,,2027-01-01,,PENDING,9527070,463.29,HL-300377
B-P-02020,B-C-01545,Northwind Health,61006CO8323536,ACA,CO,,2025-01-01,2025-12-31,TERMINATED,49066206,780.66,NW-946386
B-P-02021,B-C-01545,Bluepeak,39473CO7763331,ACA,CO,,2026-01-01,,ACTIVE,49066206,178.03,BP-696208
B-P-02022,B-C-01546,Meridian Care,18024DE5927230,ACA,DE,,2026-01-01,,ACTIVE,59893296,661.71,MC-191617
B-P-02023,B-C-01547,Northwind Health,61006VA5043758,ACA,VA,,2026-01-01,,ACTIVE,98787777,169.93,NW-204581
B-P-02024,B-C-01548,Northwind Health,61006NE3951132,ACA,NE,,2025-01-01,,ACTIVE,94445646,880.16,NW-255285
B-P-02025,B-C-01549,Meridian Care,18024MO7370995,ACA,MO,,2025-01-01,2025-12-31,TERMINATED,69777236,220.66,MC-219339
B-P-02026,B-C-01549,Bluepeak,39473MO8694928,ACA,MO,,2026-01-01,,ACTIVE,69777236,472.55,BP-893874
B-P-02027,B-C-01550,Cardinal Mutual,70072UT1828779,ACA,UT,,2025-01-01,2025-12-31,TERMINATED,45462976,212.57,CM-951285
B-P-02028,B-C-01550,Bluepeak,39473UT1767466,ACA,UT,,2026-01-01,,ACTIVE,45462976,314.17,BP-462127
B-P-02029,B-C-01551,Northwind Health,61006KY9976931,ACA,KY,,2025-01-01,,ACTIVE,81157097,595.63,NW-755778
B-P-02030,B-C-01552,Summit Health Plans,75720VA3374607,ACA,VA,,2024-01-01,,ACTIVE,98787777,411.39,SH-624808
B-P-02031,B-C-01553,Northwind Health,61006VA5043758,ACA,VA,,2026-01-01,,ACTIVE,98787777,169.93,NW-659755
B-P-02032,B-C-01554,Harborline,17955KY8690662,ACA,KY,,2026-01-01,,ACTIVE,43888211,207.75,HL-534286
B-P-02033,B-C-01555,Bluepeak,39473RI9131948,ACA,RI,,2025-01-01,2025-12-31,TERMINATED,37947372,804.99,BP-763656
B-P-02034,B-C-01555,Northwind Health,61006RI4134900,ACA,RI,,2026-01-01,,ACTIVE,37947372,387.95,NW-946717
B-P-02035,B-C-01556,Summit Health Plans,75720NC5431547,ACA,NC,,2025-01-01,2025-12-31,TERMINATED,93619366,692.01,SH-920990
B-P-02036,B-C-01556,Meridian Care,18024NC2688038,ACA,NC,,2026-01-01,,ACTIVE,93619366,367.61,MC-857355
B-P-02037,B-C-01557,Meridian Care,18024MO5408119,ACA,MO,,2026-01-01,,ACTIVE,69777236,486.90,MC-418781
B-P-02038,B-C-01558,Cardinal Mutual,70072UT1828779,ACA,UT,,2025-01-01,2025-12-31,TERMINATED,45462976,212.57,CM-685248
B-P-02039,B-C-01558,Bluepeak,39473UT1767466,ACA,UT,,2026-01-01,,ACTIVE,45462976,314.17,BP-331849
B-P-02040,B-C-01559,Meridian Care,18024DC1775004,ACA,DC,,2026-01-01,,ACTIVE,24647567,771.48,MC-251033
B-P-02041,B-C-01560,Bluepeak,39473MO6041607,ACA,MO,,2026-01-01,,ACTIVE,81157097,669.17,BP-153300
