npn,carrier,state,plan_year,line_of_business,appointed,certified,effective_date,end_date
14829889,Bluepeak,AZ,2022,MEDSUPP,true,true,2022-01-01,
14829889,Bluepeak,AZ,2022,PDP,true,true,2022-01-01,
14829889,Bluepeak,AZ,2023,MEDSUPP,true,true,2023-01-01,
14829889,Bluepeak,AZ,2023,PDP,true,true,2023-01-01,
14829889,Bluepeak,AZ,2024,MEDSUPP,true,true,2024-01-01,
14829889,Bluepeak,AZ,2024,PDP,true,true,2024-01-01,
14829889,Bluepeak,AZ,2025,ACA,true,true,2025-01-01,
14829889,Bluepeak,AZ,2025,MA,true,true,2025-01-01,
14829889,Bluepeak,AZ,2025,MEDSUPP,true,true,2025-01-01,
14829889,Bluepeak,AZ,2025,PDP,true,true,2025-01-01,
14829889,Bluepeak,AZ,2026,MA,true,true,2026-01-01,
14829889,Bluepeak,AZ,2026,MEDSUPP,true,true,2026-01-01,
14829889,Bluepeak,AZ,2026,PDP,true,true,2026-01-01,
14829889,Bluepeak,CT,2025,MA,true,true,2025-01-01,
14829889,Bluepeak,CT,2026,MA,true,true,2026-01-01,
14829889,Bluepeak,SD,2022,MA,true,true,2022-01-01,
14829889,Bluepeak,SD,2023,MA,true,true,2023-01-01,
14829889,Bluepeak,SD,2023,MEDSUPP,true,true,2023-01-01,
14829889,Bluepeak,SD,2023,PDP,true,true,2023-01-01,
14829889,Bluepeak,SD,2024,MA,true,true,2024-01-01,
14829889,Bluepeak,SD,2024,MEDSUPP,true,true,2024-01-01,
14829889,Bluepeak,SD,2024,PDP,true,true,2024-01-01,
14829889,Bluepeak,SD,2025,MA,true,true,2025-01-01,
14829889,Bluepeak,SD,2025,MEDSUPP,true,true,2025-01-01,
14829889,Bluepeak,SD,2025,PDP,true,true,2025-01-01,
14829889,Bluepeak,SD,2026,MA,true,true,2026-01-01,
14829889,Bluepeak,SD,2026,MEDSUPP,true,true,2026-01-01,
14829889,Bluepeak,SD,2026,PDP,true,true,2026-01-01,
14829889,Bluepeak,TX,2025,MA,true,true,2025-01-01,
14829889,Bluepeak,TX,2026,MA,true,true,2026-01-01,
14829889,Cardinal Mutual,AZ,2025,MA,true,true,2025-01-01,
14829889,Cardinal Mutual,AZ,2026,MA,true,true,2026-01-01,
14829889,Cardinal Mutual,CT,2023,MA,true,true,2023-01-01,
14829889,Cardinal Mutual,CT,2024,MA,true,true,2024-01-01,
14829889,Cardinal Mutual,CT,2025,ACA,true,true,2025-01-01,
14829889,Cardinal Mutual,CT,2025,MA,true,true,2025-01-01,
14829889,Cardinal Mutual,CT,2026,ACA,true,true,2026-01-01,
14829889,Cardinal Mutual,SD,2024,MA,true,true,2024-01-01,
14829889,Cardinal Mutual,SD,2025,MA,true,true,2025-01-01,
14829889,Cardinal Mutual,SD,2026,MA,true,true,2026-01-01,
14829889,Cardinal Mutual,TX,2022,MA,true,true,2022-01-01,
14829889,Cardinal Mutual,TX,2023,MA,true,true,2023-01-01,
14829889,Cardinal Mutual,TX,2024,MA,true,true,2024-01-01,
14829889,Cardinal Mutual,TX,2025,ACA,true,true,2025-01-01,
14829889,Cardinal Mutual,TX,2025,MA,true,true,2025-01-01,
14829889,Cardinal Mutual,TX,2026,ACA,true,true,2026-01-01,
14829889,Cardinal Mutual,TX,2026,MA,true,true,2026-01-01,
14829889,Harborline,AZ,2025,PDP,true,true,2025-01-01,
14829889,Harborline,AZ,2026,PDP,true,true,2026-01-01,
14829889,Harborline,CT,2022,MA,true,true,2022-01-01,
14829889,Harborline,CT,2023,MA,true,true,2023-01-01,
14829889,Harborline,CT,2024,MA,true,true,2024-01-01,
14829889,Harborline,CT,2025,MA,true,true,2025-01-01,
14829889,Harborline,CT,2026,MA,true,true,2026-01-01,
14829889,Harborline,SD,2024,ACA,true,true,2024-01-01,
14829889,Harborline,SD,2025,ACA,true,true,2025-01-01,
14829889,Harborline,SD,2026,ACA,true,true,2026-01-01,
14829889,Harborline,TX,2022,MA,true,true,2022-01-01,
14829889,Harborline,TX,2023,MA,true,true,2023-01-01,
14829889,Harborline,TX,2024,ACA,true,true,2024-01-01,
14829889,Harborline,TX,2024,MA,true,true,2024-01-01,
14829889,Harborline,TX,2025,ACA,true,true,2025-01-01,
14829889,Harborline,TX,2025,MA,true,true,2025-01-01,
14829889,Harborline,TX,2026,ACA,true,true,2026-01-01,
14829889,Harborline,TX,2026,MA,true,true,2026-01-01,
14829889,Meridian Care,CT,2024,ACA,true,true,2024-01-01,
14829889,Meridian Care,CT,2025,ACA,true,true,2025-01-01,
14829889,Meridian Care,CT,2025,MA,true,true,2025-01-01,
14829889,Meridian Care,CT,2026,ACA,true,true,2026-01-01,
14829889,Meridian Care,CT,2026,MA,true,true,2026-01-01,
14829889,Meridian Care,SD,2023,MA,true,true,2023-01-01,
14829889,Meridian Care,SD,2023,PDP,true,true,2023-01-01,
14829889,Meridian Care,SD,2024,MA,true,true,2024-01-01,
14829889,Meridian Care,SD,2024,PDP,true,true,2024-01-01,
14829889,Meridian Care,SD,2025,MA,true,true,2025-01-01,
14829889,Meridian Care,SD,2025,PDP,true,true,2025-01-01,
14829889,Meridian Care,SD,2026,MA,true,true,2026-01-01,
14829889,Meridian Care,SD,2026,PDP,true,true,2026-01-01,
14829889,Meridian Care,TX,2023,MA,true,true,2023-01-01,
14829889,Meridian Care,TX,2023,MEDSUPP,true,true,2023-01-01,
14829889,Meridian Care,TX,2023,PDP,true,true,2023-01-01,
14829889,Meridian Care,TX,2024,MA,true,true,2024-01-01,
14829889,Meridian Care,TX,2024,MEDSUPP,true,true,2024-01-01,
14829889,Meridian Care,TX,2024,PDP,true,true,2024-01-01,
14829889,Meridian Care,TX,2025,MA,true,true,2025-01-01,
14829889,Meridian Care,TX,2025,MEDSUPP,true,true,2025-01-01,
14829889,Meridian Care,TX,2025,PDP,true,true,2025-01-01,
14829889,Meridian Care,TX,2026,ACA,true,true,2026-01-01,
14829889,Meridian Care,TX,2026,MA,true,true,2026-01-01,
14829889,Meridian Care,TX,2026,MEDSUPP,true,true,2026-01-01,
14829889,Meridian Care,TX,2026,PDP,true,true,2026-01-01,
14829889,Northwind Health,AZ,2025,ACA,true,true,2025-01-01,
14829889,Northwind Health,AZ,2026,ACA,true,true,2026-01-01,
14829889,Northwind Health,AZ,2026,MA,true,true,2026-01-01,
14829889,Northwind Health,CT,2023,MA,true,true,2023-01-01,
14829889,Northwind Health,CT,2024,MA,true,true,2024-01-01,
14829889,Northwind Health,CT,2025,ACA,true,true,2025-01-01,
14829889,Northwind Health,CT,2025,MA,true,true,2025-01-01,
14829889,Northwind Health,CT,2025,MEDSUPP,true,true,2025-01-01,
14829889,Northwind Health,CT,2025,PDP,true,true,2025-01-01,
14829889,Northwind Health,CT,2026,ACA,true,true,2026-01-01,
14829889,Northwind Health,CT,2026,MA,true,true,2026-01-01,
14829889,Northwind Health,CT,2026,MEDSUPP,true,true,2026-01-01,
14829889,Northwind Health,CT,2026,PDP,true,true,2026-01-01,
14829889,Northwind Health,SD,2025,MA,true,true,2025-01-01,
14829889,Northwind Health,SD,2025,MEDSUPP,true,true,2025-01-01,
14829889,Northwind Health,SD,2025,PDP,true,true,2025-01-01,
14829889,Northwind Health,SD,2026,MA,true,true,2026-01-01,
14829889,Northwind Health,SD,2026,MEDSUPP,true,true,2026-01-01,
14829889,Northwind Health,SD,2026,PDP,true,true,2026-01-01,
14829889,Northwind Health,TX,2026,ACA,true,true,2026-01-01,
14829889,Summit Health Plans,CT,2022,MEDSUPP,true,true,2022-01-01,
14829889,Summit Health Plans,CT,2022,PDP,true,true,2022-01-01,
14829889,Summit Health Plans,CT,2023,MEDSUPP,true,true,2023-01-01,
14829889,Summit Health Plans,CT,2023,PDP,true,true,2023-01-01,
14829889,Summit Health Plans,CT,2024,ACA,true,true,2024-01-01,
14829889,Summit Health Plans,CT,2024,MEDSUPP,true,true,2024-01-01,
14829889,Summit Health Plans,CT,2024,PDP,true,true,2024-01-01,
14829889,Summit Health Plans,CT,2025,ACA,true,true,2025-01-01,
14829889,Summit Health Plans,CT,2025,MEDSUPP,true,true,2025-01-01,
14829889,Summit Health Plans,CT,2025,PDP,true,true,2025-01-01,
14829889,Summit Health Plans,CT,2026,ACA,true,true,2026-01-01,
14829889,Summit Health Plans,CT,2026,MA,true,true,2026-01-01,
14829889,Summit Health Plans,CT,2026,MEDSUPP,true,true,2026-01-01,
14829889,Summit Health Plans,CT,2026,PDP,true,true,2026-01-01,
14829889,Summit Health Plans,SD,2023,MA,true,true,2023-01-01,
14829889,Summit Health Plans,SD,2024,ACA,true,true,2024-01-01,
14829889,Summit Health Plans,SD,2024,MA,true,true,2024-01-01,
14829889,Summit Health Plans,SD,2025,ACA,true,true,2025-01-01,
14829889,Summit Health Plans,SD,2025,MA,true,true,2025-01-01,
14829889,Summit Health Plans,SD,2025,MEDSUPP,true,true,2025-01-01,
14829889,Summit Health Plans,SD,2025,PDP,true,true,2025-01-01,
14829889,Summit Health Plans,SD,2026,ACA,true,true,2026-01-01,
14829889,Summit Health Plans,SD,2026,MA,true,true,2026-01-01,
14829889,Summit Health Plans,SD,2026,MEDSUPP,true,true,2026-01-01,
14829889,Summit Health Plans,SD,2026,PDP,true,true,2026-01-01,
14829889,Summit Health Plans,TX,2024,PDP,true,true,2024-01-01,
14829889,Summit Health Plans,TX,2025,MA,true,true,2025-01-01,
14829889,Summit Health Plans,TX,2025,PDP,true,true,2025-01-01,
14829889,Summit Health Plans,TX,2026,MA,true,true,2026-01-01,
14829889,Summit Health Plans,TX,2026,PDP,true,true,2026-01-01,
20671937,Bluepeak,CT,2022,MA,true,true,2022-01-01,
20671937,Bluepeak,CT,2022,MEDSUPP,true,true,2022-01-01,
20671937,Bluepeak,CT,2022,PDP,true,true,2022-01-01,
20671937,Bluepeak,CT,2023,MA,true,true,2023-01-01,
20671937,Bluepeak,CT,2023,MEDSUPP,true,true,2023-01-01,
20671937,Bluepeak,CT,2023,PDP,true,true,2023-01-01,
20671937,Bluepeak,CT,2024,MA,true,true,2024-01-01,
20671937,Bluepeak,CT,2024,MEDSUPP,true,true,2024-01-01,
20671937,Bluepeak,CT,2024,PDP,true,true,2024-01-01,
20671937,Bluepeak,CT,2025,MA,true,true,2025-01-01,
20671937,Bluepeak,CT,2025,MEDSUPP,true,true,2025-01-01,
20671937,Bluepeak,CT,2025,PDP,true,true,2025-01-01,
20671937,Bluepeak,CT,2026,ACA,true,true,2026-01-01,
20671937,Bluepeak,CT,2026,MA,true,true,2026-01-01,
20671937,Bluepeak,CT,2026,MEDSUPP,true,true,2026-01-01,
20671937,Bluepeak,CT,2026,PDP,true,true,2026-01-01,
20671937,Bluepeak,WY,2023,MA,true,true,2023-01-01,
20671937,Bluepeak,WY,2024,MA,true,true,2024-01-01,
20671937,Bluepeak,WY,2025,MA,true,true,2025-01-01,
20671937,Bluepeak,WY,2026,ACA,true,true,2026-01-01,
20671937,Bluepeak,WY,2026,MA,true,true,2026-01-01,
20671937,Cardinal Mutual,CT,2023,MA,true,true,2023-01-01,
20671937,Cardinal Mutual,CT,2024,ACA,true,true,2024-01-01,
20671937,Cardinal Mutual,CT,2024,MA,true,true,2024-01-01,
20671937,Cardinal Mutual,CT,2025,ACA,true,true,2025-01-01,
20671937,Cardinal Mutual,CT,2025,MA,true,true,2025-01-01,
20671937,Cardinal Mutual,CT,2026,ACA,true,true,2026-01-01,
20671937,Cardinal Mutual,CT,2026,MA,true,true,2026-01-01,
20671937,Cardinal Mutual,WY,2022,MA,true,true,2022-01-01,
20671937,Cardinal Mutual,WY,2023,MA,true,true,2023-01-01,
20671937,Cardinal Mutual,WY,2024,MA,true,true,2024-01-01,
20671937,Cardinal Mutual,WY,2025,MA,true,true,2025-01-01,
20671937,Cardinal Mutual,WY,2026,MA,true,true,2026-01-01,
20671937,Harborline,CT,2023,MA,true,true,2023-01-01,
20671937,Harborline,CT,2023,PDP,true,true,2023-01-01,
20671937,Harborline,CT,2024,MA,true,true,2024-01-01,
20671937,Harborline,CT,2024,PDP,true,true,2024-01-01,
20671937,Harborline,CT,2025,MA,true,true,2025-01-01,
20671937,Harborline,CT,2025,PDP,true,true,2025-01-01,
20671937,Harborline,CT,2026,ACA,true,true,2026-01-01,
20671937,Harborline,CT,2026,MA,true,true,2026-01-01,
20671937,Harborline,CT,2026,PDP,true,true,2026-01-01,
20671937,Harborline,WY,2024,MA,true,true,2024-01-01,
20671937,Harborline,WY,2025,ACA,true,true,2025-01-01,
20671937,Harborline,WY,2025,MA,true,true,2025-01-01,
20671937,Harborline,WY,2026,MA,true,true,2026-01-01,
20671937,Meridian Care,CT,2023,MA,true,true,2023-01-01,
20671937,Meridian Care,CT,2024,MA,true,true,2024-01-01,
20671937,Meridian Care,CT,2025,ACA,true,true,2025-01-01,
20671937,Meridian Care,CT,2025,MA,true,true,2025-01-01,
20671937,Meridian Care,CT,2026,MA,true,true,2026-01-01,
20671937,Meridian Care,WY,2022,MA,true,true,2022-01-01,
20671937,Meridian Care,WY,2023,MA,true,true,2023-01-01,
20671937,Meridian Care,WY,2023,MEDSUPP,true,true,2023-01-01,
20671937,Meridian Care,WY,2023,PDP,true,true,2023-01-01,
20671937,Meridian Care,WY,2024,MA,true,true,2024-01-01,
20671937,Meridian Care,WY,2024,MEDSUPP,true,true,2024-01-01,
20671937,Meridian Care,WY,2024,PDP,true,true,2024-01-01,
20671937,Meridian Care,WY,2025,MA,true,true,2025-01-01,
20671937,Meridian Care,WY,2025,MEDSUPP,true,true,2025-01-01,
20671937,Meridian Care,WY,2025,PDP,true,true,2025-01-01,
20671937,Meridian Care,WY,2026,ACA,true,true,2026-01-01,
20671937,Meridian Care,WY,2026,MA,true,true,2026-01-01,
20671937,Meridian Care,WY,2026,MEDSUPP,true,true,2026-01-01,
20671937,Meridian Care,WY,2026,PDP,true,true,2026-01-01,
20671937,Northwind Health,CT,2022,MA,true,true,2022-01-01,
20671937,Northwind Health,CT,2023,MA,true,true,2023-01-01,
20671937,Northwind Health,CT,2024,MA,true,true,2024-01-01,
20671937,Northwind Health,CT,2025,MA,true,true,2025-01-01,
20671937,Northwind Health,CT,2026,ACA,true,true,2026-01-01,
20671937,Northwind Health,CT,2026,MA,true,true,2026-01-01,
20671937,Northwind Health,WY,2022,MA,true,true,2022-01-01,
20671937,Northwind Health,WY,2023,MA,true,true,2023-01-01,
20671937,Northwind Health,WY,2024,MA,true,true,2024-01-01,
20671937,Northwind Health,WY,2025,ACA,true,true,2025-01-01,
20671937,Northwind Health,WY,2025,MA,true,true,2025-01-01,
20671937,Northwind Health,WY,2026,ACA,true,true,2026-01-01,
20671937,Northwind Health,WY,2026,MA,true,true,2026-01-01,
20671937,Summit Health Plans,CT,2022,MA,true,true,2022-01-01,
20671937,Summit Health Plans,CT,2023,MA,true,true,2023-01-01,
20671937,Summit Health Plans,CT,2024,MA,true,true,2024-01-01,
20671937,Summit Health Plans,CT,2024,MEDSUPP,true,true,2024-01-01,
20671937,Summit Health Plans,CT,2024,PDP,true,true,2024-01-01,
20671937,Summit Health Plans,CT,2025,ACA,true,true,2025-01-01,
20671937,Summit Health Plans,CT,2025,MA,true,true,2025-01-01,
20671937,Summit Health Plans,CT,2025,MEDSUPP,true,true,2025-01-01,
20671937,Summit Health Plans,CT,2025,PDP,true,true,2025-01-01,
20671937,Summit Health Plans,CT,2026,ACA,true,true,2026-01-01,
20671937,Summit Health Plans,CT,2026,MA,true,true,2026-01-01,
20671937,Summit Health Plans,CT,2026,MEDSUPP,true,true,2026-01-01,
20671937,Summit Health Plans,CT,2026,PDP,true,true,2026-01-01,
20671937,Summit Health Plans,WY,2022,MA,true,true,2022-01-01,
20671937,Summit Health Plans,WY,2023,MA,true,true,2023-01-01,
20671937,Summit Health Plans,WY,2023,PDP,true,true,2023-01-01,
20671937,Summit Health Plans,WY,2024,MA,true,true,2024-01-01,
20671937,Summit Health Plans,WY,2024,PDP,true,true,2024-01-01,
20671937,Summit Health Plans,WY,2025,MA,true,true,2025-01-01,
20671937,Summit Health Plans,WY,2025,PDP,true,true,2025-01-01,
20671937,Summit Health Plans,WY,2026,ACA,true,true,2026-01-01,
20671937,Summit Health Plans,WY,2026,MA,true,true,2026-01-01,
20671937,Summit Health Plans,WY,2026,PDP,true,true,2026-01-01,
24647567,Bluepeak,CT,2023,PDP,true,true,2023-01-01,
24647567,Bluepeak,CT,2024,PDP,true,true,2024-01-01,
24647567,Bluepeak,CT,2025,MEDSUPP,true,true,2025-01-01,
24647567,Bluepeak,CT,2025,PDP,true,true,2025-01-01,
24647567,Bluepeak,CT,2026,ACA,true,true,2026-01-01,
24647567,Bluepeak,CT,2026,MEDSUPP,true,true,2026-01-01,
24647567,Bluepeak,CT,2026,PDP,true,true,2026-01-01,
24647567,Bluepeak,DC,2022,MA,true,true,2022-01-01,
24647567,Bluepeak,DC,2023,MA,true,true,2023-01-01,
24647567,Bluepeak,DC,2024,MA,true,true,2024-01-01,
24647567,Bluepeak,DC,2025,MA,true,true,2025-01-01,
24647567,Bluepeak,DC,2025,MEDSUPP,true,true,2025-01-01,
24647567,Bluepeak,DC,2025,PDP,true,true,2025-01-01,
24647567,Bluepeak,DC,2026,MA,true,true,2026-01-01,
24647567,Bluepeak,DC,2026,MEDSUPP,true,true,2026-01-01,
24647567,Bluepeak,DC,2026,PDP,true,true,2026-01-01,
24647567,Cardinal Mutual,CT,2023,MEDSUPP,true,true,2023-01-01,
24647567,Cardinal Mutual,CT,2023,PDP,true,true,2023-01-01,
24647567,Cardinal Mutual,CT,2024,MEDSUPP,true,true,2024-01-01,
24647567,Cardinal Mutual,CT,2024,PDP,true,true,2024-01-01,
24647567,Cardinal Mutual,CT,2025,MA,true,true,2025-01-01,
24647567,Cardinal Mutual,CT,2025,MEDSUPP,true,true,2025-01-01,
24647567,Cardinal Mutual,CT,2025,PDP,true,true,2025-01-01,
24647567,Cardinal Mutual,CT,2026,MA,true,true,2026-01-01,
24647567,Cardinal Mutual,CT,2026,MEDSUPP,true,true,2026-01-01,
24647567,Cardinal Mutual,CT,2026,PDP,true,true,2026-01-01,
24647567,Cardinal Mutual,DC,2022,MA,true,true,2022-01-01,
24647567,Cardinal Mutual,DC,2023,MA,true,true,2023-01-01,
24647567,Cardinal Mutual,DC,2023,PDP,true,true,2023-01-01,
24647567,Cardinal Mutual,DC,2024,MA,true,true,2024-01-01,
24647567,Cardinal Mutual,DC,2024,PDP,true,true,2024-01-01,
24647567,Cardinal Mutual,DC,2025,MA,true,true,2025-01-01,
24647567,Cardinal Mutual,DC,2025,MEDSUPP,true,true,2025-01-01,
24647567,Cardinal Mutual,DC,2025,PDP,true,true,2025-01-01,
24647567,Cardinal Mutual,DC,2026,MA,true,true,2026-01-01,
24647567,Cardinal Mutual,DC,2026,MEDSUPP,true,true,2026-01-01,
24647567,Cardinal Mutual,DC,2026,PDP,true,true,2026-01-01,
24647567,Harborline,CT,2024,PDP,true,true,2024-01-01,
24647567,Harborline,CT,2025,MA,true,true,2025-01-01,
24647567,Harborline,CT,2025,PDP,true,true,2025-01-01,
24647567,Harborline,CT,2026,MA,true,true,2026-01-01,
24647567,Harborline,CT,2026,PDP,true,true,2026-01-01,
24647567,Harborline,DC,2022,MA,true,true,2022-01-01,
24647567,Harborline,DC,2023,MA,true,true,2023-01-01,
24647567,Harborline,DC,2024,MA,true,true,2024-01-01,
24647567,Harborline,DC,2024,MEDSUPP,true,true,2024-01-01,
24647567,Harborline,DC,2024,PDP,true,true,2024-01-01,
24647567,Harborline,DC,2025,MA,true,true,2025-01-01,
24647567,Harborline,DC,2025,MEDSUPP,true,true,2025-01-01,
24647567,Harborline,DC,2025,PDP,true,true,2025-01-01,
24647567,Harborline,DC,2026,ACA,true,true,2026-01-01,
24647567,Harborline,DC,2026,MA,true,true,2026-01-01,
24647567,Harborline,DC,2026,MEDSUPP,true,true,2026-01-01,
24647567,Harborline,DC,2026,PDP,true,true,2026-01-01,
24647567,Meridian Care,CT,2025,MA,true,true,2025-01-01,
24647567,Meridian Care,CT,2026,MA,true,true,2026-01-01,
24647567,Meridian Care,DC,2022,MA,true,true,2022-01-01,
24647567,Meridian Care,DC,2022,MEDSUPP,true,true,2022-01-01,
24647567,Meridian Care,DC,2022,PDP,true,true,2022-01-01,
24647567,Meridian Care,DC,2023,MA,true,true,2023-01-01,
24647567,Meridian Care,DC,2023,MEDSUPP,true,true,2023-01-01,
24647567,Meridian Care,DC,2023,PDP,true,true,2023-01-01,
24647567,Meridian Care,DC,2024,ACA,true,true,2024-01-01,
24647567,Meridian Care,DC,2024,MA,true,true,2024-01-01,
24647567,Meridian Care,DC,2024,MEDSUPP,true,true,2024-01-01,
24647567,Meridian Care,DC,2024,PDP,true,true,2024-01-01,
24647567,Meridian Care,DC,2025,ACA,true,true,2025-01-01,
24647567,Meridian Care,DC,2025,MA,true,true,2025-01-01,
24647567,Meridian Care,DC,2025,MEDSUPP,true,true,2025-01-01,
24647567,Meridian Care,DC,2025,PDP,true,true,2025-01-01,
24647567,Meridian Care,DC,2026,ACA,true,true,2026-01-01,
24647567,Meridian Care,DC,2026,MA,true,true,2026-01-01,
24647567,Meridian Care,DC,2026,MEDSUPP,true,true,2026-01-01,
24647567,Meridian Care,DC,2026,PDP,true,true,2026-01-01,
24647567,Meridian Care,DC,2027,ACA,true,true,2027-01-01,
24647567,Northwind Health,CT,2022,MA,true,true,2022-01-01,
24647567,Northwind Health,CT,2023,MA,true,true,2023-01-01,
24647567,Northwind Health,CT,2023,PDP,true,true,2023-01-01,
24647567,Northwind Health,CT,2024,MA,true,true,2024-01-01,
24647567,Northwind Health,CT,2024,PDP,true,true,2024-01-01,
24647567,Northwind Health,CT,2025,MA,true,true,2025-01-01,
24647567,Northwind Health,CT,2025,MEDSUPP,true,true,2025-01-01,
24647567,Northwind Health,CT,2025,PDP,true,true,2025-01-01,
24647567,Northwind Health,CT,2026,ACA,true,true,2026-01-01,
24647567,Northwind Health,CT,2026,MA,true,true,2026-01-01,
24647567,Northwind Health,CT,2026,MEDSUPP,true,true,2026-01-01,
24647567,Northwind Health,CT,2026,PDP,true,true,2026-01-01,
24647567,Northwind Health,DC,2022,MA,true,true,2022-01-01,
24647567,Northwind Health,DC,2023,MA,true,true,2023-01-01,
24647567,Northwind Health,DC,2024,ACA,true,true,2024-01-01,
24647567,Northwind Health,DC,2024,MA,true,true,2024-01-01,
24647567,Northwind Health,DC,2025,ACA,true,true,2025-01-01,
24647567,Northwind Health,DC,2025,MA,true,true,2025-01-01,
24647567,Northwind Health,DC,2026,ACA,true,true,2026-01-01,
24647567,Northwind Health,DC,2026,MA,true,true,2026-01-01,
24647567,Summit Health Plans,CT,2023,MA,true,true,2023-01-01,
24647567,Summit Health Plans,CT,2024,MA,true,true,2024-01-01,
24647567,Summit Health Plans,CT,2025,MA,true,true,2025-01-01,
24647567,Summit Health Plans,CT,2026,MA,true,true,2026-01-01,
24647567,Summit Health Plans,DC,2022,MA,true,true,2022-01-01,
24647567,Summit Health Plans,DC,2023,MA,true,true,2023-01-01,
24647567,Summit Health Plans,DC,2024,MA,true,true,2024-01-01,
24647567,Summit Health Plans,DC,2025,MA,true,true,2025-01-01,
24647567,Summit Health Plans,DC,2026,MA,true,true,2026-01-01,
26047628,Bluepeak,GA,2022,MA,true,true,2022-01-01,
26047628,Bluepeak,GA,2023,MA,true,true,2023-01-01,
26047628,Bluepeak,GA,2024,ACA,true,true,2024-01-01,
26047628,Bluepeak,GA,2024,MA,true,true,2024-01-01,
26047628,Bluepeak,GA,2024,MEDSUPP,true,true,2024-01-01,
26047628,Bluepeak,GA,2024,PDP,true,true,2024-01-01,
26047628,Bluepeak,GA,2025,ACA,true,true,2025-01-01,
26047628,Bluepeak,GA,2025,MA,true,true,2025-01-01,
26047628,Bluepeak,GA,2025,MEDSUPP,true,true,2025-01-01,
26047628,Bluepeak,GA,2025,PDP,true,true,2025-01-01,
26047628,Bluepeak,GA,2026,ACA,true,true,2026-01-01,
26047628,Bluepeak,GA,2026,MA,true,true,2026-01-01,
26047628,Bluepeak,GA,2026,MEDSUPP,true,true,2026-01-01,
26047628,Bluepeak,GA,2026,PDP,true,true,2026-01-01,
26047628,Bluepeak,LA,2022,MA,true,true,2022-01-01,
26047628,Bluepeak,LA,2023,MA,true,true,2023-01-01,
26047628,Bluepeak,LA,2023,MEDSUPP,true,true,2023-01-01,
26047628,Bluepeak,LA,2023,PDP,true,true,2023-01-01,
26047628,Bluepeak,LA,2024,MA,true,true,2024-01-01,
26047628,Bluepeak,LA,2024,MEDSUPP,true,true,2024-01-01,
26047628,Bluepeak,LA,2024,PDP,true,true,2024-01-01,
26047628,Bluepeak,LA,2025,MA,true,true,2025-01-01,
26047628,Bluepeak,LA,2025,MEDSUPP,true,true,2025-01-01,
26047628,Bluepeak,LA,2025,PDP,true,true,2025-01-01,
26047628,Bluepeak,LA,2026,ACA,true,true,2026-01-01,
26047628,Bluepeak,LA,2026,MA,true,true,2026-01-01,
26047628,Bluepeak,LA,2026,MEDSUPP,true,true,2026-01-01,
26047628,Bluepeak,LA,2026,PDP,true,true,2026-01-01,
26047628,Cardinal Mutual,GA,2022,MA,true,true,2022-01-01,
26047628,Cardinal Mutual,GA,2023,MA,true,true,2023-01-01,
26047628,Cardinal Mutual,GA,2024,MA,true,true,2024-01-01,
26047628,Cardinal Mutual,GA,2024,MEDSUPP,true,true,2024-01-01,
26047628,Cardinal Mutual,GA,2024,PDP,true,true,2024-01-01,
26047628,Cardinal Mutual,GA,2025,ACA,true,true,2025-01-01,
26047628,Cardinal Mutual,GA,2025,MA,true,true,2025-01-01,
26047628,Cardinal Mutual,GA,2025,MEDSUPP,true,true,2025-01-01,
26047628,Cardinal Mutual,GA,2025,PDP,true,true,2025-01-01,
26047628,Cardinal Mutual,GA,2026,ACA,true,true,2026-01-01,
26047628,Cardinal Mutual,GA,2026,MA,true,true,2026-01-01,
26047628,Cardinal Mutual,GA,2026,MEDSUPP,true,true,2026-01-01,
26047628,Cardinal Mutual,GA,2026,PDP,true,true,2026-01-01,
26047628,Cardinal Mutual,LA,2022,MA,true,true,2022-01-01,
26047628,Cardinal Mutual,LA,2023,MA,true,true,2023-01-01,
26047628,Cardinal Mutual,LA,2024,MA,true,true,2024-01-01,
26047628,Cardinal Mutual,LA,2025,ACA,true,true,2025-01-01,
26047628,Cardinal Mutual,LA,2025,MA,true,true,2025-01-01,
26047628,Cardinal Mutual,LA,2026,ACA,true,true,2026-01-01,
26047628,Cardinal Mutual,LA,2026,MA,true,true,2026-01-01,
26047628,Cardinal Mutual,LA,2026,MEDSUPP,true,true,2026-01-01,
26047628,Cardinal Mutual,LA,2026,PDP,true,true,2026-01-01,
26047628,Harborline,GA,2023,MEDSUPP,true,true,2023-01-01,
26047628,Harborline,GA,2023,PDP,true,true,2023-01-01,
26047628,Harborline,GA,2024,MEDSUPP,true,true,2024-01-01,
26047628,Harborline,GA,2024,PDP,true,true,2024-01-01,
26047628,Harborline,GA,2025,MEDSUPP,true,true,2025-01-01,
26047628,Harborline,GA,2025,PDP,true,true,2025-01-01,
26047628,Harborline,GA,2026,ACA,true,true,2026-01-01,
26047628,Harborline,GA,2026,MEDSUPP,true,true,2026-01-01,
26047628,Harborline,GA,2026,PDP,true,true,2026-01-01,
26047628,Harborline,LA,2023,MA,true,true,2023-01-01,
26047628,Harborline,LA,2024,MA,true,true,2024-01-01,
26047628,Harborline,LA,2025,MA,true,true,2025-01-01,
26047628,Harborline,LA,2026,MA,true,true,2026-01-01,
26047628,Meridian Care,GA,2023,MA,true,true,2023-01-01,
26047628,Meridian Care,GA,2024,ACA,true,true,2024-01-01,
26047628,Meridian Care,GA,2024,MA,true,true,2024-01-01,
26047628,Meridian Care,GA,2024,PDP,true,true,2024-01-01,
26047628,Meridian Care,GA,2025,ACA,true,true,2025-01-01,
26047628,Meridian Care,GA,2025,MA,true,true,2025-01-01,
26047628,Meridian Care,GA,2025,PDP,true,true,2025-01-01,
26047628,Meridian Care,GA,2026,ACA,true,true,2026-01-01,
26047628,Meridian Care,GA,2026,MA,true,true,2026-01-01,
26047628,Meridian Care,GA,2026,PDP,true,true,2026-01-01,
26047628,Meridian Care,LA,2022,MA,true,true,2022-01-01,
26047628,Meridian Care,LA,2023,MA,true,true,2023-01-01,
26047628,Meridian Care,LA,2024,MA,true,true,2024-01-01,
26047628,Meridian Care,LA,2025,MA,true,true,2025-01-01,
26047628,Meridian Care,LA,2026,ACA,true,true,2026-01-01,
26047628,Meridian Care,LA,2026,MA,true,true,2026-01-01,
26047628,Northwind Health,GA,2024,MA,true,true,2024-01-01,
26047628,Northwind Health,GA,2024,MEDSUPP,true,true,2024-01-01,
26047628,Northwind Health,GA,2024,PDP,true,true,2024-01-01,
26047628,Northwind Health,GA,2025,MA,true,true,2025-01-01,
26047628,Northwind Health,GA,2025,MEDSUPP,true,true,2025-01-01,
26047628,Northwind Health,GA,2025,PDP,true,true,2025-01-01,
26047628,Northwind Health,GA,2026,ACA,true,true,2026-01-01,
26047628,Northwind Health,GA,2026,MA,true,true,2026-01-01,
26047628,Northwind Health,GA,2026,MEDSUPP,true,true,2026-01-01,
26047628,Northwind Health,GA,2026,PDP,true,true,2026-01-01,
26047628,Northwind Health,LA,2023,MEDSUPP,true,true,2023-01-01,
26047628,Northwind Health,LA,2023,PDP,true,true,2023-01-01,
26047628,Northwind Health,LA,2024,ACA,true,true,2024-01-01,
26047628,Northwind Health,LA,2024,MA,true,true,2024-01-01,
26047628,Northwind Health,LA,2024,MEDSUPP,true,true,2024-01-01,
26047628,Northwind Health,LA,2024,PDP,true,true,2024-01-01,
26047628,Northwind Health,LA,2025,ACA,true,true,2025-01-01,
26047628,Northwind Health,LA,2025,MA,true,true,2025-01-01,
26047628,Northwind Health,LA,2025,MEDSUPP,true,true,2025-01-01,
26047628,Northwind Health,LA,2025,PDP,true,true,2025-01-01,
26047628,Northwind Health,LA,2026,ACA,true,true,2026-01-01,
26047628,Northwind Health,LA,2026,MA,true,true,2026-01-01,
26047628,Northwind Health,LA,2026,MEDSUPP,true,true,2026-01-01,
26047628,Northwind Health,LA,2026,PDP,true,true,2026-01-01,
26047628,Summit Health Plans,GA,2022,MA,true,true,2022-01-01,
26047628,Summit Health Plans,GA,2023,MA,true,true,2023-01-01,
26047628,Summit Health Plans,GA,2024,MA,true,true,2024-01-01,
26047628,Summit Health Plans,GA,2025,ACA,true,true,2025-01-01,
26047628,Summit Health Plans,GA,2025,MA,true,true,2025-01-01,
26047628,Summit Health Plans,GA,2025,PDP,true,true,2025-01-01,
26047628,Summit Health Plans,GA,2026,MA,true,true,2026-01-01,
26047628,Summit Health Plans,GA,2026,PDP,true,true,2026-01-01,
26047628,Summit Health Plans,LA,2022,MA,true,true,2022-01-01,
26047628,Summit Health Plans,LA,2023,MA,true,true,2023-01-01,
26047628,Summit Health Plans,LA,2023,MEDSUPP,true,true,2023-01-01,
26047628,Summit Health Plans,LA,2023,PDP,true,true,2023-01-01,
26047628,Summit Health Plans,LA,2024,MA,true,true,2024-01-01,
26047628,Summit Health Plans,LA,2024,MEDSUPP,true,true,2024-01-01,
26047628,Summit Health Plans,LA,2024,PDP,true,true,2024-01-01,
26047628,Summit Health Plans,LA,2025,ACA,true,true,2025-01-01,
26047628,Summit Health Plans,LA,2025,MA,true,true,2025-01-01,
26047628,Summit Health Plans,LA,2025,MEDSUPP,true,true,2025-01-01,
26047628,Summit Health Plans,LA,2025,PDP,true,true,2025-01-01,
26047628,Summit Health Plans,LA,2026,MA,true,true,2026-01-01,
26047628,Summit Health Plans,LA,2026,MEDSUPP,true,true,2026-01-01,
26047628,Summit Health Plans,LA,2026,PDP,true,true,2026-01-01,
37947372,Bluepeak,NV,2024,MA,true,true,2024-01-01,
37947372,Bluepeak,NV,2024,PDP,true,true,2024-01-01,
37947372,Bluepeak,NV,2025,ACA,true,true,2025-01-01,
37947372,Bluepeak,NV,2025,MA,true,true,2025-01-01,
37947372,Bluepeak,NV,2025,PDP,true,true,2025-01-01,
37947372,Bluepeak,NV,2026,ACA,true,true,2026-01-01,
37947372,Bluepeak,NV,2026,MA,true,true,2026-01-01,
37947372,Bluepeak,NV,2026,PDP,true,true,2026-01-01,
37947372,Bluepeak,RI,2025,ACA,true,true,2025-01-01,
37947372,Cardinal Mutual,NV,2023,MA,true,true,2023-01-01,
37947372,Cardinal Mutual,NV,2024,MA,true,true,2024-01-01,
37947372,Cardinal Mutual,NV,2025,ACA,true,true,2025-01-01,
37947372,Cardinal Mutual,NV,2025,MA,true,true,2025-01-01,
37947372,Cardinal Mutual,NV,2026,ACA,true,true,2026-01-01,
37947372,Cardinal Mutual,NV,2026,MA,true,true,2026-01-01,
37947372,Cardinal Mutual,RI,2025,MA,true,true,2025-01-01,
37947372,Cardinal Mutual,RI,2026,ACA,true,true,2026-01-01,
37947372,Cardinal Mutual,RI,2026,MA,true,true,2026-01-01,
37947372,Harborline,NV,2022,MA,true,true,2022-01-01,
37947372,Harborline,NV,2023,MA,true,true,2023-01-01,
37947372,Harborline,NV,2023,MEDSUPP,true,true,2023-01-01,
37947372,Harborline,NV,2023,PDP,true,true,2023-01-01,
37947372,Harborline,NV,2024,MA,true,true,2024-01-01,
37947372,Harborline,NV,2024,MEDSUPP,true,true,2024-01-01,
37947372,Harborline,NV,2024,PDP,true,true,2024-01-01,
37947372,Harborline,NV,2025,ACA,true,true,2025-01-01,
37947372,Harborline,NV,2025,MA,true,true,2025-01-01,
37947372,Harborline,NV,2025,MEDSUPP,true,true,2025-01-01,
37947372,Harborline,NV,2025,PDP,true,true,2025-01-01,
37947372,Harborline,NV,2026,ACA,true,true,2026-01-01,
37947372,Harborline,NV,2026,MA,true,true,2026-01-01,
37947372,Harborline,NV,2026,MEDSUPP,true,true,2026-01-01,
37947372,Harborline,NV,2026,PDP,true,true,2026-01-01,
37947372,Harborline,RI,2022,MEDSUPP,true,true,2022-01-01,
37947372,Harborline,RI,2022,PDP,true,true,2022-01-01,
37947372,Harborline,RI,2023,MA,true,true,2023-01-01,
37947372,Harborline,RI,2023,MEDSUPP,true,true,2023-01-01,
37947372,Harborline,RI,2023,PDP,true,true,2023-01-01,
37947372,Harborline,RI,2024,MA,true,true,2024-01-01,
37947372,Harborline,RI,2024,MEDSUPP,true,true,2024-01-01,
37947372,Harborline,RI,2024,PDP,true,true,2024-01-01,
37947372,Harborline,RI,2025,ACA,true,true,2025-01-01,
37947372,Harborline,RI,2025,MA,true,true,2025-01-01,
37947372,Harborline,RI,2025,MEDSUPP,true,true,2025-01-01,
37947372,Harborline,RI,2025,PDP,true,true,2025-01-01,
37947372,Harborline,RI,2026,MA,true,true,2026-01-01,
37947372,Harborline,RI,2026,MEDSUPP,true,true,2026-01-01,
37947372,Harborline,RI,2026,PDP,true,true,2026-01-01,
37947372,Meridian Care,NV,2022,MA,true,true,2022-01-01,
37947372,Meridian Care,NV,2023,MA,true,true,2023-01-01,
37947372,Meridian Care,NV,2024,MA,true,true,2024-01-01,
37947372,Meridian Care,NV,2025,ACA,true,true,2025-01-01,
37947372,Meridian Care,NV,2025,MA,true,true,2025-01-01,
37947372,Meridian Care,NV,2026,ACA,true,true,2026-01-01,
37947372,Meridian Care,NV,2026,MA,true,true,2026-01-01,
37947372,Meridian Care,NV,2026,PDP,true,true,2026-01-01,
37947372,Meridian Care,RI,2022,MA,true,true,2022-01-01,
37947372,Meridian Care,RI,2023,MA,true,true,2023-01-01,
37947372,Meridian Care,RI,2023,MEDSUPP,true,true,2023-01-01,
37947372,Meridian Care,RI,2023,PDP,true,true,2023-01-01,
37947372,Meridian Care,RI,2024,MA,true,true,2024-01-01,
37947372,Meridian Care,RI,2024,MEDSUPP,true,true,2024-01-01,
37947372,Meridian Care,RI,2024,PDP,true,true,2024-01-01,
37947372,Meridian Care,RI,2025,MA,true,true,2025-01-01,
37947372,Meridian Care,RI,2025,MEDSUPP,true,true,2025-01-01,
37947372,Meridian Care,RI,2025,PDP,true,true,2025-01-01,
37947372,Meridian Care,RI,2026,MA,true,true,2026-01-01,
37947372,Meridian Care,RI,2026,MEDSUPP,true,true,2026-01-01,
37947372,Meridian Care,RI,2026,PDP,true,true,2026-01-01,
37947372,Northwind Health,NV,2022,PDP,true,true,2022-01-01,
37947372,Northwind Health,NV,2023,PDP,true,true,2023-01-01,
37947372,Northwind Health,NV,2024,MA,true,true,2024-01-01,
37947372,Northwind Health,NV,2024,PDP,true,true,2024-01-01,
37947372,Northwind Health,NV,2025,MA,true,true,2025-01-01,
37947372,Northwind Health,NV,2025,PDP,true,true,2025-01-01,
37947372,Northwind Health,NV,2026,MA,true,true,2026-01-01,
37947372,Northwind Health,NV,2026,PDP,true,true,2026-01-01,
37947372,Northwind Health,RI,2022,MA,true,true,2022-01-01,
37947372,Northwind Health,RI,2022,MEDSUPP,true,true,2022-01-01,
37947372,Northwind Health,RI,2022,PDP,true,true,2022-01-01,
37947372,Northwind Health,RI,2023,MA,true,true,2023-01-01,
37947372,Northwind Health,RI,2023,MEDSUPP,true,true,2023-01-01,
37947372,Northwind Health,RI,2023,PDP,true,true,2023-01-01,
37947372,Northwind Health,RI,2024,MA,true,true,2024-01-01,
37947372,Northwind Health,RI,2024,MEDSUPP,true,true,2024-01-01,
37947372,Northwind Health,RI,2024,PDP,true,true,2024-01-01,
37947372,Northwind Health,RI,2025,ACA,true,true,2025-01-01,
37947372,Northwind Health,RI,2025,MA,true,true,2025-01-01,
37947372,Northwind Health,RI,2025,MEDSUPP,true,true,2025-01-01,
37947372,Northwind Health,RI,2025,PDP,true,true,2025-01-01,
37947372,Northwind Health,RI,2026,ACA,true,true,2026-01-01,
37947372,Northwind Health,RI,2026,MA,true,true,2026-01-01,
37947372,Northwind Health,RI,2026,MEDSUPP,true,true,2026-01-01,
37947372,Northwind Health,RI,2026,PDP,true,true,2026-01-01,
37947372,Summit Health Plans,NV,2025,MA,true,true,2025-01-01,
37947372,Summit Health Plans,NV,2025,MEDSUPP,true,true,2025-01-01,
37947372,Summit Health Plans,NV,2025,PDP,true,true,2025-01-01,
37947372,Summit Health Plans,NV,2026,ACA,true,true,2026-01-01,
37947372,Summit Health Plans,NV,2026,MA,true,true,2026-01-01,
37947372,Summit Health Plans,NV,2026,MEDSUPP,true,true,2026-01-01,
37947372,Summit Health Plans,NV,2026,PDP,true,true,2026-01-01,
37947372,Summit Health Plans,RI,2023,MA,true,true,2023-01-01,
37947372,Summit Health Plans,RI,2023,PDP,true,true,2023-01-01,
37947372,Summit Health Plans,RI,2024,MA,true,true,2024-01-01,
37947372,Summit Health Plans,RI,2024,PDP,true,true,2024-01-01,
37947372,Summit Health Plans,RI,2025,MA,true,true,2025-01-01,
37947372,Summit Health Plans,RI,2025,PDP,true,true,2025-01-01,
37947372,Summit Health Plans,RI,2026,MA,true,true,2026-01-01,
37947372,Summit Health Plans,RI,2026,PDP,true,true,2026-01-01,
43888211,Bluepeak,KY,2022,MA,true,true,2022-01-01,
43888211,Bluepeak,KY,2023,MA,true,true,2023-01-01,
43888211,Bluepeak,KY,2024,MA,true,true,2024-01-01,
43888211,Bluepeak,KY,2024,MEDSUPP,true,true,2024-01-01,
43888211,Bluepeak,KY,2024,PDP,true,true,2024-01-01,
43888211,Bluepeak,KY,2025,MA,true,true,2025-01-01,
43888211,Bluepeak,KY,2025,MEDSUPP,true,true,2025-01-01,
43888211,Bluepeak,KY,2025,PDP,true,true,2025-01-01,
43888211,Bluepeak,KY,2026,MA,true,true,2026-01-01,
43888211,Bluepeak,KY,2026,MEDSUPP,true,true,2026-01-01,
43888211,Bluepeak,KY,2026,PDP,true,true,2026-01-01,
43888211,Bluepeak,KY,2027,ACA,true,true,2027-01-01,
43888211,Bluepeak,OR,2022,MA,true,true,2022-01-01,
43888211,Bluepeak,OR,2023,MA,true,true,2023-01-01,
43888211,Bluepeak,OR,2024,MA,true,true,2024-01-01,
43888211,Bluepeak,OR,2025,MA,true,true,2025-01-01,
43888211,Bluepeak,OR,2026,MA,true,true,2026-01-01,
43888211,Cardinal Mutual,KY,2022,MA,true,true,2022-01-01,
43888211,Cardinal Mutual,KY,2023,MA,true,true,2023-01-01,
43888211,Cardinal Mutual,KY,2023,MEDSUPP,true,true,2023-01-01,
43888211,Cardinal Mutual,KY,2023,PDP,true,true,2023-01-01,
43888211,Cardinal Mutual,KY,2024,MA,true,true,2024-01-01,
43888211,Cardinal Mutual,KY,2024,MEDSUPP,true,true,2024-01-01,
43888211,Cardinal Mutual,KY,2024,PDP,true,true,2024-01-01,
43888211,Cardinal Mutual,KY,2025,MA,true,true,2025-01-01,
43888211,Cardinal Mutual,KY,2025,MEDSUPP,true,true,2025-01-01,
43888211,Cardinal Mutual,KY,2025,PDP,true,true,2025-01-01,
43888211,Cardinal Mutual,KY,2026,MA,true,true,2026-01-01,
43888211,Cardinal Mutual,KY,2026,MEDSUPP,true,true,2026-01-01,
43888211,Cardinal Mutual,KY,2026,PDP,true,true,2026-01-01,
43888211,Cardinal Mutual,OR,2025,ACA,true,true,2025-01-01,
43888211,Cardinal Mutual,OR,2026,ACA,true,true,2026-01-01,
43888211,Harborline,KY,2023,MA,true,true,2023-01-01,
43888211,Harborline,KY,2023,PDP,true,true,2023-01-01,
43888211,Harborline,KY,2024,MA,true,true,2024-01-01,
43888211,Harborline,KY,2024,MEDSUPP,true,true,2024-01-01,
43888211,Harborline,KY,2024,PDP,true,true,2024-01-01,
43888211,Harborline,KY,2025,MA,true,true,2025-01-01,
43888211,Harborline,KY,2025,MEDSUPP,true,true,2025-01-01,
43888211,Harborline,KY,2025,PDP,true,true,2025-01-01,
43888211,Harborline,KY,2026,ACA,true,true,2026-01-01,
43888211,Harborline,KY,2026,MA,true,true,2026-01-01,
43888211,Harborline,KY,2026,MEDSUPP,true,true,2026-01-01,
43888211,Harborline,KY,2026,PDP,true,true,2026-01-01,
43888211,Harborline,OR,2023,MA,true,true,2023-01-01,
43888211,Harborline,OR,2024,ACA,true,true,2024-01-01,
43888211,Harborline,OR,2024,MA,true,true,2024-01-01,
43888211,Harborline,OR,2025,ACA,true,true,2025-01-01,
43888211,Harborline,OR,2025,MA,true,true,2025-01-01,
43888211,Harborline,OR,2026,ACA,true,true,2026-01-01,
43888211,Harborline,OR,2026,MA,true,true,2026-01-01,
43888211,Harborline,OR,2026,PDP,true,true,2026-01-01,
43888211,Meridian Care,KY,2022,MA,true,true,2022-01-01,
43888211,Meridian Care,KY,2023,MA,true,true,2023-01-01,
43888211,Meridian Care,KY,2024,MA,true,true,2024-01-01,
43888211,Meridian Care,KY,2025,ACA,true,true,2025-01-01,
43888211,Meridian Care,KY,2025,MA,true,true,2025-01-01,
43888211,Meridian Care,KY,2026,MA,true,true,2026-01-01,
43888211,Meridian Care,KY,2026,MEDSUPP,true,true,2026-01-01,
43888211,Meridian Care,KY,2026,PDP,true,true,2026-01-01,
43888211,Meridian Care,OR,2022,MA,true,true,2022-01-01,
43888211,Meridian Care,OR,2022,PDP,true,true,2022-01-01,
43888211,Meridian Care,OR,2023,MA,true,true,2023-01-01,
43888211,Meridian Care,OR,2023,PDP,true,true,2023-01-01,
43888211,Meridian Care,OR,2024,MA,true,true,2024-01-01,
43888211,Meridian Care,OR,2024,PDP,true,true,2024-01-01,
43888211,Meridian Care,OR,2025,MA,true,true,2025-01-01,
43888211,Meridian Care,OR,2025,PDP,true,true,2025-01-01,
43888211,Meridian Care,OR,2026,MA,true,true,2026-01-01,
43888211,Meridian Care,OR,2026,PDP,true,true,2026-01-01,
43888211,Northwind Health,KY,2022,MA,true,true,2022-01-01,
43888211,Northwind Health,KY,2023,MA,true,true,2023-01-01,
43888211,Northwind Health,KY,2024,MA,true,true,2024-01-01,
43888211,Northwind Health,KY,2025,MA,true,true,2025-01-01,
43888211,Northwind Health,KY,2025,MEDSUPP,true,true,2025-01-01,
43888211,Northwind Health,KY,2025,PDP,true,true,2025-01-01,
43888211,Northwind Health,KY,2026,ACA,true,true,2026-01-01,
43888211,Northwind Health,KY,2026,MA,true,true,2026-01-01,
43888211,Northwind Health,KY,2026,MEDSUPP,true,true,2026-01-01,
43888211,Northwind Health,KY,2026,PDP,true,true,2026-01-01,
43888211,Northwind Health,OR,2022,MA,true,true,2022-01-01,
43888211,Northwind Health,OR,2023,MA,true,true,2023-01-01,
43888211,Northwind Health,OR,2024,MA,true,true,2024-01-01,
43888211,Northwind Health,OR,2024,PDP,true,true,2024-01-01,
43888211,Northwind Health,OR,2025,ACA,true,true,2025-01-01,
43888211,Northwind Health,OR,2025,MA,true,true,2025-01-01,
43888211,Northwind Health,OR,2025,PDP,true,true,2025-01-01,
43888211,Northwind Health,OR,2026,ACA,true,true,2026-01-01,
43888211,Northwind Health,OR,2026,MA,true,true,2026-01-01,
43888211,Northwind Health,OR,2026,MEDSUPP,true,true,2026-01-01,
43888211,Northwind Health,OR,2026,PDP,true,true,2026-01-01,
43888211,Summit Health Plans,KY,2023,MA,true,true,2023-01-01,
43888211,Summit Health Plans,KY,2024,MA,true,true,2024-01-01,
43888211,Summit Health Plans,KY,2025,MA,true,true,2025-01-01,
43888211,Summit Health Plans,KY,2026,MA,true,true,2026-01-01,
43888211,Summit Health Plans,OR,2023,PDP,true,true,2023-01-01,
43888211,Summit Health Plans,OR,2024,MA,true,true,2024-01-01,
43888211,Summit Health Plans,OR,2024,PDP,true,true,2024-01-01,
43888211,Summit Health Plans,OR,2025,ACA,true,true,2025-01-01,
43888211,Summit Health Plans,OR,2025,MA,true,true,2025-01-01,
43888211,Summit Health Plans,OR,2025,MEDSUPP,true,true,2025-01-01,
43888211,Summit Health Plans,OR,2025,PDP,true,true,2025-01-01,
43888211,Summit Health Plans,OR,2026,MA,true,true,2026-01-01,
43888211,Summit Health Plans,OR,2026,MEDSUPP,true,true,2026-01-01,
43888211,Summit Health Plans,OR,2026,PDP,true,true,2026-01-01,
45462976,Bluepeak,NV,2022,MA,true,true,2022-01-01,
45462976,Bluepeak,NV,2023,MA,true,true,2023-01-01,
45462976,Bluepeak,NV,2025,ACA,true,true,2025-01-01,
45462976,Bluepeak,NV,2026,ACA,true,true,2026-01-01,
45462976,Bluepeak,TN,2024,MA,true,true,2024-01-01,
45462976,Bluepeak,TN,2024,MEDSUPP,true,true,2024-01-01,
45462976,Bluepeak,TN,2024,PDP,true,true,2024-01-01,
45462976,Bluepeak,TN,2025,MA,true,true,2025-01-01,
45462976,Bluepeak,TN,2025,MEDSUPP,true,true,2025-01-01,
45462976,Bluepeak,TN,2025,PDP,true,true,2025-01-01,
45462976,Bluepeak,TN,2026,MA,true,true,2026-01-01,
45462976,Bluepeak,TN,2026,MEDSUPP,true,true,2026-01-01,
45462976,Bluepeak,TN,2026,PDP,true,true,2026-01-01,
45462976,Bluepeak,UT,2024,MA,true,true,2024-01-01,
45462976,Bluepeak,UT,2025,MA,true,true,2025-01-01,
45462976,Bluepeak,UT,2025,PDP,true,true,2025-01-01,
45462976,Bluepeak,UT,2026,ACA,true,true,2026-01-01,
45462976,Bluepeak,UT,2026,MA,true,true,2026-01-01,
45462976,Bluepeak,UT,2026,PDP,true,true,2026-01-01,
45462976,Cardinal Mutual,NV,2022,MA,true,true,2022-01-01,
45462976,Cardinal Mutual,NV,2022,PDP,true,true,2022-01-01,
45462976,Cardinal Mutual,NV,2023,MA,true,true,2023-01-01,
45462976,Cardinal Mutual,NV,2023,PDP,true,true,2023-01-01,
45462976,Cardinal Mutual,NV,2024,MA,true,true,2024-01-01,
45462976,Cardinal Mutual,NV,2024,PDP,true,true,2024-01-01,
45462976,Cardinal Mutual,NV,2025,MA,true,true,2025-01-01,
45462976,Cardinal Mutual,NV,2025,PDP,true,true,2025-01-01,
45462976,Cardinal Mutual,NV,2026,MA,true,true,2026-01-01,
45462976,Cardinal Mutual,NV,2026,PDP,true,true,2026-01-01,
45462976,Cardinal Mutual,TN,2023,MA,true,true,2023-01-01,
45462976,Cardinal Mutual,TN,2024,MA,true,true,2024-01-01,
45462976,Cardinal Mutual,TN,2025,ACA,true,true,2025-01-01,
45462976,Cardinal Mutual,TN,2025,MA,true,true,2025-01-01,
45462976,Cardinal Mutual,TN,2026,ACA,true,true,2026-01-01,
45462976,Cardinal Mutual,TN,2026,MA,true,true,2026-01-01,
45462976,Cardinal Mutual,UT,2022,MA,true,true,2022-01-01,
45462976,Cardinal Mutual,UT,2023,MA,true,true,2023-01-01,
45462976,Cardinal Mutual,UT,2024,MA,true,true,2024-01-01,
45462976,Cardinal Mutual,UT,2025,ACA,true,true,2025-01-01,
45462976,Cardinal Mutual,UT,2025,MA,true,true,2025-01-01,
45462976,Cardinal Mutual,UT,2026,MA,true,true,2026-01-01,
45462976,Harborline,NV,2023,MA,true,true,2023-01-01,
45462976,Harborline,NV,2024,MA,true,true,2024-01-01,
45462976,Harborline,NV,2025,ACA,true,true,2025-01-01,
45462976,Harborline,NV,2025,MA,true,true,2025-01-01,
45462976,Harborline,NV,2026,ACA,true,true,2026-01-01,
45462976,Harborline,NV,2026,MA,true,true,2026-01-01,
45462976,Harborline,TN,2023,MA,true,true,2023-01-01,
45462976,Harborline,TN,2024,MA,true,true,2024-01-01,
45462976,Harborline,TN,2025,ACA,true,true,2025-01-01,
45462976,Harborline,TN,2025,MA,true,true,2025-01-01,
45462976,Harborline,TN,2026,MA,true,true,2026-01-01,
45462976,Harborline,TN,2027,ACA,true,true,2027-01-01,
45462976,Harborline,UT,2026,MA,true,true,2026-01-01,
45462976,Meridian Care,NV,2022,MA,true,true,2022-01-01,
45462976,Meridian Care,NV,2023,MA,true,true,2023-01-01,
45462976,Meridian Care,NV,2024,MA,true,true,2024-01-01,
45462976,Meridian Care,NV,2025,MA,true,true,2025-01-01,
45462976,Meridian Care,NV,2026,ACA,true,true,2026-01-01,
45462976,Meridian Care,NV,2026,MA,true,true,2026-01-01,
45462976,Meridian Care,TN,2022,MA,true,true,2022-01-01,
45462976,Meridian Care,TN,2022,MEDSUPP,true,true,2022-01-01,
45462976,Meridian Care,TN,2022,PDP,true,true,2022-01-01,
45462976,Meridian Care,TN,2023,MA,true,true,2023-01-01,
45462976,Meridian Care,TN,2023,MEDSUPP,true,true,2023-01-01,
45462976,Meridian Care,TN,2023,PDP,true,true,2023-01-01,
45462976,Meridian Care,TN,2024,ACA,true,true,2024-01-01,
45462976,Meridian Care,TN,2024,MA,true,true,2024-01-01,
45462976,Meridian Care,TN,2024,MEDSUPP,true,true,2024-01-01,
45462976,Meridian Care,TN,2024,PDP,true,true,2024-01-01,
45462976,Meridian Care,TN,2025,ACA,true,true,2025-01-01,
45462976,Meridian Care,TN,2025,MEDSUPP,true,true,2025-01-01,
45462976,Meridian Care,TN,2025,PDP,true,true,2025-01-01,
45462976,Meridian Care,TN,2026,ACA,true,true,2026-01-01,
45462976,Meridian Care,TN,2026,MEDSUPP,true,true,2026-01-01,
45462976,Meridian Care,TN,2026,PDP,true,true,2026-01-01,
45462976,Meridian Care,UT,2024,MA,true,true,2024-01-01,
45462976,Meridian Care,UT,2025,MA,true,true,2025-01-01,
45462976,Meridian Care,UT,2025,MEDSUPP,true,true,2025-01-01,
45462976,Meridian Care,UT,2025,PDP,true,true,2025-01-01,
45462976,Meridian Care,UT,2026,MA,true,true,2026-01-01,
45462976,Meridian Care,UT,2026,MEDSUPP,true,true,2026-01-01,
45462976,Meridian Care,UT,2026,PDP,true,true,2026-01-01,
45462976,Northwind Health,NV,2023,MA,true,true,2023-01-01,
45462976,Northwind Health,NV,2024,MA,true,true,2024-01-01,
45462976,Northwind Health,NV,2024,MEDSUPP,true,true,2024-01-01,
45462976,Northwind Health,NV,2024,PDP,true,true,2024-01-01,
45462976,Northwind Health,NV,2025,ACA,true,true,2025-01-01,
45462976,Northwind Health,NV,2025,MA,true,true,2025-01-01,
45462976,Northwind Health,NV,2025,MEDSUPP,true,true,2025-01-01,
45462976,Northwind Health,NV,2025,PDP,true,true,2025-01-01,
45462976,Northwind Health,NV,2026,ACA,true,true,2026-01-01,
45462976,Northwind Health,NV,2026,MA,true,true,2026-01-01,
45462976,Northwind Health,NV,2026,MEDSUPP,true,true,2026-01-01,
45462976,Northwind Health,NV,2026,PDP,true,true,2026-01-01,
45462976,Northwind Health,TN,2022,MA,true,true,2022-01-01,
45462976,Northwind Health,TN,2023,MA,true,true,2023-01-01,
45462976,Northwind Health,TN,2024,MA,true,true,2024-01-01,
45462976,Northwind Health,TN,2025,MA,true,true,2025-01-01,
45462976,Northwind Health,TN,2026,ACA,true,true,2026-01-01,
45462976,Northwind Health,TN,2026,MA,true,true,2026-01-01,
45462976,Northwind Health,UT,2022,MA,true,true,2022-01-01,
45462976,Northwind Health,UT,2023,MA,true,true,2023-01-01,
45462976,Northwind Health,UT,2024,ACA,true,true,2024-01-01,
45462976,Northwind Health,UT,2024,MA,true,true,2024-01-01,
45462976,Northwind Health,UT,2024,MEDSUPP,true,true,2024-01-01,
45462976,Northwind Health,UT,2024,PDP,true,true,2024-01-01,
45462976,Northwind Health,UT,2025,ACA,true,true,2025-01-01,
45462976,Northwind Health,UT,2025,MA,true,true,2025-01-01,
45462976,Northwind Health,UT,2025,MEDSUPP,true,true,2025-01-01,
45462976,Northwind Health,UT,2025,PDP,true,true,2025-01-01,
45462976,Northwind Health,UT,2026,ACA,true,true,2026-01-01,
45462976,Northwind Health,UT,2026,MA,true,true,2026-01-01,
45462976,Northwind Health,UT,2026,MEDSUPP,true,true,2026-01-01,
45462976,Northwind Health,UT,2026,PDP,true,true,2026-01-01,
45462976,Summit Health Plans,NV,2022,MA,true,true,2022-01-01,
45462976,Summit Health Plans,NV,2023,MA,true,true,2023-01-01,
45462976,Summit Health Plans,NV,2024,MA,true,true,2024-01-01,
45462976,Summit Health Plans,NV,2025,MA,true,true,2025-01-01,
45462976,Summit Health Plans,NV,2026,MA,true,true,2026-01-01,
45462976,Summit Health Plans,TN,2022,MA,true,true,2022-01-01,
45462976,Summit Health Plans,TN,2022,MEDSUPP,true,true,2022-01-01,
45462976,Summit Health Plans,TN,2022,PDP,true,true,2022-01-01,
45462976,Summit Health Plans,TN,2023,MA,true,true,2023-01-01,
45462976,Summit Health Plans,TN,2023,MEDSUPP,true,true,2023-01-01,
45462976,Summit Health Plans,TN,2023,PDP,true,true,2023-01-01,
45462976,Summit Health Plans,TN,2024,MA,true,true,2024-01-01,
45462976,Summit Health Plans,TN,2024,MEDSUPP,true,true,2024-01-01,
45462976,Summit Health Plans,TN,2024,PDP,true,true,2024-01-01,
45462976,Summit Health Plans,TN,2025,ACA,true,true,2025-01-01,
45462976,Summit Health Plans,TN,2025,MA,true,true,2025-01-01,
45462976,Summit Health Plans,TN,2025,MEDSUPP,true,true,2025-01-01,
45462976,Summit Health Plans,TN,2025,PDP,true,true,2025-01-01,
45462976,Summit Health Plans,TN,2026,ACA,true,true,2026-01-01,
45462976,Summit Health Plans,TN,2026,MA,true,true,2026-01-01,
45462976,Summit Health Plans,TN,2026,MEDSUPP,true,true,2026-01-01,
45462976,Summit Health Plans,TN,2026,PDP,true,true,2026-01-01,
45462976,Summit Health Plans,UT,2022,MA,true,true,2022-01-01,
45462976,Summit Health Plans,UT,2023,MA,true,true,2023-01-01,
45462976,Summit Health Plans,UT,2024,MA,true,true,2024-01-01,
45462976,Summit Health Plans,UT,2025,MA,true,true,2025-01-01,
45462976,Summit Health Plans,UT,2026,MA,true,true,2026-01-01,
49066206,Bluepeak,CO,2022,MA,true,true,2022-01-01,
49066206,Bluepeak,CO,2023,MA,true,true,2023-01-01,
49066206,Bluepeak,CO,2024,MA,true,true,2024-01-01,
49066206,Bluepeak,CO,2024,PDP,true,true,2024-01-01,
49066206,Bluepeak,CO,2025,ACA,true,true,2025-01-01,
49066206,Bluepeak,CO,2025,MA,true,true,2025-01-01,
49066206,Bluepeak,CO,2025,PDP,true,true,2025-01-01,
49066206,Bluepeak,CO,2026,ACA,true,true,2026-01-01,
49066206,Bluepeak,CO,2026,MA,true,true,2026-01-01,
49066206,Bluepeak,CO,2026,PDP,true,true,2026-01-01,
49066206,Bluepeak,SD,2025,ACA,true,true,2025-01-01,
49066206,Bluepeak,SD,2025,MA,true,true,2025-01-01,
49066206,Bluepeak,SD,2026,ACA,true,true,2026-01-01,
49066206,Bluepeak,SD,2026,MA,true,true,2026-01-01,
49066206,Cardinal Mutual,CO,2022,MA,true,true,2022-01-01,
49066206,Cardinal Mutual,CO,2023,MA,true,true,2023-01-01,
49066206,Cardinal Mutual,CO,2023,MEDSUPP,true,true,2023-01-01,
49066206,Cardinal Mutual,CO,2023,PDP,true,true,2023-01-01,
49066206,Cardinal Mutual,CO,2024,MA,true,true,2024-01-01,
49066206,Cardinal Mutual,CO,2024,MEDSUPP,true,true,2024-01-01,
49066206,Cardinal Mutual,CO,2024,PDP,true,true,2024-01-01,
49066206,Cardinal Mutual,CO,2025,ACA,true,true,2025-01-01,
49066206,Cardinal Mutual,CO,2025,MA,true,true,2025-01-01,
49066206,Cardinal Mutual,CO,2025,MEDSUPP,true,true,2025-01-01,
49066206,Cardinal Mutual,CO,2025,PDP,true,true,2025-01-01,
49066206,Cardinal Mutual,CO,2026,ACA,true,true,2026-01-01,
49066206,Cardinal Mutual,CO,2026,MA,true,true,2026-01-01,
49066206,Cardinal Mutual,CO,2026,MEDSUPP,true,true,2026-01-01,
49066206,Cardinal Mutual,CO,2026,PDP,true,true,2026-01-01,
49066206,Cardinal Mutual,SD,2023,MA,true,true,2023-01-01,
49066206,Cardinal Mutual,SD,2024,ACA,true,true,2024-01-01,
49066206,Cardinal Mutual,SD,2024,MA,true,true,2024-01-01,
49066206,Cardinal Mutual,SD,2025,ACA,true,true,2025-01-01,
49066206,Cardinal Mutual,SD,2025,MA,true,true,2025-01-01,
49066206,Cardinal Mutual,SD,2026,ACA,true,true,2026-01-01,
49066206,Cardinal Mutual,SD,2026,MA,true,true,2026-01-01,
49066206,Harborline,CO,2022,MA,true,true,2022-01-01,
49066206,Harborline,CO,2023,MA,true,true,2023-01-01,
49066206,Harborline,CO,2023,PDP,true,true,2023-01-01,
49066206,Harborline,CO,2024,MA,true,true,2024-01-01,
49066206,Harborline,CO,2024,PDP,true,true,2024-01-01,
49066206,Harborline,CO,2025,ACA,true,true,2025-01-01,
49066206,Harborline,CO,2025,MA,true,true,2025-01-01,
49066206,Harborline,CO,2025,PDP,true,true,2025-01-01,
49066206,Harborline,CO,2026,ACA,true,true,2026-01-01,
49066206,Harborline,CO,2026,MA,true,true,2026-01-01,
49066206,Harborline,CO,2026,PDP,true,true,2026-01-01,
49066206,Harborline,SD,2022,MA,true,true,2022-01-01,
49066206,Harborline,SD,2023,MA,true,true,2023-01-01,
49066206,Harborline,SD,2024,MA,true,true,2024-01-01,
49066206,Harborline,SD,2025,ACA,true,true,2025-01-01,
49066206,Harborline,SD,2025,MA,true,true,2025-01-01,
49066206,Harborline,SD,2026,MA,true,true,2026-01-01,
49066206,Harborline,SD,2026,MEDSUPP,true,true,2026-01-01,
49066206,Harborline,SD,2026,PDP,true,true,2026-01-01,
49066206,Meridian Care,CO,2023,MEDSUPP,true,true,2023-01-01,
49066206,Meridian Care,CO,2023,PDP,true,true,2023-01-01,
49066206,Meridian Care,CO,2024,MEDSUPP,true,true,2024-01-01,
49066206,Meridian Care,CO,2024,PDP,true,true,2024-01-01,
49066206,Meridian Care,CO,2025,ACA,true,true,2025-01-01,
49066206,Meridian Care,CO,2025,MA,true,true,2025-01-01,
49066206,Meridian Care,CO,2025,MEDSUPP,true,true,2025-01-01,
49066206,Meridian Care,CO,2025,PDP,true,true,2025-01-01,
49066206,Meridian Care,CO,2026,MA,true,true,2026-01-01,
49066206,Meridian Care,CO,2026,MEDSUPP,true,true,2026-01-01,
49066206,Meridian Care,CO,2026,PDP,true,true,2026-01-01,
49066206,Meridian Care,SD,2022,MA,true,true,2022-01-01,
49066206,Meridian Care,SD,2023,MA,true,true,2023-01-01,
49066206,Meridian Care,SD,2023,MEDSUPP,true,true,2023-01-01,
49066206,Meridian Care,SD,2023,PDP,true,true,2023-01-01,
49066206,Meridian Care,SD,2024,MA,true,true,2024-01-01,
49066206,Meridian Care,SD,2024,MEDSUPP,true,true,2024-01-01,
49066206,Meridian Care,SD,2024,PDP,true,true,2024-01-01,
49066206,Meridian Care,SD,2025,ACA,true,true,2025-01-01,
49066206,Meridian Care,SD,2025,MA,true,true,2025-01-01,
49066206,Meridian Care,SD,2025,MEDSUPP,true,true,2025-01-01,
49066206,Meridian Care,SD,2025,PDP,true,true,2025-01-01,
49066206,Meridian Care,SD,2026,ACA,true,true,2026-01-01,
49066206,Meridian Care,SD,2026,MA,true,true,2026-01-01,
49066206,Meridian Care,SD,2026,MEDSUPP,true,true,2026-01-01,
49066206,Meridian Care,SD,2026,PDP,true,true,2026-01-01,
49066206,Northwind Health,CO,2024,ACA,true,true,2024-01-01,
49066206,Northwind Health,CO,2024,MA,true,true,2024-01-01,
49066206,Northwind Health,CO,2025,ACA,true,true,2025-01-01,
49066206,Northwind Health,CO,2025,MA,true,true,2025-01-01,
49066206,Northwind Health,CO,2026,ACA,true,true,2026-01-01,
49066206,Northwind Health,CO,2026,MA,true,true,2026-01-01,
49066206,Northwind Health,SD,2023,MA,true,true,2023-01-01,
49066206,Northwind Health,SD,2024,MA,true,true,2024-01-01,
49066206,Northwind Health,SD,2024,MEDSUPP,true,true,2024-01-01,
49066206,Northwind Health,SD,2024,PDP,true,true,2024-01-01,
49066206,Northwind Health,SD,2025,MA,true,true,2025-01-01,
49066206,Northwind Health,SD,2025,MEDSUPP,true,true,2025-01-01,
49066206,Northwind Health,SD,2025,PDP,true,true,2025-01-01,
49066206,Northwind Health,SD,2026,MA,true,true,2026-01-01,
49066206,Northwind Health,SD,2026,MEDSUPP,true,true,2026-01-01,
49066206,Northwind Health,SD,2026,PDP,true,true,2026-01-01,
49066206,Summit Health Plans,CO,2022,MA,true,true,2022-01-01,
49066206,Summit Health Plans,CO,2023,MA,true,true,2023-01-01,
49066206,Summit Health Plans,CO,2024,MA,true,true,2024-01-01,
49066206,Summit Health Plans,CO,2025,ACA,true,true,2025-01-01,
49066206,Summit Health Plans,CO,2025,MA,true,true,2025-01-01,
49066206,Summit Health Plans,CO,2026,MA,true,true,2026-01-01,
49066206,Summit Health Plans,SD,2022,MA,true,true,2022-01-01,
49066206,Summit Health Plans,SD,2023,MA,true,true,2023-01-01,
49066206,Summit Health Plans,SD,2024,MA,true,true,2024-01-01,
49066206,Summit Health Plans,SD,2025,MA,true,true,2025-01-01,
49066206,Summit Health Plans,SD,2026,ACA,true,true,2026-01-01,
49066206,Summit Health Plans,SD,2026,MA,true,true,2026-01-01,
50399119,Bluepeak,CA,2025,MA,true,true,2025-01-01,
50399119,Bluepeak,CA,2026,MA,true,true,2026-01-01,
50399119,Bluepeak,HI,2022,MA,true,true,2022-01-01,
50399119,Bluepeak,HI,2023,MA,true,true,2023-01-01,
50399119,Bluepeak,HI,2024,MA,true,true,2024-01-01,
50399119,Bluepeak,HI,2025,MA,true,true,2025-01-01,
50399119,Bluepeak,HI,2026,MA,true,true,2026-01-01,
50399119,Bluepeak,PA,2023,MA,true,true,2023-01-01,
50399119,Bluepeak,PA,2024,MA,true,true,2024-01-01,
50399119,Bluepeak,PA,2024,PDP,true,true,2024-01-01,
50399119,Bluepeak,PA,2025,MA,true,true,2025-01-01,
50399119,Bluepeak,PA,2025,PDP,true,true,2025-01-01,
50399119,Bluepeak,PA,2026,MA,true,true,2026-01-01,
50399119,Bluepeak,PA,2026,PDP,true,true,2026-01-01,
50399119,Bluepeak,TX,2022,MA,true,true,2022-01-01,
50399119,Bluepeak,TX,2023,MA,true,true,2023-01-01,
50399119,Bluepeak,TX,2024,MA,true,true,2024-01-01,
50399119,Bluepeak,TX,2025,MA,true,true,2025-01-01,
50399119,Bluepeak,TX,2026,MA,true,true,2026-01-01,
50399119,Cardinal Mutual,CA,2024,ACA,true,true,2024-01-01,
50399119,Cardinal Mutual,CA,2024,MA,true,true,2024-01-01,
50399119,Cardinal Mutual,CA,2025,ACA,true,true,2025-01-01,
50399119,Cardinal Mutual,CA,2025,MA,true,true,2025-01-01,
50399119,Cardinal Mutual,CA,2025,MEDSUPP,true,true,2025-01-01,
50399119,Cardinal Mutual,CA,2025,PDP,true,true,2025-01-01,
50399119,Cardinal Mutual,CA,2026,ACA,true,true,2026-01-01,
50399119,Cardinal Mutual,CA,2026,MA,true,true,2026-01-01,
50399119,Cardinal Mutual,CA,2026,MEDSUPP,true,true,2026-01-01,
50399119,Cardinal Mutual,CA,2026,PDP,true,true,2026-01-01,
50399119,Cardinal Mutual,HI,2025,ACA,true,true,2025-01-01,
50399119,Cardinal Mutual,HI,2026,ACA,true,true,2026-01-01,
50399119,Cardinal Mutual,PA,2022,MA,true,true,2022-01-01,
50399119,Cardinal Mutual,PA,2023,MA,true,true,2023-01-01,
50399119,Cardinal Mutual,PA,2024,MA,true,true,2024-01-01,
50399119,Cardinal Mutual,PA,2025,MA,true,true,2025-01-01,
50399119,Cardinal Mutual,PA,2026,MA,true,true,2026-01-01,
50399119,Cardinal Mutual,TX,2022,MA,true,true,2022-01-01,
50399119,Cardinal Mutual,TX,2023,MA,true,true,2023-01-01,
50399119,Cardinal Mutual,TX,2024,MA,true,true,2024-01-01,
50399119,Cardinal Mutual,TX,2025,MA,true,true,2025-01-01,
50399119,Cardinal Mutual,TX,2026,ACA,true,true,2026-01-01,
50399119,Cardinal Mutual,TX,2026,MA,true,true,2026-01-01,
50399119,Harborline,CA,2022,MA,true,true,2022-01-01,
50399119,Harborline,CA,2023,MA,true,true,2023-01-01,
50399119,Harborline,CA,2024,ACA,true,true,2024-01-01,
50399119,Harborline,CA,2024,MA,true,true,2024-01-01,
50399119,Harborline,CA,2025,ACA,true,true,2025-01-01,
50399119,Harborline,CA,2025,MA,true,true,2025-01-01,
50399119,Harborline,CA,2026,ACA,true,true,2026-01-01,
50399119,Harborline,CA,2026,MA,true,true,2026-01-01,
50399119,Harborline,CA,2026,PDP,true,true,2026-01-01,
50399119,Harborline,HI,2025,ACA,true,true,2025-01-01,
50399119,Harborline,HI,2025,MA,true,true,2025-01-01,
50399119,Harborline,HI,2026,ACA,true,true,2026-01-01,
50399119,Harborline,HI,2026,MA,true,true,2026-01-01,
50399119,Harborline,PA,2022,PDP,true,true,2022-01-01,
50399119,Harborline,PA,2023,PDP,true,true,2023-01-01,
50399119,Harborline,PA,2024,ACA,true,true,2024-01-01,
50399119,Harborline,PA,2024,MA,true,true,2024-01-01,
50399119,Harborline,PA,2024,PDP,true,true,2024-01-01,
50399119,Harborline,PA,2025,ACA,true,true,2025-01-01,
50399119,Harborline,PA,2025,MA,true,true,2025-01-01,
50399119,Harborline,PA,2025,PDP,true,true,2025-01-01,
50399119,Harborline,PA,2026,ACA,true,true,2026-01-01,
50399119,Harborline,PA,2026,MA,true,true,2026-01-01,
50399119,Harborline,PA,2026,PDP,true,true,2026-01-01,
50399119,Harborline,TX,2022,MEDSUPP,true,true,2022-01-01,
50399119,Harborline,TX,2022,PDP,true,true,2022-01-01,
50399119,Harborline,TX,2023,MEDSUPP,true,true,2023-01-01,
50399119,Harborline,TX,2023,PDP,true,true,2023-01-01,
50399119,Harborline,TX,2024,MA,true,true,2024-01-01,
50399119,Harborline,TX,2024,MEDSUPP,true,true,2024-01-01,
50399119,Harborline,TX,2024,PDP,true,true,2024-01-01,
50399119,Harborline,TX,2025,ACA,true,true,2025-01-01,
50399119,Harborline,TX,2025,MA,true,true,2025-01-01,
50399119,Harborline,TX,2025,MEDSUPP,true,true,2025-01-01,
50399119,Harborline,TX,2025,PDP,true,true,2025-01-01,
50399119,Harborline,TX,2026,MA,true,true,2026-01-01,
50399119,Harborline,TX,2026,MEDSUPP,true,true,2026-01-01,
50399119,Harborline,TX,2026,PDP,true,true,2026-01-01,
50399119,Meridian Care,CA,2023,MA,true,true,2023-01-01,
50399119,Meridian Care,CA,2024,MA,true,true,2024-01-01,
50399119,Meridian Care,CA,2025,MA,true,true,2025-01-01,
50399119,Meridian Care,CA,2026,MA,true,true,2026-01-01,
50399119,Meridian Care,HI,2022,MA,true,true,2022-01-01,
50399119,Meridian Care,HI,2022,PDP,true,true,2022-01-01,
50399119,Meridian Care,HI,2023,MA,true,true,2023-01-01,
50399119,Meridian Care,HI,2023,PDP,true,true,2023-01-01,
50399119,Meridian Care,HI,2024,MA,true,true,2024-01-01,
50399119,Meridian Care,HI,2024,MEDSUPP,true,true,2024-01-01,
50399119,Meridian Care,HI,2024,PDP,true,true,2024-01-01,
50399119,Meridian Care,HI,2025,MA,true,true,2025-01-01,
50399119,Meridian Care,HI,2025,MEDSUPP,true,true,2025-01-01,
50399119,Meridian Care,HI,2025,PDP,true,true,2025-01-01,
50399119,Meridian Care,HI,2026,MA,true,true,2026-01-01,
50399119,Meridian Care,HI,2026,MEDSUPP,true,true,2026-01-01,
50399119,Meridian Care,HI,2026,PDP,true,true,2026-01-01,
50399119,Meridian Care,PA,2022,MA,true,true,2022-01-01,
50399119,Meridian Care,PA,2023,MA,true,true,2023-01-01,
50399119,Meridian Care,PA,2024,ACA,true,true,2024-01-01,
50399119,Meridian Care,PA,2024,MA,true,true,2024-01-01,
50399119,Meridian Care,PA,2025,ACA,true,true,2025-01-01,
50399119,Meridian Care,PA,2025,MA,true,true,2025-01-01,
50399119,Meridian Care,PA,2026,ACA,true,true,2026-01-01,
50399119,Meridian Care,PA,2026,MA,true,true,2026-01-01,
50399119,Meridian Care,TX,2023,MA,true,true,2023-01-01,
50399119,Meridian Care,TX,2023,MEDSUPP,true,true,2023-01-01,
50399119,Meridian Care,TX,2023,PDP,true,true,2023-01-01,
50399119,Meridian Care,TX,2024,MA,true,true,2024-01-01,
50399119,Meridian Care,TX,2024,MEDSUPP,true,true,2024-01-01,
50399119,Meridian Care,TX,2024,PDP,true,true,2024-01-01,
50399119,Meridian Care,TX,2025,MA,true,true,2025-01-01,
50399119,Meridian Care,TX,2025,MEDSUPP,true,true,2025-01-01,
50399119,Meridian Care,TX,2025,PDP,true,true,2025-01-01,
50399119,Meridian Care,TX,2026,MA,true,true,2026-01-01,
50399119,Meridian Care,TX,2026,MEDSUPP,true,true,2026-01-01,
50399119,Meridian Care,TX,2026,PDP,true,true,2026-01-01,
50399119,Northwind Health,CA,2022,MA,true,true,2022-01-01,
50399119,Northwind Health,CA,2022,MEDSUPP,true,true,2022-01-01,
50399119,Northwind Health,CA,2022,PDP,true,true,2022-01-01,
50399119,Northwind Health,CA,2023,MA,true,true,2023-01-01,
50399119,Northwind Health,CA,2023,MEDSUPP,true,true,2023-01-01,
50399119,Northwind Health,CA,2023,PDP,true,true,2023-01-01,
50399119,Northwind Health,CA,2024,MA,true,true,2024-01-01,
50399119,Northwind Health,CA,2024,MEDSUPP,true,true,2024-01-01,
50399119,Northwind Health,CA,2024,PDP,true,true,2024-01-01,
50399119,Northwind Health,CA,2025,MA,true,true,2025-01-01,
50399119,Northwind Health,CA,2025,MEDSUPP,true,true,2025-01-01,
50399119,Northwind Health,CA,2025,PDP,true,true,2025-01-01,
50399119,Northwind Health,CA,2026,MA,true,true,2026-01-01,
50399119,Northwind Health,CA,2026,MEDSUPP,true,true,2026-01-01,
50399119,Northwind Health,CA,2026,PDP,true,true,2026-01-01,
50399119,Northwind Health,HI,2023,MA,true,true,2023-01-01,
50399119,Northwind Health,HI,2024,MA,true,true,2024-01-01,
50399119,Northwind Health,HI,2025,ACA,true,true,2025-01-01,
50399119,Northwind Health,HI,2025,MA,true,true,2025-01-01,
50399119,Northwind Health,HI,2025,PDP,true,true,2025-01-01,
50399119,Northwind Health,HI,2026,MA,true,true,2026-01-01,
50399119,Northwind Health,HI,2026,PDP,true,true,2026-01-01,
50399119,Northwind Health,PA,2022,MA,true,true,2022-01-01,
50399119,Northwind Health,PA,2023,MA,true,true,2023-01-01,
50399119,Northwind Health,PA,2023,MEDSUPP,true,true,2023-01-01,
50399119,Northwind Health,PA,2023,PDP,true,true,2023-01-01,
50399119,Northwind Health,PA,2024,MA,true,true,2024-01-01,
50399119,Northwind Health,PA,2024,MEDSUPP,true,true,2024-01-01,
50399119,Northwind Health,PA,2024,PDP,true,true,2024-01-01,
50399119,Northwind Health,PA,2025,ACA,true,true,2025-01-01,
50399119,Northwind Health,PA,2025,MEDSUPP,true,true,2025-01-01,
50399119,Northwind Health,PA,2025,PDP,true,true,2025-01-01,
50399119,Northwind Health,PA,2026,ACA,true,true,2026-01-01,
50399119,Northwind Health,PA,2026,MEDSUPP,true,true,2026-01-01,
50399119,Northwind Health,PA,2026,PDP,true,true,2026-01-01,
50399119,Summit Health Plans,CA,2024,MA,true,true,2024-01-01,
50399119,Summit Health Plans,CA,2025,MA,true,true,2025-01-01,
50399119,Summit Health Plans,CA,2025,PDP,true,true,2025-01-01,
50399119,Summit Health Plans,CA,2026,MA,true,true,2026-01-01,
50399119,Summit Health Plans,CA,2026,PDP,true,true,2026-01-01,
50399119,Summit Health Plans,HI,2026,ACA,true,true,2026-01-01,
50399119,Summit Health Plans,PA,2022,MA,true,true,2022-01-01,
50399119,Summit Health Plans,PA,2023,MA,true,true,2023-01-01,
50399119,Summit Health Plans,PA,2024,MA,true,true,2024-01-01,
50399119,Summit Health Plans,PA,2025,MA,true,true,2025-01-01,
50399119,Summit Health Plans,PA,2026,ACA,true,true,2026-01-01,
50399119,Summit Health Plans,PA,2026,MA,true,true,2026-01-01,
50399119,Summit Health Plans,TX,2022,MEDSUPP,true,true,2022-01-01,
50399119,Summit Health Plans,TX,2022,PDP,true,true,2022-01-01,
50399119,Summit Health Plans,TX,2023,MA,true,true,2023-01-01,
50399119,Summit Health Plans,TX,2023,MEDSUPP,true,true,2023-01-01,
50399119,Summit Health Plans,TX,2023,PDP,true,true,2023-01-01,
50399119,Summit Health Plans,TX,2024,MA,true,true,2024-01-01,
50399119,Summit Health Plans,TX,2024,MEDSUPP,true,true,2024-01-01,
50399119,Summit Health Plans,TX,2024,PDP,true,true,2024-01-01,
50399119,Summit Health Plans,TX,2025,MA,true,true,2025-01-01,
50399119,Summit Health Plans,TX,2025,MEDSUPP,true,true,2025-01-01,
50399119,Summit Health Plans,TX,2025,PDP,true,true,2025-01-01,
50399119,Summit Health Plans,TX,2026,MA,true,true,2026-01-01,
50399119,Summit Health Plans,TX,2026,MEDSUPP,true,true,2026-01-01,
50399119,Summit Health Plans,TX,2026,PDP,true,true,2026-01-01,
50979283,Bluepeak,MS,2022,MA,true,true,2022-01-01,
50979283,Bluepeak,MS,2023,MA,true,true,2023-01-01,
50979283,Bluepeak,MS,2024,MA,true,true,2024-01-01,
50979283,Bluepeak,MS,2025,MA,true,true,2025-01-01,
50979283,Bluepeak,MS,2026,ACA,true,true,2026-01-01,
50979283,Bluepeak,MS,2026,MA,true,true,2026-01-01,
50979283,Bluepeak,NC,2025,ACA,true,true,2025-01-01,
50979283,Bluepeak,OH,2025,MA,true,true,2025-01-01,
50979283,Bluepeak,OH,2026,MA,true,true,2026-01-01,
50979283,Bluepeak,WI,2024,MA,true,true,2024-01-01,
50979283,Bluepeak,WI,2025,MA,true,true,2025-01-01,
50979283,Bluepeak,WI,2026,MA,true,true,2026-01-01,
50979283,Cardinal Mutual,MS,2023,MA,true,true,2023-01-01,
50979283,Cardinal Mutual,MS,2024,MA,true,true,2024-01-01,
50979283,Cardinal Mutual,MS,2025,ACA,true,true,2025-01-01,
50979283,Cardinal Mutual,MS,2025,MA,true,true,2025-01-01,
50979283,Cardinal Mutual,MS,2025,PDP,true,true,2025-01-01,
50979283,Cardinal Mutual,MS,2026,MA,true,true,2026-01-01,
50979283,Cardinal Mutual,MS,2026,PDP,true,true,2026-01-01,
50979283,Cardinal Mutual,NC,2024,MA,true,true,2024-01-01,
50979283,Cardinal Mutual,NC,2025,ACA,true,true,2025-01-01,
50979283,Cardinal Mutual,NC,2025,MA,true,true,2025-01-01,
50979283,Cardinal Mutual,NC,2026,ACA,true,true,2026-01-01,
50979283,Cardinal Mutual,NC,2026,MA,true,true,2026-01-01,
50979283,Cardinal Mutual,OH,2026,ACA,true,true,2026-01-01,
50979283,Cardinal Mutual,WI,2022,MA,true,true,2022-01-01,
50979283,Cardinal Mutual,WI,2022,MEDSUPP,true,true,2022-01-01,
50979283,Cardinal Mutual,WI,2022,PDP,true,true,2022-01-01,
50979283,Cardinal Mutual,WI,2023,MA,true,true,2023-01-01,
50979283,Cardinal Mutual,WI,2023,MEDSUPP,true,true,2023-01-01,
50979283,Cardinal Mutual,WI,2023,PDP,true,true,2023-01-01,
50979283,Cardinal Mutual,WI,2024,MA,true,true,2024-01-01,
50979283,Cardinal Mutual,WI,2024,MEDSUPP,true,true,2024-01-01,
50979283,Cardinal Mutual,WI,2024,PDP,true,true,2024-01-01,
50979283,Cardinal Mutual,WI,2025,ACA,true,true,2025-01-01,
50979283,Cardinal Mutual,WI,2025,MA,true,true,2025-01-01,
50979283,Cardinal Mutual,WI,2025,MEDSUPP,true,true,2025-01-01,
50979283,Cardinal Mutual,WI,2025,PDP,true,true,2025-01-01,
50979283,Cardinal Mutual,WI,2026,ACA,true,true,2026-01-01,
50979283,Cardinal Mutual,WI,2026,MA,true,true,2026-01-01,
50979283,Cardinal Mutual,WI,2026,MEDSUPP,true,true,2026-01-01,
50979283,Cardinal Mutual,WI,2026,PDP,true,true,2026-01-01,
50979283,Harborline,MS,2023,MA,true,true,2023-01-01,
50979283,Harborline,MS,2024,MA,true,true,2024-01-01,
50979283,Harborline,MS,2025,MA,true,true,2025-01-01,
50979283,Harborline,MS,2026,MA,true,true,2026-01-01,
50979283,Harborline,NC,2022,MA,true,true,2022-01-01,
50979283,Harborline,NC,2023,MA,true,true,2023-01-01,
50979283,Harborline,NC,2024,MA,true,true,2024-01-01,
50979283,Harborline,NC,2025,MA,true,true,2025-01-01,
50979283,Harborline,NC,2026,MA,true,true,2026-01-01,
50979283,Harborline,OH,2022,MEDSUPP,true,true,2022-01-01,
50979283,Harborline,OH,2022,PDP,true,true,2022-01-01,
50979283,Harborline,OH,2023,MEDSUPP,true,true,2023-01-01,
50979283,Harborline,OH,2023,PDP,true,true,2023-01-01,
50979283,Harborline,OH,2024,MEDSUPP,true,true,2024-01-01,
50979283,Harborline,OH,2024,PDP,true,true,2024-01-01,
50979283,Harborline,OH,2025,MEDSUPP,true,true,2025-01-01,
50979283,Harborline,OH,2025,PDP,true,true,2025-01-01,
50979283,Harborline,OH,2026,ACA,true,true,2026-01-01,
50979283,Harborline,OH,2026,MEDSUPP,true,true,2026-01-01,
50979283,Harborline,OH,2026,PDP,true,true,2026-01-01,
50979283,Harborline,WI,2024,ACA,true,true,2024-01-01,
50979283,Harborline,WI,2025,ACA,true,true,2025-01-01,
50979283,Harborline,WI,2026,ACA,true,true,2026-01-01,
50979283,Harborline,WI,2026,PDP,true,true,2026-01-01,
50979283,Meridian Care,MS,2023,MA,true,true,2023-01-01,
50979283,Meridian Care,MS,2024,MA,true,true,2024-01-01,
50979283,Meridian Care,MS,2025,MA,true,true,2025-01-01,
50979283,Meridian Care,MS,2026,MA,true,true,2026-01-01,
50979283,Meridian Care,NC,2025,ACA,true,true,2025-01-01,
50979283,Meridian Care,NC,2025,MA,true,true,2025-01-01,
50979283,Meridian Care,NC,2026,ACA,true,true,2026-01-01,
50979283,Meridian Care,NC,2026,MA,true,true,2026-01-01,
50979283,Meridian Care,OH,2022,MEDSUPP,true,true,2022-01-01,
50979283,Meridian Care,OH,2022,PDP,true,true,2022-01-01,
50979283,Meridian Care,OH,2023,MA,true,true,2023-01-01,
50979283,Meridian Care,OH,2023,MEDSUPP,true,true,2023-01-01,
50979283,Meridian Care,OH,2023,PDP,true,true,2023-01-01,
50979283,Meridian Care,OH,2024,MA,true,true,2024-01-01,
50979283,Meridian Care,OH,2024,MEDSUPP,true,true,2024-01-01,
50979283,Meridian Care,OH,2024,PDP,true,true,2024-01-01,
50979283,Meridian Care,OH,2025,MA,true,true,2025-01-01,
50979283,Meridian Care,OH,2025,MEDSUPP,true,true,2025-01-01,
50979283,Meridian Care,OH,2025,PDP,true,true,2025-01-01,
50979283,Meridian Care,OH,2026,MA,true,true,2026-01-01,
50979283,Meridian Care,OH,2026,MEDSUPP,true,true,2026-01-01,
50979283,Meridian Care,OH,2026,PDP,true,true,2026-01-01,
50979283,Meridian Care,WI,2023,MA,true,true,2023-01-01,
50979283,Meridian Care,WI,2024,MA,true,true,2024-01-01,
50979283,Meridian Care,WI,2025,MA,true,true,2025-01-01,
50979283,Meridian Care,WI,2026,ACA,true,true,2026-01-01,
50979283,Northwind Health,MS,2022,MA,true,true,2022-01-01,
50979283,Northwind Health,MS,2022,MEDSUPP,true,true,2022-01-01,
50979283,Northwind Health,MS,2022,PDP,true,true,2022-01-01,
50979283,Northwind Health,MS,2023,MA,true,true,2023-01-01,
50979283,Northwind Health,MS,2023,MEDSUPP,true,true,2023-01-01,
50979283,Northwind Health,MS,2023,PDP,true,true,2023-01-01,
50979283,Northwind Health,MS,2024,MA,true,true,2024-01-01,
50979283,Northwind Health,MS,2024,MEDSUPP,true,true,2024-01-01,
50979283,Northwind Health,MS,2024,PDP,true,true,2024-01-01,
50979283,Northwind Health,MS,2025,MA,true,true,2025-01-01,
50979283,Northwind Health,MS,2025,MEDSUPP,true,true,2025-01-01,
50979283,Northwind Health,MS,2025,PDP,true,true,2025-01-01,
50979283,Northwind Health,MS,2026,MA,true,true,2026-01-01,
50979283,Northwind Health,MS,2026,MEDSUPP,true,true,2026-01-01,
50979283,Northwind Health,MS,2026,PDP,true,true,2026-01-01,
50979283,Northwind Health,NC,2025,MEDSUPP,true,true,2025-01-01,
50979283,Northwind Health,NC,2025,PDP,true,true,2025-01-01,
50979283,Northwind Health,NC,2026,ACA,true,true,2026-01-01,
50979283,Northwind Health,NC,2026,MEDSUPP,true,true,2026-01-01,
50979283,Northwind Health,NC,2026,PDP,true,true,2026-01-01,
50979283,Northwind Health,OH,2023,MEDSUPP,true,true,2023-01-01,
50979283,Northwind Health,OH,2023,PDP,true,true,2023-01-01,
50979283,Northwind Health,OH,2024,MA,true,true,2024-01-01,
50979283,Northwind Health,OH,2024,MEDSUPP,true,true,2024-01-01,
50979283,Northwind Health,OH,2024,PDP,true,true,2024-01-01,
50979283,Northwind Health,OH,2025,MA,true,true,2025-01-01,
50979283,Northwind Health,OH,2025,MEDSUPP,true,true,2025-01-01,
50979283,Northwind Health,OH,2025,PDP,true,true,2025-01-01,
50979283,Northwind Health,OH,2026,MA,true,true,2026-01-01,
50979283,Northwind Health,OH,2026,MEDSUPP,true,true,2026-01-01,
50979283,Northwind Health,OH,2026,PDP,true,true,2026-01-01,
50979283,Northwind Health,WI,2022,MEDSUPP,true,true,2022-01-01,
50979283,Northwind Health,WI,2022,PDP,true,true,2022-01-01,
50979283,Northwind Health,WI,2023,MEDSUPP,true,true,2023-01-01,
50979283,Northwind Health,WI,2023,PDP,true,true,2023-01-01,
50979283,Northwind Health,WI,2024,MA,true,true,2024-01-01,
50979283,Northwind Health,WI,2024,MEDSUPP,true,true,2024-01-01,
50979283,Northwind Health,WI,2024,PDP,true,true,2024-01-01,
50979283,Northwind Health,WI,2025,ACA,true,true,2025-01-01,
50979283,Northwind Health,WI,2025,MA,true,true,2025-01-01,
50979283,Northwind Health,WI,2025,MEDSUPP,true,true,2025-01-01,
50979283,Northwind Health,WI,2025,PDP,true,true,2025-01-01,
50979283,Northwind Health,WI,2026,ACA,true,true,2026-01-01,
50979283,Northwind Health,WI,2026,MA,true,true,2026-01-01,
50979283,Northwind Health,WI,2026,MEDSUPP,true,true,2026-01-01,
50979283,Northwind Health,WI,2026,PDP,true,true,2026-01-01,
50979283,Summit Health Plans,MS,2024,ACA,true,true,2024-01-01,
50979283,Summit Health Plans,MS,2025,ACA,true,true,2025-01-01,
50979283,Summit Health Plans,MS,2025,MA,true,true,2025-01-01,
50979283,Summit Health Plans,MS,2026,ACA,true,true,2026-01-01,
50979283,Summit Health Plans,MS,2026,MA,true,true,2026-01-01,
50979283,Summit Health Plans,NC,2024,MA,true,true,2024-01-01,
50979283,Summit Health Plans,NC,2025,MA,true,true,2025-01-01,
50979283,Summit Health Plans,NC,2026,MA,true,true,2026-01-01,
50979283,Summit Health Plans,OH,2022,MA,true,true,2022-01-01,
50979283,Summit Health Plans,OH,2023,MA,true,true,2023-01-01,
50979283,Summit Health Plans,OH,2024,MA,true,true,2024-01-01,
50979283,Summit Health Plans,OH,2025,MA,true,true,2025-01-01,
50979283,Summit Health Plans,OH,2025,PDP,true,true,2025-01-01,
50979283,Summit Health Plans,OH,2026,ACA,true,true,2026-01-01,
50979283,Summit Health Plans,OH,2026,MA,true,true,2026-01-01,
50979283,Summit Health Plans,OH,2026,PDP,true,true,2026-01-01,
50979283,Summit Health Plans,WI,2024,MEDSUPP,true,true,2024-01-01,
50979283,Summit Health Plans,WI,2024,PDP,true,true,2024-01-01,
50979283,Summit Health Plans,WI,2025,MEDSUPP,true,true,2025-01-01,
50979283,Summit Health Plans,WI,2025,PDP,true,true,2025-01-01,
50979283,Summit Health Plans,WI,2026,MEDSUPP,true,true,2026-01-01,
50979283,Summit Health Plans,WI,2026,PDP,true,true,2026-01-01,
51446845,Bluepeak,CT,2023,MA,true,true,2023-01-01,
51446845,Bluepeak,CT,2024,MA,true,true,2024-01-01,
51446845,Bluepeak,CT,2025,MA,true,true,2025-01-01,
51446845,Bluepeak,CT,2025,PDP,true,true,2025-01-01,
51446845,Bluepeak,CT,2026,MA,true,true,2026-01-01,
51446845,Bluepeak,CT,2026,PDP,true,true,2026-01-01,
51446845,Bluepeak,GA,2024,MA,true,true,2024-01-01,
51446845,Bluepeak,GA,2024,MEDSUPP,true,true,2024-01-01,
51446845,Bluepeak,GA,2024,PDP,true,true,2024-01-01,
51446845,Bluepeak,GA,2025,MA,true,true,2025-01-01,
51446845,Bluepeak,GA,2025,MEDSUPP,true,true,2025-01-01,
51446845,Bluepeak,GA,2025,PDP,true,true,2025-01-01,
51446845,Bluepeak,GA,2026,MA,true,true,2026-01-01,
51446845,Bluepeak,GA,2026,MEDSUPP,true,true,2026-01-01,
51446845,Bluepeak,GA,2026,PDP,true,true,2026-01-01,
51446845,Cardinal Mutual,CT,2024,MA,true,true,2024-01-01,
51446845,Cardinal Mutual,CT,2025,ACA,true,true,2025-01-01,
51446845,Cardinal Mutual,CT,2025,MA,true,true,2025-01-01,
51446845,Cardinal Mutual,CT,2025,MEDSUPP,true,true,2025-01-01,
51446845,Cardinal Mutual,CT,2025,PDP,true,true,2025-01-01,
51446845,Cardinal Mutual,CT,2026,ACA,true,true,2026-01-01,
51446845,Cardinal Mutual,CT,2026,MA,true,true,2026-01-01,
51446845,Cardinal Mutual,CT,2026,MEDSUPP,true,true,2026-01-01,
51446845,Cardinal Mutual,CT,2026,PDP,true,true,2026-01-01,
51446845,Cardinal Mutual,GA,2022,MA,true,true,2022-01-01,
51446845,Cardinal Mutual,GA,2022,MEDSUPP,true,true,2022-01-01,
51446845,Cardinal Mutual,GA,2022,PDP,true,true,2022-01-01,
51446845,Cardinal Mutual,GA,2023,MA,true,true,2023-01-01,
51446845,Cardinal Mutual,GA,2023,MEDSUPP,true,true,2023-01-01,
51446845,Cardinal Mutual,GA,2023,PDP,true,true,2023-01-01,
51446845,Cardinal Mutual,GA,2024,MA,true,true,2024-01-01,
51446845,Cardinal Mutual,GA,2024,MEDSUPP,true,true,2024-01-01,
51446845,Cardinal Mutual,GA,2024,PDP,true,true,2024-01-01,
51446845,Cardinal Mutual,GA,2025,ACA,true,true,2025-01-01,
51446845,Cardinal Mutual,GA,2025,MA,true,true,2025-01-01,
51446845,Cardinal Mutual,GA,2025,MEDSUPP,true,true,2025-01-01,
51446845,Cardinal Mutual,GA,2025,PDP,true,true,2025-01-01,
51446845,Cardinal Mutual,GA,2026,MA,true,true,2026-01-01,
51446845,Cardinal Mutual,GA,2026,MEDSUPP,true,true,2026-01-01,
51446845,Cardinal Mutual,GA,2026,PDP,true,true,2026-01-01,
51446845,Harborline,CT,2022,MA,true,true,2022-01-01,
51446845,Harborline,CT,2023,MA,true,true,2023-01-01,
51446845,Harborline,CT,2024,MA,true,true,2024-01-01,
51446845,Harborline,CT,2025,ACA,true,true,2025-01-01,
51446845,Harborline,CT,2025,MA,true,true,2025-01-01,
51446845,Harborline,CT,2026,MA,true,true,2026-01-01,
51446845,Harborline,GA,2023,MEDSUPP,true,true,2023-01-01,
51446845,Harborline,GA,2023,PDP,true,true,2023-01-01,
51446845,Harborline,GA,2024,ACA,true,true,2024-01-01,
51446845,Harborline,GA,2024,MA,true,true,2024-01-01,
51446845,Harborline,GA,2024,MEDSUPP,true,true,2024-01-01,
51446845,Harborline,GA,2024,PDP,true,true,2024-01-01,
51446845,Harborline,GA,2025,ACA,true,true,2025-01-01,
51446845,Harborline,GA,2025,MA,true,true,2025-01-01,
51446845,Harborline,GA,2025,MEDSUPP,true,true,2025-01-01,
51446845,Harborline,GA,2025,PDP,true,true,2025-01-01,
51446845,Harborline,GA,2026,ACA,true,true,2026-01-01,
51446845,Harborline,GA,2026,MA,true,true,2026-01-01,
51446845,Harborline,GA,2026,MEDSUPP,true,true,2026-01-01,
51446845,Harborline,GA,2026,PDP,true,true,2026-01-01,
51446845,Meridian Care,CT,2022,MA,true,true,2022-01-01,
51446845,Meridian Care,CT,2023,MA,true,true,2023-01-01,
51446845,Meridian Care,CT,2024,ACA,true,true,2024-01-01,
51446845,Meridian Care,CT,2024,MA,true,true,2024-01-01,
51446845,Meridian Care,CT,2025,ACA,true,true,2025-01-01,
51446845,Meridian Care,CT,2025,MA,true,true,2025-01-01,
51446845,Meridian Care,CT,2026,ACA,true,true,2026-01-01,
51446845,Meridian Care,CT,2026,MA,true,true,2026-01-01,
51446845,Meridian Care,GA,2022,MA,true,true,2022-01-01,
51446845,Meridian Care,GA,2023,MA,true,true,2023-01-01,
51446845,Meridian Care,GA,2023,MEDSUPP,true,true,2023-01-01,
51446845,Meridian Care,GA,2023,PDP,true,true,2023-01-01,
51446845,Meridian Care,GA,2024,MA,true,true,2024-01-01,
51446845,Meridian Care,GA,2024,MEDSUPP,true,true,2024-01-01,
51446845,Meridian Care,GA,2024,PDP,true,true,2024-01-01,
51446845,Meridian Care,GA,2025,ACA,true,true,2025-01-01,
51446845,Meridian Care,GA,2025,MA,true,true,2025-01-01,
51446845,Meridian Care,GA,2025,MEDSUPP,true,true,2025-01-01,
51446845,Meridian Care,GA,2025,PDP,true,true,2025-01-01,
51446845,Meridian Care,GA,2026,ACA,true,true,2026-01-01,
51446845,Meridian Care,GA,2026,MA,true,true,2026-01-01,
51446845,Meridian Care,GA,2026,MEDSUPP,true,true,2026-01-01,
51446845,Meridian Care,GA,2026,PDP,true,true,2026-01-01,
51446845,Northwind Health,CT,2022,MA,true,true,2022-01-01,
51446845,Northwind Health,CT,2023,MA,true,true,2023-01-01,
51446845,Northwind Health,CT,2024,MA,true,true,2024-01-01,
51446845,Northwind Health,CT,2025,ACA,true,true,2025-01-01,
51446845,Northwind Health,CT,2025,MA,true,true,2025-01-01,
51446845,Northwind Health,CT,2026,MA,true,true,2026-01-01,
51446845,Northwind Health,GA,2025,MEDSUPP,true,true,2025-01-01,
51446845,Northwind Health,GA,2025,PDP,true,true,2025-01-01,
51446845,Northwind Health,GA,2026,MEDSUPP,true,true,2026-01-01,
51446845,Northwind Health,GA,2026,PDP,true,true,2026-01-01,
51446845,Summit Health Plans,CT,2022,MA,true,true,2022-01-01,
51446845,Summit Health Plans,CT,2023,MA,true,true,2023-01-01,
51446845,Summit Health Plans,CT,2024,ACA,true,true,2024-01-01,
51446845,Summit Health Plans,CT,2024,MA,true,true,2024-01-01,
51446845,Summit Health Plans,CT,2025,ACA,true,true,2025-01-01,
51446845,Summit Health Plans,CT,2025,MA,true,true,2025-01-01,
51446845,Summit Health Plans,CT,2026,ACA,true,true,2026-01-01,
51446845,Summit Health Plans,CT,2026,MA,true,true,2026-01-01,
51446845,Summit Health Plans,GA,2024,MEDSUPP,true,true,2024-01-01,
51446845,Summit Health Plans,GA,2024,PDP,true,true,2024-01-01,
51446845,Summit Health Plans,GA,2025,MEDSUPP,true,true,2025-01-01,
51446845,Summit Health Plans,GA,2025,PDP,true,true,2025-01-01,
51446845,Summit Health Plans,GA,2026,ACA,true,true,2026-01-01,
51446845,Summit Health Plans,GA,2026,MEDSUPP,true,true,2026-01-01,
51446845,Summit Health Plans,GA,2026,PDP,true,true,2026-01-01,
59893296,Bluepeak,CO,2023,MA,true,true,2023-01-01,
59893296,Bluepeak,CO,2024,MA,true,true,2024-01-01,
59893296,Bluepeak,CO,2025,MA,true,true,2025-01-01,
59893296,Bluepeak,CO,2026,ACA,true,true,2026-01-01,
59893296,Bluepeak,CO,2026,MA,true,true,2026-01-01,
59893296,Bluepeak,DE,2022,MA,true,true,2022-01-01,
59893296,Bluepeak,DE,2022,MEDSUPP,true,true,2022-01-01,
59893296,Bluepeak,DE,2022,PDP,true,true,2022-01-01,
59893296,Bluepeak,DE,2023,MA,true,true,2023-01-01,
59893296,Bluepeak,DE,2023,MEDSUPP,true,true,2023-01-01,
59893296,Bluepeak,DE,2023,PDP,true,true,2023-01-01,
59893296,Bluepeak,DE,2024,ACA,true,true,2024-01-01,
59893296,Bluepeak,DE,2024,MA,true,true,2024-01-01,
59893296,Bluepeak,DE,2024,MEDSUPP,true,true,2024-01-01,
59893296,Bluepeak,DE,2024,PDP,true,true,2024-01-01,
59893296,Bluepeak,DE,2025,ACA,true,true,2025-01-01,
59893296,Bluepeak,DE,2025,MA,true,true,2025-01-01,
59893296,Bluepeak,DE,2025,MEDSUPP,true,true,2025-01-01,
59893296,Bluepeak,DE,2025,PDP,true,true,2025-01-01,
59893296,Bluepeak,DE,2026,ACA,true,true,2026-01-01,
59893296,Bluepeak,DE,2026,MA,true,true,2026-01-01,
59893296,Bluepeak,DE,2026,MEDSUPP,true,true,2026-01-01,
59893296,Bluepeak,DE,2026,PDP,true,true,2026-01-01,
59893296,Cardinal Mutual,CO,2022,MA,true,true,2022-01-01,
59893296,Cardinal Mutual,CO,2023,MA,true,true,2023-01-01,
59893296,Cardinal Mutual,CO,2024,MA,true,true,2024-01-01,
59893296,Cardinal Mutual,CO,2025,MA,true,true,2025-01-01,
59893296,Cardinal Mutual,CO,2026,ACA,true,true,2026-01-01,
59893296,Cardinal Mutual,CO,2026,MA,true,true,2026-01-01,
59893296,Cardinal Mutual,DE,2022,MA,true,true,2022-01-01,
59893296,Cardinal Mutual,DE,2022,MEDSUPP,true,true,2022-01-01,
59893296,Cardinal Mutual,DE,2022,PDP,true,true,2022-01-01,
59893296,Cardinal Mutual,DE,2023,MA,true,true,2023-01-01,
59893296,Cardinal Mutual,DE,2023,MEDSUPP,true,true,2023-01-01,
59893296,Cardinal Mutual,DE,2023,PDP,true,true,2023-01-01,
59893296,Cardinal Mutual,DE,2024,MA,true,true,2024-01-01,
59893296,Cardinal Mutual,DE,2024,MEDSUPP,true,true,2024-01-01,
59893296,Cardinal Mutual,DE,2024,PDP,true,true,2024-01-01,
59893296,Cardinal Mutual,DE,2025,MA,true,true,2025-01-01,
59893296,Cardinal Mutual,DE,2025,MEDSUPP,true,true,2025-01-01,
59893296,Cardinal Mutual,DE,2025,PDP,true,true,2025-01-01,
59893296,Cardinal Mutual,DE,2026,MA,true,true,2026-01-01,
59893296,Cardinal Mutual,DE,2026,MEDSUPP,true,true,2026-01-01,
59893296,Cardinal Mutual,DE,2026,PDP,true,true,2026-01-01,
59893296,Harborline,CO,2022,MA,true,true,2022-01-01,
59893296,Harborline,CO,2023,MA,true,true,2023-01-01,
59893296,Harborline,CO,2024,MA,true,true,2024-01-01,
59893296,Harborline,CO,2025,ACA,true,true,2025-01-01,
59893296,Harborline,CO,2025,MA,true,true,2025-01-01,
59893296,Harborline,CO,2026,ACA,true,true,2026-01-01,
59893296,Harborline,CO,2026,MA,true,true,2026-01-01,
59893296,Harborline,DE,2022,MEDSUPP,true,true,2022-01-01,
59893296,Harborline,DE,2022,PDP,true,true,2022-01-01,
59893296,Harborline,DE,2023,MEDSUPP,true,true,2023-01-01,
59893296,Harborline,DE,2023,PDP,true,true,2023-01-01,
59893296,Harborline,DE,2024,MA,true,true,2024-01-01,
59893296,Harborline,DE,2024,MEDSUPP,true,true,2024-01-01,
59893296,Harborline,DE,2024,PDP,true,true,2024-01-01,
59893296,Harborline,DE,2025,MA,true,true,2025-01-01,
59893296,Harborline,DE,2025,MEDSUPP,true,true,2025-01-01,
59893296,Harborline,DE,2025,PDP,true,true,2025-01-01,
59893296,Harborline,DE,2026,MA,true,true,2026-01-01,
59893296,Harborline,DE,2026,MEDSUPP,true,true,2026-01-01,
59893296,Harborline,DE,2026,PDP,true,true,2026-01-01,
59893296,Meridian Care,CO,2022,MA,true,true,2022-01-01,
59893296,Meridian Care,CO,2023,MA,true,true,2023-01-01,
59893296,Meridian Care,CO,2024,MA,true,true,2024-01-01,
59893296,Meridian Care,CO,2025,ACA,true,true,2025-01-01,
59893296,Meridian Care,CO,2025,MA,true,true,2025-01-01,
59893296,Meridian Care,CO,2026,ACA,true,true,2026-01-01,
59893296,Meridian Care,CO,2026,MA,true,true,2026-01-01,
59893296,Meridian Care,DE,2022,MA,true,true,2022-01-01,
59893296,Meridian Care,DE,2022,MEDSUPP,true,true,2022-01-01,
59893296,Meridian Care,DE,2022,PDP,true,true,2022-01-01,
59893296,Meridian Care,DE,2023,MA,true,true,2023-01-01,
59893296,Meridian Care,DE,2023,MEDSUPP,true,true,2023-01-01,
59893296,Meridian Care,DE,2023,PDP,true,true,2023-01-01,
59893296,Meridian Care,DE,2024,ACA,true,true,2024-01-01,
59893296,Meridian Care,DE,2024,MA,true,true,2024-01-01,
59893296,Meridian Care,DE,2024,MEDSUPP,true,true,2024-01-01,
59893296,Meridian Care,DE,2024,PDP,true,true,2024-01-01,
59893296,Meridian Care,DE,2025,ACA,true,true,2025-01-01,
59893296,Meridian Care,DE,2025,MA,true,true,2025-01-01,
59893296,Meridian Care,DE,2025,MEDSUPP,true,true,2025-01-01,
59893296,Meridian Care,DE,2025,PDP,true,true,2025-01-01,
59893296,Meridian Care,DE,2026,ACA,true,true,2026-01-01,
59893296,Meridian Care,DE,2026,MA,true,true,2026-01-01,
59893296,Meridian Care,DE,2026,MEDSUPP,true,true,2026-01-01,
59893296,Meridian Care,DE,2026,PDP,true,true,2026-01-01,
59893296,Northwind Health,CO,2022,MA,true,true,2022-01-01,
59893296,Northwind Health,CO,2023,MA,true,true,2023-01-01,
59893296,Northwind Health,CO,2024,ACA,true,true,2024-01-01,
59893296,Northwind Health,CO,2024,MA,true,true,2024-01-01,
59893296,Northwind Health,CO,2025,ACA,true,true,2025-01-01,
59893296,Northwind Health,CO,2025,MA,true,true,2025-01-01,
59893296,Northwind Health,CO,2025,PDP,true,true,2025-01-01,
59893296,Northwind Health,CO,2026,ACA,true,true,2026-01-01,
59893296,Northwind Health,CO,2026,MA,true,true,2026-01-01,
59893296,Northwind Health,CO,2026,PDP,true,true,2026-01-01,
59893296,Northwind Health,DE,2022,MA,true,true,2022-01-01,
59893296,Northwind Health,DE,2023,MA,true,true,2023-01-01,
59893296,Northwind Health,DE,2024,ACA,true,true,2024-01-01,
59893296,Northwind Health,DE,2024,MA,true,true,2024-01-01,
59893296,Northwind Health,DE,2025,ACA,true,true,2025-01-01,
59893296,Northwind Health,DE,2025,MA,true,true,2025-01-01,
59893296,Northwind Health,DE,2026,ACA,true,true,2026-01-01,
59893296,Northwind Health,DE,2026,MA,true,true,2026-01-01,
59893296,Summit Health Plans,CO,2022,MA,true,true,2022-01-01,
59893296,Summit Health Plans,CO,2023,MA,true,true,2023-01-01,
59893296,Summit Health Plans,CO,2023,MEDSUPP,true,true,2023-01-01,
59893296,Summit Health Plans,CO,2023,PDP,true,true,2023-01-01,
59893296,Summit Health Plans,CO,2024,MA,true,true,2024-01-01,
59893296,Summit Health Plans,CO,2024,MEDSUPP,true,true,2024-01-01,
59893296,Summit Health Plans,CO,2024,PDP,true,true,2024-01-01,
59893296,Summit Health Plans,CO,2025,MA,true,true,2025-01-01,
59893296,Summit Health Plans,CO,2025,MEDSUPP,true,true,2025-01-01,
59893296,Summit Health Plans,CO,2025,PDP,true,true,2025-01-01,
59893296,Summit Health Plans,CO,2026,MA,true,true,2026-01-01,
59893296,Summit Health Plans,CO,2026,MEDSUPP,true,true,2026-01-01,
59893296,Summit Health Plans,CO,2026,PDP,true,true,2026-01-01,
59893296,Summit Health Plans,DE,2022,MA,true,true,2022-01-01,
59893296,Summit Health Plans,DE,2023,MA,true,true,2023-01-01,
59893296,Summit Health Plans,DE,2024,MA,true,true,2024-01-01,
59893296,Summit Health Plans,DE,2025,MA,true,true,2025-01-01,
59893296,Summit Health Plans,DE,2026,MA,true,true,2026-01-01,
64493418,Bluepeak,CO,2022,MA,true,true,2022-01-01,
64493418,Bluepeak,CO,2023,MA,true,true,2023-01-01,
64493418,Bluepeak,CO,2024,ACA,true,true,2024-01-01,
64493418,Bluepeak,CO,2024,MA,true,true,2024-01-01,
64493418,Bluepeak,CO,2025,ACA,true,true,2025-01-01,
64493418,Bluepeak,CO,2025,MA,true,true,2025-01-01,
64493418,Bluepeak,CO,2025,MEDSUPP,true,true,2025-01-01,
64493418,Bluepeak,CO,2025,PDP,true,true,2025-01-01,
64493418,Bluepeak,CO,2026,ACA,true,true,2026-01-01,
64493418,Bluepeak,CO,2026,MA,true,true,2026-01-01,
64493418,Bluepeak,CO,2026,MEDSUPP,true,true,2026-01-01,
64493418,Bluepeak,CO,2026,PDP,true,true,2026-01-01,
64493418,Bluepeak,PA,2022,MA,true,true,2022-01-01,
64493418,Bluepeak,PA,2022,MEDSUPP,true,true,2022-01-01,
64493418,Bluepeak,PA,2022,PDP,true,true,2022-01-01,
64493418,Bluepeak,PA,2023,MA,true,true,2023-01-01,
64493418,Bluepeak,PA,2023,MEDSUPP,true,true,2023-01-01,
64493418,Bluepeak,PA,2023,PDP,true,true,2023-01-01,
64493418,Bluepeak,PA,2024,MA,true,true,2024-01-01,
64493418,Bluepeak,PA,2024,MEDSUPP,true,true,2024-01-01,
64493418,Bluepeak,PA,2024,PDP,true,true,2024-01-01,
64493418,Bluepeak,PA,2025,MA,true,true,2025-01-01,
64493418,Bluepeak,PA,2025,MEDSUPP,true,true,2025-01-01,
64493418,Bluepeak,PA,2025,PDP,true,true,2025-01-01,
64493418,Bluepeak,PA,2026,ACA,true,true,2026-01-01,
64493418,Bluepeak,PA,2026,MA,true,true,2026-01-01,
64493418,Bluepeak,PA,2026,MEDSUPP,true,true,2026-01-01,
64493418,Bluepeak,PA,2026,PDP,true,true,2026-01-01,
64493418,Bluepeak,WV,2022,MA,true,true,2022-01-01,
64493418,Bluepeak,WV,2023,MA,true,true,2023-01-01,
64493418,Bluepeak,WV,2024,ACA,true,true,2024-01-01,
64493418,Bluepeak,WV,2024,MA,true,true,2024-01-01,
64493418,Bluepeak,WV,2025,ACA,true,true,2025-01-01,
64493418,Bluepeak,WV,2025,MA,true,true,2025-01-01,
64493418,Bluepeak,WV,2026,ACA,true,true,2026-01-01,
64493418,Bluepeak,WV,2026,MA,true,true,2026-01-01,
64493418,Cardinal Mutual,CO,2022,MA,true,true,2022-01-01,
64493418,Cardinal Mutual,CO,2023,MA,true,true,2023-01-01,
64493418,Cardinal Mutual,CO,2024,MA,true,true,2024-01-01,
64493418,Cardinal Mutual,CO,2025,MA,true,true,2025-01-01,
64493418,Cardinal Mutual,CO,2026,ACA,true,true,2026-01-01,
64493418,Cardinal Mutual,CO,2026,MA,true,true,2026-01-01,
64493418,Cardinal Mutual,PA,2022,MA,true,true,2022-01-01,
64493418,Cardinal Mutual,PA,2023,MA,true,true,2023-01-01,
64493418,Cardinal Mutual,PA,2024,MA,true,true,2024-01-01,
64493418,Cardinal Mutual,PA,2025,ACA,true,true,2025-01-01,
64493418,Cardinal Mutual,PA,2025,MA,true,true,2025-01-01,
64493418,Cardinal Mutual,PA,2026,ACA,true,true,2026-01-01,
64493418,Cardinal Mutual,PA,2026,MA,true,true,2026-01-01,
64493418,Cardinal Mutual,WV,2022,MEDSUPP,true,true,2022-01-01,
64493418,Cardinal Mutual,WV,2022,PDP,true,true,2022-01-01,
64493418,Cardinal Mutual,WV,2023,MA,true,true,2023-01-01,
64493418,Cardinal Mutual,WV,2023,MEDSUPP,true,true,2023-01-01,
64493418,Cardinal Mutual,WV,2023,PDP,true,true,2023-01-01,
64493418,Cardinal Mutual,WV,2024,MA,true,true,2024-01-01,
64493418,Cardinal Mutual,WV,2024,MEDSUPP,true,true,2024-01-01,
64493418,Cardinal Mutual,WV,2024,PDP,true,true,2024-01-01,
64493418,Cardinal Mutual,WV,2025,MA,true,true,2025-01-01,
64493418,Cardinal Mutual,WV,2025,MEDSUPP,true,true,2025-01-01,
64493418,Cardinal Mutual,WV,2025,PDP,true,true,2025-01-01,
64493418,Cardinal Mutual,WV,2026,MA,true,true,2026-01-01,
64493418,Cardinal Mutual,WV,2026,MEDSUPP,true,true,2026-01-01,
64493418,Cardinal Mutual,WV,2026,PDP,true,true,2026-01-01,
64493418,Harborline,CO,2024,MA,true,true,2024-01-01,
64493418,Harborline,CO,2024,MEDSUPP,true,true,2024-01-01,
64493418,Harborline,CO,2024,PDP,true,true,2024-01-01,
64493418,Harborline,CO,2025,MA,true,true,2025-01-01,
64493418,Harborline,CO,2025,MEDSUPP,true,true,2025-01-01,
64493418,Harborline,CO,2025,PDP,true,true,2025-01-01,
64493418,Harborline,CO,2026,ACA,true,true,2026-01-01,
64493418,Harborline,CO,2026,MA,true,true,2026-01-01,
64493418,Harborline,CO,2026,MEDSUPP,true,true,2026-01-01,
64493418,Harborline,CO,2026,PDP,true,true,2026-01-01,
64493418,Harborline,PA,2024,MA,true,true,2024-01-01,
64493418,Harborline,PA,2024,PDP,true,true,2024-01-01,
64493418,Harborline,PA,2025,MA,true,true,2025-01-01,
64493418,Harborline,PA,2025,PDP,true,true,2025-01-01,
64493418,Harborline,PA,2026,ACA,true,true,2026-01-01,
64493418,Harborline,PA,2026,MA,true,true,2026-01-01,
64493418,Harborline,PA,2026,PDP,true,true,2026-01-01,
64493418,Harborline,WV,2023,MA,true,true,2023-01-01,
64493418,Harborline,WV,2024,MA,true,true,2024-01-01,
64493418,Harborline,WV,2025,ACA,true,true,2025-01-01,
64493418,Harborline,WV,2025,MA,true,true,2025-01-01,
64493418,Harborline,WV,2026,ACA,true,true,2026-01-01,
64493418,Harborline,WV,2026,MA,true,true,2026-01-01,
64493418,Meridian Care,CO,2024,ACA,true,true,2024-01-01,
64493418,Meridian Care,CO,2025,ACA,true,true,2025-01-01,
64493418,Meridian Care,CO,2025,MA,true,true,2025-01-01,
64493418,Meridian Care,CO,2026,ACA,true,true,2026-01-01,
64493418,Meridian Care,CO,2026,MA,true,true,2026-01-01,
64493418,Meridian Care,PA,2023,MA,true,true,2023-01-01,
64493418,Meridian Care,PA,2024,MA,true,true,2024-01-01,
64493418,Meridian Care,PA,2025,ACA,true,true,2025-01-01,
64493418,Meridian Care,PA,2025,MA,true,true,2025-01-01,
64493418,Meridian Care,PA,2025,MEDSUPP,true,true,2025-01-01,
64493418,Meridian Care,PA,2025,PDP,true,true,2025-01-01,
64493418,Meridian Care,PA,2026,ACA,true,true,2026-01-01,
64493418,Meridian Care,PA,2026,MA,true,true,2026-01-01,
64493418,Meridian Care,PA,2026,MEDSUPP,true,true,2026-01-01,
64493418,Meridian Care,PA,2026,PDP,true,true,2026-01-01,
64493418,Meridian Care,WV,2023,MA,true,true,2023-01-01,
64493418,Meridian Care,WV,2023,MEDSUPP,true,true,2023-01-01,
64493418,Meridian Care,WV,2023,PDP,true,true,2023-01-01,
64493418,Meridian Care,WV,2024,MA,true,true,2024-01-01,
64493418,Meridian Care,WV,2024,MEDSUPP,true,true,2024-01-01,
64493418,Meridian Care,WV,2024,PDP,true,true,2024-01-01,
64493418,Meridian Care,WV,2025,ACA,true,true,2025-01-01,
64493418,Meridian Care,WV,2025,MA,true,true,2025-01-01,
64493418,Meridian Care,WV,2025,MEDSUPP,true,true,2025-01-01,
64493418,Meridian Care,WV,2025,PDP,true,true,2025-01-01,
64493418,Meridian Care,WV,2026,ACA,true,true,2026-01-01,
64493418,Meridian Care,WV,2026,MA,true,true,2026-01-01,
64493418,Meridian Care,WV,2026,MEDSUPP,true,true,2026-01-01,
64493418,Meridian Care,WV,2026,PDP,true,true,2026-01-01,
64493418,Northwind Health,CO,2022,MA,true,true,2022-01-01,
64493418,Northwind Health,CO,2023,MA,true,true,2023-01-01,
64493418,Northwind Health,CO,2024,MA,true,true,2024-01-01,
64493418,Northwind Health,CO,2025,MA,true,true,2025-01-01,
64493418,Northwind Health,CO,2026,MA,true,true,2026-01-01,
64493418,Northwind Health,PA,2022,MA,true,true,2022-01-01,
64493418,Northwind Health,PA,2023,MA,true,true,2023-01-01,
64493418,Northwind Health,PA,2024,MA,true,true,2024-01-01,
64493418,Northwind Health,PA,2025,MA,true,true,2025-01-01,
64493418,Northwind Health,PA,2026,MA,true,true,2026-01-01,
64493418,Northwind Health,PA,2026,MEDSUPP,true,true,2026-01-01,
64493418,Northwind Health,PA,2026,PDP,true,true,2026-01-01,
64493418,Northwind Health,WV,2023,PDP,true,true,2023-01-01,
64493418,Northwind Health,WV,2024,PDP,true,true,2024-01-01,
64493418,Northwind Health,WV,2025,MA,true,true,2025-01-01,
64493418,Northwind Health,WV,2025,PDP,true,true,2025-01-01,
64493418,Northwind Health,WV,2026,ACA,true,true,2026-01-01,
64493418,Northwind Health,WV,2026,MA,true,true,2026-01-01,
64493418,Northwind Health,WV,2026,PDP,true,true,2026-01-01,
64493418,Summit Health Plans,CO,2025,MA,true,true,2025-01-01,
64493418,Summit Health Plans,CO,2026,MA,true,true,2026-01-01,
64493418,Summit Health Plans,PA,2022,MA,true,true,2022-01-01,
64493418,Summit Health Plans,PA,2022,MEDSUPP,true,true,2022-01-01,
64493418,Summit Health Plans,PA,2022,PDP,true,true,2022-01-01,
64493418,Summit Health Plans,PA,2023,MA,true,true,2023-01-01,
64493418,Summit Health Plans,PA,2023,MEDSUPP,true,true,2023-01-01,
64493418,Summit Health Plans,PA,2023,PDP,true,true,2023-01-01,
64493418,Summit Health Plans,PA,2024,MA,true,true,2024-01-01,
64493418,Summit Health Plans,PA,2024,MEDSUPP,true,true,2024-01-01,
64493418,Summit Health Plans,PA,2024,PDP,true,true,2024-01-01,
64493418,Summit Health Plans,PA,2025,MA,true,true,2025-01-01,
64493418,Summit Health Plans,PA,2025,MEDSUPP,true,true,2025-01-01,
64493418,Summit Health Plans,PA,2025,PDP,true,true,2025-01-01,
64493418,Summit Health Plans,PA,2026,MA,true,true,2026-01-01,
64493418,Summit Health Plans,PA,2026,MEDSUPP,true,true,2026-01-01,
64493418,Summit Health Plans,PA,2026,PDP,true,true,2026-01-01,
64493418,Summit Health Plans,WV,2022,MA,true,true,2022-01-01,
64493418,Summit Health Plans,WV,2023,MA,true,true,2023-01-01,
64493418,Summit Health Plans,WV,2023,MEDSUPP,true,true,2023-01-01,
64493418,Summit Health Plans,WV,2023,PDP,true,true,2023-01-01,
64493418,Summit Health Plans,WV,2024,MA,true,true,2024-01-01,
64493418,Summit Health Plans,WV,2024,MEDSUPP,true,true,2024-01-01,
64493418,Summit Health Plans,WV,2024,PDP,true,true,2024-01-01,
64493418,Summit Health Plans,WV,2025,ACA,true,true,2025-01-01,
64493418,Summit Health Plans,WV,2025,MA,true,true,2025-01-01,
64493418,Summit Health Plans,WV,2025,MEDSUPP,true,true,2025-01-01,
64493418,Summit Health Plans,WV,2025,PDP,true,true,2025-01-01,
64493418,Summit Health Plans,WV,2026,ACA,true,true,2026-01-01,
64493418,Summit Health Plans,WV,2026,MA,true,true,2026-01-01,
64493418,Summit Health Plans,WV,2026,MEDSUPP,true,true,2026-01-01,
64493418,Summit Health Plans,WV,2026,PDP,true,true,2026-01-01,
67876966,Bluepeak,AL,2023,MA,true,true,2023-01-01,
67876966,Bluepeak,AL,2024,MA,true,true,2024-01-01,
67876966,Bluepeak,AL,2025,MA,true,true,2025-01-01,
67876966,Bluepeak,AL,2026,MA,true,true,2026-01-01,
67876966,Bluepeak,NC,2023,MA,true,true,2023-01-01,
67876966,Bluepeak,NC,2024,ACA,true,true,2024-01-01,
67876966,Bluepeak,NC,2024,MA,true,true,2024-01-01,
67876966,Bluepeak,NC,2025,ACA,true,true,2025-01-01,
67876966,Bluepeak,NC,2025,MA,true,true,2025-01-01,
67876966,Bluepeak,NC,2026,ACA,true,true,2026-01-01,
67876966,Bluepeak,NC,2026,MA,true,true,2026-01-01,
67876966,Bluepeak,NM,2023,MA,true,true,2023-01-01,
67876966,Bluepeak,NM,2024,ACA,true,true,2024-01-01,
67876966,Bluepeak,NM,2024,MA,true,true,2024-01-01,
67876966,Bluepeak,NM,2025,ACA,true,true,2025-01-01,
67876966,Bluepeak,NM,2025,MA,true,true,2025-01-01,
67876966,Bluepeak,NM,2026,ACA,true,true,2026-01-01,
67876966,Bluepeak,NM,2026,MA,true,true,2026-01-01,
67876966,Bluepeak,OK,2023,MA,true,true,2023-01-01,
67876966,Bluepeak,OK,2024,MA,true,true,2024-01-01,
67876966,Bluepeak,OK,2024,PDP,true,true,2024-01-01,
67876966,Bluepeak,OK,2025,MA,true,true,2025-01-01,
67876966,Bluepeak,OK,2025,PDP,true,true,2025-01-01,
67876966,Bluepeak,OK,2026,ACA,true,true,2026-01-01,
67876966,Bluepeak,OK,2026,MA,true,true,2026-01-01,
67876966,Bluepeak,OK,2026,PDP,true,true,2026-01-01,
67876966,Cardinal Mutual,AL,2023,MA,true,true,2023-01-01,
67876966,Cardinal Mutual,AL,2024,MA,true,true,2024-01-01,
67876966,Cardinal Mutual,AL,2025,MA,true,true,2025-01-01,
67876966,Cardinal Mutual,AL,2025,MEDSUPP,true,true,2025-01-01,
67876966,Cardinal Mutual,AL,2025,PDP,true,true,2025-01-01,
67876966,Cardinal Mutual,AL,2026,MA,true,true,2026-01-01,
67876966,Cardinal Mutual,AL,2026,MEDSUPP,true,true,2026-01-01,
67876966,Cardinal Mutual,AL,2026,PDP,true,true,2026-01-01,
67876966,Cardinal Mutual,NC,2024,ACA,true,true,2024-01-01,
67876966,Cardinal Mutual,NC,2024,MA,true,true,2024-01-01,
67876966,Cardinal Mutual,NC,2025,ACA,true,true,2025-01-01,
67876966,Cardinal Mutual,NC,2025,MA,true,true,2025-01-01,
67876966,Cardinal Mutual,NC,2026,ACA,true,true,2026-01-01,
67876966,Cardinal Mutual,NC,2026,MA,true,true,2026-01-01,
67876966,Cardinal Mutual,NM,2023,PDP,true,true,2023-01-01,
67876966,Cardinal Mutual,NM,2024,PDP,true,true,2024-01-01,
67876966,Cardinal Mutual,NM,2025,PDP,true,true,2025-01-01,
67876966,Cardinal Mutual,NM,2026,ACA,true,true,2026-01-01,
67876966,Cardinal Mutual,NM,2026,PDP,true,true,2026-01-01,
67876966,Harborline,AL,2025,MA,true,true,2025-01-01,
67876966,Harborline,AL,2025,PDP,true,true,2025-01-01,
67876966,Harborline,AL,2026,MA,true,true,2026-01-01,
67876966,Harborline,AL,2026,PDP,true,true,2026-01-01,
67876966,Harborline,NC,2025,MA,true,true,2025-01-01,
67876966,Harborline,NC,2026,ACA,true,true,2026-01-01,
67876966,Harborline,NC,2026,MA,true,true,2026-01-01,
67876966,Harborline,NM,2023,MA,true,true,2023-01-01,
67876966,Harborline,NM,2024,ACA,true,true,2024-01-01,
67876966,Harborline,NM,2024,MA,true,true,2024-01-01,
67876966,Harborline,NM,2025,ACA,true,true,2025-01-01,
67876966,Harborline,NM,2026,ACA,true,true,2026-01-01,
67876966,Harborline,OK,2022,MA,true,true,2022-01-01,
67876966,Harborline,OK,2023,MA,true,true,2023-01-01,
67876966,Harborline,OK,2024,ACA,true,true,2024-01-01,
67876966,Harborline,OK,2024,MA,true,true,2024-01-01,
67876966,Harborline,OK,2025,ACA,true,true,2025-01-01,
67876966,Harborline,OK,2025,MA,true,true,2025-01-01,
67876966,Harborline,OK,2026,ACA,true,true,2026-01-01,
67876966,Harborline,OK,2026,MA,true,true,2026-01-01,
67876966,Meridian Care,AL,2024,MA,true,true,2024-01-01,
67876966,Meridian Care,AL,2025,MA,true,true,2025-01-01,
67876966,Meridian Care,AL,2026,ACA,true,true,2026-01-01,
67876966,Meridian Care,AL,2026,MA,true,true,2026-01-01,
67876966,Meridian Care,AL,2026,PDP,true,true,2026-01-01,
67876966,Meridian Care,NC,2022,MEDSUPP,true,true,2022-01-01,
67876966,Meridian Care,NC,2022,PDP,true,true,2022-01-01,
67876966,Meridian Care,NC,2023,MEDSUPP,true,true,2023-01-01,
67876966,Meridian Care,NC,2023,PDP,true,true,2023-01-01,
67876966,Meridian Care,NC,2024,MA,true,true,2024-01-01,
67876966,Meridian Care,NC,2024,MEDSUPP,true,true,2024-01-01,
67876966,Meridian Care,NC,2024,PDP,true,true,2024-01-01,
67876966,Meridian Care,NC,2025,MA,true,true,2025-01-01,
67876966,Meridian Care,NC,2025,MEDSUPP,true,true,2025-01-01,
67876966,Meridian Care,NC,2025,PDP,true,true,2025-01-01,
67876966,Meridian Care,NC,2026,MA,true,true,2026-01-01,
67876966,Meridian Care,NC,2026,MEDSUPP,true,true,2026-01-01,
67876966,Meridian Care,NC,2026,PDP,true,true,2026-01-01,
67876966,Meridian Care,NM,2026,ACA,true,true,2026-01-01,
67876966,Meridian Care,OK,2022,MA,true,true,2022-01-01,
67876966,Meridian Care,OK,2023,MA,true,true,2023-01-01,
67876966,Meridian Care,OK,2024,MA,true,true,2024-01-01,
67876966,Meridian Care,OK,2025,ACA,true,true,2025-01-01,
67876966,Meridian Care,OK,2025,MA,true,true,2025-01-01,
67876966,Northwind Health,AL,2025,ACA,true,true,2025-01-01,
67876966,Northwind Health,AL,2026,MA,true,true,2026-01-01,
67876966,Northwind Health,NC,2022,MEDSUPP,true,true,2022-01-01,
67876966,Northwind Health,NC,2022,PDP,true,true,2022-01-01,
67876966,Northwind Health,NC,2023,MEDSUPP,true,true,2023-01-01,
67876966,Northwind Health,NC,2023,PDP,true,true,2023-01-01,
67876966,Northwind Health,NC,2024,MEDSUPP,true,true,2024-01-01,
67876966,Northwind Health,NC,2024,PDP,true,true,2024-01-01,
67876966,Northwind Health,NC,2025,ACA,true,true,2025-01-01,
67876966,Northwind Health,NC,2025,MEDSUPP,true,true,2025-01-01,
67876966,Northwind Health,NC,2025,PDP,true,true,2025-01-01,
67876966,Northwind Health,NC,2026,ACA,true,true,2026-01-01,
67876966,Northwind Health,NC,2026,MEDSUPP,true,true,2026-01-01,
67876966,Northwind Health,NC,2026,PDP,true,true,2026-01-01,
67876966,Northwind Health,NM,2026,MA,true,true,2026-01-01,
67876966,Northwind Health,OK,2024,ACA,true,true,2024-01-01,
67876966,Northwind Health,OK,2024,PDP,true,true,2024-01-01,
67876966,Northwind Health,OK,2025,ACA,true,true,2025-01-01,
67876966,Northwind Health,OK,2025,PDP,true,true,2025-01-01,
67876966,Northwind Health,OK,2026,ACA,true,true,2026-01-01,
67876966,Northwind Health,OK,2026,PDP,true,true,2026-01-01,
67876966,Summit Health Plans,AL,2023,MEDSUPP,true,true,2023-01-01,
67876966,Summit Health Plans,AL,2023,PDP,true,true,2023-01-01,
67876966,Summit Health Plans,AL,2024,MEDSUPP,true,true,2024-01-01,
67876966,Summit Health Plans,AL,2024,PDP,true,true,2024-01-01,
67876966,Summit Health Plans,AL,2025,MEDSUPP,true,true,2025-01-01,
67876966,Summit Health Plans,AL,2025,PDP,true,true,2025-01-01,
67876966,Summit Health Plans,AL,2026,MEDSUPP,true,true,2026-01-01,
67876966,Summit Health Plans,AL,2026,PDP,true,true,2026-01-01,
67876966,Summit Health Plans,NC,2022,MA,true,true,2022-01-01,
67876966,Summit Health Plans,NC,2022,MEDSUPP,true,true,2022-01-01,
67876966,Summit Health Plans,NC,2022,PDP,true,true,2022-01-01,
67876966,Summit Health Plans,NC,2023,MA,true,true,2023-01-01,
67876966,Summit Health Plans,NC,2023,MEDSUPP,true,true,2023-01-01,
67876966,Summit Health Plans,NC,2023,PDP,true,true,2023-01-01,
67876966,Summit Health Plans,NC,2024,MA,true,true,2024-01-01,
67876966,Summit Health Plans,NC,2024,MEDSUPP,true,true,2024-01-01,
67876966,Summit Health Plans,NC,2024,PDP,true,true,2024-01-01,
67876966,Summit Health Plans,NC,2025,MA,true,true,2025-01-01,
67876966,Summit Health Plans,NC,2025,MEDSUPP,true,true,2025-01-01,
67876966,Summit Health Plans,NC,2025,PDP,true,true,2025-01-01,
67876966,Summit Health Plans,NC,2026,MA,true,true,2026-01-01,
67876966,Summit Health Plans,NC,2026,MEDSUPP,true,true,2026-01-01,
67876966,Summit Health Plans,NC,2026,PDP,true,true,2026-01-01,
67876966,Summit Health Plans,NM,2022,MA,true,true,2022-01-01,
67876966,Summit Health Plans,NM,2023,MA,true,true,2023-01-01,
67876966,Summit Health Plans,NM,2024,MA,true,true,2024-01-01,
67876966,Summit Health Plans,NM,2025,MA,true,true,2025-01-01,
67876966,Summit Health Plans,NM,2026,MA,true,true,2026-01-01,
67876966,Summit Health Plans,OK,2026,MA,true,true,2026-01-01,
67876966,Summit Health Plans,OK,2026,PDP,true,true,2026-01-01,
69777236,Bluepeak,DE,2024,ACA,true,true,2024-01-01,
69777236,Bluepeak,DE,2024,MA,true,true,2024-01-01,
69777236,Bluepeak,DE,2024,MEDSUPP,true,true,2024-01-01,
69777236,Bluepeak,DE,2024,PDP,true,true,2024-01-01,
69777236,Bluepeak,DE,2025,ACA,true,true,2025-01-01,
69777236,Bluepeak,DE,2025,MA,true,true,2025-01-01,
69777236,Bluepeak,DE,2025,MEDSUPP,true,true,2025-01-01,
69777236,Bluepeak,DE,2025,PDP,true,true,2025-01-01,
69777236,Bluepeak,DE,2026,ACA,true,true,2026-01-01,
69777236,Bluepeak,DE,2026,MA,true,true,2026-01-01,
69777236,Bluepeak,DE,2026,MEDSUPP,true,true,2026-01-01,
69777236,Bluepeak,DE,2026,PDP,true,true,2026-01-01,
69777236,Bluepeak,MO,2023,MA,true,true,2023-01-01,
69777236,Bluepeak,MO,2024,MA,true,true,2024-01-01,
69777236,Bluepeak,MO,2025,ACA,true,true,2025-01-01,
69777236,Bluepeak,MO,2025,MA,true,true,2025-01-01,
69777236,Bluepeak,MO,2025,MEDSUPP,true,true,2025-01-01,
69777236,Bluepeak,MO,2025,PDP,true,true,2025-01-01,
69777236,Bluepeak,MO,2026,ACA,true,true,2026-01-01,
69777236,Bluepeak,MO,2026,MA,true,true,2026-01-01,
69777236,Bluepeak,MO,2026,MEDSUPP,true,true,2026-01-01,
69777236,Bluepeak,MO,2026,PDP,true,true,2026-01-01,
69777236,Bluepeak,WV,2024,MA,true,true,2024-01-01,
69777236,Bluepeak,WV,2024,MEDSUPP,true,true,2024-01-01,
69777236,Bluepeak,WV,2024,PDP,true,true,2024-01-01,
69777236,Bluepeak,WV,2025,MA,true,true,2025-01-01,
69777236,Bluepeak,WV,2025,MEDSUPP,true,true,2025-01-01,
69777236,Bluepeak,WV,2025,PDP,true,true,2025-01-01,
69777236,Bluepeak,WV,2026,MA,true,true,2026-01-01,
69777236,Bluepeak,WV,2026,MEDSUPP,true,true,2026-01-01,
69777236,Bluepeak,WV,2026,PDP,true,true,2026-01-01,
69777236,Cardinal Mutual,DE,2022,MA,true,true,2022-01-01,
69777236,Cardinal Mutual,DE,2023,MA,true,true,2023-01-01,
69777236,Cardinal Mutual,DE,2024,MA,true,true,2024-01-01,
69777236,Cardinal Mutual,DE,2025,MA,true,true,2025-01-01,
69777236,Cardinal Mutual,DE,2026,MA,true,true,2026-01-01,
69777236,Cardinal Mutual,MO,2022,MA,true,true,2022-01-01,
69777236,Cardinal Mutual,MO,2023,MA,true,true,2023-01-01,
69777236,Cardinal Mutual,MO,2024,MA,true,true,2024-01-01,
69777236,Cardinal Mutual,MO,2024,PDP,true,true,2024-01-01,
69777236,Cardinal Mutual,MO,2025,MA,true,true,2025-01-01,
69777236,Cardinal Mutual,MO,2025,PDP,true,true,2025-01-01,
69777236,Cardinal Mutual,MO,2026,MA,true,true,2026-01-01,
69777236,Cardinal Mutual,MO,2026,PDP,true,true,2026-01-01,
69777236,Cardinal Mutual,WV,2022,MA,true,true,2022-01-01,
69777236,Cardinal Mutual,WV,2023,MA,true,true,2023-01-01,
69777236,Cardinal Mutual,WV,2024,MA,true,true,2024-01-01,
69777236,Cardinal Mutual,WV,2024,PDP,true,true,2024-01-01,
69777236,Cardinal Mutual,WV,2025,MA,true,true,2025-01-01,
69777236,Cardinal Mutual,WV,2025,PDP,true,true,2025-01-01,
69777236,Cardinal Mutual,WV,2026,MA,true,true,2026-01-01,
69777236,Cardinal Mutual,WV,2026,PDP,true,true,2026-01-01,
69777236,Harborline,DE,2022,MA,true,true,2022-01-01,
69777236,Harborline,DE,2023,MA,true,true,2023-01-01,
69777236,Harborline,DE,2024,ACA,true,true,2024-01-01,
69777236,Harborline,DE,2024,MA,true,true,2024-01-01,
69777236,Harborline,DE,2024,MEDSUPP,true,true,2024-01-01,
69777236,Harborline,DE,2024,PDP,true,true,2024-01-01,
69777236,Harborline,DE,2025,ACA,true,true,2025-01-01,
69777236,Harborline,DE,2025,MA,true,true,2025-01-01,
69777236,Harborline,DE,2025,MEDSUPP,true,true,2025-01-01,
69777236,Harborline,DE,2025,PDP,true,true,2025-01-01,
69777236,Harborline,DE,2026,ACA,true,true,2026-01-01,
69777236,Harborline,DE,2026,MA,true,true,2026-01-01,
69777236,Harborline,DE,2026,MEDSUPP,true,true,2026-01-01,
69777236,Harborline,DE,2026,PDP,true,true,2026-01-01,
69777236,Harborline,MO,2024,ACA,true,true,2024-01-01,
69777236,Harborline,MO,2025,ACA,true,true,2025-01-01,
69777236,Harborline,MO,2026,ACA,true,true,2026-01-01,
69777236,Harborline,MO,2026,MA,true,true,2026-01-01,
69777236,Meridian Care,DE,2022,MA,true,true,2022-01-01,
69777236,Meridian Care,DE,2023,MA,true,true,2023-01-01,
69777236,Meridian Care,DE,2024,MA,true,true,2024-01-01,
69777236,Meridian Care,DE,2025,MA,true,true,2025-01-01,
69777236,Meridian Care,DE,2025,MEDSUPP,true,true,2025-01-01,
69777236,Meridian Care,DE,2025,PDP,true,true,2025-01-01,
69777236,Meridian Care,DE,2026,MA,true,true,2026-01-01,
69777236,Meridian Care,DE,2026,MEDSUPP,true,true,2026-01-01,
69777236,Meridian Care,DE,2026,PDP,true,true,2026-01-01,
69777236,Meridian Care,MO,2023,MA,true,true,2023-01-01,
69777236,Meridian Care,MO,2024,MA,true,true,2024-01-01,
69777236,Meridian Care,MO,2025,ACA,true,true,2025-01-01,
69777236,Meridian Care,MO,2025,MA,true,true,2025-01-01,
69777236,Meridian Care,MO,2026,ACA,true,true,2026-01-01,
69777236,Meridian Care,MO,2026,MA,true,true,2026-01-01,
69777236,Meridian Care,WV,2024,MEDSUPP,true,true,2024-01-01,
69777236,Meridian Care,WV,2024,PDP,true,true,2024-01-01,
69777236,Meridian Care,WV,2025,MEDSUPP,true,true,2025-01-01,
69777236,Meridian Care,WV,2025,PDP,true,true,2025-01-01,
69777236,Meridian Care,WV,2026,MA,true,true,2026-01-01,
69777236,Meridian Care,WV,2026,MEDSUPP,true,true,2026-01-01,
69777236,Meridian Care,WV,2026,PDP,true,true,2026-01-01,
69777236,Northwind Health,DE,2024,MA,true,true,2024-01-01,
69777236,Northwind Health,DE,2025,MA,true,true,2025-01-01,
69777236,Northwind Health,DE,2026,ACA,true,true,2026-01-01,
69777236,Northwind Health,DE,2026,MA,true,true,2026-01-01,
69777236,Northwind Health,MO,2022,MA,true,true,2022-01-01,
69777236,Northwind Health,MO,2023,MA,true,true,2023-01-01,
69777236,Northwind Health,MO,2024,MA,true,true,2024-01-01,
69777236,Northwind Health,MO,2025,MA,true,true,2025-01-01,
69777236,Northwind Health,MO,2026,ACA,true,true,2026-01-01,
69777236,Northwind Health,MO,2026,MA,true,true,2026-01-01,
69777236,Northwind Health,MO,2026,MEDSUPP,true,true,2026-01-01,
69777236,Northwind Health,MO,2026,PDP,true,true,2026-01-01,
69777236,Northwind Health,WV,2023,MA,true,true,2023-01-01,
69777236,Northwind Health,WV,2024,MA,true,true,2024-01-01,
69777236,Northwind Health,WV,2025,MA,true,true,2025-01-01,
69777236,Northwind Health,WV,2026,MA,true,true,2026-01-01,
69777236,Summit Health Plans,DE,2022,MA,true,true,2022-01-01,
69777236,Summit Health Plans,DE,2023,MA,true,true,2023-01-01,
69777236,Summit Health Plans,DE,2024,MA,true,true,2024-01-01,
69777236,Summit Health Plans,DE,2025,ACA,true,true,2025-01-01,
69777236,Summit Health Plans,DE,2025,MA,true,true,2025-01-01,
69777236,Summit Health Plans,DE,2026,ACA,true,true,2026-01-01,
69777236,Summit Health Plans,DE,2026,MA,true,true,2026-01-01,
69777236,Summit Health Plans,MO,2024,MA,true,true,2024-01-01,
69777236,Summit Health Plans,MO,2025,MA,true,true,2025-01-01,
69777236,Summit Health Plans,MO,2026,MA,true,true,2026-01-01,
69777236,Summit Health Plans,WV,2024,MEDSUPP,true,true,2024-01-01,
69777236,Summit Health Plans,WV,2024,PDP,true,true,2024-01-01,
69777236,Summit Health Plans,WV,2025,MEDSUPP,true,true,2025-01-01,
69777236,Summit Health Plans,WV,2025,PDP,true,true,2025-01-01,
69777236,Summit Health Plans,WV,2026,MEDSUPP,true,true,2026-01-01,
69777236,Summit Health Plans,WV,2026,PDP,true,true,2026-01-01,
75084135,Bluepeak,DC,2022,MA,true,true,2022-01-01,
75084135,Bluepeak,DC,2023,MA,true,true,2023-01-01,
75084135,Bluepeak,DC,2024,ACA,true,true,2024-01-01,
75084135,Bluepeak,DC,2024,MA,true,true,2024-01-01,
75084135,Bluepeak,DC,2025,ACA,true,true,2025-01-01,
75084135,Bluepeak,DC,2025,MA,true,true,2025-01-01,
75084135,Bluepeak,DC,2026,ACA,true,true,2026-01-01,
75084135,Bluepeak,DC,2026,MA,true,true,2026-01-01,
75084135,Bluepeak,MA,2025,MA,true,true,2025-01-01,
75084135,Bluepeak,MA,2026,MA,true,true,2026-01-01,
75084135,Bluepeak,NJ,2023,MA,true,true,2023-01-01,
75084135,Bluepeak,NJ,2024,MA,true,true,2024-01-01,
75084135,Bluepeak,NJ,2025,MA,true,true,2025-01-01,
75084135,Cardinal Mutual,DC,2022,MA,true,true,2022-01-01,
75084135,Cardinal Mutual,DC,2023,MA,true,true,2023-01-01,
75084135,Cardinal Mutual,DC,2024,ACA,true,true,2024-01-01,
75084135,Cardinal Mutual,DC,2024,MA,true,true,2024-01-01,
75084135,Cardinal Mutual,DC,2025,ACA,true,true,2025-01-01,
75084135,Cardinal Mutual,DC,2025,MA,true,true,2025-01-01,
75084135,Cardinal Mutual,DC,2026,ACA,true,true,2026-01-01,
75084135,Cardinal Mutual,DC,2026,MA,true,true,2026-01-01,
75084135,Cardinal Mutual,MA,2022,MA,true,true,2022-01-01,
75084135,Cardinal Mutual,MA,2023,MA,true,true,2023-01-01,
75084135,Cardinal Mutual,MA,2024,MA,true,true,2024-01-01,
75084135,Cardinal Mutual,MA,2025,ACA,true,true,2025-01-01,
75084135,Cardinal Mutual,MA,2025,MA,true,true,2025-01-01,
75084135,Cardinal Mutual,MA,2026,MA,true,true,2026-01-01,
75084135,Cardinal Mutual,NJ,2024,ACA,true,true,2024-01-01,
75084135,Cardinal Mutual,NJ,2024,MA,true,true,2024-01-01,
75084135,Cardinal Mutual,NJ,2025,ACA,true,true,2025-01-01,
75084135,Cardinal Mutual,NJ,2025,MA,true,true,2025-01-01,
75084135,Cardinal Mutual,NJ,2026,ACA,true,true,2026-01-01,
75084135,Cardinal Mutual,NJ,2026,MA,true,true,2026-01-01,
75084135,Cardinal Mutual,WV,2023,MA,true,true,2023-01-01,
75084135,Cardinal Mutual,WV,2024,MA,true,true,2024-01-01,
75084135,Cardinal Mutual,WV,2025,MA,true,true,2025-01-01,
75084135,Cardinal Mutual,WV,2026,MA,true,true,2026-01-01,
75084135,Harborline,DC,2025,MA,true,true,2025-01-01,
75084135,Harborline,DC,2026,MA,true,true,2026-01-01,
75084135,Harborline,MA,2026,MA,true,true,2026-01-01,
75084135,Harborline,NJ,2025,ACA,true,true,2025-01-01,
75084135,Harborline,NJ,2026,ACA,true,true,2026-01-01,
75084135,Harborline,WV,2023,MA,true,true,2023-01-01,
75084135,Harborline,WV,2024,MA,true,true,2024-01-01,
75084135,Harborline,WV,2025,ACA,true,true,2025-01-01,
75084135,Harborline,WV,2025,MA,true,true,2025-01-01,
75084135,Harborline,WV,2026,MA,true,true,2026-01-01,
75084135,Meridian Care,DC,2022,MA,true,true,2022-01-01,
75084135,Meridian Care,DC,2023,MA,true,true,2023-01-01,
75084135,Meridian Care,DC,2024,ACA,true,true,2024-01-01,
75084135,Meridian Care,DC,2024,MA,true,true,2024-01-01,
75084135,Meridian Care,DC,2025,ACA,true,true,2025-01-01,
75084135,Meridian Care,DC,2025,MA,true,true,2025-01-01,
75084135,Meridian Care,DC,2026,ACA,true,true,2026-01-01,
75084135,Meridian Care,DC,2026,MA,true,true,2026-01-01,
75084135,Meridian Care,MA,2023,MA,true,true,2023-01-01,
75084135,Meridian Care,MA,2024,MA,true,true,2024-01-01,
75084135,Meridian Care,MA,2025,MA,true,true,2025-01-01,
75084135,Meridian Care,MA,2026,ACA,true,true,2026-01-01,
75084135,Meridian Care,MA,2026,MA,true,true,2026-01-01,
75084135,Meridian Care,NJ,2024,MA,true,true,2024-01-01,
75084135,Meridian Care,NJ,2025,MA,true,true,2025-01-01,
75084135,Meridian Care,NJ,2026,MA,true,true,2026-01-01,
75084135,Meridian Care,WV,2023,MEDSUPP,true,true,2023-01-01,
75084135,Meridian Care,WV,2023,PDP,true,true,2023-01-01,
75084135,Meridian Care,WV,2024,MEDSUPP,true,true,2024-01-01,
75084135,Meridian Care,WV,2024,PDP,true,true,2024-01-01,
75084135,Meridian Care,WV,2025,MA,true,true,2025-01-01,
75084135,Meridian Care,WV,2025,MEDSUPP,true,true,2025-01-01,
75084135,Meridian Care,WV,2025,PDP,true,true,2025-01-01,
75084135,Meridian Care,WV,2026,ACA,true,true,2026-01-01,
75084135,Meridian Care,WV,2026,MA,true,true,2026-01-01,
75084135,Meridian Care,WV,2026,MEDSUPP,true,true,2026-01-01,
75084135,Meridian Care,WV,2026,PDP,true,true,2026-01-01,
75084135,Northwind Health,DC,2022,MA,true,true,2022-01-01,
75084135,Northwind Health,DC,2023,MA,true,true,2023-01-01,
75084135,Northwind Health,DC,2024,MA,true,true,2024-01-01,
75084135,Northwind Health,DC,2025,MA,true,true,2025-01-01,
75084135,Northwind Health,DC,2026,MA,true,true,2026-01-01,
75084135,Northwind Health,MA,2025,MA,true,true,2025-01-01,
75084135,Northwind Health,MA,2026,MA,true,true,2026-01-01,
75084135,Northwind Health,NJ,2022,MA,true,true,2022-01-01,
75084135,Northwind Health,NJ,2023,MA,true,true,2023-01-01,
75084135,Northwind Health,NJ,2024,ACA,true,true,2024-01-01,
75084135,Northwind Health,NJ,2024,MA,true,true,2024-01-01,
75084135,Northwind Health,NJ,2025,ACA,true,true,2025-01-01,
75084135,Northwind Health,NJ,2025,MA,true,true,2025-01-01,
75084135,Northwind Health,NJ,2026,ACA,true,true,2026-01-01,
75084135,Northwind Health,NJ,2026,MA,true,true,2026-01-01,
75084135,Northwind Health,WV,2022,MEDSUPP,true,true,2022-01-01,
75084135,Northwind Health,WV,2022,PDP,true,true,2022-01-01,
75084135,Northwind Health,WV,2023,MEDSUPP,true,true,2023-01-01,
75084135,Northwind Health,WV,2023,PDP,true,true,2023-01-01,
75084135,Northwind Health,WV,2024,MEDSUPP,true,true,2024-01-01,
75084135,Northwind Health,WV,2024,PDP,true,true,2024-01-01,
75084135,Northwind Health,WV,2025,MEDSUPP,true,true,2025-01-01,
75084135,Northwind Health,WV,2025,PDP,true,true,2025-01-01,
75084135,Northwind Health,WV,2026,MEDSUPP,true,true,2026-01-01,
75084135,Northwind Health,WV,2026,PDP,true,true,2026-01-01,
75084135,Summit Health Plans,DC,2024,MEDSUPP,true,true,2024-01-01,
75084135,Summit Health Plans,DC,2024,PDP,true,true,2024-01-01,
75084135,Summit Health Plans,DC,2025,MEDSUPP,true,true,2025-01-01,
75084135,Summit Health Plans,DC,2025,PDP,true,true,2025-01-01,
75084135,Summit Health Plans,DC,2026,MEDSUPP,true,true,2026-01-01,
75084135,Summit Health Plans,DC,2026,PDP,true,true,2026-01-01,
75084135,Summit Health Plans,MA,2023,MA,true,true,2023-01-01,
75084135,Summit Health Plans,MA,2024,MA,true,true,2024-01-01,
75084135,Summit Health Plans,MA,2025,MA,true,true,2025-01-01,
75084135,Summit Health Plans,MA,2026,MA,true,true,2026-01-01,
75084135,Summit Health Plans,NJ,2024,MA,true,true,2024-01-01,
75084135,Summit Health Plans,NJ,2025,MA,true,true,2025-01-01,
81157097,Bluepeak,HI,2024,MA,true,true,2024-01-01,
81157097,Bluepeak,HI,2025,MA,true,true,2025-01-01,
81157097,Bluepeak,HI,2026,ACA,true,true,2026-01-01,
81157097,Bluepeak,HI,2026,MA,true,true,2026-01-01,
81157097,Bluepeak,MO,2024,MA,true,true,2024-01-01,
81157097,Bluepeak,MO,2025,MA,true,true,2025-01-01,
81157097,Bluepeak,MO,2026,ACA,true,true,2026-01-01,
81157097,Bluepeak,MO,2026,MA,true,true,2026-01-01,
81157097,Bluepeak,OK,2022,MA,true,true,2022-01-01,
81157097,Bluepeak,OK,2023,MA,true,true,2023-01-01,
81157097,Bluepeak,OK,2024,MA,true,true,2024-01-01,
81157097,Bluepeak,OK,2025,MA,true,true,2025-01-01,
81157097,Bluepeak,OK,2026,MA,true,true,2026-01-01,
81157097,Cardinal Mutual,KY,2022,MA,true,true,2022-01-01,
81157097,Cardinal Mutual,KY,2023,MA,true,true,2023-01-01,
81157097,Cardinal Mutual,KY,2023,PDP,true,true,2023-01-01,
81157097,Cardinal Mutual,KY,2024,MA,true,true,2024-01-01,
81157097,Cardinal Mutual,KY,2024,PDP,true,true,2024-01-01,
81157097,Cardinal Mutual,KY,2025,MA,true,true,2025-01-01,
81157097,Cardinal Mutual,KY,2025,PDP,true,true,2025-01-01,
81157097,Cardinal Mutual,KY,2026,MA,true,true,2026-01-01,
81157097,Cardinal Mutual,KY,2026,PDP,true,true,2026-01-01,
81157097,Cardinal Mutual,KY,2027,ACA,true,true,2027-01-01,
81157097,Cardinal Mutual,MO,2022,MA,true,true,2022-01-01,
81157097,Cardinal Mutual,MO,2023,MA,true,true,2023-01-01,
81157097,Cardinal Mutual,MO,2024,MA,true,true,2024-01-01,
81157097,Cardinal Mutual,MO,2025,MA,true,true,2025-01-01,
81157097,Cardinal Mutual,MO,2026,MA,true,true,2026-01-01,
81157097,Cardinal Mutual,OK,2024,MEDSUPP,true,true,2024-01-01,
81157097,Cardinal Mutual,OK,2024,PDP,true,true,2024-01-01,
81157097,Cardinal Mutual,OK,2025,ACA,true,true,2025-01-01,
81157097,Cardinal Mutual,OK,2025,MA,true,true,2025-01-01,
81157097,Cardinal Mutual,OK,2025,MEDSUPP,true,true,2025-01-01,
81157097,Cardinal Mutual,OK,2025,PDP,true,true,2025-01-01,
81157097,Cardinal Mutual,OK,2026,ACA,true,true,2026-01-01,
81157097,Cardinal Mutual,OK,2026,MA,true,true,2026-01-01,
81157097,Cardinal Mutual,OK,2026,MEDSUPP,true,true,2026-01-01,
81157097,Cardinal Mutual,OK,2026,PDP,true,true,2026-01-01,
81157097,Harborline,HI,2025,ACA,true,true,2025-01-01,
81157097,Harborline,KY,2024,MA,true,true,2024-01-01,
81157097,Harborline,KY,2025,ACA,true,true,2025-01-01,
81157097,Harborline,KY,2025,MA,true,true,2025-01-01,
81157097,Harborline,KY,2026,ACA,true,true,2026-01-01,
81157097,Harborline,KY,2026,MA,true,true,2026-01-01,
81157097,Harborline,MO,2024,MA,true,true,2024-01-01,
81157097,Harborline,MO,2025,ACA,true,true,2025-01-01,
81157097,Harborline,MO,2025,MA,true,true,2025-01-01,
81157097,Harborline,MO,2026,MA,true,true,2026-01-01,
81157097,Harborline,OK,2024,MA,true,true,2024-01-01,
81157097,Harborline,OK,2024,MEDSUPP,true,true,2024-01-01,
81157097,Harborline,OK,2024,PDP,true,true,2024-01-01,
81157097,Harborline,OK,2025,MA,true,true,2025-01-01,
81157097,Harborline,OK,2025,MEDSUPP,true,true,2025-01-01,
81157097,Harborline,OK,2025,PDP,true,true,2025-01-01,
81157097,Harborline,OK,2026,MA,true,true,2026-01-01,
81157097,Harborline,OK,2026,MEDSUPP,true,true,2026-01-01,
81157097,Harborline,OK,2026,PDP,true,true,2026-01-01,
81157097,Meridian Care,KY,2022,MEDSUPP,true,true,2022-01-01,
81157097,Meridian Care,KY,2022,PDP,true,true,2022-01-01,
81157097,Meridian Care,KY,2023,MA,true,true,2023-01-01,
81157097,Meridian Care,KY,2023,MEDSUPP,true,true,2023-01-01,
81157097,Meridian Care,KY,2023,PDP,true,true,2023-01-01,
81157097,Meridian Care,KY,2024,MA,true,true,2024-01-01,
81157097,Meridian Care,KY,2024,MEDSUPP,true,true,2024-01-01,
81157097,Meridian Care,KY,2024,PDP,true,true,2024-01-01,
81157097,Meridian Care,KY,2025,MA,true,true,2025-01-01,
81157097,Meridian Care,KY,2025,MEDSUPP,true,true,2025-01-01,
81157097,Meridian Care,KY,2025,PDP,true,true,2025-01-01,
81157097,Meridian Care,KY,2026,MA,true,true,2026-01-01,
81157097,Meridian Care,KY,2026,MEDSUPP,true,true,2026-01-01,
81157097,Meridian Care,KY,2026,PDP,true,true,2026-01-01,
81157097,Meridian Care,MO,2022,MA,true,true,2022-01-01,
81157097,Meridian Care,MO,2023,MA,true,true,2023-01-01,
81157097,Meridian Care,MO,2024,ACA,true,true,2024-01-01,
81157097,Meridian Care,MO,2024,MA,true,true,2024-01-01,
81157097,Meridian Care,MO,2025,ACA,true,true,2025-01-01,
81157097,Meridian Care,MO,2025,MA,true,true,2025-01-01,
81157097,Meridian Care,MO,2026,ACA,true,true,2026-01-01,
81157097,Meridian Care,MO,2026,MA,true,true,2026-01-01,
81157097,Meridian Care,OK,2023,MA,true,true,2023-01-01,
81157097,Meridian Care,OK,2024,MA,true,true,2024-01-01,
81157097,Meridian Care,OK,2025,MA,true,true,2025-01-01,
81157097,Meridian Care,OK,2026,MA,true,true,2026-01-01,
81157097,Northwind Health,HI,2025,MA,true,true,2025-01-01,
81157097,Northwind Health,HI,2026,MA,true,true,2026-01-01,
81157097,Northwind Health,KY,2022,MA,true,true,2022-01-01,
81157097,Northwind Health,KY,2023,MA,true,true,2023-01-01,
81157097,Northwind Health,KY,2024,MA,true,true,2024-01-01,
81157097,Northwind Health,KY,2025,ACA,true,true,2025-01-01,
81157097,Northwind Health,KY,2025,MA,true,true,2025-01-01,
81157097,Northwind Health,KY,2026,ACA,true,true,2026-01-01,
81157097,Northwind Health,KY,2026,MA,true,true,2026-01-01,
81157097,Northwind Health,KY,2026,MEDSUPP,true,true,2026-01-01,
81157097,Northwind Health,KY,2026,PDP,true,true,2026-01-01,
81157097,Northwind Health,MO,2023,MA,true,true,2023-01-01,
81157097,Northwind Health,MO,2023,PDP,true,true,2023-01-01,
81157097,Northwind Health,MO,2024,MA,true,true,2024-01-01,
81157097,Northwind Health,MO,2024,PDP,true,true,2024-01-01,
81157097,Northwind Health,MO,2025,MA,true,true,2025-01-01,
81157097,Northwind Health,MO,2025,PDP,true,true,2025-01-01,
81157097,Northwind Health,MO,2026,MA,true,true,2026-01-01,
81157097,Northwind Health,MO,2026,PDP,true,true,2026-01-01,
81157097,Northwind Health,OK,2023,MEDSUPP,true,true,2023-01-01,
81157097,Northwind Health,OK,2023,PDP,true,true,2023-01-01,
81157097,Northwind Health,OK,2024,MA,true,true,2024-01-01,
81157097,Northwind Health,OK,2024,MEDSUPP,true,true,2024-01-01,
81157097,Northwind Health,OK,2024,PDP,true,true,2024-01-01,
81157097,Northwind Health,OK,2025,MA,true,true,2025-01-01,
81157097,Northwind Health,OK,2025,MEDSUPP,true,true,2025-01-01,
81157097,Northwind Health,OK,2025,PDP,true,true,2025-01-01,
81157097,Northwind Health,OK,2026,MA,true,true,2026-01-01,
81157097,Northwind Health,OK,2026,MEDSUPP,true,true,2026-01-01,
81157097,Northwind Health,OK,2026,PDP,true,true,2026-01-01,
81157097,Summit Health Plans,HI,2025,MEDSUPP,true,true,2025-01-01,
81157097,Summit Health Plans,HI,2025,PDP,true,true,2025-01-01,
81157097,Summit Health Plans,HI,2026,ACA,true,true,2026-01-01,
81157097,Summit Health Plans,HI,2026,MEDSUPP,true,true,2026-01-01,
81157097,Summit Health Plans,HI,2026,PDP,true,true,2026-01-01,
81157097,Summit Health Plans,KY,2022,MA,true,true,2022-01-01,
81157097,Summit Health Plans,KY,2023,MA,true,true,2023-01-01,
81157097,Summit Health Plans,KY,2023,PDP,true,true,2023-01-01,
81157097,Summit Health Plans,KY,2024,MA,true,true,2024-01-01,
81157097,Summit Health Plans,KY,2024,PDP,true,true,2024-01-01,
81157097,Summit Health Plans,KY,2025,MA,true,true,2025-01-01,
81157097,Summit Health Plans,KY,2025,PDP,true,true,2025-01-01,
81157097,Summit Health Plans,KY,2026,MA,true,true,2026-01-01,
81157097,Summit Health Plans,KY,2026,PDP,true,true,2026-01-01,
81157097,Summit Health Plans,MO,2023,MA,true,true,2023-01-01,
81157097,Summit Health Plans,MO,2024,MA,true,true,2024-01-01,
81157097,Summit Health Plans,MO,2025,MA,true,true,2025-01-01,
81157097,Summit Health Plans,MO,2026,ACA,true,true,2026-01-01,
81157097,Summit Health Plans,MO,2026,MA,true,true,2026-01-01,
81157097,Summit Health Plans,OK,2024,MA,true,true,2024-01-01,
81157097,Summit Health Plans,OK,2025,ACA,true,true,2025-01-01,
81157097,Summit Health Plans,OK,2025,MA,true,true,2025-01-01,
81157097,Summit Health Plans,OK,2026,MA,true,true,2026-01-01,
84583776,Bluepeak,SD,2022,MA,true,true,2022-01-01,
84583776,Bluepeak,SD,2023,MA,true,true,2023-01-01,
84583776,Bluepeak,SD,2024,MA,true,true,2024-01-01,
84583776,Bluepeak,SD,2025,MA,true,true,2025-01-01,
84583776,Bluepeak,SD,2025,MEDSUPP,true,true,2025-01-01,
84583776,Bluepeak,SD,2025,PDP,true,true,2025-01-01,
84583776,Bluepeak,SD,2026,MA,true,true,2026-01-01,
84583776,Bluepeak,SD,2026,MEDSUPP,true,true,2026-01-01,
84583776,Bluepeak,SD,2026,PDP,true,true,2026-01-01,
84583776,Bluepeak,VT,2023,MEDSUPP,true,true,2023-01-01,
84583776,Bluepeak,VT,2023,PDP,true,true,2023-01-01,
84583776,Bluepeak,VT,2024,MA,true,true,2024-01-01,
84583776,Bluepeak,VT,2024,MEDSUPP,true,true,2024-01-01,
84583776,Bluepeak,VT,2024,PDP,true,true,2024-01-01,
84583776,Bluepeak,VT,2025,MA,true,true,2025-01-01,
84583776,Bluepeak,VT,2025,MEDSUPP,true,true,2025-01-01,
84583776,Bluepeak,VT,2025,PDP,true,true,2025-01-01,
84583776,Bluepeak,VT,2026,MA,true,true,2026-01-01,
84583776,Bluepeak,VT,2026,MEDSUPP,true,true,2026-01-01,
84583776,Bluepeak,VT,2026,PDP,true,true,2026-01-01,
84583776,Bluepeak,WY,2023,MA,true,true,2023-01-01,
84583776,Bluepeak,WY,2024,MA,true,true,2024-01-01,
84583776,Bluepeak,WY,2025,ACA,true,true,2025-01-01,
84583776,Bluepeak,WY,2025,MA,true,true,2025-01-01,
84583776,Bluepeak,WY,2026,MA,true,true,2026-01-01,
84583776,Cardinal Mutual,SD,2022,MA,true,true,2022-01-01,
84583776,Cardinal Mutual,SD,2023,MA,true,true,2023-01-01,
84583776,Cardinal Mutual,SD,2024,MA,true,true,2024-01-01,
84583776,Cardinal Mutual,SD,2025,MA,true,true,2025-01-01,
84583776,Cardinal Mutual,SD,2026,MA,true,true,2026-01-01,
84583776,Cardinal Mutual,VT,2025,ACA,true,true,2025-01-01,
84583776,Cardinal Mutual,WY,2025,ACA,true,true,2025-01-01,
84583776,Cardinal Mutual,WY,2026,ACA,true,true,2026-01-01,
84583776,Cardinal Mutual,WY,2026,MA,true,true,2026-01-01,
84583776,Harborline,SD,2023,MA,true,true,2023-01-01,
84583776,Harborline,SD,2024,MA,true,true,2024-01-01,
84583776,Harborline,SD,2024,MEDSUPP,true,true,2024-01-01,
84583776,Harborline,SD,2024,PDP,true,true,2024-01-01,
84583776,Harborline,SD,2025,MA,true,true,2025-01-01,
84583776,Harborline,SD,2025,MEDSUPP,true,true,2025-01-01,
84583776,Harborline,SD,2025,PDP,true,true,2025-01-01,
84583776,Harborline,SD,2026,MA,true,true,2026-01-01,
84583776,Harborline,SD,2026,MEDSUPP,true,true,2026-01-01,
84583776,Harborline,SD,2026,PDP,true,true,2026-01-01,
84583776,Harborline,VT,2023,MA,true,true,2023-01-01,
84583776,Harborline,VT,2024,MA,true,true,2024-01-01,
84583776,Harborline,VT,2025,ACA,true,true,2025-01-01,
84583776,Harborline,VT,2026,ACA,true,true,2026-01-01,
84583776,Harborline,VT,2026,MA,true,true,2026-01-01,
84583776,Harborline,WY,2022,MEDSUPP,true,true,2022-01-01,
84583776,Harborline,WY,2022,PDP,true,true,2022-01-01,
84583776,Harborline,WY,2023,MEDSUPP,true,true,2023-01-01,
84583776,Harborline,WY,2023,PDP,true,true,2023-01-01,
84583776,Harborline,WY,2024,MA,true,true,2024-01-01,
84583776,Harborline,WY,2024,MEDSUPP,true,true,2024-01-01,
84583776,Harborline,WY,2024,PDP,true,true,2024-01-01,
84583776,Harborline,WY,2025,MA,true,true,2025-01-01,
84583776,Harborline,WY,2025,MEDSUPP,true,true,2025-01-01,
84583776,Harborline,WY,2025,PDP,true,true,2025-01-01,
84583776,Harborline,WY,2026,MA,true,true,2026-01-01,
84583776,Harborline,WY,2026,MEDSUPP,true,true,2026-01-01,
84583776,Harborline,WY,2026,PDP,true,true,2026-01-01,
84583776,Meridian Care,SD,2023,MA,true,true,2023-01-01,
84583776,Meridian Care,SD,2024,MA,true,true,2024-01-01,
84583776,Meridian Care,SD,2025,MA,true,true,2025-01-01,
84583776,Meridian Care,SD,2026,MA,true,true,2026-01-01,
84583776,Meridian Care,VT,2023,PDP,true,true,2023-01-01,
84583776,Meridian Care,VT,2024,PDP,true,true,2024-01-01,
84583776,Meridian Care,VT,2025,PDP,true,true,2025-01-01,
84583776,Meridian Care,VT,2026,PDP,true,true,2026-01-01,
84583776,Meridian Care,WY,2022,MA,true,true,2022-01-01,
84583776,Meridian Care,WY,2022,MEDSUPP,true,true,2022-01-01,
84583776,Meridian Care,WY,2022,PDP,true,true,2022-01-01,
84583776,Meridian Care,WY,2023,MA,true,true,2023-01-01,
84583776,Meridian Care,WY,2023,MEDSUPP,true,true,2023-01-01,
84583776,Meridian Care,WY,2023,PDP,true,true,2023-01-01,
84583776,Meridian Care,WY,2024,MA,true,true,2024-01-01,
84583776,Meridian Care,WY,2024,MEDSUPP,true,true,2024-01-01,
84583776,Meridian Care,WY,2024,PDP,true,true,2024-01-01,
84583776,Meridian Care,WY,2025,MA,true,true,2025-01-01,
84583776,Meridian Care,WY,2025,MEDSUPP,true,true,2025-01-01,
84583776,Meridian Care,WY,2025,PDP,true,true,2025-01-01,
84583776,Meridian Care,WY,2026,MA,true,true,2026-01-01,
84583776,Meridian Care,WY,2026,MEDSUPP,true,true,2026-01-01,
84583776,Meridian Care,WY,2026,PDP,true,true,2026-01-01,
84583776,Northwind Health,SD,2023,MA,true,true,2023-01-01,
84583776,Northwind Health,SD,2023,MEDSUPP,true,true,2023-01-01,
84583776,Northwind Health,SD,2023,PDP,true,true,2023-01-01,
84583776,Northwind Health,SD,2024,ACA,true,true,2024-01-01,
84583776,Northwind Health,SD,2024,MA,true,true,2024-01-01,
84583776,Northwind Health,SD,2024,MEDSUPP,true,true,2024-01-01,
84583776,Northwind Health,SD,2024,PDP,true,true,2024-01-01,
84583776,Northwind Health,SD,2025,ACA,true,true,2025-01-01,
84583776,Northwind Health,SD,2025,MA,true,true,2025-01-01,
84583776,Northwind Health,SD,2025,MEDSUPP,true,true,2025-01-01,
84583776,Northwind Health,SD,2025,PDP,true,true,2025-01-01,
84583776,Northwind Health,SD,2026,ACA,true,true,2026-01-01,
84583776,Northwind Health,SD,2026,MA,true,true,2026-01-01,
84583776,Northwind Health,SD,2026,MEDSUPP,true,true,2026-01-01,
84583776,Northwind Health,SD,2026,PDP,true,true,2026-01-01,
84583776,Northwind Health,VT,2024,MA,true,true,2024-01-01,
84583776,Northwind Health,VT,2025,MA,true,true,2025-01-01,
84583776,Northwind Health,VT,2026,MA,true,true,2026-01-01,
84583776,Northwind Health,WY,2022,MA,true,true,2022-01-01,
84583776,Northwind Health,WY,2023,MA,true,true,2023-01-01,
84583776,Northwind Health,WY,2024,MA,true,true,2024-01-01,
84583776,Northwind Health,WY,2025,MA,true,true,2025-01-01,
84583776,Northwind Health,WY,2026,ACA,true,true,2026-01-01,
84583776,Northwind Health,WY,2026,MA,true,true,2026-01-01,
84583776,Summit Health Plans,SD,2022,MA,true,true,2022-01-01,
84583776,Summit Health Plans,SD,2023,MA,true,true,2023-01-01,
84583776,Summit Health Plans,SD,2024,MA,true,true,2024-01-01,
84583776,Summit Health Plans,SD,2025,MA,true,true,2025-01-01,
84583776,Summit Health Plans,SD,2026,MA,true,true,2026-01-01,
84583776,Summit Health Plans,VT,2023,MEDSUPP,true,true,2023-01-01,
84583776,Summit Health Plans,VT,2023,PDP,true,true,2023-01-01,
84583776,Summit Health Plans,VT,2024,MEDSUPP,true,true,2024-01-01,
84583776,Summit Health Plans,VT,2024,PDP,true,true,2024-01-01,
84583776,Summit Health Plans,VT,2025,MA,true,true,2025-01-01,
84583776,Summit Health Plans,VT,2025,MEDSUPP,true,true,2025-01-01,
84583776,Summit Health Plans,VT,2025,PDP,true,true,2025-01-01,
84583776,Summit Health Plans,VT,2026,ACA,true,true,2026-01-01,
84583776,Summit Health Plans,VT,2026,MA,true,true,2026-01-01,
84583776,Summit Health Plans,VT,2026,MEDSUPP,true,true,2026-01-01,
84583776,Summit Health Plans,VT,2026,PDP,true,true,2026-01-01,
84583776,Summit Health Plans,WY,2023,MA,true,true,2023-01-01,
84583776,Summit Health Plans,WY,2024,MA,true,true,2024-01-01,
84583776,Summit Health Plans,WY,2025,MA,true,true,2025-01-01,
84583776,Summit Health Plans,WY,2026,ACA,true,true,2026-01-01,
84583776,Summit Health Plans,WY,2026,MA,true,true,2026-01-01,
90228424,Bluepeak,CT,2024,MA,true,true,2024-01-01,
90228424,Bluepeak,CT,2025,MA,true,true,2025-01-01,
90228424,Bluepeak,CT,2026,MA,true,true,2026-01-01,
90228424,Bluepeak,FL,2022,MA,true,true,2022-01-01,
90228424,Bluepeak,FL,2023,MA,true,true,2023-01-01,
90228424,Bluepeak,FL,2024,ACA,true,true,2024-01-01,
90228424,Bluepeak,FL,2024,MA,true,true,2024-01-01,
90228424,Bluepeak,FL,2025,ACA,true,true,2025-01-01,
90228424,Bluepeak,FL,2025,MA,true,true,2025-01-01,
90228424,Bluepeak,FL,2026,ACA,true,true,2026-01-01,
90228424,Bluepeak,FL,2026,MA,true,true,2026-01-01,
90228424,Bluepeak,MA,2023,MA,true,true,2023-01-01,
90228424,Bluepeak,MA,2024,MA,true,true,2024-01-01,
90228424,Bluepeak,MA,2025,ACA,true,true,2025-01-01,
90228424,Bluepeak,MA,2025,MA,true,true,2025-01-01,
90228424,Bluepeak,MA,2025,MEDSUPP,true,true,2025-01-01,
90228424,Bluepeak,MA,2025,PDP,true,true,2025-01-01,
90228424,Bluepeak,MA,2026,MA,true,true,2026-01-01,
90228424,Bluepeak,MA,2026,MEDSUPP,true,true,2026-01-01,
90228424,Bluepeak,MA,2026,PDP,true,true,2026-01-01,
90228424,Bluepeak,OK,2022,MA,true,true,2022-01-01,
90228424,Bluepeak,OK,2023,MA,true,true,2023-01-01,
90228424,Bluepeak,OK,2023,MEDSUPP,true,true,2023-01-01,
90228424,Bluepeak,OK,2023,PDP,true,true,2023-01-01,
90228424,Bluepeak,OK,2024,MA,true,true,2024-01-01,
90228424,Bluepeak,OK,2024,MEDSUPP,true,true,2024-01-01,
90228424,Bluepeak,OK,2024,PDP,true,true,2024-01-01,
90228424,Bluepeak,OK,2025,MA,true,true,2025-01-01,
90228424,Bluepeak,OK,2025,MEDSUPP,true,true,2025-01-01,
90228424,Bluepeak,OK,2025,PDP,true,true,2025-01-01,
90228424,Bluepeak,OK,2026,ACA,true,true,2026-01-01,
90228424,Bluepeak,OK,2026,MA,true,true,2026-01-01,
90228424,Bluepeak,OK,2026,MEDSUPP,true,true,2026-01-01,
90228424,Bluepeak,OK,2026,PDP,true,true,2026-01-01,
90228424,Cardinal Mutual,FL,2024,MA,true,true,2024-01-01,
90228424,Cardinal Mutual,FL,2025,MA,true,true,2025-01-01,
90228424,Cardinal Mutual,FL,2026,MA,true,true,2026-01-01,
90228424,Cardinal Mutual,MA,2025,ACA,true,true,2025-01-01,
90228424,Cardinal Mutual,MA,2025,MA,true,true,2025-01-01,
90228424,Cardinal Mutual,MA,2026,MA,true,true,2026-01-01,
90228424,Cardinal Mutual,OK,2022,PDP,true,true,2022-01-01,
90228424,Cardinal Mutual,OK,2023,MA,true,true,2023-01-01,
90228424,Cardinal Mutual,OK,2023,PDP,true,true,2023-01-01,
90228424,Cardinal Mutual,OK,2024,MA,true,true,2024-01-01,
90228424,Cardinal Mutual,OK,2024,PDP,true,true,2024-01-01,
90228424,Cardinal Mutual,OK,2025,MA,true,true,2025-01-01,
90228424,Cardinal Mutual,OK,2025,PDP,true,true,2025-01-01,
90228424,Cardinal Mutual,OK,2026,MA,true,true,2026-01-01,
90228424,Cardinal Mutual,OK,2026,PDP,true,true,2026-01-01,
90228424,Harborline,CT,2024,PDP,true,true,2024-01-01,
90228424,Harborline,CT,2025,PDP,true,true,2025-01-01,
90228424,Harborline,CT,2026,MA,true,true,2026-01-01,
90228424,Harborline,CT,2026,PDP,true,true,2026-01-01,
90228424,Harborline,FL,2025,MA,true,true,2025-01-01,
90228424,Harborline,FL,2026,MA,true,true,2026-01-01,
90228424,Harborline,MA,2024,ACA,true,true,2024-01-01,
90228424,Harborline,MA,2024,MA,true,true,2024-01-01,
90228424,Harborline,MA,2025,ACA,true,true,2025-01-01,
90228424,Harborline,MA,2025,MA,true,true,2025-01-01,
90228424,Harborline,MA,2026,ACA,true,true,2026-01-01,
90228424,Harborline,OK,2026,MA,true,true,2026-01-01,
90228424,Meridian Care,CT,2022,MA,true,true,2022-01-01,
90228424,Meridian Care,CT,2023,MA,true,true,2023-01-01,
90228424,Meridian Care,CT,2024,MA,true,true,2024-01-01,
90228424,Meridian Care,CT,2025,MA,true,true,2025-01-01,
90228424,Meridian Care,CT,2026,MA,true,true,2026-01-01,
90228424,Meridian Care,FL,2022,MA,true,true,2022-01-01,
90228424,Meridian Care,FL,2022,MEDSUPP,true,true,2022-01-01,
90228424,Meridian Care,FL,2022,PDP,true,true,2022-01-01,
90228424,Meridian Care,FL,2023,MA,true,true,2023-01-01,
90228424,Meridian Care,FL,2023,MEDSUPP,true,true,2023-01-01,
90228424,Meridian Care,FL,2023,PDP,true,true,2023-01-01,
90228424,Meridian Care,FL,2024,ACA,true,true,2024-01-01,
90228424,Meridian Care,FL,2024,MA,true,true,2024-01-01,
90228424,Meridian Care,FL,2024,MEDSUPP,true,true,2024-01-01,
90228424,Meridian Care,FL,2024,PDP,true,true,2024-01-01,
90228424,Meridian Care,FL,2025,ACA,true,true,2025-01-01,
90228424,Meridian Care,FL,2025,MA,true,true,2025-01-01,
90228424,Meridian Care,FL,2025,MEDSUPP,true,true,2025-01-01,
90228424,Meridian Care,FL,2025,PDP,true,true,2025-01-01,
90228424,Meridian Care,FL,2026,ACA,true,true,2026-01-01,
90228424,Meridian Care,FL,2026,MA,true,true,2026-01-01,
90228424,Meridian Care,FL,2026,MEDSUPP,true,true,2026-01-01,
90228424,Meridian Care,FL,2026,PDP,true,true,2026-01-01,
90228424,Meridian Care,MA,2023,MEDSUPP,true,true,2023-01-01,
90228424,Meridian Care,MA,2023,PDP,true,true,2023-01-01,
90228424,Meridian Care,MA,2024,MEDSUPP,true,true,2024-01-01,
90228424,Meridian Care,MA,2024,PDP,true,true,2024-01-01,
90228424,Meridian Care,MA,2025,MEDSUPP,true,true,2025-01-01,
90228424,Meridian Care,MA,2025,PDP,true,true,2025-01-01,
90228424,Meridian Care,MA,2026,MEDSUPP,true,true,2026-01-01,
90228424,Meridian Care,MA,2026,PDP,true,true,2026-01-01,
90228424,Meridian Care,OK,2022,MEDSUPP,true,true,2022-01-01,
90228424,Meridian Care,OK,2022,PDP,true,true,2022-01-01,
90228424,Meridian Care,OK,2023,MEDSUPP,true,true,2023-01-01,
90228424,Meridian Care,OK,2023,PDP,true,true,2023-01-01,
90228424,Meridian Care,OK,2024,MA,true,true,2024-01-01,
90228424,Meridian Care,OK,2024,MEDSUPP,true,true,2024-01-01,
90228424,Meridian Care,OK,2024,PDP,true,true,2024-01-01,
90228424,Meridian Care,OK,2025,MA,true,true,2025-01-01,
90228424,Meridian Care,OK,2025,MEDSUPP,true,true,2025-01-01,
90228424,Meridian Care,OK,2025,PDP,true,true,2025-01-01,
90228424,Meridian Care,OK,2026,MA,true,true,2026-01-01,
90228424,Meridian Care,OK,2026,MEDSUPP,true,true,2026-01-01,
90228424,Meridian Care,OK,2026,PDP,true,true,2026-01-01,
90228424,Northwind Health,FL,2025,ACA,true,true,2025-01-01,
90228424,Northwind Health,FL,2025,MA,true,true,2025-01-01,
90228424,Northwind Health,FL,2026,ACA,true,true,2026-01-01,
90228424,Northwind Health,FL,2026,MA,true,true,2026-01-01,
90228424,Northwind Health,FL,2026,PDP,true,true,2026-01-01,
90228424,Northwind Health,MA,2022,MA,true,true,2022-01-01,
90228424,Northwind Health,MA,2023,MA,true,true,2023-01-01,
90228424,Northwind Health,MA,2024,MA,true,true,2024-01-01,
90228424,Northwind Health,MA,2025,MA,true,true,2025-01-01,
90228424,Northwind Health,MA,2026,MA,true,true,2026-01-01,
90228424,Northwind Health,OK,2026,PDP,true,true,2026-01-01,
90228424,Summit Health Plans,CT,2024,ACA,true,true,2024-01-01,
90228424,Summit Health Plans,CT,2024,MEDSUPP,true,true,2024-01-01,
90228424,Summit Health Plans,CT,2024,PDP,true,true,2024-01-01,
90228424,Summit Health Plans,CT,2025,ACA,true,true,2025-01-01,
90228424,Summit Health Plans,CT,2025,MA,true,true,2025-01-01,
90228424,Summit Health Plans,CT,2025,MEDSUPP,true,true,2025-01-01,
90228424,Summit Health Plans,CT,2025,PDP,true,true,2025-01-01,
90228424,Summit Health Plans,CT,2026,ACA,true,true,2026-01-01,
90228424,Summit Health Plans,CT,2026,MA,true,true,2026-01-01,
90228424,Summit Health Plans,CT,2026,MEDSUPP,true,true,2026-01-01,
90228424,Summit Health Plans,CT,2026,PDP,true,true,2026-01-01,
90228424,Summit Health Plans,FL,2022,MA,true,true,2022-01-01,
90228424,Summit Health Plans,FL,2023,MA,true,true,2023-01-01,
90228424,Summit Health Plans,FL,2024,MA,true,true,2024-01-01,
90228424,Summit Health Plans,FL,2025,ACA,true,true,2025-01-01,
90228424,Summit Health Plans,FL,2025,MA,true,true,2025-01-01,
90228424,Summit Health Plans,FL,2025,PDP,true,true,2025-01-01,
90228424,Summit Health Plans,FL,2026,ACA,true,true,2026-01-01,
90228424,Summit Health Plans,FL,2026,MA,true,true,2026-01-01,
90228424,Summit Health Plans,FL,2026,PDP,true,true,2026-01-01,
90228424,Summit Health Plans,MA,2023,MA,true,true,2023-01-01,
90228424,Summit Health Plans,MA,2024,ACA,true,true,2024-01-01,
90228424,Summit Health Plans,MA,2024,MA,true,true,2024-01-01,
90228424,Summit Health Plans,MA,2025,ACA,true,true,2025-01-01,
90228424,Summit Health Plans,MA,2025,MA,true,true,2025-01-01,
90228424,Summit Health Plans,MA,2026,ACA,true,true,2026-01-01,
90228424,Summit Health Plans,MA,2026,MA,true,true,2026-01-01,
90228424,Summit Health Plans,OK,2022,MA,true,true,2022-01-01,
90228424,Summit Health Plans,OK,2023,MA,true,true,2023-01-01,
90228424,Summit Health Plans,OK,2024,MA,true,true,2024-01-01,
90228424,Summit Health Plans,OK,2025,MA,true,true,2025-01-01,
90228424,Summit Health Plans,OK,2026,MA,true,true,2026-01-01,
91146902,Bluepeak,NE,2026,MA,true,true,2026-01-01,
91146902,Bluepeak,PA,2023,MA,true,true,2023-01-01,
91146902,Bluepeak,PA,2024,MA,true,true,2024-01-01,
91146902,Bluepeak,PA,2025,MA,true,true,2025-01-01,
91146902,Bluepeak,PA,2025,MEDSUPP,true,true,2025-01-01,
91146902,Bluepeak,PA,2025,PDP,true,true,2025-01-01,
91146902,Bluepeak,PA,2026,MA,true,true,2026-01-01,
91146902,Bluepeak,PA,2026,MEDSUPP,true,true,2026-01-01,
91146902,Bluepeak,PA,2026,PDP,true,true,2026-01-01,
91146902,Bluepeak,WY,2023,MA,true,true,2023-01-01,
91146902,Bluepeak,WY,2024,MA,true,true,2024-01-01,
91146902,Bluepeak,WY,2026,ACA,true,true,2026-01-01,
91146902,Cardinal Mutual,CT,2022,MA,true,true,2022-01-01,
91146902,Cardinal Mutual,CT,2022,MEDSUPP,true,true,2022-01-01,
91146902,Cardinal Mutual,CT,2022,PDP,true,true,2022-01-01,
91146902,Cardinal Mutual,CT,2023,MA,true,true,2023-01-01,
91146902,Cardinal Mutual,CT,2023,MEDSUPP,true,true,2023-01-01,
91146902,Cardinal Mutual,CT,2023,PDP,true,true,2023-01-01,
91146902,Cardinal Mutual,CT,2024,MA,true,true,2024-01-01,
91146902,Cardinal Mutual,CT,2024,MEDSUPP,true,true,2024-01-01,
91146902,Cardinal Mutual,CT,2024,PDP,true,true,2024-01-01,
91146902,Cardinal Mutual,CT,2025,MA,true,true,2025-01-01,
91146902,Cardinal Mutual,CT,2025,MEDSUPP,true,true,2025-01-01,
91146902,Cardinal Mutual,CT,2025,PDP,true,true,2025-01-01,
91146902,Cardinal Mutual,CT,2026,MA,true,true,2026-01-01,
91146902,Cardinal Mutual,CT,2026,MEDSUPP,true,true,2026-01-01,
91146902,Cardinal Mutual,CT,2026,PDP,true,true,2026-01-01,
91146902,Cardinal Mutual,NE,2024,MA,true,true,2024-01-01,
91146902,Cardinal Mutual,NE,2025,MA,true,true,2025-01-01,
91146902,Cardinal Mutual,NE,2025,PDP,true,true,2025-01-01,
91146902,Cardinal Mutual,NE,2026,MA,true,true,2026-01-01,
91146902,Cardinal Mutual,NE,2026,PDP,true,true,2026-01-01,
91146902,Cardinal Mutual,WY,2022,MA,true,true,2022-01-01,
91146902,Cardinal Mutual,WY,2023,MA,true,true,2023-01-01,
91146902,Cardinal Mutual,WY,2023,MEDSUPP,true,true,2023-01-01,
91146902,Cardinal Mutual,WY,2023,PDP,true,true,2023-01-01,
91146902,Cardinal Mutual,WY,2024,ACA,true,true,2024-01-01,
91146902,Cardinal Mutual,WY,2024,MA,true,true,2024-01-01,
91146902,Cardinal Mutual,WY,2024,MEDSUPP,true,true,2024-01-01,
91146902,Cardinal Mutual,WY,2024,PDP,true,true,2024-01-01,
91146902,Cardinal Mutual,WY,2025,ACA,true,true,2025-01-01,
91146902,Cardinal Mutual,WY,2025,MA,true,true,2025-01-01,
91146902,Cardinal Mutual,WY,2025,MEDSUPP,true,true,2025-01-01,
91146902,Cardinal Mutual,WY,2025,PDP,true,true,2025-01-01,
91146902,Cardinal Mutual,WY,2026,ACA,true,true,2026-01-01,
91146902,Cardinal Mutual,WY,2026,MA,true,true,2026-01-01,
91146902,Cardinal Mutual,WY,2026,MEDSUPP,true,true,2026-01-01,
91146902,Cardinal Mutual,WY,2026,PDP,true,true,2026-01-01,
91146902,Harborline,NE,2022,MA,true,true,2022-01-01,
91146902,Harborline,NE,2023,MA,true,true,2023-01-01,
91146902,Harborline,NE,2024,MA,true,true,2024-01-01,
91146902,Harborline,NE,2025,ACA,true,true,2025-01-01,
91146902,Harborline,NE,2025,MA,true,true,2025-01-01,
91146902,Harborline,NE,2026,ACA,true,true,2026-01-01,
91146902,Harborline,NE,2026,MA,true,true,2026-01-01,
91146902,Harborline,PA,2023,MA,true,true,2023-01-01,
91146902,Harborline,PA,2024,MA,true,true,2024-01-01,
91146902,Harborline,PA,2025,ACA,true,true,2025-01-01,
91146902,Harborline,PA,2025,MA,true,true,2025-01-01,
91146902,Harborline,PA,2026,ACA,true,true,2026-01-01,
91146902,Harborline,PA,2026,MA,true,true,2026-01-01,
91146902,Harborline,WY,2022,MA,true,true,2022-01-01,
91146902,Harborline,WY,2023,MA,true,true,2023-01-01,
91146902,Harborline,WY,2024,ACA,true,true,2024-01-01,
91146902,Harborline,WY,2024,MA,true,true,2024-01-01,
91146902,Harborline,WY,2025,ACA,true,true,2025-01-01,
91146902,Harborline,WY,2025,MA,true,true,2025-01-01,
91146902,Harborline,WY,2026,ACA,true,true,2026-01-01,
91146902,Harborline,WY,2026,MA,true,true,2026-01-01,
91146902,Meridian Care,CT,2024,MA,true,true,2024-01-01,
91146902,Meridian Care,CT,2025,MA,true,true,2025-01-01,
91146902,Meridian Care,CT,2026,MA,true,true,2026-01-01,
91146902,Meridian Care,NE,2022,MA,true,true,2022-01-01,
91146902,Meridian Care,NE,2023,MA,true,true,2023-01-01,
91146902,Meridian Care,NE,2024,MA,true,true,2024-01-01,
91146902,Meridian Care,NE,2025,MA,true,true,2025-01-01,
91146902,Meridian Care,NE,2026,MA,true,true,2026-01-01,
91146902,Meridian Care,PA,2024,ACA,true,true,2024-01-01,
91146902,Meridian Care,PA,2025,ACA,true,true,2025-01-01,
91146902,Meridian Care,PA,2026,ACA,true,true,2026-01-01,
91146902,Meridian Care,PA,2026,MA,true,true,2026-01-01,
91146902,Meridian Care,WY,2022,MA,true,true,2022-01-01,
91146902,Meridian Care,WY,2023,MA,true,true,2023-01-01,
91146902,Meridian Care,WY,2024,MA,true,true,2024-01-01,
91146902,Meridian Care,WY,2025,MA,true,true,2025-01-01,
91146902,Meridian Care,WY,2026,MA,true,true,2026-01-01,
91146902,Meridian Care,WY,2026,MEDSUPP,true,true,2026-01-01,
91146902,Meridian Care,WY,2026,PDP,true,true,2026-01-01,
91146902,Northwind Health,CT,2023,MA,true,true,2023-01-01,
91146902,Northwind Health,CT,2024,ACA,true,true,2024-01-01,
91146902,Northwind Health,CT,2024,MA,true,true,2024-01-01,
91146902,Northwind Health,CT,2024,PDP,true,true,2024-01-01,
91146902,Northwind Health,CT,2025,ACA,true,true,2025-01-01,
91146902,Northwind Health,CT,2025,MA,true,true,2025-01-01,
91146902,Northwind Health,CT,2025,PDP,true,true,2025-01-01,
91146902,Northwind Health,CT,2026,ACA,true,true,2026-01-01,
91146902,Northwind Health,CT,2026,MA,true,true,2026-01-01,
91146902,Northwind Health,CT,2026,PDP,true,true,2026-01-01,
91146902,Northwind Health,NE,2022,MEDSUPP,true,true,2022-01-01,
91146902,Northwind Health,NE,2022,PDP,true,true,2022-01-01,
91146902,Northwind Health,NE,2023,MEDSUPP,true,true,2023-01-01,
91146902,Northwind Health,NE,2023,PDP,true,true,2023-01-01,
91146902,Northwind Health,NE,2024,MEDSUPP,true,true,2024-01-01,
91146902,Northwind Health,NE,2024,PDP,true,true,2024-01-01,
91146902,Northwind Health,NE,2025,MEDSUPP,true,true,2025-01-01,
91146902,Northwind Health,NE,2025,PDP,true,true,2025-01-01,
91146902,Northwind Health,NE,2026,ACA,true,true,2026-01-01,
91146902,Northwind Health,NE,2026,MEDSUPP,true,true,2026-01-01,
91146902,Northwind Health,NE,2026,PDP,true,true,2026-01-01,
91146902,Northwind Health,PA,2022,PDP,true,true,2022-01-01,
91146902,Northwind Health,PA,2023,PDP,true,true,2023-01-01,
91146902,Northwind Health,PA,2024,PDP,true,true,2024-01-01,
91146902,Northwind Health,PA,2025,PDP,true,true,2025-01-01,
91146902,Northwind Health,PA,2026,PDP,true,true,2026-01-01,
91146902,Northwind Health,WY,2024,MA,true,true,2024-01-01,
91146902,Northwind Health,WY,2025,ACA,true,true,2025-01-01,
91146902,Northwind Health,WY,2025,MA,true,true,2025-01-01,
91146902,Northwind Health,WY,2026,MA,true,true,2026-01-01,
91146902,Summit Health Plans,CT,2025,ACA,true,true,2025-01-01,
91146902,Summit Health Plans,CT,2025,MA,true,true,2025-01-01,
91146902,Summit Health Plans,CT,2026,ACA,true,true,2026-01-01,
91146902,Summit Health Plans,CT,2026,MA,true,true,2026-01-01,
91146902,Summit Health Plans,NE,2025,ACA,true,true,2025-01-01,
91146902,Summit Health Plans,PA,2023,MA,true,true,2023-01-01,
91146902,Summit Health Plans,PA,2024,ACA,true,true,2024-01-01,
91146902,Summit Health Plans,PA,2024,MA,true,true,2024-01-01,
91146902,Summit Health Plans,PA,2025,ACA,true,true,2025-01-01,
91146902,Summit Health Plans,PA,2025,MA,true,true,2025-01-01,
91146902,Summit Health Plans,PA,2026,ACA,true,true,2026-01-01,
91146902,Summit Health Plans,PA,2026,MA,true,true,2026-01-01,
91146902,Summit Health Plans,WY,2022,MA,true,true,2022-01-01,
91146902,Summit Health Plans,WY,2023,MA,true,true,2023-01-01,
91146902,Summit Health Plans,WY,2024,MA,true,true,2024-01-01,
91146902,Summit Health Plans,WY,2025,MA,true,true,2025-01-01,
91146902,Summit Health Plans,WY,2026,ACA,true,true,2026-01-01,
91146902,Summit Health Plans,WY,2026,MA,true,true,2026-01-01,
93619366,Bluepeak,AR,2022,MA,true,true,2022-01-01,
93619366,Bluepeak,AR,2023,MA,true,true,2023-01-01,
93619366,Bluepeak,AR,2025,ACA,true,true,2025-01-01,
93619366,Bluepeak,AR,2026,MA,true,true,2026-01-01,
93619366,Bluepeak,NC,2026,ACA,true,true,2026-01-01,
93619366,Bluepeak,ND,2022,MA,true,true,2022-01-01,
93619366,Bluepeak,ND,2023,MA,true,true,2023-01-01,
93619366,Bluepeak,ND,2024,MA,true,true,2024-01-01,
93619366,Bluepeak,ND,2025,MA,true,true,2025-01-01,
93619366,Bluepeak,ND,2026,ACA,true,true,2026-01-01,
93619366,Bluepeak,ND,2026,MA,true,true,2026-01-01,
93619366,Bluepeak,OR,2023,MA,true,true,2023-01-01,
93619366,Bluepeak,OR,2024,MA,true,true,2024-01-01,
93619366,Bluepeak,OR,2025,ACA,true,true,2025-01-01,
93619366,Bluepeak,OR,2025,MA,true,true,2025-01-01,
93619366,Bluepeak,OR,2026,ACA,true,true,2026-01-01,
93619366,Bluepeak,OR,2026,MA,true,true,2026-01-01,
93619366,Cardinal Mutual,AR,2023,MA,true,true,2023-01-01,
93619366,Cardinal Mutual,AR,2024,MA,true,true,2024-01-01,
93619366,Cardinal Mutual,AR,2025,MA,true,true,2025-01-01,
93619366,Cardinal Mutual,AR,2026,ACA,true,true,2026-01-01,
93619366,Cardinal Mutual,AR,2026,MA,true,true,2026-01-01,
93619366,Cardinal Mutual,NC,2022,MA,true,true,2022-01-01,
93619366,Cardinal Mutual,NC,2022,MEDSUPP,true,true,2022-01-01,
93619366,Cardinal Mutual,NC,2022,PDP,true,true,2022-01-01,
93619366,Cardinal Mutual,NC,2023,MA,true,true,2023-01-01,
93619366,Cardinal Mutual,NC,2023,MEDSUPP,true,true,2023-01-01,
93619366,Cardinal Mutual,NC,2023,PDP,true,true,2023-01-01,
93619366,Cardinal Mutual,NC,2024,MA,true,true,2024-01-01,
93619366,Cardinal Mutual,NC,2024,MEDSUPP,true,true,2024-01-01,
93619366,Cardinal Mutual,NC,2024,PDP,true,true,2024-01-01,
93619366,Cardinal Mutual,NC,2025,MA,true,true,2025-01-01,
93619366,Cardinal Mutual,NC,2025,MEDSUPP,true,true,2025-01-01,
93619366,Cardinal Mutual,NC,2025,PDP,true,true,2025-01-01,
93619366,Cardinal Mutual,NC,2026,MA,true,true,2026-01-01,
93619366,Cardinal Mutual,NC,2026,MEDSUPP,true,true,2026-01-01,
93619366,Cardinal Mutual,NC,2026,PDP,true,true,2026-01-01,
93619366,Cardinal Mutual,ND,2022,MA,true,true,2022-01-01,
93619366,Cardinal Mutual,ND,2023,MA,true,true,2023-01-01,
93619366,Cardinal Mutual,ND,2024,MA,true,true,2024-01-01,
93619366,Cardinal Mutual,ND,2025,MA,true,true,2025-01-01,
93619366,Cardinal Mutual,ND,2026,ACA,true,true,2026-01-01,
93619366,Cardinal Mutual,ND,2026,MA,true,true,2026-01-01,
93619366,Cardinal Mutual,OR,2022,MA,true,true,2022-01-01,
93619366,Cardinal Mutual,OR,2023,MA,true,true,2023-01-01,
93619366,Cardinal Mutual,OR,2024,ACA,true,true,2024-01-01,
93619366,Cardinal Mutual,OR,2024,MA,true,true,2024-01-01,
93619366,Cardinal Mutual,OR,2025,ACA,true,true,2025-01-01,
93619366,Cardinal Mutual,OR,2025,MA,true,true,2025-01-01,
93619366,Cardinal Mutual,OR,2026,ACA,true,true,2026-01-01,
93619366,Cardinal Mutual,OR,2026,MA,true,true,2026-01-01,
93619366,Harborline,AR,2022,MA,true,true,2022-01-01,
93619366,Harborline,AR,2023,MA,true,true,2023-01-01,
93619366,Harborline,AR,2024,MA,true,true,2024-01-01,
93619366,Harborline,AR,2025,MA,true,true,2025-01-01,
93619366,Harborline,AR,2025,PDP,true,true,2025-01-01,
93619366,Harborline,AR,2026,MA,true,true,2026-01-01,
93619366,Harborline,AR,2026,PDP,true,true,2026-01-01,
93619366,Harborline,NC,2023,MA,true,true,2023-01-01,
93619366,Harborline,NC,2024,MA,true,true,2024-01-01,
93619366,Harborline,NC,2025,MA,true,true,2025-01-01,
93619366,Harborline,NC,2026,MA,true,true,2026-01-01,
93619366,Harborline,ND,2022,MA,true,true,2022-01-01,
93619366,Harborline,ND,2023,MA,true,true,2023-01-01,
93619366,Harborline,ND,2024,MA,true,true,2024-01-01,
93619366,Harborline,ND,2025,MA,true,true,2025-01-01,
93619366,Harborline,ND,2026,ACA,true,true,2026-01-01,
93619366,Harborline,ND,2026,MA,true,true,2026-01-01,
93619366,Harborline,OR,2024,ACA,true,true,2024-01-01,
93619366,Harborline,OR,2025,ACA,true,true,2025-01-01,
93619366,Harborline,OR,2026,ACA,true,true,2026-01-01,
93619366,Meridian Care,AR,2023,MA,true,true,2023-01-01,
93619366,Meridian Care,AR,2024,MA,true,true,2024-01-01,
93619366,Meridian Care,AR,2025,MA,true,true,2025-01-01,
93619366,Meridian Care,AR,2026,MA,true,true,2026-01-01,
93619366,Meridian Care,NC,2022,MA,true,true,2022-01-01,
93619366,Meridian Care,NC,2023,MA,true,true,2023-01-01,
93619366,Meridian Care,NC,2024,MA,true,true,2024-01-01,
93619366,Meridian Care,NC,2025,MA,true,true,2025-01-01,
93619366,Meridian Care,NC,2025,MEDSUPP,true,true,2025-01-01,
93619366,Meridian Care,NC,2025,PDP,true,true,2025-01-01,
93619366,Meridian Care,NC,2026,ACA,true,true,2026-01-01,
93619366,Meridian Care,NC,2026,MA,true,true,2026-01-01,
93619366,Meridian Care,NC,2026,MEDSUPP,true,true,2026-01-01,
93619366,Meridian Care,NC,2026,PDP,true,true,2026-01-01,
93619366,Meridian Care,ND,2024,MA,true,true,2024-01-01,
93619366,Meridian Care,ND,2025,ACA,true,true,2025-01-01,
93619366,Meridian Care,ND,2025,MA,true,true,2025-01-01,
93619366,Meridian Care,ND,2026,ACA,true,true,2026-01-01,
93619366,Meridian Care,ND,2026,MA,true,true,2026-01-01,
93619366,Meridian Care,ND,2026,MEDSUPP,true,true,2026-01-01,
93619366,Meridian Care,ND,2026,PDP,true,true,2026-01-01,
93619366,Meridian Care,OR,2025,MA,true,true,2025-01-01,
93619366,Meridian Care,OR,2026,MA,true,true,2026-01-01,
93619366,Meridian Care,OR,2027,ACA,true,true,2027-01-01,
93619366,Northwind Health,AR,2024,MA,true,true,2024-01-01,
93619366,Northwind Health,AR,2024,MEDSUPP,true,true,2024-01-01,
93619366,Northwind Health,AR,2024,PDP,true,true,2024-01-01,
93619366,Northwind Health,AR,2025,MA,true,true,2025-01-01,
93619366,Northwind Health,AR,2025,MEDSUPP,true,true,2025-01-01,
93619366,Northwind Health,AR,2025,PDP,true,true,2025-01-01,
93619366,Northwind Health,AR,2026,MA,true,true,2026-01-01,
93619366,Northwind Health,AR,2026,MEDSUPP,true,true,2026-01-01,
93619366,Northwind Health,AR,2026,PDP,true,true,2026-01-01,
93619366,Northwind Health,NC,2022,MA,true,true,2022-01-01,
93619366,Northwind Health,NC,2023,MA,true,true,2023-01-01,
93619366,Northwind Health,NC,2023,MEDSUPP,true,true,2023-01-01,
93619366,Northwind Health,NC,2023,PDP,true,true,2023-01-01,
93619366,Northwind Health,NC,2024,MA,true,true,2024-01-01,
93619366,Northwind Health,NC,2024,MEDSUPP,true,true,2024-01-01,
93619366,Northwind Health,NC,2024,PDP,true,true,2024-01-01,
93619366,Northwind Health,NC,2025,ACA,true,true,2025-01-01,
93619366,Northwind Health,NC,2025,MA,true,true,2025-01-01,
93619366,Northwind Health,NC,2025,MEDSUPP,true,true,2025-01-01,
93619366,Northwind Health,NC,2025,PDP,true,true,2025-01-01,
93619366,Northwind Health,NC,2026,MA,true,true,2026-01-01,
93619366,Northwind Health,NC,2026,MEDSUPP,true,true,2026-01-01,
93619366,Northwind Health,NC,2026,PDP,true,true,2026-01-01,
93619366,Northwind Health,ND,2024,MA,true,true,2024-01-01,
93619366,Northwind Health,ND,2025,MA,true,true,2025-01-01,
93619366,Northwind Health,ND,2026,MA,true,true,2026-01-01,
93619366,Northwind Health,OR,2023,MEDSUPP,true,true,2023-01-01,
93619366,Northwind Health,OR,2023,PDP,true,true,2023-01-01,
93619366,Northwind Health,OR,2024,MA,true,true,2024-01-01,
93619366,Northwind Health,OR,2024,MEDSUPP,true,true,2024-01-01,
93619366,Northwind Health,OR,2024,PDP,true,true,2024-01-01,
93619366,Northwind Health,OR,2025,MA,true,true,2025-01-01,
93619366,Northwind Health,OR,2025,MEDSUPP,true,true,2025-01-01,
93619366,Northwind Health,OR,2025,PDP,true,true,2025-01-01,
93619366,Northwind Health,OR,2026,MA,true,true,2026-01-01,
93619366,Northwind Health,OR,2026,MEDSUPP,true,true,2026-01-01,
93619366,Northwind Health,OR,2026,PDP,true,true,2026-01-01,
93619366,Summit Health Plans,AR,2023,MA,true,true,2023-01-01,
93619366,Summit Health Plans,AR,2024,ACA,true,true,2024-01-01,
93619366,Summit Health Plans,AR,2024,MA,true,true,2024-01-01,
93619366,Summit Health Plans,AR,2025,ACA,true,true,2025-01-01,
93619366,Summit Health Plans,AR,2025,MA,true,true,2025-01-01,
93619366,Summit Health Plans,AR,2026,ACA,true,true,2026-01-01,
93619366,Summit Health Plans,AR,2026,MA,true,true,2026-01-01,
93619366,Summit Health Plans,NC,2022,MEDSUPP,true,true,2022-01-01,
93619366,Summit Health Plans,NC,2022,PDP,true,true,2022-01-01,
93619366,Summit Health Plans,NC,2023,MA,true,true,2023-01-01,
93619366,Summit Health Plans,NC,2023,MEDSUPP,true,true,2023-01-01,
93619366,Summit Health Plans,NC,2023,PDP,true,true,2023-01-01,
93619366,Summit Health Plans,NC,2024,ACA,true,true,2024-01-01,
93619366,Summit Health Plans,NC,2024,MA,true,true,2024-01-01,
93619366,Summit Health Plans,NC,2024,MEDSUPP,true,true,2024-01-01,
93619366,Summit Health Plans,NC,2024,PDP,true,true,2024-01-01,
93619366,Summit Health Plans,NC,2025,ACA,true,true,2025-01-01,
93619366,Summit Health Plans,NC,2025,MA,true,true,2025-01-01,
93619366,Summit Health Plans,NC,2025,MEDSUPP,true,true,2025-01-01,
93619366,Summit Health Plans,NC,2025,PDP,true,true,2025-01-01,
93619366,Summit Health Plans,NC,2026,ACA,true,true,2026-01-01,
93619366,Summit Health Plans,NC,2026,MA,true,true,2026-01-01,
93619366,Summit Health Plans,NC,2026,MEDSUPP,true,true,2026-01-01,
93619366,Summit Health Plans,NC,2026,PDP,true,true,2026-01-01,
93619366,Summit Health Plans,ND,2022,MA,true,true,2022-01-01,
93619366,Summit Health Plans,ND,2023,MA,true,true,2023-01-01,
93619366,Summit Health Plans,ND,2024,MA,true,true,2024-01-01,
93619366,Summit Health Plans,ND,2025,MA,true,true,2025-01-01,
93619366,Summit Health Plans,ND,2026,MA,true,true,2026-01-01,
93619366,Summit Health Plans,OR,2024,MA,true,true,2024-01-01,
93619366,Summit Health Plans,OR,2025,MA,true,true,2025-01-01,
94445646,Bluepeak,MN,2024,MA,true,true,2024-01-01,
94445646,Bluepeak,MN,2025,ACA,true,true,2025-01-01,
94445646,Bluepeak,MN,2025,MA,true,true,2025-01-01,
94445646,Bluepeak,MN,2026,ACA,true,true,2026-01-01,
94445646,Bluepeak,MN,2026,MA,true,true,2026-01-01,
94445646,Bluepeak,NE,2024,MA,true,true,2024-01-01,
94445646,Bluepeak,NE,2025,MA,true,true,2025-01-01,
94445646,Bluepeak,NE,2025,MEDSUPP,true,true,2025-01-01,
94445646,Bluepeak,NE,2025,PDP,true,true,2025-01-01,
94445646,Bluepeak,NE,2026,MA,true,true,2026-01-01,
94445646,Bluepeak,NE,2026,MEDSUPP,true,true,2026-01-01,
94445646,Bluepeak,NE,2026,PDP,true,true,2026-01-01,
94445646,Cardinal Mutual,MN,2024,MA,true,true,2024-01-01,
94445646,Cardinal Mutual,MN,2025,MA,true,true,2025-01-01,
94445646,Cardinal Mutual,MN,2026,MA,true,true,2026-01-01,
94445646,Cardinal Mutual,NE,2024,MA,true,true,2024-01-01,
94445646,Cardinal Mutual,NE,2025,MA,true,true,2025-01-01,
94445646,Cardinal Mutual,NE,2026,ACA,true,true,2026-01-01,
94445646,Cardinal Mutual,NE,2026,MA,true,true,2026-01-01,
94445646,Harborline,MN,2023,MA,true,true,2023-01-01,
94445646,Harborline,MN,2024,MA,true,true,2024-01-01,
94445646,Harborline,MN,2024,MEDSUPP,true,true,2024-01-01,
94445646,Harborline,MN,2024,PDP,true,true,2024-01-01,
94445646,Harborline,MN,2025,MA,true,true,2025-01-01,
94445646,Harborline,MN,2025,MEDSUPP,true,true,2025-01-01,
94445646,Harborline,MN,2025,PDP,true,true,2025-01-01,
94445646,Harborline,MN,2026,MA,true,true,2026-01-01,
94445646,Harborline,MN,2026,MEDSUPP,true,true,2026-01-01,
94445646,Harborline,MN,2026,PDP,true,true,2026-01-01,
94445646,Harborline,NE,2022,MA,true,true,2022-01-01,
94445646,Harborline,NE,2023,MA,true,true,2023-01-01,
94445646,Harborline,NE,2024,MA,true,true,2024-01-01,
94445646,Harborline,NE,2025,ACA,true,true,2025-01-01,
94445646,Harborline,NE,2025,MA,true,true,2025-01-01,
94445646,Harborline,NE,2025,MEDSUPP,true,true,2025-01-01,
94445646,Harborline,NE,2025,PDP,true,true,2025-01-01,
94445646,Harborline,NE,2026,ACA,true,true,2026-01-01,
94445646,Harborline,NE,2026,MA,true,true,2026-01-01,
94445646,Harborline,NE,2026,MEDSUPP,true,true,2026-01-01,
94445646,Harborline,NE,2026,PDP,true,true,2026-01-01,
94445646,Meridian Care,MN,2025,MA,true,true,2025-01-01,
94445646,Meridian Care,MN,2025,MEDSUPP,true,true,2025-01-01,
94445646,Meridian Care,MN,2025,PDP,true,true,2025-01-01,
94445646,Meridian Care,MN,2026,MA,true,true,2026-01-01,
94445646,Meridian Care,MN,2026,MEDSUPP,true,true,2026-01-01,
94445646,Meridian Care,MN,2026,PDP,true,true,2026-01-01,
94445646,Meridian Care,NE,2022,MA,true,true,2022-01-01,
94445646,Meridian Care,NE,2022,MEDSUPP,true,true,2022-01-01,
94445646,Meridian Care,NE,2022,PDP,true,true,2022-01-01,
94445646,Meridian Care,NE,2023,MA,true,true,2023-01-01,
94445646,Meridian Care,NE,2023,MEDSUPP,true,true,2023-01-01,
94445646,Meridian Care,NE,2023,PDP,true,true,2023-01-01,
94445646,Meridian Care,NE,2024,MA,true,true,2024-01-01,
94445646,Meridian Care,NE,2024,MEDSUPP,true,true,2024-01-01,
94445646,Meridian Care,NE,2024,PDP,true,true,2024-01-01,
94445646,Meridian Care,NE,2025,MA,true,true,2025-01-01,
94445646,Meridian Care,NE,2025,MEDSUPP,true,true,2025-01-01,
94445646,Meridian Care,NE,2025,PDP,true,true,2025-01-01,
94445646,Meridian Care,NE,2026,MA,true,true,2026-01-01,
94445646,Meridian Care,NE,2026,MEDSUPP,true,true,2026-01-01,
94445646,Meridian Care,NE,2026,PDP,true,true,2026-01-01,
94445646,Northwind Health,MN,2022,MA,true,true,2022-01-01,
94445646,Northwind Health,MN,2023,MA,true,true,2023-01-01,
94445646,Northwind Health,MN,2024,MA,true,true,2024-01-01,
94445646,Northwind Health,MN,2025,MA,true,true,2025-01-01,
94445646,Northwind Health,MN,2026,ACA,true,true,2026-01-01,
94445646,Northwind Health,MN,2026,MA,true,true,2026-01-01,
94445646,Northwind Health,NE,2024,MA,true,true,2024-01-01,
94445646,Northwind Health,NE,2025,ACA,true,true,2025-01-01,
94445646,Northwind Health,NE,2025,MA,true,true,2025-01-01,
94445646,Northwind Health,NE,2026,ACA,true,true,2026-01-01,
94445646,Northwind Health,NE,2026,MA,true,true,2026-01-01,
94445646,Summit Health Plans,MN,2023,MA,true,true,2023-01-01,
94445646,Summit Health Plans,MN,2024,MA,true,true,2024-01-01,
94445646,Summit Health Plans,MN,2025,MA,true,true,2025-01-01,
94445646,Summit Health Plans,MN,2025,MEDSUPP,true,true,2025-01-01,
94445646,Summit Health Plans,MN,2025,PDP,true,true,2025-01-01,
94445646,Summit Health Plans,MN,2026,MA,true,true,2026-01-01,
94445646,Summit Health Plans,MN,2026,MEDSUPP,true,true,2026-01-01,
94445646,Summit Health Plans,MN,2026,PDP,true,true,2026-01-01,
94445646,Summit Health Plans,NE,2023,MA,true,true,2023-01-01,
94445646,Summit Health Plans,NE,2024,MA,true,true,2024-01-01,
94445646,Summit Health Plans,NE,2025,ACA,true,true,2025-01-01,
94445646,Summit Health Plans,NE,2025,MA,true,true,2025-01-01,
94445646,Summit Health Plans,NE,2026,MA,true,true,2026-01-01,
9527070,Bluepeak,AZ,2024,MA,true,true,2024-01-01,
9527070,Bluepeak,AZ,2024,MEDSUPP,true,true,2024-01-01,
9527070,Bluepeak,AZ,2024,PDP,true,true,2024-01-01,
9527070,Bluepeak,AZ,2025,MA,true,true,2025-01-01,
9527070,Bluepeak,AZ,2025,MEDSUPP,true,true,2025-01-01,
9527070,Bluepeak,AZ,2025,PDP,true,true,2025-01-01,
9527070,Bluepeak,AZ,2026,MA,true,true,2026-01-01,
9527070,Bluepeak,AZ,2026,MEDSUPP,true,true,2026-01-01,
9527070,Bluepeak,AZ,2026,PDP,true,true,2026-01-01,
9527070,Bluepeak,OR,2023,PDP,true,true,2023-01-01,
9527070,Bluepeak,OR,2024,MA,true,true,2024-01-01,
9527070,Bluepeak,OR,2024,PDP,true,true,2024-01-01,
9527070,Bluepeak,OR,2025,MA,true,true,2025-01-01,
9527070,Bluepeak,OR,2025,PDP,true,true,2025-01-01,
9527070,Bluepeak,OR,2026,MA,true,true,2026-01-01,
9527070,Bluepeak,OR,2026,MEDSUPP,true,true,2026-01-01,
9527070,Bluepeak,OR,2026,PDP,true,true,2026-01-01,
9527070,Cardinal Mutual,AZ,2024,MA,true,true,2024-01-01,
9527070,Cardinal Mutual,AZ,2025,ACA,true,true,2025-01-01,
9527070,Cardinal Mutual,AZ,2025,MA,true,true,2025-01-01,
9527070,Cardinal Mutual,AZ,2026,MA,true,true,2026-01-01,
9527070,Cardinal Mutual,OR,2022,MA,true,true,2022-01-01,
9527070,Cardinal Mutual,OR,2023,MA,true,true,2023-01-01,
9527070,Cardinal Mutual,OR,2024,MA,true,true,2024-01-01,
9527070,Cardinal Mutual,OR,2025,MA,true,true,2025-01-01,
9527070,Cardinal Mutual,OR,2026,ACA,true,true,2026-01-01,
9527070,Cardinal Mutual,OR,2026,MA,true,true,2026-01-01,
9527070,Harborline,AZ,2022,MA,true,true,2022-01-01,
9527070,Harborline,AZ,2023,MA,true,true,2023-01-01,
9527070,Harborline,AZ,2024,ACA,true,true,2024-01-01,
9527070,Harborline,AZ,2024,MA,true,true,2024-01-01,
9527070,Harborline,AZ,2024,MEDSUPP,true,true,2024-01-01,
9527070,Harborline,AZ,2024,PDP,true,true,2024-01-01,
9527070,Harborline,AZ,2025,ACA,true,true,2025-01-01,
9527070,Harborline,AZ,2025,MA,true,true,2025-01-01,
9527070,Harborline,AZ,2025,MEDSUPP,true,true,2025-01-01,
9527070,Harborline,AZ,2025,PDP,true,true,2025-01-01,
9527070,Harborline,AZ,2026,ACA,true,true,2026-01-01,
9527070,Harborline,AZ,2026,MA,true,true,2026-01-01,
9527070,Harborline,AZ,2026,MEDSUPP,true,true,2026-01-01,
9527070,Harborline,AZ,2026,PDP,true,true,2026-01-01,
9527070,Harborline,OR,2023,MA,true,true,2023-01-01,
9527070,Harborline,OR,2024,ACA,true,true,2024-01-01,
9527070,Harborline,OR,2024,MA,true,true,2024-01-01,
9527070,Harborline,OR,2025,ACA,true,true,2025-01-01,
9527070,Harborline,OR,2025,MA,true,true,2025-01-01,
9527070,Harborline,OR,2026,ACA,true,true,2026-01-01,
9527070,Harborline,OR,2026,MA,true,true,2026-01-01,
9527070,Harborline,OR,2027,ACA,true,true,2027-01-01,
9527070,Meridian Care,AZ,2025,MA,true,true,2025-01-01,
9527070,Meridian Care,AZ,2026,MA,true,true,2026-01-01,
9527070,Meridian Care,OR,2022,MA,true,true,2022-01-01,
9527070,Meridian Care,OR,2022,MEDSUPP,true,true,2022-01-01,
9527070,Meridian Care,OR,2022,PDP,true,true,2022-01-01,
9527070,Meridian Care,OR,2023,MA,true,true,2023-01-01,
9527070,Meridian Care,OR,2023,MEDSUPP,true,true,2023-01-01,
9527070,Meridian Care,OR,2023,PDP,true,true,2023-01-01,
9527070,Meridian Care,OR,2024,MA,true,true,2024-01-01,
9527070,Meridian Care,OR,2024,MEDSUPP,true,true,2024-01-01,
9527070,Meridian Care,OR,2024,PDP,true,true,2024-01-01,
9527070,Meridian Care,OR,2025,MA,true,true,2025-01-01,
9527070,Meridian Care,OR,2025,MEDSUPP,true,true,2025-01-01,
9527070,Meridian Care,OR,2025,PDP,true,true,2025-01-01,
9527070,Meridian Care,OR,2026,MA,true,true,2026-01-01,
9527070,Meridian Care,OR,2026,MEDSUPP,true,true,2026-01-01,
9527070,Meridian Care,OR,2026,PDP,true,true,2026-01-01,
9527070,Northwind Health,AZ,2022,MA,true,true,2022-01-01,
9527070,Northwind Health,AZ,2023,MA,true,true,2023-01-01,
9527070,Northwind Health,AZ,2024,MA,true,true,2024-01-01,
9527070,Northwind Health,AZ,2025,MA,true,true,2025-01-01,
9527070,Northwind Health,AZ,2025,MEDSUPP,true,true,2025-01-01,
9527070,Northwind Health,AZ,2025,PDP,true,true,2025-01-01,
9527070,Northwind Health,AZ,2026,ACA,true,true,2026-01-01,
9527070,Northwind Health,AZ,2026,MA,true,true,2026-01-01,
9527070,Northwind Health,AZ,2026,MEDSUPP,true,true,2026-01-01,
9527070,Northwind Health,AZ,2026,PDP,true,true,2026-01-01,
9527070,Northwind Health,OR,2023,MA,true,true,2023-01-01,
9527070,Northwind Health,OR,2024,MA,true,true,2024-01-01,
9527070,Northwind Health,OR,2025,ACA,true,true,2025-01-01,
9527070,Northwind Health,OR,2025,MA,true,true,2025-01-01,
9527070,Northwind Health,OR,2026,MA,true,true,2026-01-01,
9527070,Summit Health Plans,AZ,2023,MA,true,true,2023-01-01,
9527070,Summit Health Plans,AZ,2024,MA,true,true,2024-01-01,
9527070,Summit Health Plans,AZ,2025,MA,true,true,2025-01-01,
9527070,Summit Health Plans,AZ,2025,MEDSUPP,true,true,2025-01-01,
9527070,Summit Health Plans,AZ,2025,PDP,true,true,2025-01-01,
9527070,Summit Health Plans,AZ,2026,MA,true,true,2026-01-01,
9527070,Summit Health Plans,AZ,2026,MEDSUPP,true,true,2026-01-01,
9527070,Summit Health Plans,AZ,2026,PDP,true,true,2026-01-01,
9527070,Summit Health Plans,OR,2022,MEDSUPP,true,true,2022-01-01,
9527070,Summit Health Plans,OR,2022,PDP,true,true,2022-01-01,
9527070,Summit Health Plans,OR,2023,MEDSUPP,true,true,2023-01-01,
9527070,Summit Health Plans,OR,2023,PDP,true,true,2023-01-01,
9527070,Summit Health Plans,OR,2024,MEDSUPP,true,true,2024-01-01,
9527070,Summit Health Plans,OR,2024,PDP,true,true,2024-01-01,
9527070,Summit Health Plans,OR,2025,MEDSUPP,true,true,2025-01-01,
9527070,Summit Health Plans,OR,2025,PDP,true,true,2025-01-01,
9527070,Summit Health Plans,OR,2026,MA,true,true,2026-01-01,
9527070,Summit Health Plans,OR,2026,MEDSUPP,true,true,2026-01-01,
9527070,Summit Health Plans,OR,2026,PDP,true,true,2026-01-01,
98787777,Bluepeak,AR,2023,MA,true,true,2023-01-01,
98787777,Bluepeak,AR,2024,MA,true,true,2024-01-01,
98787777,Bluepeak,AR,2025,MA,true,true,2025-01-01,
98787777,Bluepeak,AR,2026,MA,true,true,2026-01-01,
98787777,Bluepeak,NC,2023,MA,true,true,2023-01-01,
98787777,Bluepeak,NC,2024,MA,true,true,2024-01-01,
98787777,Bluepeak,NC,2024,MEDSUPP,true,true,2024-01-01,
98787777,Bluepeak,NC,2024,PDP,true,true,2024-01-01,
98787777,Bluepeak,NC,2025,MA,true,true,2025-01-01,
98787777,Bluepeak,NC,2025,MEDSUPP,true,true,2025-01-01,
98787777,Bluepeak,NC,2025,PDP,true,true,2025-01-01,
98787777,Bluepeak,NC,2026,MA,true,true,2026-01-01,
98787777,Bluepeak,NC,2026,MEDSUPP,true,true,2026-01-01,
98787777,Bluepeak,NC,2026,PDP,true,true,2026-01-01,
98787777,Bluepeak,VA,2022,MA,true,true,2022-01-01,
98787777,Bluepeak,VA,2023,MA,true,true,2023-01-01,
98787777,Bluepeak,VA,2024,MA,true,true,2024-01-01,
98787777,Bluepeak,VA,2025,MA,true,true,2025-01-01,
98787777,Bluepeak,VA,2026,MA,true,true,2026-01-01,
98787777,Cardinal Mutual,AR,2023,MA,true,true,2023-01-01,
98787777,Cardinal Mutual,AR,2024,MA,true,true,2024-01-01,
98787777,Cardinal Mutual,AR,2025,MA,true,true,2025-01-01,
98787777,Cardinal Mutual,AR,2026,MA,true,true,2026-01-01,
98787777,Cardinal Mutual,NC,2023,MA,true,true,2023-01-01,
98787777,Cardinal Mutual,NC,2024,MA,true,true,2024-01-01,
98787777,Cardinal Mutual,NC,2025,MA,true,true,2025-01-01,
98787777,Cardinal Mutual,NC,2026,MA,true,true,2026-01-01,
98787777,Cardinal Mutual,VA,2026,MA,true,true,2026-01-01,
98787777,Harborline,AR,2023,MA,true,true,2023-01-01,
98787777,Harborline,AR,2024,MA,true,true,2024-01-01,
98787777,Harborline,AR,2025,MA,true,true,2025-01-01,
98787777,Harborline,AR,2026,MA,true,true,2026-01-01,
98787777,Harborline,NC,2023,MEDSUPP,true,true,2023-01-01,
98787777,Harborline,NC,2023,PDP,true,true,2023-01-01,
98787777,Harborline,NC,2024,MA,true,true,2024-01-01,
98787777,Harborline,NC,2024,MEDSUPP,true,true,2024-01-01,
98787777,Harborline,NC,2024,PDP,true,true,2024-01-01,
98787777,Harborline,NC,2025,MA,true,true,2025-01-01,
98787777,Harborline,NC,2025,MEDSUPP,true,true,2025-01-01,
98787777,Harborline,NC,2025,PDP,true,true,2025-01-01,
98787777,Harborline,NC,2026,ACA,true,true,2026-01-01,
98787777,Harborline,NC,2026,MA,true,true,2026-01-01,
98787777,Harborline,NC,2026,MEDSUPP,true,true,2026-01-01,
98787777,Harborline,NC,2026,PDP,true,true,2026-01-01,
98787777,Harborline,VA,2022,MA,true,true,2022-01-01,
98787777,Harborline,VA,2023,MA,true,true,2023-01-01,
98787777,Harborline,VA,2023,PDP,true,true,2023-01-01,
98787777,Harborline,VA,2024,ACA,true,true,2024-01-01,
98787777,Harborline,VA,2024,MA,true,true,2024-01-01,
98787777,Harborline,VA,2024,PDP,true,true,2024-01-01,
98787777,Harborline,VA,2025,ACA,true,true,2025-01-01,
98787777,Harborline,VA,2025,MA,true,true,2025-01-01,
98787777,Harborline,VA,2025,MEDSUPP,true,true,2025-01-01,
98787777,Harborline,VA,2025,PDP,true,true,2025-01-01,
98787777,Harborline,VA,2026,ACA,true,true,2026-01-01,
98787777,Harborline,VA,2026,MA,true,true,2026-01-01,
98787777,Harborline,VA,2026,MEDSUPP,true,true,2026-01-01,
98787777,Harborline,VA,2026,PDP,true,true,2026-01-01,
98787777,Meridian Care,NC,2025,MA,true,true,2025-01-01,
98787777,Meridian Care,NC,2025,PDP,true,true,2025-01-01,
98787777,Meridian Care,NC,2026,MA,true,true,2026-01-01,
98787777,Meridian Care,NC,2026,PDP,true,true,2026-01-01,
98787777,Meridian Care,VA,2022,MEDSUPP,true,true,2022-01-01,
98787777,Meridian Care,VA,2022,PDP,true,true,2022-01-01,
98787777,Meridian Care,VA,2023,MEDSUPP,true,true,2023-01-01,
98787777,Meridian Care,VA,2023,PDP,true,true,2023-01-01,
98787777,Meridian Care,VA,2024,MA,true,true,2024-01-01,
98787777,Meridian Care,VA,2024,MEDSUPP,true,true,2024-01-01,
98787777,Meridian Care,VA,2024,PDP,true,true,2024-01-01,
98787777,Meridian Care,VA,2025,MA,true,true,2025-01-01,
98787777,Meridian Care,VA,2025,MEDSUPP,true,true,2025-01-01,
98787777,Meridian Care,VA,2025,PDP,true,true,2025-01-01,
98787777,Meridian Care,VA,2026,MA,true,true,2026-01-01,
98787777,Meridian Care,VA,2026,MEDSUPP,true,true,2026-01-01,
98787777,Meridian Care,VA,2026,PDP,true,true,2026-01-01,
98787777,Northwind Health,NC,2022,PDP,true,true,2022-01-01,
98787777,Northwind Health,NC,2023,MA,true,true,2023-01-01,
98787777,Northwind Health,NC,2023,PDP,true,true,2023-01-01,
98787777,Northwind Health,NC,2024,MA,true,true,2024-01-01,
98787777,Northwind Health,NC,2024,PDP,true,true,2024-01-01,
98787777,Northwind Health,NC,2025,MA,true,true,2025-01-01,
98787777,Northwind Health,NC,2025,PDP,true,true,2025-01-01,
98787777,Northwind Health,NC,2026,MA,true,true,2026-01-01,
98787777,Northwind Health,NC,2026,PDP,true,true,2026-01-01,
98787777,Northwind Health,VA,2022,MEDSUPP,true,true,2022-01-01,
98787777,Northwind Health,VA,2022,PDP,true,true,2022-01-01,
98787777,Northwind Health,VA,2023,MA,true,true,2023-01-01,
98787777,Northwind Health,VA,2023,MEDSUPP,true,true,2023-01-01,
98787777,Northwind Health,VA,2023,PDP,true,true,2023-01-01,
98787777,Northwind Health,VA,2024,ACA,true,true,2024-01-01,
98787777,Northwind Health,VA,2024,MA,true,true,2024-01-01,
98787777,Northwind Health,VA,2024,MEDSUPP,true,true,2024-01-01,
98787777,Northwind Health,VA,2024,PDP,true,true,2024-01-01,
98787777,Northwind Health,VA,2025,ACA,true,true,2025-01-01,
98787777,Northwind Health,VA,2025,MA,true,true,2025-01-01,
98787777,Northwind Health,VA,2025,MEDSUPP,true,true,2025-01-01,
98787777,Northwind Health,VA,2025,PDP,true,true,2025-01-01,
98787777,Northwind Health,VA,2026,ACA,true,true,2026-01-01,
98787777,Northwind Health,VA,2026,MA,true,true,2026-01-01,
98787777,Northwind Health,VA,2026,MEDSUPP,true,true,2026-01-01,
98787777,Northwind Health,VA,2026,PDP,true,true,2026-01-01,
98787777,Summit Health Plans,AR,2022,MA,true,true,2022-01-01,
98787777,Summit Health Plans,AR,2022,MEDSUPP,true,true,2022-01-01,
98787777,Summit Health Plans,AR,2022,PDP,true,true,2022-01-01,
98787777,Summit Health Plans,AR,2023,MA,true,true,2023-01-01,
98787777,Summit Health Plans,AR,2023,MEDSUPP,true,true,2023-01-01,
98787777,Summit Health Plans,AR,2023,PDP,true,true,2023-01-01,
98787777,Summit Health Plans,AR,2024,MA,true,true,2024-01-01,
98787777,Summit Health Plans,AR,2024,MEDSUPP,true,true,2024-01-01,
98787777,Summit Health Plans,AR,2024,PDP,true,true,2024-01-01,
98787777,Summit Health Plans,AR,2025,MA,true,true,2025-01-01,
98787777,Summit Health Plans,AR,2025,MEDSUPP,true,true,2025-01-01,
98787777,Summit Health Plans,AR,2025,PDP,true,true,2025-01-01,
98787777,Summit Health Plans,AR,2026,MA,true,true,2026-01-01,
98787777,Summit Health Plans,AR,2026,MEDSUPP,true,true,2026-01-01,
98787777,Summit Health Plans,AR,2026,PDP,true,true,2026-01-01,
98787777,Summit Health Plans,NC,2023,MEDSUPP,true,true,2023-01-01,
98787777,Summit Health Plans,NC,2023,PDP,true,true,2023-01-01,
98787777,Summit Health Plans,NC,2024,ACA,true,true,2024-01-01,
98787777,Summit Health Plans,NC,2024,MA,true,true,2024-01-01,
98787777,Summit Health Plans,NC,2024,MEDSUPP,true,true,2024-01-01,
98787777,Summit Health Plans,NC,2024,PDP,true,true,2024-01-01,
98787777,Summit Health Plans,NC,2025,ACA,true,true,2025-01-01,
98787777,Summit Health Plans,NC,2025,MA,true,true,2025-01-01,
98787777,Summit Health Plans,NC,2025,MEDSUPP,true,true,2025-01-01,
98787777,Summit Health Plans,NC,2025,PDP,true,true,2025-01-01,
98787777,Summit Health Plans,NC,2026,ACA,true,true,2026-01-01,
98787777,Summit Health Plans,NC,2026,MA,true,true,2026-01-01,
98787777,Summit Health Plans,NC,2026,MEDSUPP,true,true,2026-01-01,
98787777,Summit Health Plans,NC,2026,PDP,true,true,2026-01-01,
98787777,Summit Health Plans,VA,2022,MA,true,true,2022-01-01,
98787777,Summit Health Plans,VA,2022,MEDSUPP,true,true,2022-01-01,
98787777,Summit Health Plans,VA,2022,PDP,true,true,2022-01-01,
98787777,Summit Health Plans,VA,2023,MA,true,true,2023-01-01,
98787777,Summit Health Plans,VA,2023,MEDSUPP,true,true,2023-01-01,
98787777,Summit Health Plans,VA,2023,PDP,true,true,2023-01-01,
98787777,Summit Health Plans,VA,2024,ACA,true,true,2024-01-01,
98787777,Summit Health Plans,VA,2024,MA,true,true,2024-01-01,
98787777,Summit Health Plans,VA,2024,MEDSUPP,true,true,2024-01-01,
98787777,Summit Health Plans,VA,2024,PDP,true,true,2024-01-01,
98787777,Summit Health Plans,VA,2025,ACA,true,true,2025-01-01,
98787777,Summit Health Plans,VA,2025,MA,true,true,2025-01-01,
98787777,Summit Health Plans,VA,2025,MEDSUPP,true,true,2025-01-01,
98787777,Summit Health Plans,VA,2025,PDP,true,true,2025-01-01,
98787777,Summit Health Plans,VA,2026,ACA,true,true,2026-01-01,
98787777,Summit Health Plans,VA,2026,MA,true,true,2026-01-01,
98787777,Summit Health Plans,VA,2026,MEDSUPP,true,true,2026-01-01,
98787777,Summit Health Plans,VA,2026,PDP,true,true,2026-01-01,
