Client ID,Client Name,Mbr DOB,Primary Phone,Email,Address,City,State,Zip,Medicare ID,Household,Policy #,Carrier Name,Plan,Product,Policy State,Eligibility,Member ID,Eff Date,Term Date,Status,Writing Agent NPN,Premium,Notes
B-C-00001,"Fernandez, Deanna",04/23/1944,(431) 555-0118,deanna.fernandez1@example.com,1770 Valencia Parks Apt. 682,West Kathyfurt,CO,80685,6MR4QW4VH82,B-H-00001,B-P-00001,Cardinal Mutual,H7696-022,MA,CO,AGE,CM-841994,12/01/2022,,Active,49066206,4.70,Prefers mail over phone.
B-C-00002,"Fernandez, Mary",31668,(431) 555-0118,mary.fernandez2@example.com,1770 Valencia Parks Apt. 682,West Kathyfurt,CO,80685,,B-H-00001,B-P-00002,Northwind Health,61006CO8098472,ACA,CO,,NW-726400,2024-01-01,,ACTIVE,49066206,784.78,
B-C-00003,"Moody, Maria",09/27/1952,(625) 555-0124,maria.moody3@example.com,418 Ramos Camp,North Daniel,TN,37771,7G33GQ6TW65,B-H-00002,B-P-00003,Summit Health Plans,H9807-018,MA,TN,AGE,SH-718237,11/01/24,,active,45462976,42.14,
B-C-00004,"Robinson, Michael",23264,(243) 555-0147,michael.robinson4@example.com,051 Green Throughway,Anthonyfurt,VA,22659,,B-H-00003,B-P-00004,Harborline,17955VA5115931,ACA,VA,,HL-437878,01/01/2024,,Active,98787777,622.60,
B-C-00005,"Long, Derrick",10/09/1948,(473) 555-0153,derrick.long5@example.com,4384 Connie Wells Suite 084,East Matthew,OR,97095,6TP7PU4UN83,B-H-00004,B-P-00005,Summit Health Plans,G,MEDSUPP,OR,AGE,SH-159996,2022-01-01,,ACTIVE,9527070,298.61,
B-C-00005,"Long, Derrick",10/09/1948,(473) 555-0153,derrick.long5@example.com,4384 Connie Wells Suite 084,East Matthew,OR,97095,6TP7PU4UN83,B-H-00004,B-P-00006,Summit Health Plans,S4824-019,PDP,OR,AGE,SH-768544,01/01/22,,active,9527070,20.96,
B-C-00006,"Mason, Cody",20179,(667) 555-0127,cody.mason6@example.com,03435 Kimberly Lights,Walkermouth,HI,96882,9X08XT6PP20,B-H-00005,B-P-00007,Bluepeak,H9161-018-001,MA,HI,AGE,BP-246120,01/01/2024,,Active,81157097,5.80,
B-C-00007,"Lopez, Kimberly",05/21/1934,(617) 555-0146,kimberly.lopez7@example.com,3259 Anthony Mountain,New Steven,TX,78939,5JT9HQ6RC44,B-H-00006,B-P-00008,Harborline,H2522-009-003,MA,TX,AGE,HL-187422,2024-09-01,,ACTIVE,14829889,35.66,
B-C-00008,"Cannon, Heather",05/31/1947,(355) 555-0114,heather.cannon8@example.com,00389 Fleming Street,New Timothyfurt,DE,19996,3Q46TW3AP57,B-H-00007,B-P-00009,Northwind Health,H3036-023,MA,DE,AGE,NW-337316,01/01/25,,active,59893296,30.39,
B-C-00009,"Cannon, Dennis",27496,(355) 555-0114,dennis.cannon9@example.com,00389 Fleming Street,New Timothyfurt,DE,19996,3UU5JH6PX91,B-H-00007,B-P-00010,Harborline,H1547-020-003,MA,DE,DISABILITY,HL-714693,01/01/2024,,Active,59893296,58.35,
B-C-00010,"Johnson, James",01/15/1946,(578) 555-0151,,7908 Sloan Brook Apt. 872,Humphreyton,PA,17733,9FK0VY3PD33,B-H-00008,B-P-00011,Harborline,S4178-019,PDP,PA,AGE,HL-346945,2024-11-01,,ACTIVE,64493418,12.83,
B-C-00011,"Simon, Gabriella",06/19/1951,(981) 555-0135,gabriella.simon11@example.com,16934 Barbara Via Apt. 320,East Julie,CT,06546,3DD1TN4XK49,B-H-00009,B-P-00012,Harborline,H2522-003-001,MA,CT,AGE,HL-869959,12/01/24,,active,51446845,13.08,
B-C-00012,"Mejia, Joseph",04/24/1954,(287) 555-0132,joseph.mejia12@example.com,18304 Travis Mission Apt. 285,Hernandezland,OR,97729,5JQ9UA9JD70,B-H-00010,B-P-00013,Summit Health Plans,H4044-028,MA,OR,AGE,SH-795824,03/01/2026,,Active,43888211,16.40,
B-C-00013,"Mejia, Stephen",33154,(287) 555-0132,,18304 Travis Mission Apt. 285,Hernandezland,OR,97729,,B-H-00010,B-P-00014,Harborline,17955OR3645640,ACA,OR,,HL-576075,2024-01-01,,ACTIVE,43888211,368.08,
B-C-00014,"Morrison, Richard",38215,(640) 555-0180,richard.morrison14@example.com,68784 David Court Suite 558,Kariborough,CO,80675,,B-H-00011,B-P-00015,Meridian Care,18024CO9562914,ACA,CO,,MC-625001,01/01/24,,active,64493418,364.03,
B-C-00015,"Jennings, James",06/28/1946,(549) 555-0147,,41600 Patrick Terrace,Port Jimmy,DC,20241,6QA4W45DD99,B-H-00012,B-P-00016,Meridian Care,H5913-005,MA,DC,AGE,MC-223802,08/01/2024,,Active,24647567,10.83,
B-C-00016,"Smith, Stephen",01/18/1942,(271) 555-0152,stephen.smith16@example.com,12694 Aimee Rue,Rickeyburgh,DE,19937,4NG0D59UC75,B-H-00013,B-P-00017,Summit Health Plans,R4076-025,MA,DE,AGE,SH-778651,2024-08-01,,ACTIVE,59893296,48.56,
B-C-00017,"Smith, Katherine",24100,(798) 555-0169,katherine.smith17@example.com,12694 Aimee Rue,Rickeyburgh,DE,19937,5HA8EV3RJ29,B-H-00013,B-P-00018,Bluepeak,H5243-011,MA,DE,DISABILITY,BP-456809,01/01/24,,active,59893296,8.66,
B-C-00018,"Franklin, Madison",08/17/1943,(569) 555-0149,madison.franklin18@example.com,01337 Rogers Gateway Apt. 844,Thomasfort,MN,55129,5JJ0WA0JU00,B-H-00014,B-P-00019,Meridian Care,H4636-030,MA,MN,AGE,MC-547183,02/01/2025,,Active,94445646,30.93,
B-C-00019,"Shannon, Sarah",23078,(939) 555-0184,sarah.shannon19@example.com,18520 Harris Walk Apt. 670,Lake Heidibury,PA,16584,8J96X79YJ13,B-H-00015,B-P-00020,Summit Health Plans,H9807-028,MA,PA,DISABILITY,SH-161353,2023-06-01,,ACTIVE,50399119,31.17,
B-C-00020,"Franklin, Kylie",09/06/1934,(300) 555-0184,kylie.franklin20@example.com,06011 Johnson Ridges,West Joshua,WY,82471,9KJ2C36CR14,B-H-00016,B-P-00021,Summit Health Plans,H9807-025-003,MA,WY,AGE,SH-636772,12/01/24,,active,20671937,9.23,
B-C-00021,"Franklin, Colleen",21285,(300) 555-0184,colleen.franklin21@example.com,06011 Johnson Ridges,West Joshua,WY,82471,9YQ1P86FM78,B-H-00016,B-P-00022,Harborline,H2522-019,MA,WY,AGE,HL-196420,11/01/2025,,Active,20671937,47.72,
B-C-00023,"Li, Ralph",32278,(971) 555-0152,ralph.li23@example.com,17171 Andrew View,Tammyhaven,WY,82279,,B-H-00018,B-P-00025,Bluepeak,39473WY8859818,ACA,WY,,BP-703143,2026-01-01,,ACTIVE,91146902,278.51,
B-C-00024,"Li, Tyler",12/14/1937,(971) 555-0152,tyler.li24@example.com,17171 Andrew View,Tammyhaven,WY,82279,9MC2U75CX24,B-H-00018,B-P-00026,Summit Health Plans,R3913-019,MA,WY,AGE,SH-824878,08/01/22,,active,91146902,28.74,
B-C-00025,"Graves, Pamela",07/26/1945,(734) 555-0179,pamela.graves25@example.com,8654 Philip Mountains Apt. 874,Williamsborough,NE,69137,3NF4GH5FN60,B-H-00019,B-P-00027,Summit Health Plans,H9807-017,MA,NE,AGE,SH-847858,02/01/2025,,Active,94445646,25.68,
B-C-00026,"Graves, Jill",09/01/1938,(201) 555-0129,jill.graves26@example.com,8654 Philip Mountains Apt. 874,Williamsborough,NE,69137,9FE2VW8QY61,B-H-00019,B-P-00028,Meridian Care,H5913-016-003,MA,NE,AGE,MC-648417,2023-03-01,2024-05-31,TERMINATED,94445646,54.44,
B-C-00026,"Graves, Jill",09/01/1938,(201) 555-0129,jill.graves26@example.com,8654 Philip Mountains Apt. 874,Williamsborough,NE,69137,9FE2VW8QY61,B-H-00019,B-P-00029,Bluepeak,H5243-021,MA,NE,AGE,BP-884634,06/01/24,,active,94445646,11.59,
B-C-00027,"Daniels, Samuel",21309,(543) 555-0131,samuel.daniels27@example.com,868 Michael Prairie,Nicholaschester,ND,58042,9AF3N45EQ86,B-H-00020,B-P-00030,Cardinal Mutual,H7696-012-001,MA,ND,AGE,CM-955569,03/01/2025,03/31/2026,Terminated,93619366,25.32,
B-C-00027,"Daniels, Samuel",21309,(543) 555-0131,samuel.daniels27@example.com,868 Michael Prairie,Nicholaschester,ND,58042,9AF3N45EQ86,B-H-00020,B-P-00031,Bluepeak,H9161-012,MA,ND,AGE,BP-840477,2026-04-01,,ACTIVE,93619366,28.61,
B-C-00028,"Bailey, Lori",11/14/1933,(384) 555-0111,lori.bailey28@example.com,25634 Kristin Coves Suite 073,Port Samantha,GA,30405,6DD6WQ8NK87,B-H-00021,B-P-00032,Summit Health Plans,H9807-023,MA,GA,AGE,SH-546858,12/01/24,,active,26047628,24.38,
B-C-00029,"Simpson, Wesley",27130,(541) 555-0158,wesley.simpson29@example.com,4515 Laura Forge Apt. 655,Campbellville,CT,06678,,B-H-00022,B-P-00033,Summit Health Plans,75720CT6958214,ACA,CT,,SH-241409,01/01/2024,,Active,90228424,498.56,
B-C-00030,"Jackson, Alexis",21116,(805) 555-0149,alexis.jackson30@example.com,73420 Williamson Rapid,Edwardstad,DE,19755,3DE8WF4DY96,B-H-00023,B-P-00034,Harborline,S4178-021,PDP,DE,AGE,HL-373864,2025-04-01,,ACTIVE,59893296,77.19,
B-C-00031,"Duran, Lindsay",20344,(665) 555-0197,lindsay.duran31@example.com,85076 Rebecca Plaza Suite 082,Lawsonville,GA,30837,5WT4VN6GH78,B-H-00024,B-P-00035,Meridian Care,H4636-008-002,MA,GA,AGE,MC-679515,03/01/23,09/30/24,terminated,51446845,3.33,
B-C-00031,"Duran, Lindsay",20344,(665) 555-0197,lindsay.duran31@example.com,85076 Rebecca Plaza Suite 082,Lawsonville,GA,30837,5WT4VN6GH78,B-H-00024,B-P-00036,Cardinal Mutual,H7696-022,MA,GA,AGE,CM-353388,10/01/2024,,Active,51446845,20.29,
B-C-00032,"Vasquez, Jacqueline",11/03/1950,(755) 555-0158,,2451 Williams Shore Suite 145,Richardstown,NE,68411,1VQ2X85HF23,B-H-00025,B-P-00037,Cardinal Mutual,H5265-017,MA,NE,AGE,CM-629790,2024-11-01,,ACTIVE,91146902,12.00,
B-C-00033,"Vasquez, Annette",04/30/1934,(710) 555-0125,annette.vasquez33@example.com,2451 Williams Shore Suite 145,Richardstown,NE,68411,5XU1KM1PQ14,B-H-00025,B-P-00038,Northwind Health,N,MEDSUPP,NE,AGE,NW-814762,03/01/22,,active,91146902,187.06,
B-C-00033,"Vasquez, Annette",04/30/1934,(710) 555-0125,annette.vasquez33@example.com,2451 Williams Shore Suite 145,Richardstown,NE,68411,5XU1KM1PQ14,B-H-00025,B-P-00039,Northwind Health,S2942-002,PDP,NE,AGE,NW-825719,03/01/2022,,Active,91146902,46.65,
B-C-00034,"Griffin-Steele, Jesse",20791,(891) 555-0109,jesse.griffinsteele34@example.com,79223 Rodriguez Garden,Ryanfurt,NC,27615,7AU1J36XH00,B-H-00026,B-P-00040,Meridian Care,H5913-018,MA,NC,AGE,MC-660349,2024-03-01,,ACTIVE,67876966,20.74,
B-C-00035,"Steele, Wanda",10/10/1933,(235) 555-0177,wanda.steele35@example.com,79223 Rodriguez Garden,Ryanfurt,NC,27615,5GJ6FH3TF43,B-H-00026,B-P-00041,Meridian Care,L,MEDSUPP,NC,AGE,MC-407093,07/01/22,,active,67876966,91.15,
B-C-00035,"Steele, Wanda",10/10/1933,(235) 555-0177,wanda.steele35@example.com,79223 Rodriguez Garden,Ryanfurt,NC,27615,5GJ6FH3TF43,B-H-00026,B-P-00042,Meridian Care,S7287-008-001,PDP,NC,AGE,MC-345637,07/01/2022,,Active,67876966,47.12,
B-C-00036,"Watson, Seth",28799,(877) 555-0134,,16489 Alison Route,Karenland,CT,06967,8WC7H96XK59,B-H-00027,B-P-00043,Summit Health Plans,A,MEDSUPP,CT,ESRD,SH-267131,2022-06-01,,ACTIVE,14829889,210.60,
B-C-00036,"Watson, Seth",28799,(877) 555-0134,,16489 Alison Route,Karenland,CT,06967,8WC7H96XK59,B-H-00027,B-P-00044,Summit Health Plans,S4824-023-002,PDP,CT,ESRD,SH-189345,06/01/22,,active,14829889,57.47,
B-C-00037,"Williams, Richard",02/10/1944,(522) 555-0160,williams.family38@example.com,0837 Tiffany Creek Apt. 749,North Samuel,GA,30927,8KY9N98XH67,B-H-00028,B-P-00045,Harborline,S4178-010,PDP,GA,AGE,HL-517758,09/01/2025,,Active,26047628,29.23,
B-C-00038,"Williams, Victoria",05/06/1935,(522) 555-0160,williams.family38@example.com,0837 Tiffany Creek Apt. 749,North Samuel,GA,30927,3W14NU3XP94,B-H-00028,B-P-00046,Meridian Care,H5913-016,MA,GA,AGE,MC-725325,2023-08-01,2026-01-31,TERMINATED,26047628,58.77,
B-C-00038,"Williams, Victoria",05/06/1935,(522) 555-0160,williams.family38@example.com,0837 Tiffany Creek Apt. 749,North Samuel,GA,30927,3W14NU3XP94,B-H-00028,B-P-00047,Bluepeak,H5243-010,MA,GA,AGE,BP-638060,02/01/26,,active,26047628,40.49,
B-C-00039,"Bradford, Paul",09/13/1948,(620) 555-0102,paul.bradford39@example.com,3493 Ashley Key Apt. 496,South James,OR,97678,3C04PC9WA63,B-H-00029,B-P-00048,Bluepeak,H5243-002,MA,OR,AGE,BP-165851,05/01/2024,,Active,43888211,54.01,
B-C-00040,"Bradford, Ronnie",24527,(620) 555-0102,ronnie.bradford40@example.com,3493 Ashley Key Apt. 496,South James,OR,97678,,B-H-00029,B-P-00049,Summit Health Plans,75720OR3401539,ACA,OR,,SH-752691,2025-01-01,2025-12-31,TERMINATED,43888211,389.55,
B-C-00040,"Bradford, Ronnie",24527,(620) 555-0102,ronnie.bradford40@example.com,3493 Ashley Key Apt. 496,South James,OR,97678,,B-H-00029,B-P-00050,Harborline,17955OR0404293,ACA,OR,,HL-605579,01/01/26,,active,43888211,227.32,
B-C-00041,"Fritz, Jason",01/10/1949,(944) 555-0137,jason.fritz41@example.com,3353 Beasley Heights Suite 175,South Billyport,NV,89476,3E85AX1GD59,B-H-00030,B-P-00051,Harborline,H2522-014,MA,NV,AGE,HL-943036,04/01/2026,,Active,37947372,8.24,
B-C-00042,"Anderson, Brian",12/05/1937,(735) 555-0174,brian.anderson42@example.com,571 Kyle Springs,Lake Katelyn,TX,77335,4D07JC3JG49,B-H-00031,B-P-00052,Meridian Care,H4636-005,MA,TX,AGE,MC-500546,2023-10-01,2026-01-31,TERMINATED,50399119,22.83,
B-C-00042,"Anderson, Brian",12/05/1937,(735) 555-0174,brian.anderson42@example.com,571 Kyle Springs,Lake Katelyn,TX,77335,4D07JC3JG49,B-H-00031,B-P-00053,Harborline,H1547-012,MA,TX,AGE,HL-735042,02/01/26,,active,50399119,42.29,
B-C-00043,"Cook, Kathy",05/15/1952,(976) 555-0185,kathy.cook43@example.com,197 Delgado Bypass,Robertborough,AR,72001,6M01W22JR88,B-H-00032,B-P-00054,Cardinal Mutual,H5265-027-002,MA,AR,AGE,CM-656520,09/01/2023,,Active,98787777,1.32,
B-C-00044,"Murray, Jessica",02/29/1944,(232) 555-0114,jessica.murray44@example.com,2353 Hudson Gardens Suite 854,Levyfort,CT,06646,7T78PA7FA81,B-H-00033,B-P-00055,Cardinal Mutual,K,MEDSUPP,CT,AGE,CM-463432,2022-12-01,,ACTIVE,91146902,164.74,
B-C-00044,"Murray, Jessica",02/29/1944,(232) 555-0114,jessica.murray44@example.com,2353 Hudson Gardens Suite 854,Levyfort,CT,06646,7T78PA7FA81,B-H-00033,B-P-00056,Cardinal Mutual,S1849-008,PDP,CT,AGE,CM-641988,12/01/22,,active,91146902,17.74,
B-C-00045,"Porter, Steven",09/29/1952,(412) 555-0179,steven.porter45@example.com,3098 Flowers Crossing Suite 795,Danieltown,NE,68741,9NH2TG7QR98,B-H-00034,B-P-00057,Meridian Care,H5913-023,MA,NE,AGE,MC-240661,10/01/2022,,Active,94445646,32.29,
B-C-00046,"Hansen, Dana",21041,(497) 555-0191,dana.hansen46@example.com,6278 David Turnpike,South Adrianport,AZ,85192,8WJ8KU2HU00,B-H-00035,B-P-00058,Cardinal Mutual,H7696-027,MA,AZ,AGE,CM-186405,2024-11-01,,ACTIVE,9527070,32.59,
B-C-00047,"Blevins, Angelica",07/16/1934,(591) 555-0110,angelica.blevins47@example.com,103 Ellison Hollow Suite 299,South Timothymouth,WV,24990,2FQ6C88RX61,B-H-00036,B-P-00059,Harborline,H1547-030,MA,WV,AGE,HL-633101,10/01/23,,active,64493418,20.90,
B-C-00048,"Morgan-Willis, Katherine",03/03/1937,(516) 555-0122,katherine.morganwillis48@example.com,941 Perez Locks,Coopertown,NC,27065,3Q80MR9AE74,B-H-00037,B-P-00060,Meridian Care,N,MEDSUPP,NC,AGE,MC-687981,06/01/2025,,Active,93619366,97.37,Client prefers materials en español.
B-C-00048,"Morgan-Willis, Katherine",03/03/1937,(516) 555-0122,katherine.morganwillis48@example.com,941 Perez Locks,Coopertown,NC,27065,3Q80MR9AE74,B-H-00037,B-P-00061,Meridian Care,S4547-007,PDP,NC,AGE,MC-906779,2025-06-01,,ACTIVE,93619366,77.21,
B-C-00049,"Lee, Rodney",09/10/1945,(205) 555-0142,rodney.lee49@example.com,195 Melissa Light,West Bryanside,CO,80930,4H83GX9WR51,B-H-00038,B-P-00062,Meridian Care,K,MEDSUPP,CO,AGE,MC-697312,08/01/23,,active,49066206,209.39,
B-C-00049,"Lee, Rodney",09/10/1945,(205) 555-0142,rodney.lee49@example.com,195 Melissa Light,West Bryanside,CO,80930,4H83GX9WR51,B-H-00038,B-P-00063,Meridian Care,S7287-002-002,PDP,CO,AGE,MC-206804,08/01/2023,,Active,49066206,71.26,
B-C-00050,"Cook, Danielle",05/19/1945,(872) 555-0196,danielle.cook50@example.com,209 Misty Harbors Apt. 579,Robertsonborough,UT,84270,8AV8RM0RU56,B-H-00039,B-P-00064,Harborline,H2522-011-001,MA,UT,AGE,HL-411478,2026-11-01,,PENDING,45462976,11.56,
B-C-00051,"Rivas, Tara",21634,(320) 555-0160,,8455 Carolyn Islands Apt. 138,West Adam,NE,69308,1TQ1XE8EM98,B-H-00040,B-P-00065,Cardinal Mutual,H7696-017-003,MA,NE,AGE,CM-183658,05/01/25,,active,94445646,56.14,
B-C-00052,"Rivas, Adrienne",20668,(320) 555-0160,adrienne.rivas52@example.com,8455 Carolyn Islands Apt. 138,West Adam,NE,69308,4N26V91AW28,B-H-00040,B-P-00066,Bluepeak,G,MEDSUPP,NE,AGE,BP-682074,03/01/2025,,Active,94445646,239.14,
B-C-00052,"Rivas, Adrienne",20668,(320) 555-0160,adrienne.rivas52@example.com,8455 Carolyn Islands Apt. 138,West Adam,NE,69308,4N26V91AW28,B-H-00040,B-P-00067,Bluepeak,S2427-011,PDP,NE,AGE,BP-840307,2025-03-01,,ACTIVE,94445646,61.81,
B-C-00053,"Leonard, Jennifer",05/23/1937,(870) 555-0111,,047 Walker Wells Apt. 831,Davidside,NC,27665,6JW2XM4DX14,B-H-00041,B-P-00068,Summit Health Plans,B,MEDSUPP,NC,AGE,SH-310748,08/01/22,,active,93619366,204.95,
B-C-00053,"Leonard, Jennifer",05/23/1937,(870) 555-0111,,047 Walker Wells Apt. 831,Davidside,NC,27665,6JW2XM4DX14,B-H-00041,B-P-00069,Summit Health Plans,S1837-030,PDP,NC,AGE,SH-354796,08/01/2022,,Active,93619366,86.54,
B-C-00054,"Graham, David",12/11/1935,(850) 555-0101,david.graham54@example.com,17221 Townsend Spurs,Bethfort,VA,23213,8C62DP0EH43,B-H-00042,B-P-00070,Summit Health Plans,H9807-018,MA,VA,AGE,SH-276744,2022-05-01,,ACTIVE,98787777,26.19,
B-C-00055,"Sanchez, Sarah",08/10/1943,(253) 555-0162,sarah.sanchez55@example.com,8460 Ashley Coves,West Johnny,CT,06584,4XC3N56AF85,B-H-00043,B-P-00071,Bluepeak,H9161-005,MA,CT,AGE,BP-108451,02/01/26,,active,90228424,21.76,
B-C-00056,"Vega-Rowland, Thomas",20952,(607) 555-0173,thomas.vegarowland56@example.com,50614 Gonzalez Burg,East Danielle,DC,20343,8F03NX0YQ05,B-H-00044,B-P-00072,Cardinal Mutual,H5265-030,MA,DC,AGE,CM-102272,10/01/2025,,Active,75084135,54.75,
B-C-00057,"Dalton, Veronica",02/15/1946,(336) 555-0158,veronica.dalton57@example.com,86999 Kimberly Light,Kerrport,SD,57446,9EG9D64FW34,B-H-00045,B-P-00073,Meridian Care,S7287-027,PDP,SD,AGE,MC-857750,2024-02-01,,ACTIVE,49066206,66.27,
B-C-00058,"Dalton, Megan",04/29/1953,(578) 555-0183,megan.dalton58@example.com,86999 Kimberly Light,Kerrport,SD,57446,7V43QD7FH57,B-H-00045,B-P-00074,Harborline,N,MEDSUPP,SD,AGE,HL-858264,04/01/26,,active,49066206,274.95,
B-C-00058,"Dalton, Megan",04/29/1953,(578) 555-0183,megan.dalton58@example.com,86999 Kimberly Light,Kerrport,SD,57446,7V43QD7FH57,B-H-00045,B-P-00075,Harborline,S7610-012,PDP,SD,AGE,HL-848679,04/01/2026,,Active,49066206,48.44,
B-C-00059,"Wilson, Anthony",10/07/1946,(510) 555-0112,anthony.wilson59@example.com,818 Love Hollow Apt. 423,Michaelchester,ND,58127,6KV4GJ3CY57,B-H-00046,B-P-00076,Meridian Care,A,MEDSUPP,ND,AGE,MC-999349,2026-05-01,,ACTIVE,93619366,147.83,
B-C-00059,"Wilson, Anthony",10/07/1946,(510) 555-0112,anthony.wilson59@example.com,818 Love Hollow Apt. 423,Michaelchester,ND,58127,6KV4GJ3CY57,B-H-00046,B-P-00077,Meridian Care,S4547-014,PDP,ND,AGE,MC-282965,05/01/26,,active,93619366,10.10,
B-C-00060,"Wilson, Sean",20289,(575) 555-0171,sean.wilson60@example.com,818 Love Hollow Apt. 423,Michaelchester,ND,58127,9T79EW0XX83,B-H-00046,B-P-00078,Summit Health Plans,R3913-006-001,MA,ND,AGE,SH-970749,03/01/2024,,Active,93619366,38.62,
B-C-00061,"Combs, Jessica",23825,(782) 555-0151,jessica.combs61@example.com,7485 Reynolds Loop,Arthurfort,WY,83049,,B-H-00047,B-P-00079,Harborline,17955WY9909566,ACA,WY,,HL-231005,2025-01-01,2025-12-31,TERMINATED,20671937,785.43,
B-C-00061,"Combs, Jessica",23825,(782) 555-0151,jessica.combs61@example.com,7485 Reynolds Loop,Arthurfort,WY,83049,,B-H-00047,B-P-00080,Northwind Health,61006WY4463688,ACA,WY,,NW-392551,01/01/26,,active,20671937,508.65,Call after 2pm.
B-C-00063,"Bond, Jennifer",08/14/1937,(925) 555-0190,jennifer.bond63@example.com,91373 Richard Islands,North Nicole,AL,36323,5D68YG5WV31,B-H-00049,B-P-00083,Meridian Care,H5913-003,MA,AL,AGE,MC-281749,08/01/2024,,Active,67876966,20.56,Asked about dental add-ons at renewal.
B-C-00064,"Andrews, Christie",08/25/1937,(720) 555-0184,christie.andrews64@example.com,369 Mark Ridge,Jacobview,WV,25771,7F72XM9HW17,B-H-00050,B-P-00084,Summit Health Plans,H4044-019-002,MA,WV,AGE,SH-387046,2022-12-01,,ACTIVE,64493418,40.98,
B-C-00065,"Murray, David",33907,(825) 555-0145,david.murray65@example.com,248 Andrea Course,Port Robin,TX,78963,,B-H-00051,B-P-00085,Meridian Care,18024TX6998041,ACA,TX,,MC-649447,01/01/26,,active,14829889,390.58,
B-C-00066,"Garcia, Benjamin",22696,(526) 555-0168,benjamin.garcia66@example.com,24955 Melissa Tunnel,New Ashley,CO,80403,,B-H-00052,B-P-00086,Northwind Health,61006CO8847424,ACA,CO,,NW-806701,01/01/2024,,Active,59893296,896.01,
B-C-00067,"Garcia, Belinda",11/21/1948,(526) 555-0168,benjamin.garcia66@example.com,24955 Melissa Tunnel,New Ashley,CO,80403,8KC2YY0TD66,B-H-00052,B-P-00087,Harborline,H2522-016-003,MA,CO,AGE,HL-433067,2022-07-01,,ACTIVE,59893296,36.37,
B-C-00068,"Barrett, Theresa",12/05/1947,(311) 555-0102,theresa.barrett68@example.com,38656 Keith Well Apt. 201,East Jenniferfort,NE,68139,4MJ9GN2YN96,B-H-00053,B-P-00088,Northwind Health,H3064-019-001,MA,NE,AGE,NW-581496,06/01/24,02/28/26,terminated,94445646,36.45,
B-C-00068,"Barrett, Theresa",12/05/1947,(311) 555-0102,theresa.barrett68@example.com,38656 Keith Well Apt. 201,East Jenniferfort,NE,68139,4MJ9GN2YN96,B-H-00053,B-P-00089,Summit Health Plans,R3913-026,MA,NE,AGE,SH-129823,03/01/2026,,Active,94445646,32.57,
B-C-00069,"Lopez, Joshua",24566,(249) 555-0123,joshua.lopez69@example.com,41436 Thomas Tunnel,Lake Jessicaburgh,SD,57531,,B-H-00054,B-P-00090,Meridian Care,18024SD8061502,ACA,SD,,MC-908720,2025-01-01,,ACTIVE,49066206,240.08,
B-C-00070,"Lopez, Melissa",01/24/1940,(428) 555-0136,melissa.lopez70@example.com,41436 Thomas Tunnel,Lake Jessicaburgh,SD,57531,4A24N84EW40,B-H-00054,B-P-00091,Harborline,H1547-018,MA,SD,AGE,HL-848611,06/01/25,,active,49066206,22.35,
B-C-00071,"Smith, Michael",34455,(804) 555-0163,michael.smith71@example.com,563 Edward Mission,Roseton,CO,80150,,B-H-00055,B-P-00092,Meridian Care,18024CO5868941,ACA,CO,,MC-324740,01/01/2025,12/31/2025,Terminated,49066206,469.52,
B-C-00071,"Smith, Michael",34455,(804) 555-0163,michael.smith71@example.com,563 Edward Mission,Roseton,CO,80150,,B-H-00055,B-P-00093,Northwind Health,61006CO5393840,ACA,CO,,NW-190018,2026-01-01,,ACTIVE,49066206,389.60,
B-C-00072,"Schmitt, Anthony",34438,(243) 555-0153,anthony.schmitt72@example.com,8536 Adrienne Port,West Michaelport,DC,20256,,B-H-00056,B-P-00094,Meridian Care,18024DC1221998,ACA,DC,,MC-473857,01/01/25,,active,24647567,356.34,
B-C-00073,"Smith, Darryl",20305,(830) 555-0133,darryl.smith73@example.com,209 Rogers Viaduct,South Christopherborough,OK,73633,1JM7VF0HR34,B-H-00057,B-P-00095,Northwind Health,H3036-015,MA,OK,AGE,NW-147614,04/01/2026,,Active,81157097,29.44,
B-C-00074,"Carter, Tina",08/22/1943,(831) 555-0171,tina.carter74@example.com,8631 Yu Glen,South Morganfurt,CA,93421,4ED7VR0NT76,B-H-00058,B-P-00096,Meridian Care,H4636-021-002,MA,CA,AGE,MC-576948,2025-05-01,,ACTIVE,50399119,48.12,
B-C-00075,"Carter, Christian",35143,(584) 555-0121,christian.carter75@example.com,8631 Yu Glen,South Morganfurt,CA,93421,,B-H-00058,B-P-00097,Harborline,17955CA1711314,ACA,CA,,HL-158373,01/01/24,,active,50399119,869.32,
B-C-00076,"Smith, Gina",23442,(730) 555-0151,gina.smith76@example.com,47644 Jackson Hill,Lake Zacharyberg,CT,06341,,B-H-00059,B-P-00098,Summit Health Plans,75720CT6658186,ACA,CT,,SH-948978,01/01/2024,,Active,14829889,535.56,
B-C-00077,"Smith-Ford, Christopher",06/12/1950,(247) 555-0126,christopher.smithford77@example.com,47644 Jackson Hill,Lake Zacharyberg,CT,06341,4G75HU6NT69,B-H-00059,B-P-00099,Bluepeak,H5243-025-002,MA,CT,AGE,BP-688337,2025-05-01,,ACTIVE,14829889,58.98,
B-C-00078,"Mcdaniel, Dustin",03/15/1945,(680) 555-0169,dustin.mcdaniel78@example.com,7199 Anderson Street Suite 406,East Monica,WY,82109,5FP7FT7RV69,B-H-00060,B-P-00100,Summit Health Plans,H4044-008,MA,WY,AGE,SH-436434,10/01/22,,active,91146902,5.14,
B-C-00079,"Mcdaniel, Frank",09/05/1951,(918) 555-0186,frank.mcdaniel79@example.com,7199 Anderson Street Suite 406,East Monica,WY,82109,5V55DR5GX27,B-H-00060,B-P-00101,Cardinal Mutual,H5265-011,MA,WY,AGE,CM-238890,07/01/2024,,Active,91146902,45.69,
B-C-00081,"Russell, Mitchell",22132,(524) 555-0176,mitchell.russell81@example.com,31234 Kimberly Meadows,Elliottton,NC,27879,5CY0YG4VP27,B-H-00061,B-P-00103,Cardinal Mutual,S6685-015,PDP,NC,AGE,CM-330219,2025-09-01,,ACTIVE,93619366,84.47,
B-C-00082,"Russell, Robert",12/13/1948,(524) 555-0176,,31234 Kimberly Meadows,Elliottton,NC,27879,3NM3QR9WP99,B-H-00061,B-P-00104,Northwind Health,H3036-018,MA,NC,AGE,NW-703348,07/01/22,,active,93619366,21.95,
B-C-00083,"Webb, Chase",05/31/1951,(268) 555-0181,chase.webb83@example.com,3379 Hoffman Pine,Ortizview,WY,82616,9M39UJ0PC76,B-H-00062,B-P-00105,Cardinal Mutual,H7696-014-001,MA,WY,AGE,CM-118672,11/01/2023,,Active,20671937,33.08,
B-C-00084,"Ellison, Michael",27415,(638) 555-0137,,6004 Zachary Hollow Apt. 433,Andrewview,PA,16836,,B-H-00063,B-P-00106,Meridian Care,18024PA7441678,ACA,PA,,MC-241887,2024-01-01,,ACTIVE,91146902,778.56,
B-C-00085,"Ellison, William",06/20/1934,(525) 555-0133,william.ellison85@example.com,6004 Zachary Hollow Apt. 433,Andrewview,PA,16836,9CU7EE3CQ21,B-H-00063,B-P-00107,Summit Health Plans,H4044-027,MA,PA,AGE,SH-417925,01/01/24,,active,91146902,53.20,
B-C-00086,"Curtis, Christopher",34468,(346) 555-0111,christopher.curtis86@example.com,4235 Joseph Lights,Port Justinview,WV,25401,,B-H-00064,B-P-00108,Harborline,17955WV2123214,ACA,WV,,HL-244037,01/01/2025,12/31/2025,Terminated,75084135,173.66,
B-C-00086,"Curtis, Christopher",34468,(346) 555-0111,christopher.curtis86@example.com,4235 Joseph Lights,Port Justinview,WV,25401,,B-H-00064,B-P-00109,Meridian Care,18024WV0178838,ACA,WV,,MC-737556,2026-01-01,,ACTIVE,75084135,863.52,
B-C-00087,"Curtis, Brandy",12/18/1952,(346) 555-0111,brandy.curtis87@example.com,4235 Joseph Lights,Port Justinview,WV,25401,7UT6XF1XE05,B-H-00064,B-P-00110,Meridian Care,G,MEDSUPP,WV,AGE,MC-491991,06/01/23,,active,75084135,240.37,
B-C-00087,"Curtis, Brandy",12/18/1952,(346) 555-0111,brandy.curtis87@example.com,4235 Joseph Lights,Port Justinview,WV,25401,7UT6XF1XE05,B-H-00064,B-P-00111,Meridian Care,S7287-008,PDP,WV,AGE,MC-260367,06/01/2023,,Active,75084135,79.78,
B-C-00088,"Curtis, Adam",07/14/1937,(696) 555-0112,adam.curtis88@example.com,4235 Joseph Lights,Port Justinview,WV,25401,1AX3P19GG53,B-H-00064,B-P-00112,Meridian Care,H5913-029,MA,WV,AGE,MC-776161,2025-12-01,,ACTIVE,75084135,19.95,
B-C-00089,"Arnold, Ronald",21286,(298) 555-0142,ronald.arnold89@example.com,640 Matthew Curve,Evanmouth,OR,97248,8AR2Y86GC15,B-H-00065,B-P-00113,Cardinal Mutual,H7696-029,MA,OR,AGE,CM-293109,12/01/24,02/28/26,terminated,9527070,54.68,
B-C-00089,"Arnold, Ronald",21286,(298) 555-0142,ronald.arnold89@example.com,640 Matthew Curve,Evanmouth,OR,97248,8AR2Y86GC15,B-H-00065,B-P-00114,Summit Health Plans,H9807-024,MA,OR,AGE,SH-486210,03/01/2026,,Active,9527070,13.94,
B-C-00090,"Arnold, Erin",11/16/1945,(419) 555-0149,erin.arnold90@example.com,640 Matthew Curve,Evanmouth,OR,97248,5QV0TV4QJ87,B-H-00065,B-P-00115,Meridian Care,G,MEDSUPP,OR,AGE,MC-562146,2026-03-01,,ACTIVE,9527070,160.46,
B-C-00090,"Arnold, Erin",11/16/1945,(419) 555-0149,erin.arnold90@example.com,640 Matthew Curve,Evanmouth,OR,97248,5QV0TV4QJ87,B-H-00065,B-P-00116,Meridian Care,S7287-023-002,PDP,OR,AGE,MC-235276,03/01/26,,active,9527070,7.29,
B-C-00091,"Solis, James",21880,(670) 555-0124,james.solis91@example.com,83256 Harrington Bypass,North Rebeccamouth,AR,71882,5WN0K65EQ73,B-H-00066,B-P-00117,Meridian Care,H5913-021-003,MA,AR,AGE,MC-404918,01/01/2026,,Active,93619366,32.55,
B-C-00092,"Solis, Christopher",04/23/1944,(530) 555-0106,christopher.solis92@example.com,83256 Harrington Bypass,North Rebeccamouth,AR,71882,4XT1WN8RU16,B-H-00066,B-P-00118,Meridian Care,R4076-017-003,MA,AR,AGE,MC-171299,2026-05-01,,ACTIVE,93619366,6.29,
B-C-00093,"Nelson, Megan",05/30/1948,(860) 555-0125,megan.nelson93@example.com,987 Cassie Village,Port Timothy,VT,05876,8K39RJ3UX22,B-H-00067,B-P-00119,Bluepeak,R6570-020,MA,VT,AGE,BP-940762,06/01/25,,active,84583776,54.10,
B-C-00094,"Reed, Pam",06/28/1937,(850) 555-0198,pam.reed94@example.com,7980 Marissa Park Suite 668,Nicolestad,MA,01458,2W91NK5GE18,B-H-00068,B-P-00120,Summit Health Plans,H4044-018,MA,MA,AGE,SH-244024,11/01/2024,,Active,75084135,55.78,
B-C-00095,"Ortiz-Gonzalez, Bobby",12/31/1945,(930) 555-0163,bobby.ortizgonzalez95@example.com,23979 Theresa Summit Apt. 787,Morrisstad,CO,81257,1GN1NH8QK26,B-H-00069,B-P-00121,Bluepeak,H5243-001,MA,CO,AGE,BP-981520,2022-01-01,,ACTIVE,49066206,28.10,
B-C-00096,"Ortiz, Jessica",08/28/1944,(899) 555-0183,jessica.ortiz96@example.com,23979 Theresa Summit Apt. 787,Morrisstad,CO,81257,1YP0CG2JW46,B-H-00069,B-P-00122,Summit Health Plans,R3913-007-001,MA,CO,AGE,SH-561033,03/01/22,,active,49066206,13.48,
B-C-00097,"Ortiz, Donna",21516,(208) 555-0131,donna.ortiz97@example.com,23979 Theresa Summit Apt. 787,Morrisstad,CO,81257,8F57CX9EG94,B-H-00069,B-P-00123,Bluepeak,S2427-023,PDP,CO,AGE,BP-152926,05/01/2024,,Active,49066206,29.58,
B-C-00098,"Moore, Elizabeth",04/02/1941,(354) 555-0112,elizabeth.moore98@example.com,62216 Kristina Lights,Arnoldmouth,KY,40921,1M26R60QJ82,B-H-00070,B-P-00124,Northwind Health,H3036-013-001,MA,KY,AGE,NW-786716,2022-06-01,,ACTIVE,43888211,2.41,
B-C-00099,"Wagner, Cynthia",10/24/1935,(710) 555-0129,cynthia.wagner99@example.com,83896 Jason Orchard,Mcculloughland,FL,33297,3C62WQ1FF32,B-H-00071,B-P-00125,Bluepeak,H9161-027,MA,FL,AGE,BP-378553,04/01/24,,active,90228424,58.72,Asked about dental add-ons at renewal.
B-C-00100,"Wagner, Gary",06/13/1950,(710) 555-0129,gary.wagner100@example.com,83896 Jason Orchard,Mcculloughland,FL,33297,4WG6XJ7HM69,B-H-00071,B-P-00126,Summit Health Plans,H9807-028,MA,FL,AGE,SH-385237,07/01/2023,,Active,90228424,17.61,
B-C-00101,"Williams, Monica",08/21/1951,(862) 555-0140,monica.williams101@example.com,067 John Mountain,West Christopher,PA,16024,2UN3FF7YY75,B-H-00072,B-P-00127,Summit Health Plans,H9807-010,MA,PA,AGE,SH-522647,2026-11-01,,PENDING,91146902,41.61,
B-C-00102,"Martin, Sheryl",03/24/1940,(854) 555-0145,sheryl.martin102@example.com,1743 Kevin Ville Suite 023,Staceyburgh,KY,41752,7CJ2J17AE40,B-H-00073,B-P-00128,Northwind Health,H3064-018,MA,KY,AGE,NW-619643,08/01/24,07/31/25,terminated,43888211,4.68,
B-C-00102,"Martin, Sheryl",03/24/1940,(854) 555-0145,sheryl.martin102@example.com,1743 Kevin Ville Suite 023,Staceyburgh,KY,41752,7CJ2J17AE40,B-H-00073,B-P-00129,Summit Health Plans,H4044-001,MA,KY,AGE,SH-302104,08/01/2025,,Active,43888211,48.08,
B-C-00103,"Ramos, Nicholas",01/08/1941,(208) 555-0142,nicholas.ramos103@example.com,89156 Lopez Harbors,Crawfordfort,RI,02865,5F85AT4JV20,B-H-00074,B-P-00130,Meridian Care,A,MEDSUPP,RI,AGE,MC-640636,2023-06-01,,ACTIVE,37947372,215.98,
B-C-00103,"Ramos, Nicholas",01/08/1941,(208) 555-0142,nicholas.ramos103@example.com,89156 Lopez Harbors,Crawfordfort,RI,02865,5F85AT4JV20,B-H-00074,B-P-00131,Meridian Care,S7287-005-002,PDP,RI,AGE,MC-344916,06/01/23,,active,37947372,33.32,
B-C-00105,"Rowe, Dylan",04/02/1954,(606) 555-0184,dylan.rowe105@example.com,20024 Palmer Run,Larryside,CT,06739,5E67EP9MX73,B-H-00076,B-P-00134,Northwind Health,R6531-014,MA,CT,AGE,NW-290917,12/01/2025,,Active,51446845,59.07,
B-C-00106,"Rowe, William",06/23/1938,(520) 555-0137,william.rowe106@example.com,20024 Palmer Run,Larryside,CT,06739,4FU5RA1EH26,B-H-00076,B-P-00135,Cardinal Mutual,S6685-020,PDP,CT,AGE,CM-871666,2025-09-01,,ACTIVE,51446845,64.51,
B-C-00107,"Higgins, Sherry",29832,(658) 555-0147,sherry.higgins107@example.com,82209 Gonzalez Courts Suite 265,Elizabethside,AZ,85214,,B-H-00077,B-P-00136,Bluepeak,39473AZ0085928,ACA,AZ,,BP-891289,01/01/25,12/31/25,terminated,14829889,510.68,
B-C-00107,"Higgins, Sherry",29832,(658) 555-0147,sherry.higgins107@example.com,82209 Gonzalez Courts Suite 265,Elizabethside,AZ,85214,,B-H-00077,B-P-00137,Northwind Health,61006AZ0913474,ACA,AZ,,NW-663938,01/01/2026,,Active,14829889,389.59,
B-C-00108,"Sanchez, Susan",10/07/1944,(956) 555-0175,susan.sanchez108@example.com,8460 Ashley Coves,West Johnny,CT,06584,1NN7UX7YW36,B-H-00078,B-P-00138,Harborline,H1547-025,MA,CT,AGE,HL-752028,2025-08-01,,ACTIVE,20671937,15.55,
B-C-00109,"Gonzalez, Hunter",01/08/1944,(514) 555-0185,hunter.gonzalez109@example.com,4929 Orr Lodge,Port Jayton,WV,26047,1N45JK0PA89,B-H-00079,B-P-00139,Summit Health Plans,K,MEDSUPP,WV,AGE,SH-115278,01/01/24,,active,69777236,269.84,
B-C-00109,"Gonzalez, Hunter",01/08/1944,(514) 555-0185,hunter.gonzalez109@example.com,4929 Orr Lodge,Port Jayton,WV,26047,1N45JK0PA89,B-H-00079,B-P-00140,Summit Health Plans,S4824-003,PDP,WV,AGE,SH-376195,01/01/2024,,Active,69777236,84.70,
B-C-00110,"Gonzalez, Melissa",20338,(514) 555-0185,melissa.gonzalez110@example.com,4929 Orr Lodge,Port Jayton,WV,26047,6MY9RV6NC21,B-H-00079,B-P-00141,Northwind Health,H3064-011,MA,WV,AGE,NW-215330,2023-02-01,2026-01-31,TERMINATED,69777236,52.40,
B-C-00110,"Gonzalez, Melissa",20338,(514) 555-0185,melissa.gonzalez110@example.com,4929 Orr Lodge,Port Jayton,WV,26047,6MY9RV6NC21,B-H-00079,B-P-00142,Cardinal Mutual,H7696-030,MA,WV,AGE,CM-397174,02/01/26,,active,69777236,15.53,
B-C-00111,"Williams, Emma",21626,(262) 555-0175,emma.williams111@example.com,254 Kyle Crossing Apt. 854,Lauraview,LA,70521,9R41UN4EV27,B-H-00080,B-P-00143,Northwind Health,H3064-021,MA,LA,AGE,NW-615925,04/01/2024,05/31/2025,Terminated,26047628,52.90,
B-C-00111,"Williams, Emma",21626,(262) 555-0175,emma.williams111@example.com,254 Kyle Crossing Apt. 854,Lauraview,LA,70521,9R41UN4EV27,B-H-00080,B-P-00144,Cardinal Mutual,H5265-003,MA,LA,AGE,CM-602538,2025-06-01,,ACTIVE,26047628,6.04,
B-C-00112,"Zimmerman, Katie",01/25/1952,(449) 555-0136,katie.zimmerman112@example.com,269 Paul Overpass,Floresbury,DE,19857,5DU4WT5WH09,B-H-00081,B-P-00145,Cardinal Mutual,H7696-018-001,MA,DE,AGE,CM-243240,05/01/23,,active,59893296,25.40,
B-C-00113,"Zimmerman, Tanya",21285,(449) 555-0136,tanya.zimmerman113@example.com,269 Paul Overpass,Floresbury,DE,19857,6P48A67YE11,B-H-00081,B-P-00146,Northwind Health,H3064-022,MA,DE,AGE,NW-575921,06/01/2024,12/31/2025,Terminated,59893296,11.40,
B-C-00113,"Zimmerman, Tanya",21285,(449) 555-0136,tanya.zimmerman113@example.com,269 Paul Overpass,Floresbury,DE,19857,6P48A67YE11,B-H-00081,B-P-00147,Cardinal Mutual,H7696-005,MA,DE,AGE,CM-155234,2026-01-01,,ACTIVE,59893296,9.09,
B-C-00114,"Mcdonald, Kenneth",07/19/1954,(293) 555-0150,kenneth.mcdonald114@example.com,1678 Lisa Vista Suite 988,Kingview,OK,73969,2R29J10MQ14,B-H-00082,B-P-00148,Bluepeak,R6570-011-003,MA,OK,AGE,BP-982529,10/01/24,,active,81157097,50.14,Prefers mail over phone.
B-C-00115,"Mcdonald, Stacey",01/09/1936,(293) 555-0150,,1678 Lisa Vista Suite 988,Kingview,OK,73969,9KR9VR6VQ69,B-H-00082,B-P-00149,Northwind Health,H3036-021-002,MA,OK,AGE,NW-596274,05/01/2025,,Active,81157097,35.57,
B-C-00116,"Foster, Ashley",01/06/1938,(657) 555-0100,ashley.foster116@example.com,34414 Hunter Islands,North Ginamouth,DE,19863,7UC4RW6DD14,B-H-00083,B-P-00150,Bluepeak,H9161-028-002,MA,DE,AGE,BP-272120,2026-03-01,,ACTIVE,59893296,11.46,
B-C-00117,"West, Ryan",26613,(526) 555-0144,ryan.west117@example.com,9581 Orozco Mall,Wilsonstad,NJ,07886,,B-H-00084,B-P-00151,Northwind Health,61006NJ4396058,ACA,NJ,,NW-922681,01/01/26,,active,75084135,535.80,Asked about dental add-ons at renewal.
B-C-00118,"Becker, Ralph",25104,(705) 555-0138,ralph.becker118@example.com,7433 Tran Squares Apt. 279,Guerraville,NM,87725,,B-H-00085,B-P-00152,Harborline,17955NM2409320,ACA,NM,,HL-922396,01/01/2024,,Active,67876966,885.18,
B-C-00119,"Martinez, Daniel",20864,(421) 555-0155,daniel.martinez119@example.com,1256 Lewis Forks,Rodriguezmouth,SD,57026,2UG6VC8AV15,B-H-00086,B-P-00153,Bluepeak,G,MEDSUPP,SD,AGE,BP-946722,2023-12-01,,ACTIVE,14829889,232.61,
B-C-00119,"Martinez, Daniel",20864,(421) 555-0155,daniel.martinez119@example.com,1256 Lewis Forks,Rodriguezmouth,SD,57026,2UG6VC8AV15,B-H-00086,B-P-00154,Bluepeak,S7317-013,PDP,SD,AGE,BP-402862,12/01/23,,active,14829889,76.54,
B-C-00120,"Phillips, Kevin",04/12/1940,(618) 555-0142,kevin.phillips120@example.com,1698 Kelley Parkways,Meltonmouth,SD,57257,3E43NC1EJ44,B-H-00087,B-P-00155,Harborline,H2522-002-003,MA,SD,AGE,HL-998759,04/01/2025,,Active,49066206,48.97,
B-C-00121,"Phillips, Keith",26871,(618) 555-0142,,1698 Kelley Parkways,Meltonmouth,SD,57257,,B-H-00087,B-P-00156,Bluepeak,39473SD5248379,ACA,SD,,BP-815068,2025-01-01,2025-12-31,TERMINATED,49066206,762.07,
B-C-00121,"Phillips, Keith",26871,(618) 555-0142,,1698 Kelley Parkways,Meltonmouth,SD,57257,,B-H-00087,B-P-00157,Summit Health Plans,75720SD9594668,ACA,SD,,SH-568755,01/01/26,,active,49066206,570.00,Asked about dental add-ons at renewal.
B-C-00122,"Suarez, Jennifer",07/04/1937,(600) 555-0156,jennifer.suarez122@example.com,858 Melissa Stravenue,North Justinton,NC,28403,6M26TN9DM99,B-H-00088,B-P-00158,Summit Health Plans,G,MEDSUPP,NC,AGE,SH-626273,06/01/2023,,Active,98787777,248.34,
B-C-00122,"Suarez, Jennifer",07/04/1937,(600) 555-0156,jennifer.suarez122@example.com,858 Melissa Stravenue,North Justinton,NC,28403,6M26TN9DM99,B-H-00088,B-P-00159,Summit Health Plans,S4824-030,PDP,NC,AGE,SH-849885,2023-06-01,,ACTIVE,98787777,40.04,
B-C-00123,"Cline, Donna",12/09/1941,(257) 555-0109,donna.cline123@example.com,32902 Donald Mountains,North Caitlynborough,GA,30933,5UR0XR0RK72,B-H-00089,B-P-00160,Harborline,R7629-014-002,MA,GA,AGE,HL-220601,07/01/24,06/30/25,terminated,51446845,52.94,
B-C-00123,"Cline, Donna",12/09/1941,(257) 555-0109,donna.cline123@example.com,32902 Donald Mountains,North Caitlynborough,GA,30933,5UR0XR0RK72,B-H-00089,B-P-00161,Bluepeak,H9161-014-001,MA,GA,AGE,BP-917748,07/01/2025,,Active,51446845,55.15,
B-C-00124,"Cline, Bruce",09/23/1949,(685) 555-0194,bruce.cline124@example.com,32902 Donald Mountains,North Caitlynborough,GA,30933,5JR2A51YQ53,B-H-00089,B-P-00162,Meridian Care,G,MEDSUPP,GA,AGE,MC-545686,2024-02-01,,ACTIVE,51446845,118.73,
B-C-00124,"Cline, Bruce",09/23/1949,(685) 555-0194,bruce.cline124@example.com,32902 Donald Mountains,North Caitlynborough,GA,30933,5JR2A51YQ53,B-H-00089,B-P-00163,Meridian Care,S7287-027,PDP,GA,AGE,MC-366060,02/01/24,,active,51446845,62.29,Asked about dental add-ons at renewal.
B-C-00125,"Frank, Dale",03/09/1934,(448) 555-0144,dale.frank125@example.com,39304 Ryan Junction Apt. 802,Curtisport,NC,28362,1NJ6R87VH20,B-H-00090,B-P-00164,Cardinal Mutual,N,MEDSUPP,NC,AGE,CM-802270,08/01/2022,,Active,93619366,156.91,
B-C-00125,"Frank, Dale",03/09/1934,(448) 555-0144,dale.frank125@example.com,39304 Ryan Junction Apt. 802,Curtisport,NC,28362,1NJ6R87VH20,B-H-00090,B-P-00165,Cardinal Mutual,S1849-012,PDP,NC,AGE,CM-753408,2022-08-01,,ACTIVE,93619366,66.58,
B-C-00126,"Frank, Andrew",11/02/1951,(342) 555-0165,,39304 Ryan Junction Apt. 802,Curtisport,NC,28362,7V85DJ3GR73,B-H-00090,B-P-00166,Northwind Health,F,MEDSUPP,NC,AGE,NW-809244,11/01/23,,active,93619366,219.74,
B-C-00126,"Frank, Andrew",11/02/1951,(342) 555-0165,,39304 Ryan Junction Apt. 802,Curtisport,NC,28362,7V85DJ3GR73,B-H-00090,B-P-00167,Northwind Health,S2942-030,PDP,NC,AGE,NW-379327,11/01/2023,,Active,93619366,74.18,
B-C-00128,"Carter, Amanda",24002,(976) 555-0156,amanda.carter128@example.com,4416 Austin Cove,Haleymouth,DE,19753,,B-H-00092,B-P-00170,Meridian Care,18024DE1420603,ACA,DE,,MC-413893,2024-01-01,,ACTIVE,59893296,348.39,
B-C-00129,"Carter, Amanda",07/16/1936,(473) 555-0192,amanda.carter129@example.com,4416 Austin Cove,Haleymouth,DE,19753,9F17XC2XK17,B-H-00092,B-P-00171,Northwind Health,H3064-025-003,MA,DE,AGE,NW-767239,12/01/24,11/30/25,terminated,59893296,2.54,
B-C-00129,"Carter, Amanda",07/16/1936,(473) 555-0192,amanda.carter129@example.com,4416 Austin Cove,Haleymouth,DE,19753,9F17XC2XK17,B-H-00092,B-P-00172,Harborline,H2522-030,MA,DE,AGE,HL-531802,12/01/2025,,Active,59893296,16.60,
B-C-00130,"West, Teresa",35464,(256) 555-0166,teresa.west130@example.com,063 Hill Cliffs Suite 452,Heathermouth,NV,89492,,B-H-00093,B-P-00173,Harborline,17955NV6003263,ACA,NV,,HL-100998,2025-01-01,,ACTIVE,45462976,614.02,
B-C-00131,"Woods, Charles",01/25/1938,(485) 555-0153,charles.woods131@example.com,7312 Tran Road Apt. 228,Port Kathleen,RI,02874,4GH8EF8DT18,B-H-00094,B-P-00174,Summit Health Plans,S4824-003,PDP,RI,AGE,SH-887550,05/01/23,,active,37947372,51.84,
B-C-00132,"Brown, Jennifer",11/08/1936,(647) 555-0161,jennifer.brown132@example.com,2629 Mark River Apt. 876,Lake Curtis,KY,40654,3PA4CG5WY88,B-H-00095,B-P-00175,Northwind Health,H3036-005,MA,KY,AGE,NW-539400,07/01/2023,,Active,81157097,54.06,
B-C-00133,"Myers, Andrew",21922,(961) 555-0163,andrew.myers133@example.com,459 Emily Falls Suite 420,South James,DC,20077,8M11NY8DT57,B-H-00096,B-P-00176,Meridian Care,H4636-003,MA,DC,AGE,MC-712113,2026-03-01,,ACTIVE,24647567,0.30,
B-C-00134,"Myers, Aaron",34367,(961) 555-0163,aaron.myers134@example.com,459 Emily Falls Suite 420,South James,DC,20077,,B-H-00096,B-P-00177,Meridian Care,18024DC5367947,ACA,DC,,MC-864059,01/01/24,,active,24647567,546.06,
B-C-00135,"Williams, Mary",11/03/1952,(204) 555-0163,mary.williams135@example.com,302 Sherman Forge,Lake James,RI,02840,8WD3AA7RT07,B-H-00097,B-P-00178,Harborline,N,MEDSUPP,RI,AGE,HL-298944,03/01/2026,,Active,37947372,121.90,
B-C-00135,"Williams, Mary",11/03/1952,(204) 555-0163,mary.williams135@example.com,302 Sherman Forge,Lake James,RI,02840,8WD3AA7RT07,B-H-00097,B-P-00179,Harborline,S7610-017,PDP,RI,AGE,HL-730648,2026-03-01,,ACTIVE,37947372,72.25,
B-C-00136,"Williams, Elizabeth",03/08/1944,(204) 555-0163,elizabeth.williams136@example.com,302 Sherman Forge,Lake James,RI,02840,9NV8U97EQ25,B-H-00097,B-P-00180,Meridian Care,H4636-026,MA,RI,AGE,MC-629204,03/01/23,,active,37947372,57.11,
B-C-00137,"Woods, Amy",27465,(950) 555-0174,amy.woods137@example.com,7222 Ronald Manor,North Frankshire,SD,57418,,B-H-00098,B-P-00181,Harborline,17955SD3185160,ACA,SD,,HL-387247,01/01/2024,,Active,14829889,437.47,
B-C-00138,"Jackson, Christian",11/13/1944,(220) 555-0142,christian.jackson138@example.com,50455 Thomas Pines,Knightburgh,GA,31212,5PP8W94PA61,B-H-00099,B-P-00182,Northwind Health,H3036-029,MA,GA,AGE,NW-291459,2024-07-01,,ACTIVE,26047628,50.10,
B-C-00139,"Jackson, Amy",32337,(220) 555-0142,,50455 Thomas Pines,Knightburgh,GA,31212,,B-H-00099,B-P-00183,Meridian Care,18024GA9119161,ACA,GA,,MC-159873,01/01/24,,active,26047628,821.19,
B-C-00140,"Hudson, Howard",05/28/1940,(340) 555-0150,howard.hudson140@example.com,537 Denise Walks,East Gabriel,WY,82971,7U97X15QM06,B-H-00100,B-P-00184,Meridian Care,H5913-008,MA,WY,AGE,MC-223001,03/01/2022,,Active,20671937,23.34,
B-C-00141,"Cervantes, Timothy",01/23/1939,(638) 555-0140,timothy.cervantes141@example.com,3687 Lee Mount,Port Markton,NV,89770,8T74UT1YN73,B-H-00101,B-P-00185,Cardinal Mutual,H7696-014,MA,NV,AGE,CM-267925,2023-03-01,2025-08-31,TERMINATED,45462976,49.95,
B-C-00141,"Cervantes, Timothy",01/23/1939,(638) 555-0140,timothy.cervantes141@example.com,3687 Lee Mount,Port Markton,NV,89770,8T74UT1YN73,B-H-00101,B-P-00186,Meridian Care,H5913-006-002,MA,NV,AGE,MC-620821,09/01/25,,active,45462976,29.12,
B-C-00142,"Cervantes, Beth",03/31/1945,(710) 555-0149,beth.cervantes142@example.com,3687 Lee Mount,Port Markton,NV,89770,4NK8Y74DG78,B-H-00101,B-P-00187,Cardinal Mutual,S6685-023,PDP,NV,AGE,CM-637224,09/01/2022,,Active,45462976,47.17,
B-C-00143,"Ellison, Ashley",06/27/1944,(382) 555-0158,,6004 Zachary Hollow Apt. 433,Andrewview,PA,16836,1FN4GP7HC66,B-H-00102,B-P-00188,Summit Health Plans,H4044-028,MA,PA,AGE,SH-234678,2025-01-01,,ACTIVE,91146902,43.60,
B-C-00144,"Tran, John",21713,(723) 555-0184,john.tran144@example.com,23989 Meghan Light Suite 031,North Christina,LA,71361,4XM3YV8KK27,B-H-00103,B-P-00189,Summit Health Plans,H9807-016-001,MA,LA,AGE,SH-726724,03/01/25,,active,26047628,42.22,
B-C-00145,"Tran, William",20532,(577) 555-0198,william.tran145@example.com,23989 Meghan Light Suite 031,North Christina,LA,71361,7AU8W33JM39,B-H-00103,B-P-00190,Cardinal Mutual,A,MEDSUPP,LA,AGE,CM-113014,03/01/2026,,Active,26047628,168.35,
B-C-00145,"Tran, William",20532,(577) 555-0198,william.tran145@example.com,23989 Meghan Light Suite 031,North Christina,LA,71361,7AU8W33JM39,B-H-00103,B-P-00191,Cardinal Mutual,S1849-022,PDP,LA,AGE,CM-972879,2026-03-01,,ACTIVE,26047628,76.39,
B-C-00146,"Glenn, Christopher",05/07/1948,(478) 555-0174,christopher.glenn146@example.com,04501 Davis Glens,East Tammy,NJ,07029,1H29EA4PF03,B-H-00104,B-P-00192,Summit Health Plans,H4044-023-003,MA,NJ,AGE,SH-834650,06/01/24,11/30/25,terminated,75084135,38.50,
B-C-00146,"Glenn, Christopher",05/07/1948,(478) 555-0174,christopher.glenn146@example.com,04501 Davis Glens,East Tammy,NJ,07029,1H29EA4PF03,B-H-00104,B-P-00193,Northwind Health,H3064-021,MA,NJ,AGE,NW-715823,12/01/2025,,Active,75084135,46.09,
B-C-00147,"Hayes, Jeffrey",12/29/1949,(889) 555-0179,jeffrey.hayes147@example.com,681 Thomas Tunnel,Williamville,DE,19999,4FC6T49XV13,B-H-00105,B-P-00194,Northwind Health,H3064-025,MA,DE,AGE,NW-313032,2024-05-01,,ACTIVE,59893296,27.42,
B-C-00148,"Eaton, Michael",21659,(872) 555-0171,michael.eaton148@example.com,834 Ashley Radial,Christinebury,MA,01445,5XY3VY9FC08,B-H-00106,B-P-00195,Bluepeak,R8474-003-002,MA,MA,AGE,BP-240344,04/01/26,,active,90228424,10.83,
B-C-00149,"Johnston, Jamie",29684,(963) 555-0171,jamie.johnston149@example.com,62570 Paul Spurs Suite 804,Mullinsside,LA,70170,,B-H-00107,B-P-00196,Northwind Health,61006LA4101952,ACA,LA,,NW-831295,01/01/2025,12/31/2025,Terminated,26047628,763.59,
B-C-00149,"Johnston, Jamie",29684,(963) 555-0171,jamie.johnston149@example.com,62570 Paul Spurs Suite 804,Mullinsside,LA,70170,,B-H-00107,B-P-00197,Cardinal Mutual,70072LA6021662,ACA,LA,,CM-493331,2026-01-01,,ACTIVE,26047628,160.96,
B-C-00150,"Weaver, David",09/23/1946,(900) 555-0181,david.weaver150@example.com,3984 Rodriguez Street,Mcneilbury,NC,27310,2WF8NE8ER12,B-H-00108,B-P-00198,Harborline,H2522-008-002,MA,NC,AGE,HL-579434,04/01/24,06/30/25,terminated,93619366,50.11,
B-C-00150,"Weaver, David",09/23/1946,(900) 555-0181,david.weaver150@example.com,3984 Rodriguez Street,Mcneilbury,NC,27310,2WF8NE8ER12,B-H-00108,B-P-00199,Northwind Health,H3064-014,MA,NC,AGE,NW-303670,07/01/2025,,Active,93619366,4.03,
B-C-00151,"Weaver, Rachel",01/01/1951,(706) 555-0163,rachel.weaver151@example.com,3984 Rodriguez Street,Mcneilbury,NC,27310,1PY3AM4XX24,B-H-00108,B-P-00200,Meridian Care,H5913-023-001,MA,NC,AGE,MC-771295,2025-01-01,,ACTIVE,93619366,43.58,
B-C-00152,"Garcia, Denise",30670,(380) 555-0151,denise.garcia152@example.com,197 Carlos Manor,South George,CT,06522,,B-H-00109,B-P-00201,Northwind Health,61006CT4252680,ACA,CT,,NW-217768,01/01/26,,active,24647567,434.88,
B-C-00153,"Roy, David",10/07/1935,(582) 555-0116,david.roy153@example.com,696 Monica Path Suite 089,Smithburgh,PA,16285,3MJ6RU7YQ66,B-H-00110,B-P-00202,Summit Health Plans,H9807-025-003,MA,PA,AGE,SH-686172,11/01/2023,,Active,64493418,10.53,
B-C-00154,"Carter, Joshua",20497,(529) 555-0187,joshua.carter154@example.com,16845 Jesse Burg Apt. 567,South Jennifer,OR,97198,3N76QG1FW67,B-H-00111,B-P-00203,Meridian Care,H5913-013-003,MA,OR,AGE,MC-243648,2025-11-01,,ACTIVE,9527070,12.64,
B-C-00155,"Lee, Christopher",09/06/1934,(635) 555-0138,christopher.lee155@example.com,9861 Angela Square,Sullivanmouth,AZ,86578,3KE9V25NW09,B-H-00112,B-P-00204,Harborline,H1547-010,MA,AZ,AGE,HL-111102,01/01/22,,active,9527070,39.10,
B-C-00156,"Gonzalez, Kevin",05/11/1950,(751) 555-0175,kevin.gonzalez156@example.com,17997 Kim Mountains,East Deanna,OR,97338,2Q03C83JN63,B-H-00113,B-P-00205,Northwind Health,H3064-001,MA,OR,AGE,NW-640300,12/01/2023,,Active,43888211,43.70,
B-C-00158,"Sullivan, Philip",08/06/1950,(858) 555-0172,philip.sullivan158@example.com,00943 Amanda Harbor,New Holly,DC,20474,7F47R27GY35,B-H-00115,B-P-00207,Bluepeak,H5243-030,MA,DC,AGE,BP-271365,2022-07-01,,ACTIVE,24647567,15.25,Client prefers materials en español.
B-C-00159,"Chung, Micheal",06/05/1944,(932) 555-0144,micheal.chung159@example.com,054 Williams Motorway Suite 515,Port Gregory,TN,38563,4CC7V10CY58,B-H-00116,B-P-00208,Bluepeak,H9161-020-001,MA,TN,AGE,BP-527880,08/01/24,,active,45462976,24.33,
B-C-00160,"Brown, Wayne",04/29/1947,(559) 555-0178,,7378 Angela Squares,North Tiffany,TN,37135,6V75CT4UH96,B-H-00117,B-P-00209,Meridian Care,H5913-012,MA,TN,AGE,MC-729497,12/01/2022,01/31/2024,Terminated,45462976,10.89,
B-C-00160,"Brown, Wayne",04/29/1947,(559) 555-0178,,7378 Angela Squares,North Tiffany,TN,37135,6V75CT4UH96,B-H-00117,B-P-00210,Cardinal Mutual,H7696-010,MA,TN,AGE,CM-243908,2024-02-01,,ACTIVE,45462976,46.90,
B-C-00161,"Brown, Carolyn",36425,(559) 555-0178,,7378 Angela Squares,North Tiffany,TN,37135,,B-H-00117,B-P-00211,Summit Health Plans,75720TN9367610,ACA,TN,,SH-339247,01/01/25,,active,45462976,383.82,Met at the café seminar in the spring.
B-C-00162,"Moore, Amy",08/31/1943,(207) 555-0145,amy.moore162@example.com,255 Chambers Underpass,Karenview,NE,68093,7NF4YM8YD85,B-H-00118,B-P-00212,Summit Health Plans,H9807-022,MA,NE,AGE,SH-955078,05/01/2023,,Active,94445646,57.26,
B-C-00163,"Clark, Eileen",11/19/1935,(279) 555-0114,eileen.clark163@example.com,0478 Danielle Valley,Murphyshire,MA,02361,3TV6FA1EE47,B-H-00119,B-P-00213,Northwind Health,H3064-018-003,MA,MA,AGE,NW-917662,2022-08-01,,ACTIVE,90228424,20.85,
B-C-00164,"Nguyen, Steven",02/01/1952,(521) 555-0115,steven.nguyen164@example.com,5033 Deborah Ramp Apt. 141,Geoffreyside,AR,72926,4C94NW8EQ50,B-H-00120,B-P-00214,Bluepeak,H5243-010-001,MA,AR,AGE,BP-392934,04/01/26,,active,93619366,35.36,
B-C-00165,"Patton, Marvin",03/10/1937,(212) 555-0103,marvin.patton165@example.com,4478 Navarro Islands Suite 612,Port Carrieport,DC,20363,8FE5YG6KM58,B-H-00121,B-P-00215,Summit Health Plans,H9807-019,MA,DC,AGE,SH-390811,08/01/2023,11/30/2024,Terminated,24647567,12.26,
B-C-00165,"Patton, Marvin",03/10/1937,(212) 555-0103,marvin.patton165@example.com,4478 Navarro Islands Suite 612,Port Carrieport,DC,20363,8FE5YG6KM58,B-H-00121,B-P-00216,Meridian Care,H5913-012-002,MA,DC,AGE,MC-989477,2024-12-01,,ACTIVE,24647567,50.90,
B-C-00166,"Harvey, Micheal",21048,(339) 555-0150,micheal.harvey166@example.com,74112 Robbins Valley Suite 135,New Lauraville,OK,74015,1A14Y59JT89,B-H-00122,B-P-00217,Cardinal Mutual,H7696-006,MA,OK,AGE,CM-666659,05/01/24,,active,90228424,1.69,Call after 2pm.
B-C-00167,"Frey, Dean",22082,(830) 555-0147,dean.frey167@example.com,590 Mitchell Fort Apt. 835,Andersonville,OK,74007,6YH3TW5VG28,B-H-00123,B-P-00218,Meridian Care,H5913-017-003,MA,OK,AGE,MC-887541,07/01/2025,,Active,90228424,47.90,
B-C-00168,"Frey, David",06/02/1940,(445) 555-0129,david.frey168@example.com,590 Mitchell Fort Apt. 835,Andersonville,OK,74007,3K07M17NT54,B-H-00123,B-P-00219,Bluepeak,H5243-027-002,MA,OK,AGE,BP-251762,2025-09-01,,ACTIVE,90228424,41.30,
B-C-00169,"Potts, Heather",29068,(857) 555-0187,,22551 Andrea Springs,West Alexis,WY,83190,,B-H-00124,B-P-00220,Bluepeak,39473WY4949059,ACA,WY,,BP-101818,01/01/25,12/31/25,terminated,84583776,663.78,
B-C-00169,"Potts, Heather",29068,(857) 555-0187,,22551 Andrea Springs,West Alexis,WY,83190,,B-H-00124,B-P-00221,Summit Health Plans,75720WY2230250,ACA,WY,,SH-943444,01/01/2026,,Active,84583776,217.33,
B-C-00170,"Potts, Candace",09/01/1953,(857) 555-0187,candace.potts170@example.com,22551 Andrea Springs,West Alexis,WY,83190,9P14YR0WC50,B-H-00124,B-P-00222,Northwind Health,H3036-004-003,MA,WY,AGE,NW-648679,2022-09-01,,ACTIVE,84583776,59.68,
B-C-00171,"Brown, Lindsey",24038,(429) 555-0134,lindsey.brown171@example.com,737 Joshua Camp Apt. 723,Ashleyfurt,GA,31758,,B-H-00125,B-P-00223,Northwind Health,61006GA2703912,ACA,GA,,NW-457774,01/01/26,,active,26047628,312.87,
B-C-00172,"Crawford, Brandon",03/31/1936,(619) 555-0104,,61143 Davis Pass Suite 886,Rodriguezstad,OK,73962,1F04PE0FP07,B-H-00126,B-P-00224,Meridian Care,H4636-029,MA,OK,AGE,MC-163383,09/01/2024,,Active,81157097,22.58,
B-C-00173,"Crawford, Melanie",12/27/1952,(718) 555-0177,melanie.crawford173@example.com,61143 Davis Pass Suite 886,Rodriguezstad,OK,73962,4RN9CV3HR96,B-H-00126,B-P-00225,Meridian Care,H5913-013,MA,OK,AGE,MC-725052,2024-07-01,,ACTIVE,81157097,12.80,
B-C-00174,"Kennedy, Justin",23030,(563) 555-0197,justin.kennedy174@example.com,814 Ramirez Tunnel Suite 172,Andersonchester,LA,71085,,B-H-00127,B-P-00226,Northwind Health,61006LA1447764,ACA,LA,,NW-661661,01/01/24,,active,26047628,817.56,
B-C-00175,"Glenn, Brandy",01/13/1944,(851) 555-0118,brandy.glenn175@example.com,7306 Kelsey Cape,Ianmouth,AL,36782,5WD8FT2YE36,B-H-00128,B-P-00227,Cardinal Mutual,H7696-026,MA,AL,AGE,CM-261560,09/01/2023,,Active,67876966,33.10,
B-C-00176,"Holland, Frank",05/18/1946,(452) 555-0102,,73652 Davis Falls Suite 223,Hardingburgh,WV,26017,4EV3X29UX84,B-H-00129,B-P-00228,Harborline,H1547-024,MA,WV,AGE,HL-161909,2023-01-01,,ACTIVE,75084135,14.60,
B-C-00177,"Caldwell, Michael",34122,(630) 555-0166,michael.caldwell177@example.com,42825 Harper Gardens,Ashleeview,CT,06338,,B-H-00130,B-P-00229,Meridian Care,18024CT3528091,ACA,CT,,MC-507970,01/01/25,12/31/25,terminated,20671937,835.75,
B-C-00177,"Caldwell, Michael",34122,(630) 555-0166,michael.caldwell177@example.com,42825 Harper Gardens,Ashleeview,CT,06338,,B-H-00130,B-P-00230,Bluepeak,39473CT4765418,ACA,CT,,BP-268095,01/01/2026,,Active,20671937,807.15,
B-C-00178,"Gordon, David",10/15/1952,(450) 555-0121,david.gordon178@example.com,9235 Joshua Grove,Nelsonton,TX,75508,6GF3TU5CK48,B-H-00131,B-P-00231,Summit Health Plans,G,MEDSUPP,TX,AGE,SH-448410,2022-06-01,,ACTIVE,50399119,285.61,
B-C-00178,"Gordon, David",10/15/1952,(450) 555-0121,david.gordon178@example.com,9235 Joshua Grove,Nelsonton,TX,75508,6GF3TU5CK48,B-H-00131,B-P-00232,Summit Health Plans,S1837-023,PDP,TX,AGE,SH-624327,06/01/22,,active,50399119,86.64,
B-C-00179,"Gordon, Brad",02/07/1949,(429) 555-0159,brad.gordon179@example.com,9235 Joshua Grove,Nelsonton,TX,75508,4Q66J83MW76,B-H-00131,B-P-00233,Cardinal Mutual,H5265-005-002,MA,TX,AGE,CM-519281,12/01/2023,,Active,50399119,11.25,
B-C-00180,"Hoover, Hunter",08/05/1949,(602) 555-0174,,904 Jay Rest Suite 723,Burkeshire,TX,79860,2FA5XK3VY76,B-H-00132,B-P-00234,Summit Health Plans,H4044-029,MA,TX,AGE,SH-271297,2025-05-01,,ACTIVE,50399119,48.87,
B-C-00181,"Hoover, John",12/15/1941,(574) 555-0185,john.hoover181@example.com,904 Jay Rest Suite 723,Burkeshire,TX,79860,5GU8AX3JD58,B-H-00132,B-P-00235,Cardinal Mutual,H5265-017-003,MA,TX,AGE,CM-962093,02/01/22,,active,50399119,45.35,
B-C-00182,"Brown, James",20812,(347) 555-0180,james.brown182@example.com,8851 Kristi Route Suite 348,Carterville,CO,80401,3H48V45FD11,B-H-00133,B-P-00236,Northwind Health,H3036-004-001,MA,CO,AGE,NW-855609,11/01/2022,,Active,59893296,15.81,
B-C-00183,"Brown, Kevin",36720,(329) 555-0162,kevin.brown183@example.com,8851 Kristi Route Suite 348,Carterville,CO,80401,,B-H-00133,B-P-00237,Northwind Health,61006CO5265467,ACA,CO,,NW-176440,2025-01-01,2025-12-31,TERMINATED,59893296,214.44,
B-C-00183,"Brown, Kevin",36720,(329) 555-0162,kevin.brown183@example.com,8851 Kristi Route Suite 348,Carterville,CO,80401,,B-H-00133,B-P-00238,Bluepeak,39473CO3753156,ACA,CO,,BP-559950,01/01/26,,active,59893296,578.42,
B-C-00184,"Green-Anderson, Michael",09/04/1937,(878) 555-0109,,16117 Lucero Walks Suite 290,Thomasview,GA,31699,1X90C17CE78,B-H-00134,B-P-00239,Summit Health Plans,R3913-024,MA,GA,AGE,SH-403524,03/01/2023,07/31/2025,Terminated,26047628,1.48,
B-C-00184,"Green-Anderson, Michael",09/04/1937,(878) 555-0109,,16117 Lucero Walks Suite 290,Thomasview,GA,31699,1X90C17CE78,B-H-00134,B-P-00240,Cardinal Mutual,H7696-010,MA,GA,AGE,CM-960882,2025-08-01,,ACTIVE,26047628,41.62,
B-C-00185,"Sanford, James",10/16/1949,(524) 555-0133,james.sanford185@example.com,81664 Watkins Estates,West Olivia,UT,84389,3G30D37PM54,B-H-00135,B-P-00241,Northwind Health,H3064-003,MA,UT,AGE,NW-905147,09/01/23,,active,45462976,17.49,
B-C-00186,"Fields, Jennifer",33334,(709) 555-0149,jennifer.fields186@example.com,56896 Dana Throughway Suite 592,Codyborough,MA,01167,,B-H-00136,B-P-00242,Summit Health Plans,75720MA5166691,ACA,MA,,SH-544342,01/01/2026,,Active,90228424,658.05,
B-C-00187,"Fields, William",32575,(824) 555-0159,,56896 Dana Throughway Suite 592,Codyborough,MA,01167,,B-H-00136,B-P-00243,Bluepeak,39473MA5915068,ACA,MA,,BP-484034,2025-01-01,2025-12-31,TERMINATED,90228424,486.64,
B-C-00187,"Fields, William",32575,(824) 555-0159,,56896 Dana Throughway Suite 592,Codyborough,MA,01167,,B-H-00136,B-P-00244,Harborline,17955MA8850769,ACA,MA,,HL-136769,01/01/26,,active,90228424,389.70,
B-C-00188,"Bates, Julie",03/17/1941,(508) 555-0156,julie.bates188@example.com,90319 Lowery Fork,Lake Jason,NV,89016,9TA4YQ3MM14,B-H-00137,B-P-00245,Northwind Health,H3036-008,MA,NV,AGE,NW-650142,04/01/2023,12/31/2025,Terminated,45462976,50.91,
B-C-00188,"Bates, Julie",03/17/1941,(508) 555-0156,julie.bates188@example.com,90319 Lowery Fork,Lake Jason,NV,89016,9TA4YQ3MM14,B-H-00137,B-P-00246,Summit Health Plans,H9807-022-001,MA,NV,AGE,SH-460722,2026-01-01,,ACTIVE,45462976,54.98,
B-C-00189,"Terrell, Sheryl",20687,(689) 555-0117,sheryl.terrell189@example.com,2654 Mitchell Lane Suite 838,East Scott,WY,82466,2QY4D01YY13,B-H-00138,B-P-00247,Meridian Care,H4636-012,MA,WY,AGE,MC-929802,06/01/23,07/31/24,terminated,20671937,16.08,
B-C-00189,"Terrell, Sheryl",20687,(689) 555-0117,sheryl.terrell189@example.com,2654 Mitchell Lane Suite 838,East Scott,WY,82466,2QY4D01YY13,B-H-00138,B-P-00248,Cardinal Mutual,H5265-027,MA,WY,AGE,CM-554402,08/01/2024,,Active,20671937,48.56,
B-C-00190,"Ford, Debbie",21962,(402) 555-0149,debbie.ford190@example.com,47644 Jackson Hill,Lake Zacharyberg,CT,06341,7HG1CQ1HH94,B-H-00139,B-P-00249,Summit Health Plans,H9807-015,MA,CT,AGE,SH-868919,2026-02-01,,ACTIVE,20671937,18.14,
B-C-00191,"Burton, Richard",02/21/1945,(448) 555-0115,richard.burton191@example.com,400 Kristin Trace Suite 232,Gutierrezside,RI,02900,8MF0G09WR48,B-H-00140,B-P-00250,Northwind Health,S2942-012,PDP,RI,AGE,NW-549569,06/01/22,,active,37947372,89.74,
B-C-00192,"Burton, Kristina",05/20/1954,(540) 555-0120,kristina.burton192@example.com,400 Kristin Trace Suite 232,Gutierrezside,RI,02900,6JE7PK5VT62,B-H-00140,B-P-00251,Harborline,H1547-026,MA,RI,AGE,HL-752839,06/01/2023,,Active,37947372,4.42,
B-C-00193,"Collins, Grace",12/30/1948,(647) 555-0124,,955 Weaver Passage Suite 937,Nathanieltown,DC,20215,9XP2DH4UP80,B-H-00141,B-P-00252,Harborline,H1547-003,MA,DC,AGE,HL-976926,2025-10-01,,ACTIVE,75084135,53.74,
B-C-00194,"Patel, Jerry",02/25/1953,(465) 555-0106,jerry.patel194@example.com,43244 Wilson Parks,Thompsonfurt,NC,28478,7NQ9XY8VC81,B-H-00142,B-P-00253,Northwind Health,H3036-021,MA,NC,AGE,NW-479996,06/01/25,,active,98787777,21.02,
B-C-00195,"Aguilar, Dana",12/17/1952,(839) 555-0191,dana.aguilar195@example.com,90238 Gonzalez Hills Suite 090,New Angelaview,WY,82806,5WT6AV8GD40,B-H-00143,B-P-00254,Bluepeak,H5243-013,MA,WY,AGE,BP-432719,11/01/2023,,Active,20671937,30.66,
B-C-00196,"Rodriguez, Justin",11/08/1939,(401) 555-0134,justin.rodriguez196@example.com,6284 Veronica Shoals Suite 225,Smithborough,TX,78542,5UK1GN3DH79,B-H-00144,B-P-00255,Summit Health Plans,S1837-016-003,PDP,TX,AGE,SH-795322,2024-01-01,,ACTIVE,14829889,49.23,
B-C-00197,"Herrera, Peter",21405,(674) 555-0199,peter.herrera197@example.com,486 Miles Corner Apt. 414,New Samanthaberg,KY,40731,3N86KJ4UE28,B-H-00145,B-P-00256,Meridian Care,H4636-008-002,MA,KY,AGE,MC-944452,10/01/23,09/30/24,terminated,81157097,32.51,
B-C-00197,"Herrera, Peter",21405,(674) 555-0199,peter.herrera197@example.com,486 Miles Corner Apt. 414,New Samanthaberg,KY,40731,3N86KJ4UE28,B-H-00145,B-P-00257,Harborline,H1547-012,MA,KY,AGE,HL-999022,10/01/2024,,Active,81157097,6.05,
B-C-00198,"Murphy, Robert",10/11/1940,(831) 555-0195,robert.murphy198@example.com,104 Johnson Lakes,North Renee,CA,91710,5RH1GF4ET97,B-H-00146,B-P-00258,Summit Health Plans,H4044-016,MA,CA,AGE,SH-885899,2024-04-01,,ACTIVE,50399119,4.57,
B-C-00199,"Edwards, William",11/04/1944,(904) 555-0127,,87461 Taylor Cliff Apt. 182,Port Carlos,NE,69362,4Y00D82AT31,B-H-00147,B-P-00259,Harborline,N,MEDSUPP,NE,AGE,HL-764868,04/01/26,,active,94445646,106.73,
B-C-00199,"Edwards, William",11/04/1944,(904) 555-0127,,87461 Taylor Cliff Apt. 182,Port Carlos,NE,69362,4Y00D82AT31,B-H-00147,B-P-00260,Harborline,S4178-023,PDP,NE,AGE,HL-860461,04/01/2026,,Active,94445646,27.18,
B-C-00200,"Edwards, Brent",02/09/1943,(557) 555-0179,brent.edwards200@example.com,87461 Taylor Cliff Apt. 182,Port Carlos,NE,69362,3QK4YH0RM18,B-H-00147,B-P-00261,Harborline,H1547-009-003,MA,NE,AGE,HL-600258,2023-03-01,,ACTIVE,94445646,23.64,
B-C-00201,"Wheeler, April",03/03/1948,(275) 555-0104,april.wheeler201@example.com,54152 Randy Inlet Apt. 611,East Thomasberg,GA,30600,5XD6C91QX23,B-H-00148,B-P-00262,Cardinal Mutual,H7696-011,MA,GA,AGE,CM-538457,10/01/22,,active,51446845,46.21,Prefers mail over phone.
B-C-00202,"Reed, Robert",20385,(930) 555-0148,robert.reed202@example.com,663 Brittany Village Apt. 149,Port Tonyaton,SD,57132,3NM6VC0PC32,B-H-00149,B-P-00263,Northwind Health,L,MEDSUPP,SD,AGE,NW-274494,12/01/2024,,Active,49066206,318.81,
B-C-00202,"Reed, Robert",20385,(930) 555-0148,robert.reed202@example.com,663 Brittany Village Apt. 149,Port Tonyaton,SD,57132,3NM6VC0PC32,B-H-00149,B-P-00264,Northwind Health,S9721-007,PDP,SD,AGE,NW-411553,2024-12-01,,ACTIVE,49066206,48.05,
B-C-00203,"Reed, Ross",29385,(930) 555-0148,robert.reed202@example.com,663 Brittany Village Apt. 149,Port Tonyaton,SD,57132,,B-H-00149,B-P-00265,Summit Health Plans,75720SD7382741,ACA,SD,,SH-615107,01/01/26,,active,49066206,258.30,
B-C-00204,"Walker, Angela",25763,(713) 555-0190,angela.walker204@example.com,16016 Diana Coves,South Chris,CT,06155,,B-H-00150,B-P-00266,Bluepeak,39473CT8377038,ACA,CT,,BP-733403,01/01/2026,,Active,20671937,702.05,
B-C-00205,"Walker, Kristen",21116,(465) 555-0153,kristen.walker205@example.com,16016 Diana Coves,South Chris,CT,06155,4UE5H69VV54,B-H-00150,B-P-00267,Harborline,R4376-022-003,MA,CT,AGE,HL-827983,2025-07-01,,ACTIVE,20671937,48.96,
B-C-00206,"Mcdaniel, Holly",10/28/1951,(446) 555-0137,holly.mcdaniel206@example.com,514 Williams Ferry Suite 016,Port Amy,CT,06021,1UD7V59NP38,B-H-00151,B-P-00268,Meridian Care,H4636-026-001,MA,CT,AGE,MC-569585,01/01/22,,active,51446845,20.74,
B-C-00207,"Rivera, Megan",21629,(224) 555-0136,megan.rivera207@example.com,93865 Vincent Walk,East Kevinborough,KY,40275,7XG7MJ8ED99,B-H-00152,B-P-00269,Bluepeak,G,MEDSUPP,KY,AGE,BP-290847,09/01/2024,,Active,43888211,298.52,
B-C-00207,"Rivera, Megan",21629,(224) 555-0136,megan.rivera207@example.com,93865 Vincent Walk,East Kevinborough,KY,40275,7XG7MJ8ED99,B-H-00152,B-P-00270,Bluepeak,S7317-006,PDP,KY,AGE,BP-610755,2024-09-01,,ACTIVE,43888211,15.08,
B-C-00208,"French, Jessica",22624,(918) 555-0146,jessica.french208@example.com,9835 Kelley Mill,New Andrewland,CT,06843,,B-H-00153,B-P-00271,Harborline,17955CT1486862,ACA,CT,,HL-706957,01/01/26,,active,20671937,306.87,
B-C-00209,"Mendoza, Allen",11/13/1944,(776) 555-0184,allen.mendoza209@example.com,1714 Lisa Ranch Apt. 509,Richardshire,WY,82269,2UG7VP5KA60,B-H-00154,B-P-00272,Bluepeak,H9161-008-003,MA,WY,AGE,BP-711850,01/01/2024,,Active,20671937,33.52,
B-C-00210,"Jones, Garrett",06/02/1936,(719) 555-0171,garrett.jones210@example.com,639 Sandoval Lights Apt. 547,West Lucasshire,GA,31659,2P18H63RU81,B-H-00155,B-P-00273,Bluepeak,H9161-026-001,MA,GA,AGE,BP-636237,2022-03-01,,ACTIVE,26047628,16.75,
B-C-00211,"Jones, Grant",20946,(719) 555-0171,garrett.jones210@example.com,639 Sandoval Lights Apt. 547,West Lucasshire,GA,31659,5VT4NE2QE93,B-H-00155,B-P-00274,Harborline,F,MEDSUPP,GA,AGE,HL-894483,04/01/23,,active,26047628,312.73,
B-C-00211,"Jones, Grant",20946,(719) 555-0171,garrett.jones210@example.com,639 Sandoval Lights Apt. 547,West Lucasshire,GA,31659,5VT4NE2QE93,B-H-00155,B-P-00275,Harborline,S7610-009,PDP,GA,AGE,HL-500634,04/01/2023,,Active,26047628,88.44,
B-C-00212,"Pineda, Brianna",08/15/1935,(489) 555-0182,brianna.pineda212@example.com,96341 Sharon Motorway,Lake Jennifer,GA,39974,9KV0P74PH87,B-H-00156,B-P-00276,Meridian Care,H5913-010,MA,GA,AGE,MC-453807,2024-07-01,,ACTIVE,51446845,30.31,
B-C-00213,"Pineda, Matthew",07/24/1950,(489) 555-0182,,96341 Sharon Motorway,Lake Jennifer,GA,39974,3HP9FQ6XQ58,B-H-00156,B-P-00277,Northwind Health,L,MEDSUPP,GA,AGE,NW-893763,02/01/25,,active,51446845,119.21,
B-C-00213,"Pineda, Matthew",07/24/1950,(489) 555-0182,,96341 Sharon Motorway,Lake Jennifer,GA,39974,3HP9FQ6XQ58,B-H-00156,B-P-00278,Northwind Health,S9721-022-003,PDP,GA,AGE,NW-537219,02/01/2025,,Active,51446845,83.08,
B-C-00214,"Pineda, Nicholas",03/18/1952,(662) 555-0186,nicholas.pineda214@example.com,96341 Sharon Motorway,Lake Jennifer,GA,39974,5U97XW0UA39,B-H-00156,B-P-00279,Summit Health Plans,N,MEDSUPP,GA,AGE,SH-554370,2024-10-01,,ACTIVE,51446845,316.24,
B-C-00214,"Pineda, Nicholas",03/18/1952,(662) 555-0186,nicholas.pineda214@example.com,96341 Sharon Motorway,Lake Jennifer,GA,39974,5U97XW0UA39,B-H-00156,B-P-00280,Summit Health Plans,S1837-004,PDP,GA,AGE,SH-678812,10/01/24,,active,51446845,34.16,
B-C-00215,"Vasquez, Jacqueline",31621,(961) 555-0153,,27846 Joe Villages Suite 432,Lake Micheleborough,LA,70423,,B-H-00157,B-P-00281,Bluepeak,39473LA4941883,ACA,LA,,BP-907990,01/01/2026,,Active,26047628,396.06,
B-C-00216,"Hammond, Chad",32065,(313) 555-0192,chad.hammond216@example.com,122 Cheryl Hollow Suite 198,East Markhaven,MA,02175,,B-H-00158,B-P-00282,Summit Health Plans,75720MA8713243,ACA,MA,,SH-406534,2024-01-01,,ACTIVE,90228424,294.78,
B-C-00217,"Clark, Alexis",08/27/1951,(479) 555-0128,,6777 Douglas Terrace Suite 602,Patrickberg,CO,81076,3UR0U58EY51,B-H-00159,B-P-00283,Cardinal Mutual,R7519-028,MA,CO,AGE,CM-225077,12/01/22,,active,59893296,42.22,
B-C-00218,"Wiley, Brian",06/21/1940,(210) 555-0111,brian.wiley218@example.com,204 Garcia Overpass Suite 453,Johnsonfort,CT,06725,8NM8WF3UQ06,B-H-00160,B-P-00284,Meridian Care,H4636-007-001,MA,CT,AGE,MC-842991,10/01/2022,,Active,90228424,12.58,
B-C-00219,"Ray, Debra",25296,(392) 555-0111,debra.ray219@example.com,175 Ward Points Suite 506,West Michelleborough,CO,81068,,B-H-00161,B-P-00285,Cardinal Mutual,70072CO2007953,ACA,CO,,CM-447592,2025-01-01,2025-12-31,TERMINATED,49066206,670.82,
B-C-00219,"Ray, Debra",25296,(392) 555-0111,debra.ray219@example.com,175 Ward Points Suite 506,West Michelleborough,CO,81068,,B-H-00161,B-P-00286,Northwind Health,61006CO4609534,ACA,CO,,NW-673535,01/01/26,,active,49066206,579.95,
B-C-00220,"Miller, Fred",04/25/1936,(597) 555-0175,fred.miller220@example.com,495 Ward Field,Lake Sheilaside,CT,06936,6GA2VQ7WM86,B-H-00162,B-P-00287,Harborline,H1547-020,MA,CT,AGE,HL-289091,01/01/2025,,Active,24647567,36.81,
B-C-00221,"Miller, Suzanne",22187,(597) 555-0175,suzanne.miller221@example.com,495 Ward Field,Lake Sheilaside,CT,06936,8KW1CT6YP05,B-H-00162,B-P-00288,Northwind Health,H3036-017,MA,CT,AGE,NW-424617,2025-10-01,,ACTIVE,24647567,24.98,
B-C-00222,"Simmons, April",28361,(695) 555-0157,april.simmons222@example.com,558 Paul River Apt. 495,Christinafurt,NC,27952,,B-H-00163,B-P-00289,Summit Health Plans,75720NC5431547,ACA,NC,,SH-327014,01/01/25,12/31/25,terminated,93619366,692.01,
B-C-00222,"Simmons, April",28361,(695) 555-0157,april.simmons222@example.com,558 Paul River Apt. 495,Christinafurt,NC,27952,,B-H-00163,B-P-00290,Meridian Care,18024NC2688038,ACA,NC,,MC-532855,01/01/2026,,Active,93619366,367.61,
B-C-00223,"Bishop, Jessica",04/25/1944,(988) 555-0101,,08057 Kristin Lodge Suite 173,Leonshire,MN,55049,1CJ3MN8NA52,B-H-00164,B-P-00291,Bluepeak,H5243-004,MA,MN,AGE,BP-776909,2024-04-01,,ACTIVE,94445646,35.25,
B-C-00224,"King, Colin",31091,(556) 555-0138,colin.king224@example.com,4868 Dillon Centers,Lake Grace,CT,06157,,B-H-00165,B-P-00292,Meridian Care,18024CT4585182,ACA,CT,,MC-976616,01/01/25,12/31/25,terminated,20671937,604.54,
B-C-00224,"King, Colin",31091,(556) 555-0138,colin.king224@example.com,4868 Dillon Centers,Lake Grace,CT,06157,,B-H-00165,B-P-00293,Northwind Health,61006CT6046239,ACA,CT,,NW-841482,01/01/2026,,Active,20671937,456.54,
B-C-00225,"Howard, Michael",33062,(930) 555-0106,ronald.howard226@example.com,8904 Bonnie Drive,Stevenberg,OR,97325,,B-H-00166,B-P-00294,Meridian Care,18024OR9381336,ACA,OR,,MC-326388,2027-01-01,,PENDING,93619366,601.05,
B-C-00226,"Howard, Ronald",07/28/1948,(930) 555-0106,ronald.howard226@example.com,8904 Bonnie Drive,Stevenberg,OR,97325,1A52WG3GV25,B-H-00166,B-P-00295,Bluepeak,R8474-026,MA,OR,AGE,BP-262851,05/01/23,,active,93619366,15.62,
B-C-00227,"Thomas, Thomas",03/24/1945,(666) 555-0194,thomas.thomas227@example.com,715 West Gateway,Millerchester,TN,37214,8EA0E50RJ92,B-H-00167,B-P-00296,Bluepeak,S7317-027-002,PDP,TN,AGE,BP-585302,10/01/2025,,Active,45462976,32.66,
B-C-00228,"Rodriguez, Tamara",12/18/1936,(357) 555-0109,tamara.rodriguez228@example.com,3879 James Stravenue Apt. 959,Debraview,DC,20375,5V19T23GW42,B-H-00168,B-P-00297,Harborline,K,MEDSUPP,DC,AGE,HL-142321,2024-02-01,,ACTIVE,24647567,180.24,Met at the café seminar in the spring.
B-C-00228,"Rodriguez, Tamara",12/18/1936,(357) 555-0109,tamara.rodriguez228@example.com,3879 James Stravenue Apt. 959,Debraview,DC,20375,5V19T23GW42,B-H-00168,B-P-00298,Harborline,S4178-011,PDP,DC,AGE,HL-595294,02/01/24,,active,24647567,7.50,
B-C-00229,"Friedman, Thomas",35949,(347) 555-0100,thomas.friedman229@example.com,369 Ford Port,Sullivanshire,FL,33275,,B-H-00169,B-P-00299,Summit Health Plans,75720FL1303750,ACA,FL,,SH-369595,01/01/2025,,Active,90228424,797.29,
B-C-00230,"Torres, Jack",30858,(476) 555-0160,jack.torres230@example.com,60281 Mason Skyway Suite 931,New Theresa,CO,81344,4EK4WP3WJ17,B-H-00170,B-P-00300,Northwind Health,H3064-013,MA,CO,DISABILITY,NW-873907,2025-01-01,,ACTIVE,64493418,20.47,
B-C-00231,"Bradford, Laura",25739,(542) 555-0154,laura.bradford231@example.com,971 Best Union,Kaylaview,OR,97506,,B-H-00171,B-P-00301,Harborline,17955OR9516755,ACA,OR,,HL-508283,01/01/26,,active,43888211,826.19,
B-C-00232,"Rodriguez, Jennifer",22928,(289) 555-0153,,8079 Brown Avenue,Murphystad,DE,19894,,B-H-00172,B-P-00302,Summit Health Plans,75720DE4148544,ACA,DE,,SH-462019,01/01/2025,,Active,69777236,753.91,
B-C-00233,"Deleon-Hodge, Andrew",10/11/1942,(947) 555-0157,andrew.deleonhodge233@example.com,050 Young Locks Suite 608,North Juliechester,NE,68632,3GA2V18DP20,B-H-00173,B-P-00303,Harborline,H1547-011,MA,NE,AGE,HL-121566,2022-09-01,,ACTIVE,91146902,32.08,
B-C-00234,"Johnson, Brittany",11/03/1940,(237) 555-0148,brittany.johnson234@example.com,613 Jennifer Groves Apt. 827,Lake Paul,NV,89852,9P76N37QY82,B-H-00174,B-P-00304,Meridian Care,H5913-019,MA,NV,AGE,MC-741265,01/01/22,,active,37947372,22.93,
B-C-00235,"Johnson, Deborah",21044,(211) 555-0100,deborah.johnson235@example.com,613 Jennifer Groves Apt. 827,Lake Paul,NV,89852,6PC2TX4FG34,B-H-00174,B-P-00305,Northwind Health,H3036-020-002,MA,NV,AGE,NW-549575,02/01/2026,,Active,37947372,44.04,
B-C-00236,"Lopez, Zachary",12/07/1936,(430) 555-0109,zachary.lopez236@example.com,726 Fernando Extensions Suite 468,Zavalamouth,OR,97874,3PM7F10MU44,B-H-00175,B-P-00306,Northwind Health,H3064-017,MA,OR,AGE,NW-843451,2022-11-01,,ACTIVE,43888211,0.77,
B-C-00237,"Lopez, Andrew",21862,(430) 555-0109,andrew.lopez237@example.com,726 Fernando Extensions Suite 468,Zavalamouth,OR,97874,8UX2NH0RQ70,B-H-00175,B-P-00307,Summit Health Plans,H9807-026-001,MA,OR,AGE,SH-190028,07/01/25,,active,43888211,2.41,
B-C-00238,"Lopez, James",02/22/1953,(430) 555-0109,,726 Fernando Extensions Suite 468,Zavalamouth,OR,97874,6TR3EH0RQ47,B-H-00175,B-P-00308,Bluepeak,H5243-003,MA,OR,AGE,BP-251182,10/01/2025,,Active,43888211,13.27,
B-C-00239,"Watson, Dustin",11/07/1942,(478) 555-0131,,0831 Heather Causeway,Scottview,AR,71694,8WX1FE3YT43,B-H-00176,B-P-00309,Cardinal Mutual,H5265-003,MA,AR,AGE,CM-942912,2025-09-01,,ACTIVE,93619366,35.58,Asked about dental add-ons at renewal.
B-C-00240,"Smith, Matthew",08/09/1934,(559) 555-0120,matthew.smith240@example.com,7415 Michael Cliff Suite 217,Warrenbury,OR,97504,4VM3AH2JH74,B-H-00177,B-P-00310,Harborline,H1547-005,MA,OR,AGE,HL-912530,07/01/23,,active,43888211,38.20,
B-C-00241,"Smith, Andrew",03/01/1954,(559) 555-0120,andrew.smith241@example.com,7415 Michael Cliff Suite 217,Warrenbury,OR,97504,2JN4JY2AG43,B-H-00177,B-P-00311,Northwind Health,H3064-001,MA,OR,AGE,NW-105740,01/01/2022,03/31/2025,Terminated,43888211,13.26,
B-C-00241,"Smith, Andrew",03/01/1954,(559) 555-0120,andrew.smith241@example.com,7415 Michael Cliff Suite 217,Warrenbury,OR,97504,2JN4JY2AG43,B-H-00177,B-P-00312,Harborline,H1547-013,MA,OR,AGE,HL-725283,2025-04-01,,ACTIVE,43888211,4.02,Prefers mail over phone.
B-C-00242,"Franklin, Helen",10/15/1952,(647) 555-0128,,5884 Waller Station Suite 601,Mendezport,ND,58019,2X17FC0TK05,B-H-00178,B-P-00313,Cardinal Mutual,R7519-029,MA,ND,AGE,CM-690935,11/01/24,,active,93619366,41.77,
B-C-00243,"Franklin, Matthew",26373,(681) 555-0154,,5884 Waller Station Suite 601,Mendezport,ND,58019,,B-H-00178,B-P-00314,Meridian Care,18024ND6322510,ACA,ND,,MC-658767,01/01/2026,,Active,93619366,596.12,
B-C-00244,"Thompson, Julie",08/29/1939,(546) 555-0145,,1709 Adams Stream Apt. 768,Lopezberg,CT,06942,9N72PV4XK39,B-H-00179,B-P-00315,Northwind Health,R6531-011,MA,CT,AGE,NW-217416,2025-03-01,2026-03-31,TERMINATED,51446845,44.36,
B-C-00244,"Thompson, Julie",08/29/1939,(546) 555-0145,,1709 Adams Stream Apt. 768,Lopezberg,CT,06942,9N72PV4XK39,B-H-00179,B-P-00316,Cardinal Mutual,H5265-012-001,MA,CT,AGE,CM-916081,04/01/26,,active,51446845,52.02,
B-C-00245,"Thompson, Donald",02/20/1945,(761) 555-0100,donald.thompson245@example.com,1709 Adams Stream Apt. 768,Lopezberg,CT,06942,1PD9A36JD42,B-H-00179,B-P-00317,Harborline,H2522-008,MA,CT,AGE,HL-744464,01/01/2022,,Active,51446845,19.61,Asked about dental add-ons at renewal.
B-C-00246,"Williams, Carol",07/25/1945,(417) 555-0120,carol.williams246@example.com,764 Kari Crescent Suite 614,Roseport,MO,63599,6G76UU2GH30,B-H-00180,B-P-00318,Summit Health Plans,H4044-028-002,MA,MO,AGE,SH-228312,2023-03-01,,ACTIVE,81157097,9.46,
B-C-00247,"Williams, Angela",01/16/1950,(417) 555-0120,angela.williams247@example.com,764 Kari Crescent Suite 614,Roseport,MO,63599,6MJ6PX9ND87,B-H-00180,B-P-00319,Cardinal Mutual,H7696-004,MA,MO,AGE,CM-533550,09/01/22,,active,81157097,34.18,
B-C-00248,"Williams, Emily",10/10/1934,(417) 555-0120,emily.williams248@example.com,764 Kari Crescent Suite 614,Roseport,MO,63599,7N75JY0TA66,B-H-00180,B-P-00320,Summit Health Plans,H4044-004-002,MA,MO,AGE,SH-627239,05/01/2024,10/31/2025,Terminated,81157097,46.18,
B-C-00248,"Williams, Emily",10/10/1934,(417) 555-0120,emily.williams248@example.com,764 Kari Crescent Suite 614,Roseport,MO,63599,7N75JY0TA66,B-H-00180,B-P-00321,Cardinal Mutual,H7696-017,MA,MO,AGE,CM-712739,2025-11-01,,ACTIVE,81157097,51.13,
B-C-00249,"Burns, Samuel",27204,(856) 555-0174,,81030 Spencer Courts,Rossland,FL,33212,9V68CU2NR41,B-H-00181,B-P-00322,Summit Health Plans,R4076-014-003,MA,FL,DISABILITY,SH-342933,08/01/23,,active,90228424,42.27,
B-C-00250,"Burns, Rodney",08/09/1954,(856) 555-0174,rodney.burns250@example.com,81030 Spencer Courts,Rossland,FL,33212,8EY9MN7KC51,B-H-00181,B-P-00323,Summit Health Plans,H4044-017,MA,FL,AGE,SH-933283,08/01/2022,03/31/2025,Terminated,90228424,58.56,
B-C-00250,"Burns, Rodney",08/09/1954,(856) 555-0174,rodney.burns250@example.com,81030 Spencer Courts,Rossland,FL,33212,8EY9MN7KC51,B-H-00181,B-P-00324,Harborline,H2522-001,MA,FL,AGE,HL-178486,2025-04-01,,ACTIVE,90228424,59.28,
B-C-00251,"Garcia, Kevin",21404,(293) 555-0119,,6711 Mckay Route,Port David,KY,40804,4Q24AG7AE16,B-H-00182,B-P-00325,Northwind Health,H3064-013-002,MA,KY,AGE,NW-575523,07/01/25,,active,43888211,58.82,
B-C-00252,"Garcia, Jerome",08/04/1946,(595) 555-0190,jerome.garcia252@example.com,6711 Mckay Route,Port David,KY,40804,1DT1K56NQ99,B-H-00182,B-P-00326,Northwind Health,H3036-027-002,MA,KY,AGE,NW-325992,06/01/2024,12/31/2025,Terminated,43888211,28.08,
B-C-00252,"Garcia, Jerome",08/04/1946,(595) 555-0190,jerome.garcia252@example.com,6711 Mckay Route,Port David,KY,40804,1DT1K56NQ99,B-H-00182,B-P-00327,Summit Health Plans,H4044-007-003,MA,KY,AGE,SH-725568,2026-01-01,,ACTIVE,43888211,54.12,
B-C-00253,"Mitchell, Lee",05/25/1954,(824) 555-0121,lee.mitchell253@example.com,6392 Kimberly Lodge,New Jorge,VA,23218,5QV9Q33JE81,B-H-00183,B-P-00328,Harborline,S7610-010,PDP,VA,AGE,HL-752977,09/01/23,,active,98787777,36.77,
B-C-00254,"Smith, Dwayne",09/30/1953,(793) 555-0198,dwayne.smith254@example.com,5211 Garcia Stravenue Apt. 962,Garciafurt,MA,02208,1DJ9Y84MW78,B-H-00184,B-P-00329,Bluepeak,K,MEDSUPP,MA,AGE,BP-470426,09/01/2025,,Active,90228424,189.25,Met at the café seminar in the spring.
B-C-00254,"Smith, Dwayne",09/30/1953,(793) 555-0198,dwayne.smith254@example.com,5211 Garcia Stravenue Apt. 962,Garciafurt,MA,02208,1DJ9Y84MW78,B-H-00184,B-P-00330,Bluepeak,S2427-016,PDP,MA,AGE,BP-811713,2025-09-01,,ACTIVE,90228424,73.56,
B-C-00255,"Robinson, Charles",11/04/1938,(404) 555-0148,charles.robinson255@example.com,61363 Anderson Park,Nicholasborough,CO,80831,7VE7YJ0AV05,B-H-00185,B-P-00331,Bluepeak,S7317-021,PDP,CO,AGE,BP-673728,07/01/25,,active,64493418,13.09,
B-C-00256,"Hawkins, Brian",20896,(223) 555-0127,brian.hawkins256@example.com,40134 Brian Glens Suite 124,North Derrickborough,WV,25954,1XR0RE7PR43,B-H-00186,B-P-00332,Cardinal Mutual,H5265-017,MA,WV,AGE,CM-980213,10/01/2023,,Active,75084135,35.73,
B-C-00257,"Singleton, Steven",10/23/1943,(464) 555-0125,steven.singleton257@example.com,816 Roy Point,Davidshire,MO,64833,1RE8NH8CA32,B-H-00187,B-P-00333,Cardinal Mutual,S1849-012-002,PDP,MO,AGE,CM-326379,2024-03-01,,ACTIVE,69777236,18.12,
B-C-00258,"Anderson, Diana",20907,(354) 555-0121,diana.anderson258@example.com,7991 Blanchard Roads Suite 209,New Kevinbury,GA,30322,4AR0MD3JQ26,B-H-00188,B-P-00334,Meridian Care,H4636-013-002,MA,GA,AGE,MC-998491,05/01/22,,active,51446845,50.76,
B-C-00259,"Cruz, Jonathan",05/27/1939,(337) 555-0118,jonathan.cruz259@example.com,0948 Jessica Village Suite 138,North Jessicaside,TX,77884,7JU1TM8HX93,B-H-00189,B-P-00335,Bluepeak,R6570-018,MA,TX,AGE,BP-774046,11/01/2025,,Active,14829889,38.39,
B-C-00260,"Cruz, James",35727,(953) 555-0161,,0948 Jessica Village Suite 138,North Jessicaside,TX,77884,,B-H-00189,B-P-00336,Harborline,17955TX1800508,ACA,TX,,HL-800362,2026-01-01,,ACTIVE,14829889,655.53,
B-C-00261,"Johns, Shawn",03/07/1940,(619) 555-0166,shawn.johns261@example.com,8298 Michael Prairie,Kathrynview,NM,88429,9VH2W92CV44,B-H-00190,B-P-00337,Summit Health Plans,H4044-003,MA,NM,AGE,SH-646333,09/01/24,,active,67876966,8.46,
B-C-00262,"Johns, Bradley",26197,(981) 555-0154,bradley.johns262@example.com,8298 Michael Prairie,Kathrynview,NM,88429,,B-H-00190,B-P-00338,Harborline,17955NM4149243,ACA,NM,,HL-985507,01/01/2025,12/31/2025,Terminated,67876966,390.30,
B-C-00262,"Johns, Bradley",26197,(981) 555-0154,bradley.johns262@example.com,8298 Michael Prairie,Kathrynview,NM,88429,,B-H-00190,B-P-00339,Meridian Care,18024NM1208362,ACA,NM,,MC-399579,2026-01-01,,ACTIVE,67876966,893.84,
B-C-00263,"Jones, Adam",07/29/1953,(719) 555-0166,adam.jones263@example.com,20002 Watson Forks Apt. 132,Port Markmouth,OR,97547,1CN9AN4PE73,B-H-00191,B-P-00340,Summit Health Plans,H9807-012,MA,OR,AGE,SH-306585,12/01/24,11/30/25,terminated,93619366,43.00,Call after 2pm.
B-C-00263,"Jones, Adam",07/29/1953,(719) 555-0166,adam.jones263@example.com,20002 Watson Forks Apt. 132,Port Markmouth,OR,97547,1CN9AN4PE73,B-H-00191,B-P-00341,Meridian Care,H4636-010,MA,OR,AGE,MC-675550,12/01/2025,,Active,93619366,9.08,
B-C-00264,"Bryant, Thomas",08/29/1934,(629) 555-0142,thomas.bryant264@example.com,078 Snyder Walks,North Anthonyhaven,CO,80470,1EA9JR0XD94,B-H-00192,B-P-00342,Bluepeak,H9161-011,MA,CO,AGE,BP-796128,2024-01-01,2024-12-31,TERMINATED,49066206,26.62,Asked about dental add-ons at renewal.
B-C-00264,"Bryant, Thomas",08/29/1934,(629) 555-0142,thomas.bryant264@example.com,078 Snyder Walks,North Anthonyhaven,CO,80470,1EA9JR0XD94,B-H-00192,B-P-00343,Meridian Care,H4636-024,MA,CO,AGE,MC-288185,01/01/25,,active,49066206,3.46,
B-C-00265,"Lara, Jennifer",05/25/1935,(660) 555-0104,jennifer.lara265@example.com,525 Rodriguez Inlet Apt. 049,South James,HI,96825,6T16CE8TD71,B-H-00193,B-P-00344,Meridian Care,G,MEDSUPP,HI,AGE,MC-745776,07/01/2024,,Active,50399119,120.12,
B-C-00265,"Lara, Jennifer",05/25/1935,(660) 555-0104,jennifer.lara265@example.com,525 Rodriguez Inlet Apt. 049,South James,HI,96825,6T16CE8TD71,B-H-00193,B-P-00345,Meridian Care,S4547-017,PDP,HI,AGE,MC-189237,2024-07-01,,ACTIVE,50399119,55.06,
B-C-00266,"Lara, Christopher",07/09/1951,(331) 555-0132,christopher.lara266@example.com,525 Rodriguez Inlet Apt. 049,South James,HI,96825,1CR1NY4MR86,B-H-00193,B-P-00346,Northwind Health,H3064-014,MA,HI,AGE,NW-928564,03/01/23,,active,50399119,53.98,
B-C-00267,"Strong, Caitlyn",12/31/1945,(519) 555-0133,caitlyn.strong267@example.com,84573 Jensen Hills,Lake Blakefort,CT,06547,1QD6WX7XR11,B-H-00194,B-P-00347,Summit Health Plans,R3913-016,MA,CT,AGE,SH-192791,08/01/2022,,Active,20671937,3.85,
B-C-00268,"Strong, Kelly",21027,(519) 555-0133,,84573 Jensen Hills,Lake Blakefort,CT,06547,8XW1AC3GE10,B-H-00194,B-P-00348,Northwind Health,H3064-007,MA,CT,AGE,NW-129033,2023-02-01,,ACTIVE,20671937,42.95,
B-C-00269,"Hopkins, Chelsea",27910,(399) 555-0117,chelsea.hopkins269@example.com,988 Collins Passage Apt. 758,South Andrewland,DC,20253,,B-H-00195,B-P-00349,Harborline,17955DC8415269,ACA,DC,,HL-250180,01/01/26,,active,24647567,855.80,
B-C-00270,"Hopkins, Phillip",32172,(926) 555-0159,phillip.hopkins270@example.com,988 Collins Passage Apt. 758,South Andrewland,DC,20253,,B-H-00195,B-P-00350,Northwind Health,61006DC6518773,ACA,DC,,NW-871393,01/01/2024,,Active,24647567,684.60,
B-C-00271,"Dickson, Rachel",01/20/1947,(762) 555-0182,rachel.dickson271@example.com,063 Lauren Curve,North Dylanberg,OR,97351,5N86HG4RU83,B-H-00196,B-P-00351,Summit Health Plans,R3913-005,MA,OR,AGE,SH-827654,2025-01-01,,ACTIVE,43888211,50.81,
B-C-00272,"Dickson, Sharon",04/13/1938,(762) 555-0182,sharon.dickson272@example.com,063 Lauren Curve,North Dylanberg,OR,97351,7A03KW2GM19,B-H-00196,B-P-00352,Bluepeak,H5243-006,MA,OR,AGE,BP-176361,12/01/24,,active,43888211,36.27,
B-C-00273,"Dickson, Angel",07/16/1934,(762) 555-0182,angel.dickson273@example.com,063 Lauren Curve,North Dylanberg,OR,97351,1UR2PY6HN01,B-H-00196,B-P-00353,Meridian Care,S7287-028,PDP,OR,AGE,MC-705130,08/01/2023,,Active,43888211,82.15,
B-C-00274,"Peterson, Anthony",12/14/1946,(881) 555-0129,anthony.peterson274@example.com,16968 Hannah Stravenue Apt. 295,North Timothyside,DC,20088,5QY7CP4XM31,B-H-00197,B-P-00354,Bluepeak,R8474-007,MA,DC,AGE,BP-849369,2026-05-01,,ACTIVE,75084135,48.64,
B-C-00275,"Marsh, Elizabeth",20928,(425) 555-0101,,40581 Garza Crest Suite 091,North Mark,TN,38393,5MH7JG0CX58,B-H-00198,B-P-00355,Cardinal Mutual,H5265-024,MA,TN,AGE,CM-260152,11/01/23,10/31/25,terminated,45462976,56.12,
B-C-00275,"Marsh, Elizabeth",20928,(425) 555-0101,,40581 Garza Crest Suite 091,North Mark,TN,38393,5MH7JG0CX58,B-H-00198,B-P-00356,Northwind Health,H3064-014,MA,TN,AGE,NW-798233,11/01/2025,,Active,45462976,5.59,
B-C-00276,"Barnett, Gregory",04/30/1947,(614) 555-0174,,6138 Skinner Corner,Kaiserstad,LA,70047,8HX7C40MC16,B-H-00199,B-P-00357,Summit Health Plans,H4044-007-003,MA,LA,AGE,SH-296653,2022-02-01,,ACTIVE,26047628,19.85,Prefers mail over phone.
B-C-00277,"Barnett, Cynthia",20426,(614) 555-0174,cynthia.barnett277@example.com,6138 Skinner Corner,Kaiserstad,LA,70047,5AY4F28QJ78,B-H-00199,B-P-00358,Summit Health Plans,H4044-015,MA,LA,AGE,SH-144960,07/01/23,,active,26047628,57.10,
B-C-00278,"Robinson-Terrell, Rachel",07/01/1947,(568) 555-0150,,9980 Aimee Glens Apt. 390,New Williamberg,VA,20133,9T41AA6RW90,B-H-00200,B-P-00359,Meridian Care,H4636-027,MA,VA,AGE,MC-854058,06/01/2024,,Active,98787777,41.07,
B-C-00279,"Terrell, Heather",21584,(568) 555-0150,heather.terrell279@example.com,9980 Aimee Glens Apt. 390,New Williamberg,VA,20133,4FH1K79XC99,B-H-00200,B-P-00360,Bluepeak,H5243-007,MA,VA,AGE,BP-322111,2024-11-01,,ACTIVE,98787777,42.02,
B-C-00280,"House, Jacob",03/14/1939,(211) 555-0154,jacob.house280@example.com,129 Welch Isle Apt. 910,East Samantha,VA,24029,4TG6MJ2CP86,B-H-00201,B-P-00361,Summit Health Plans,H4044-009-001,MA,VA,AGE,SH-154559,05/01/22,,active,98787777,56.62,
B-C-00281,"Brown, Steven",09/15/1943,(954) 555-0143,steven.brown281@example.com,235 Allen Haven Apt. 336,Sharonport,PA,18378,3A17HQ0GH40,B-H-00202,B-P-00362,Bluepeak,S7317-014,PDP,PA,AGE,BP-988848,07/01/2025,,Active,64493418,26.32,
B-C-00283,"Wright, Christine",02/18/1947,(524) 555-0116,christine.wright283@example.com,76311 Gomez Loop Suite 010,Chandlerville,AL,35845,4HJ3HR1KH49,B-H-00204,B-P-00365,Bluepeak,H9161-004,MA,AL,AGE,BP-550767,2023-10-01,2026-02-28,TERMINATED,67876966,20.67,
B-C-00283,"Wright, Christine",02/18/1947,(524) 555-0116,christine.wright283@example.com,76311 Gomez Loop Suite 010,Chandlerville,AL,35845,4HJ3HR1KH49,B-H-00204,B-P-00366,Cardinal Mutual,H7696-025,MA,AL,AGE,CM-549629,03/01/26,,active,67876966,10.70,
B-C-00284,"Wright, James",37184,(573) 555-0167,james.wright284@example.com,76311 Gomez Loop Suite 010,Chandlerville,AL,35845,,B-H-00204,B-P-00367,Northwind Health,61006AL6363410,ACA,AL,,NW-236003,01/01/2025,12/31/2025,Terminated,67876966,319.52,
B-C-00284,"Wright, James",37184,(573) 555-0167,james.wright284@example.com,76311 Gomez Loop Suite 010,Chandlerville,AL,35845,,B-H-00204,B-P-00368,Meridian Care,18024AL9833127,ACA,AL,,MC-188112,2026-01-01,,ACTIVE,67876966,409.62,
B-C-00285,"Miller, Susan",21750,(927) 555-0130,susan.miller285@example.com,2983 Johnny Mill Suite 332,Cervantesborough,MO,63377,7MP0FW2JE34,B-H-00205,B-P-00369,Cardinal Mutual,S1849-024,PDP,MO,AGE,CM-429679,12/01/24,,active,69777236,48.29,
B-C-00286,"Miller, David",34731,(925) 555-0119,david.miller286@example.com,2983 Johnny Mill Suite 332,Cervantesborough,MO,63377,,B-H-00205,B-P-00370,Meridian Care,18024MO7370995,ACA,MO,,MC-639570,01/01/2025,12/31/2025,Terminated,69777236,220.66,
B-C-00286,"Miller, David",34731,(925) 555-0119,david.miller286@example.com,2983 Johnny Mill Suite 332,Cervantesborough,MO,63377,,B-H-00205,B-P-00371,Bluepeak,39473MO8694928,ACA,MO,,BP-905969,2026-01-01,,ACTIVE,69777236,472.55,Call after 2pm.
B-C-00288,"Serrano, John",03/30/1936,(244) 555-0101,john.serrano288@example.com,475 Davis Flats,Matthewfort,CT,06932,7UF6AJ5VP34,B-H-00207,B-P-00373,Summit Health Plans,H9807-016,MA,CT,AGE,SH-470979,11/01/24,,active,24647567,4.37,
B-C-00289,"Hanson, Jason",04/07/1936,(271) 555-0124,jason.hanson289@example.com,2370 Robert Light Suite 661,Port Karen,ND,58585,6W41TE9TY39,B-H-00208,B-P-00374,Summit Health Plans,H4044-013-003,MA,ND,AGE,SH-971246,09/01/2022,06/30/2025,Terminated,93619366,33.36,
B-C-00289,"Hanson, Jason",04/07/1936,(271) 555-0124,jason.hanson289@example.com,2370 Robert Light Suite 661,Port Karen,ND,58585,6W41TE9TY39,B-H-00208,B-P-00375,Bluepeak,H9161-027,MA,ND,AGE,BP-672688,2025-07-01,,ACTIVE,93619366,4.04,
B-C-00290,"Quinn, Danielle",22123,(359) 555-0195,danielle.quinn290@example.com,71226 Shannon Loaf Apt. 674,Bobbymouth,WY,82036,9GU3AP3NF47,B-H-00209,B-P-00376,Cardinal Mutual,H5265-007,MA,WY,AGE,CM-626534,05/01/26,,active,84583776,59.42,
B-C-00291,"Jordan, Erik",07/27/1937,(276) 555-0127,erik.jordan291@example.com,8438 Parker Vista,Port Sean,NV,88915,5X25T45TP86,B-H-00210,B-P-00377,Northwind Health,H3036-021,MA,NV,AGE,NW-263820,09/01/2023,,Active,45462976,45.02,
B-C-00292,"Bradford, Gina",03/16/1937,(579) 555-0182,gina.bradford292@example.com,6875 Misty Terrace,North Ann,OR,97780,1A54EJ5HU36,B-H-00211,B-P-00378,Meridian Care,H5913-026-001,MA,OR,AGE,MC-252905,2025-01-01,,ACTIVE,9527070,51.47,
B-C-00293,"Hanson, Mason",22661,(871) 555-0143,mason.hanson293@example.com,22031 Lee Bypass,Barretthaven,NC,27851,,B-H-00212,B-P-00379,Cardinal Mutual,70072NC3640575,ACA,NC,,CM-552404,01/01/24,,active,67876966,413.61,
B-C-00294,"Hanson, Brittany",11/11/1937,(398) 555-0138,,22031 Lee Bypass,Barretthaven,NC,27851,2VK0YC8CP12,B-H-00212,B-P-00380,Cardinal Mutual,H5265-003-003,MA,NC,AGE,CM-625121,05/01/2024,,Active,67876966,19.91,
B-C-00295,"Johnson, Wendy",09/14/1954,(888) 555-0145,wendy.johnson295@example.com,3133 Fischer Lodge Suite 928,Margaretview,DE,19993,2WH5W70RD29,B-H-00213,B-P-00381,Northwind Health,H3036-016,MA,DE,AGE,NW-761538,2023-04-01,,ACTIVE,59893296,12.41,
B-C-00296,"Johnson, Curtis",12/27/1948,(766) 555-0107,curtis.johnson296@example.com,3133 Fischer Lodge Suite 928,Margaretview,DE,19993,4RV8X91MC13,B-H-00213,B-P-00382,Summit Health Plans,H4044-028-003,MA,DE,AGE,SH-350171,03/01/26,,active,59893296,54.71,
B-C-00297,"Morris, Robert",20976,(657) 555-0183,robert.morris297@example.com,460 Chad Forges Apt. 924,Robertborough,CT,06740,3P52J79UD40,B-H-00214,B-P-00383,Bluepeak,H9161-014-001,MA,CT,AGE,BP-305776,09/01/2023,,Active,51446845,52.02,
B-C-00298,"Morris, Michael",01/19/1938,(255) 555-0141,michael.morris298@example.com,460 Chad Forges Apt. 924,Robertborough,CT,06740,7W63J98HA79,B-H-00214,B-P-00384,Northwind Health,H3064-016,MA,CT,AGE,NW-203227,2022-10-01,2024-03-31,TERMINATED,51446845,15.09,
B-C-00298,"Morris, Michael",01/19/1938,(255) 555-0141,michael.morris298@example.com,460 Chad Forges Apt. 924,Robertborough,CT,06740,7W63J98HA79,B-H-00214,B-P-00385,Cardinal Mutual,H5265-030,MA,CT,AGE,CM-177300,04/01/24,,active,51446845,23.37,
B-C-00299,"Wilson, Maria",20875,(583) 555-0189,,845 Amy Land Suite 241,South Pamberg,DE,19887,8K40PM8EW77,B-H-00215,B-P-00386,Northwind Health,H3036-001,MA,DE,AGE,NW-941825,11/01/2022,,Active,59893296,22.85,
B-C-00300,"Wilson, Amanda",34075,(323) 555-0122,amanda.wilson300@example.com,845 Amy Land Suite 241,South Pamberg,DE,19887,,B-H-00215,B-P-00387,Bluepeak,39473DE7914488,ACA,DE,,BP-709723,2025-01-01,2025-12-31,TERMINATED,59893296,435.89,
B-C-00300,"Wilson, Amanda",34075,(323) 555-0122,amanda.wilson300@example.com,845 Amy Land Suite 241,South Pamberg,DE,19887,,B-H-00215,B-P-00388,Northwind Health,61006DE2696080,ACA,DE,,NW-791394,01/01/26,,active,59893296,345.14,
B-C-00301,"Ochoa, Lynn",12/31/1951,(521) 555-0101,lynn.ochoa301@example.com,726 Patrick Road Apt. 579,South Michael,AZ,86407,9HW5RJ3CJ82,B-H-00216,B-P-00389,Harborline,F,MEDSUPP,AZ,AGE,HL-149946,05/01/2024,,Active,9527070,302.70,
B-C-00301,"Ochoa, Lynn",12/31/1951,(521) 555-0101,lynn.ochoa301@example.com,726 Patrick Road Apt. 579,South Michael,AZ,86407,9HW5RJ3CJ82,B-H-00216,B-P-00390,Harborline,S7610-030,PDP,AZ,AGE,HL-332968,2024-05-01,,ACTIVE,9527070,20.02,
B-C-00302,"Ochoa, Anthony",35485,(281) 555-0187,anthony.ochoa302@example.com,726 Patrick Road Apt. 579,South Michael,AZ,86407,,B-H-00216,B-P-00391,Cardinal Mutual,70072AZ2521343,ACA,AZ,,CM-130177,01/01/25,12/31/25,terminated,9527070,534.73,
B-C-00302,"Ochoa, Anthony",35485,(281) 555-0187,anthony.ochoa302@example.com,726 Patrick Road Apt. 579,South Michael,AZ,86407,,B-H-00216,B-P-00392,Northwind Health,61006AZ9252819,ACA,AZ,,NW-616556,01/01/2026,,Active,9527070,772.92,
B-C-00303,"Castillo, Megan",08/29/1938,(562) 555-0142,,49542 Ford Mill,South Benjaminstad,TX,75539,3M65D19CV26,B-H-00217,B-P-00393,Cardinal Mutual,H7696-017-002,MA,TX,AGE,CM-572745,2024-07-01,2026-03-31,TERMINATED,14829889,58.29,
B-C-00303,"Castillo, Megan",08/29/1938,(562) 555-0142,,49542 Ford Mill,South Benjaminstad,TX,75539,3M65D19CV26,B-H-00217,B-P-00394,Summit Health Plans,H9807-009-003,MA,TX,AGE,SH-415066,04/01/26,,active,14829889,32.56,
B-C-00304,"Castillo, Manuel",10/16/1940,(233) 555-0194,manuel.castillo304@example.com,49542 Ford Mill,South Benjaminstad,TX,75539,9P87NH9PN83,B-H-00217,B-P-00395,Cardinal Mutual,H5265-007,MA,TX,AGE,CM-375652,02/01/2022,,Active,14829889,0.15,
B-C-00305,"Mccarthy, Lynn",06/15/1935,(666) 555-0133,lynn.mccarthy305@example.com,108 Wayne Village Apt. 078,Matthewstad,TN,37126,7VD9CC1EG86,B-H-00218,B-P-00396,Harborline,H1547-008,MA,TN,AGE,HL-149339,2025-05-01,,ACTIVE,45462976,10.68,
B-C-00306,"Lopez, Peggy",03/18/1947,(988) 555-0126,peggy.lopez306@example.com,11590 Tiffany Bridge,Whitestad,WY,82670,6X27CX4JT67,B-H-00219,B-P-00397,Summit Health Plans,H9807-006,MA,WY,AGE,SH-688157,11/01/22,,active,20671937,42.70,
B-C-00307,"Lopez, Tasha",08/19/1934,(988) 555-0126,tasha.lopez307@example.com,11590 Tiffany Bridge,Whitestad,WY,82670,5XM8M52UM07,B-H-00219,B-P-00398,Northwind Health,H3036-029,MA,WY,AGE,NW-898637,08/01/2022,,Active,20671937,17.45,
B-C-00308,"Sparks, Andrea",11/23/1944,(790) 555-0156,andrea.sparks308@example.com,861 Craig Squares,Andradeburgh,CA,93303,5CV0HD4XX82,B-H-00220,B-P-00399,Bluepeak,H9161-004,MA,CA,AGE,BP-959506,2025-09-01,,ACTIVE,50399119,41.64,
B-C-00309,"Knight, Kevin",20096,(799) 555-0159,kevin.knight309@example.com,494 Walters Viaduct,South Baileyhaven,NC,27314,6GY9QM4QC13,B-H-00221,B-P-00400,Cardinal Mutual,H5265-016,MA,NC,AGE,CM-507533,05/01/22,,active,93619366,53.42,
B-C-00310,"Knight, Francisco",09/14/1942,(819) 555-0134,,494 Walters Viaduct,South Baileyhaven,NC,27314,5NT1XV9HK28,B-H-00221,B-P-00401,Cardinal Mutual,H7696-025,MA,NC,AGE,CM-121237,06/01/2025,,Active,93619366,46.74,
B-C-00311,"Greene, Danielle",28652,(517) 555-0147,danielle.greene311@example.com,6833 Mary Expressway,Amyburgh,RI,02971,9V58RU4HM23,B-H-00222,B-P-00402,Meridian Care,H5913-010,MA,RI,DISABILITY,MC-737048,2024-07-01,,ACTIVE,37947372,1.01,
B-C-00312,"Greene, Tyrone",04/21/1940,(876) 555-0147,tyrone.greene312@example.com,6833 Mary Expressway,Amyburgh,RI,02971,8XM1H49RC67,B-H-00222,B-P-00403,Harborline,H1547-020,MA,RI,AGE,HL-619551,06/01/24,,active,37947372,16.42,
B-C-00313,"Ramsey, Vincent",21573,(410) 555-0145,,39261 Martin Garden Suite 856,Port Vanessa,GA,31856,7A78NQ4DE18,B-H-00223,B-P-00404,Bluepeak,N,MEDSUPP,GA,AGE,BP-241212,08/01/2024,,Active,51446845,100.08,Call after 2pm.
B-C-00313,"Ramsey, Vincent",21573,(410) 555-0145,,39261 Martin Garden Suite 856,Port Vanessa,GA,31856,7A78NQ4DE18,B-H-00223,B-P-00405,Bluepeak,S7317-025,PDP,GA,AGE,BP-196753,2024-08-01,,ACTIVE,51446845,28.28,Client prefers materials en español.
B-C-00314,"Nguyen, Karen",21721,(575) 555-0196,karen.nguyen314@example.com,0053 Thompson Brook Apt. 649,Port Scott,PA,17859,3NQ6PV0PM06,B-H-00224,B-P-00406,Bluepeak,N,MEDSUPP,PA,AGE,BP-674315,06/01/25,,active,91146902,308.53,
B-C-00314,"Nguyen, Karen",21721,(575) 555-0196,karen.nguyen314@example.com,0053 Thompson Brook Apt. 649,Port Scott,PA,17859,3NQ6PV0PM06,B-H-00224,B-P-00407,Bluepeak,S2427-019,PDP,PA,AGE,BP-762853,06/01/2025,,Active,91146902,30.18,
B-C-00315,"Nguyen, James",36953,(575) 555-0196,karen.nguyen314@example.com,0053 Thompson Brook Apt. 649,Port Scott,PA,17859,,B-H-00224,B-P-00408,Meridian Care,18024PA9678975,ACA,PA,,MC-162569,2025-01-01,,ACTIVE,91146902,415.72,
B-C-00317,"Crane, Sarah",12/14/1948,(743) 555-0122,sarah.crane317@example.com,653 Karen Pines Suite 326,Hardinmouth,CO,81515,1WH9YW8NJ67,B-H-00225,B-P-00411,Harborline,S7610-019,PDP,CO,AGE,HL-853291,12/01/23,,active,49066206,42.94,
B-C-00318,"Martin, Denise",23715,(610) 555-0144,denise.martin318@example.com,7100 Schroeder Mountain Apt. 766,Stevenshire,NV,88995,,B-H-00226,B-P-00412,Harborline,17955NV6251912,ACA,NV,,HL-977924,01/01/2026,,Active,37947372,891.64,
B-C-00319,"Brooks, Tammie",21607,(661) 555-0163,tammie.brooks319@example.com,929 Ashley Center Suite 165,Melissaside,PA,19616,2EH6ME9UX95,B-H-00227,B-P-00413,Meridian Care,H4636-025-003,MA,PA,AGE,MC-111031,2025-05-01,,ACTIVE,50399119,48.81,
B-C-00321,"Nguyen, Lauren",09/12/1936,(486) 555-0127,lauren.nguyen321@example.com,5033 Deborah Ramp Apt. 141,Geoffreyside,AR,72926,9W02RR6XA88,B-H-00228,B-P-00416,Harborline,S4178-026,PDP,AR,AGE,HL-540888,03/01/25,,active,93619366,54.01,
B-C-00322,"Guzman, Devon",25984,(289) 555-0179,devon.guzman322@example.com,19642 Marcus Crossroad Apt. 655,Colemanchester,NE,69102,,B-H-00229,B-P-00417,Summit Health Plans,75720NE4354472,ACA,NE,,SH-979641,01/01/2025,12/31/2025,Terminated,94445646,764.67,
B-C-00322,"Guzman, Devon",25984,(289) 555-0179,devon.guzman322@example.com,19642 Marcus Crossroad Apt. 655,Colemanchester,NE,69102,,B-H-00229,B-P-00418,Harborline,17955NE5116111,ACA,NE,,HL-425210,2026-01-01,,ACTIVE,94445646,799.27,
B-C-00323,"Yoder, Jermaine",04/28/1936,(362) 555-0152,jermaine.yoder323@example.com,58692 Proctor Courts,Joshuaview,DC,20011,7AH9Q63JE97,B-H-00230,B-P-00419,Cardinal Mutual,H7696-013,MA,DC,AGE,CM-784895,03/01/22,03/31/24,terminated,24647567,2.88,
B-C-00323,"Yoder, Jermaine",04/28/1936,(362) 555-0152,jermaine.yoder323@example.com,58692 Proctor Courts,Joshuaview,DC,20011,7AH9Q63JE97,B-H-00230,B-P-00420,Summit Health Plans,H4044-011,MA,DC,AGE,SH-318896,04/01/2024,,Active,24647567,20.39,
B-C-00324,"Yoder, Tonya",08/15/1936,(393) 555-0151,,58692 Proctor Courts,Joshuaview,DC,20011,9XH4DG6QU74,B-H-00230,B-P-00421,Summit Health Plans,H9807-021,MA,DC,AGE,SH-574429,2023-08-01,,ACTIVE,24647567,48.35,
B-C-00325,"Yoder, Brian",04/05/1951,(895) 555-0188,brian.yoder325@example.com,58692 Proctor Courts,Joshuaview,DC,20011,3EU6V67FW77,B-H-00230,B-P-00422,Northwind Health,H3036-022-002,MA,DC,AGE,NW-234284,12/01/23,,active,24647567,14.86,
B-C-00326,"Smith, Melinda",07/15/1948,(985) 555-0125,melinda.smith326@example.com,49670 Cruz Cape,East Nicolas,MN,55614,7VT6N26YE47,B-H-00231,B-P-00423,Northwind Health,H3036-016,MA,MN,AGE,NW-179525,07/01/2022,,Active,94445646,2.61,
B-C-00327,"Smith, Donna",21700,(985) 555-0125,,49670 Cruz Cape,East Nicolas,MN,55614,6MP8NV3NR39,B-H-00231,B-P-00424,Cardinal Mutual,H5265-020-002,MA,MN,AGE,CM-178206,2025-12-01,,ACTIVE,94445646,44.60,
B-C-00328,"Colon, Renee",10/02/1949,(560) 555-0180,renee.colon328@example.com,814 Kathryn Groves,Whiteheadberg,NC,28965,9H12UF3WQ56,B-H-00232,B-P-00425,Summit Health Plans,R3913-004,MA,NC,AGE,SH-842140,09/01/22,08/31/24,terminated,67876966,3.69,
B-C-00328,"Colon, Renee",10/02/1949,(560) 555-0180,renee.colon328@example.com,814 Kathryn Groves,Whiteheadberg,NC,28965,9H12UF3WQ56,B-H-00232,B-P-00426,Cardinal Mutual,H7696-007,MA,NC,AGE,CM-681078,09/01/2024,,Active,67876966,48.34,
B-C-00329,"Ross, Andrea",21445,(906) 555-0103,,469 Fields Tunnel,Katelynshire,DC,56914,2U17JJ8MJ11,B-H-00233,B-P-00427,Meridian Care,H5913-018,MA,DC,AGE,MC-128642,2026-01-01,,ACTIVE,75084135,39.29,
B-C-00330,"Banks, Brandon",04/22/1953,(675) 555-0170,brandon.banks330@example.com,651 Thomas River Suite 931,Blankenshipport,CO,81341,8HA6P32KC77,B-H-00234,B-P-00428,Bluepeak,H5243-021-001,MA,CO,AGE,BP-907142,05/01/25,,active,49066206,23.80,
B-C-00331,"Banks, Kendra",07/24/1939,(391) 555-0195,kendra.banks331@example.com,651 Thomas River Suite 931,Blankenshipport,CO,81341,3M77V76CR87,B-H-00234,B-P-00429,Summit Health Plans,H4044-012,MA,CO,AGE,SH-529681,06/01/2022,,Active,49066206,56.88,
B-C-00332,"Fitzgerald, Tammy",10/14/1951,(459) 555-0141,tammy.fitzgerald332@example.com,26081 Laura Stravenue,Crawfordfort,WY,82269,9WW8TE5JX59,B-H-00235,B-P-00430,Summit Health Plans,H9807-024-002,MA,WY,AGE,SH-693270,2024-03-01,,ACTIVE,84583776,6.22,
B-C-00333,"Fitzgerald, Kiara",02/03/1936,(761) 555-0198,,26081 Laura Stravenue,Crawfordfort,WY,82269,7QT2F18FW03,B-H-00235,B-P-00431,Bluepeak,H9161-024,MA,WY,AGE,BP-748929,09/01/24,,active,84583776,38.68,
B-C-00334,"Wise, Cindy",04/07/1935,(562) 555-0136,chase.wise335@example.com,23098 David Station,South Nancyview,UT,84578,8FT2VM9WG47,B-H-00236,B-P-00432,Meridian Care,L,MEDSUPP,UT,AGE,MC-495196,02/01/2025,,Active,45462976,235.25,
B-C-00334,"Wise, Cindy",04/07/1935,(562) 555-0136,chase.wise335@example.com,23098 David Station,South Nancyview,UT,84578,8FT2VM9WG47,B-H-00236,B-P-00433,Meridian Care,S7287-015,PDP,UT,AGE,MC-157784,2025-02-01,,ACTIVE,45462976,76.76,
B-C-00335,"Wise, Chase",37817,(562) 555-0136,chase.wise335@example.com,23098 David Station,South Nancyview,UT,84578,,B-H-00236,B-P-00434,Cardinal Mutual,70072UT1828779,ACA,UT,,CM-226096,01/01/25,12/31/25,terminated,45462976,212.57,
B-C-00335,"Wise, Chase",37817,(562) 555-0136,chase.wise335@example.com,23098 David Station,South Nancyview,UT,84578,,B-H-00236,B-P-00435,Bluepeak,39473UT1767466,ACA,UT,,BP-987587,01/01/2026,,Active,45462976,314.17,
B-C-00336,"Richardson, Melissa",02/13/1941,(556) 555-0180,melissa.richardson336@example.com,4154 White Shoal,Doughertyport,WY,82169,9DJ9Y00CD82,B-H-00237,B-P-00436,Cardinal Mutual,G,MEDSUPP,WY,AGE,CM-426317,2023-02-01,,ACTIVE,91146902,286.80,
B-C-00336,"Richardson, Melissa",02/13/1941,(556) 555-0180,melissa.richardson336@example.com,4154 White Shoal,Doughertyport,WY,82169,9DJ9Y00CD82,B-H-00237,B-P-00437,Cardinal Mutual,S1849-003,PDP,WY,AGE,CM-772806,02/01/23,,active,91146902,61.61,
B-C-00337,"Carney, David",35712,(557) 555-0111,david.carney337@example.com,98179 Simmons Vista,Jordanshire,MO,65643,,B-H-00238,B-P-00438,Meridian Care,18024MO0579042,ACA,MO,,MC-830509,01/01/2024,,Active,81157097,272.74,
B-C-00338,"Hill, Michael",12/06/1936,(357) 555-0101,michael.hill338@example.com,8868 Diane Course Apt. 871,Jacobhaven,DE,19990,3WP1Y71CK59,B-H-00239,B-P-00439,Summit Health Plans,H9807-003-001,MA,DE,AGE,SH-396822,2022-02-01,,ACTIVE,69777236,41.51,
B-C-00339,"Hill, Richard",12/24/1951,(382) 555-0137,richard.hill339@example.com,8868 Diane Course Apt. 871,Jacobhaven,DE,19990,1GX1XC0QE98,B-H-00239,B-P-00440,Cardinal Mutual,H5265-027-003,MA,DE,AGE,CM-353164,01/01/23,04/30/24,terminated,69777236,9.56,
B-C-00339,"Hill, Richard",12/24/1951,(382) 555-0137,richard.hill339@example.com,8868 Diane Course Apt. 871,Jacobhaven,DE,19990,1GX1XC0QE98,B-H-00239,B-P-00441,Northwind Health,H3036-029,MA,DE,AGE,NW-643546,05/01/2024,,Active,69777236,16.33,
B-C-00340,"Jones, Taylor",09/14/1950,(734) 555-0132,,5759 Rodriguez Tunnel,Carrhaven,CT,06415,3N57H17YW56,B-H-00240,B-P-00442,Northwind Health,F,MEDSUPP,CT,AGE,NW-813063,2025-02-01,,ACTIVE,14829889,138.83,
B-C-00340,"Jones, Taylor",09/14/1950,(734) 555-0132,,5759 Rodriguez Tunnel,Carrhaven,CT,06415,3N57H17YW56,B-H-00240,B-P-00443,Northwind Health,S2942-009-001,PDP,CT,AGE,NW-939498,02/01/25,,active,14829889,29.13,
B-C-00341,"Shaffer, Mandy",12/04/1943,(815) 555-0115,mandy.shaffer341@example.com,6333 Reilly Knoll Apt. 208,Kathrynburgh,CO,81612,3MT0M78EE30,B-H-00241,B-P-00444,Meridian Care,H5913-024,MA,CO,AGE,MC-995393,07/01/2022,,Active,59893296,13.89,
B-C-00342,"James, Tara",12/30/1938,(711) 555-0198,,25871 Nicholas Forge,East Charles,CT,06779,8QV3HM8JY27,B-H-00242,B-P-00445,Northwind Health,H3064-013,MA,CT,AGE,NW-530496,2022-08-01,,ACTIVE,24647567,43.28,
B-C-00343,"Castro, Andrew",05/22/1947,(243) 555-0104,andrew.castro343@example.com,6142 Scott Way Suite 775,New Kelliberg,MS,38894,5TH7VF3HE01,B-H-00243,B-P-00446,Northwind Health,H3036-016,MA,MS,AGE,NW-891726,11/01/22,,active,50979283,53.35,Call after 2pm.
B-C-00344,"Smith, Terri",20652,(494) 555-0141,terri.smith344@example.com,432 Maldonado Expressway Apt. 572,Lake Thomasmouth,AR,72617,1VM8KF6KW33,B-H-00244,B-P-00447,Summit Health Plans,R3913-013-003,MA,AR,AGE,SH-805591,12/01/2024,,Active,93619366,49.54,
B-C-00345,"Cooper, Megan",03/10/1946,(626) 555-0138,,776 Mills Underpass Suite 075,South Jeffrey,CT,06127,4T97VD9WR91,B-H-00245,B-P-00448,Northwind Health,H3064-009,MA,CT,AGE,NW-447012,2025-10-01,,ACTIVE,20671937,20.81,
B-C-00346,"Ford, David",08/01/1945,(596) 555-0168,david.ford346@example.com,086 Hutchinson View,East Rebecca,CO,80909,2DE4TQ2AT34,B-H-00246,B-P-00449,Summit Health Plans,H9807-024-001,MA,CO,AGE,SH-750722,10/01/24,03/31/26,terminated,59893296,53.47,
B-C-00346,"Ford, David",08/01/1945,(596) 555-0168,david.ford346@example.com,086 Hutchinson View,East Rebecca,CO,80909,2DE4TQ2AT34,B-H-00246,B-P-00450,Harborline,R4376-018,MA,CO,AGE,HL-826992,04/01/2026,,Active,59893296,35.32,
B-C-00347,"Larson, Amanda",31273,(583) 555-0155,amanda.larson347@example.com,056 Ball Plain,North Michaelside,MO,65104,,B-H-00247,B-P-00451,Harborline,17955MO8751747,ACA,MO,,HL-810734,2025-01-01,,ACTIVE,69777236,634.00,
B-C-00348,"Dennis, Evelyn",20988,(780) 555-0116,evelyn.dennis348@example.com,299 Walter Centers,New Marystad,GA,39910,5T20RP5YR42,B-H-00248,B-P-00452,Cardinal Mutual,H7696-003,MA,GA,AGE,CM-650069,12/01/22,,active,51446845,13.87,
B-C-00349,"Burke, Matthew",35779,(277) 555-0112,,05213 Ashley Forge,Youngfurt,MA,05545,,B-H-00249,B-P-00453,Cardinal Mutual,70072MA8719174,ACA,MA,,CM-298355,01/01/2025,12/31/2025,Terminated,90228424,604.03,
B-C-00349,"Burke, Matthew",35779,(277) 555-0112,,05213 Ashley Forge,Youngfurt,MA,05545,,B-H-00249,B-P-00454,Harborline,17955MA0030997,ACA,MA,,HL-991590,2026-01-01,,ACTIVE,90228424,206.62,
B-C-00350,"Hobbs, Christopher",10/28/1948,(942) 555-0110,christopher.hobbs350@example.com,3902 Kylie Roads,Stricklandtown,MO,63852,3XQ0W20UC63,B-H-00250,B-P-00455,Meridian Care,R6659-015,MA,MO,AGE,MC-631076,02/01/23,10/31/24,terminated,69777236,19.55,
B-C-00350,"Hobbs, Christopher",10/28/1948,(942) 555-0110,christopher.hobbs350@example.com,3902 Kylie Roads,Stricklandtown,MO,63852,3XQ0W20UC63,B-H-00250,B-P-00456,Summit Health Plans,H4044-015,MA,MO,AGE,SH-832304,11/01/2024,,Active,69777236,58.78,
B-C-00351,"Hobbs, Yvonne",12/26/1946,(515) 555-0147,yvonne.hobbs351@example.com,3902 Kylie Roads,Stricklandtown,MO,63852,4VV0U96UX21,B-H-00250,B-P-00457,Bluepeak,H5243-030,MA,MO,AGE,BP-562004,2023-12-01,,ACTIVE,69777236,6.41,Call after 2pm.
B-C-00352,"Elliott, Benjamin",10/31/1940,(294) 555-0197,benjamin.elliott352@example.com,7820 Rick Freeway,Lisafurt,CT,06077,9EP4VX5NJ55,B-H-00251,B-P-00458,Northwind Health,H3064-028,MA,CT,AGE,NW-490446,09/01/23,,active,14829889,57.74,
B-C-00353,"Gross, Wesley",21310,(657) 555-0131,wesley.gross353@example.com,18914 Smith Locks Apt. 309,New Patricia,NC,27901,6XV3NT3GQ51,B-H-00252,B-P-00459,Summit Health Plans,H9807-024-003,MA,NC,AGE,SH-429280,09/01/2025,,Active,93619366,49.84,
B-C-00354,"Lara, Debra",21928,(336) 555-0105,debra.lara354@example.com,3475 Carlos Island,Walshmouth,CT,06746,5H38N24NN47,B-H-00253,B-P-00460,Bluepeak,H9161-017,MA,CT,AGE,BP-381388,2026-01-01,,ACTIVE,20671937,36.50,Met at the café seminar in the spring.
B-C-00355,"Lee, Alicia",09/01/1936,(791) 555-0166,alicia.lee355@example.com,050 Mcdaniel Centers Suite 333,Port Madison,FL,32274,9RC3M35QH33,B-H-00254,B-P-00461,Summit Health Plans,R4076-003-003,MA,FL,AGE,SH-755038,07/01/25,,active,90228424,4.01,
B-C-00356,"Moore, Larry",21806,(343) 555-0127,,86086 Hays Circle Apt. 434,East Jeffreymouth,GA,30886,8F76J91AV78,B-H-00255,B-P-00462,Meridian Care,R4076-012,MA,GA,AGE,MC-875830,09/01/2025,,Active,51446845,15.24,
B-C-00357,"Moore, Erin",10/02/1954,(343) 555-0127,erin.moore357@example.com,86086 Hays Circle Apt. 434,East Jeffreymouth,GA,30886,2X44DV0JE51,B-H-00255,B-P-00463,Cardinal Mutual,N,MEDSUPP,GA,AGE,CM-923452,2022-07-01,,ACTIVE,51446845,210.22,
B-C-00357,"Moore, Erin",10/02/1954,(343) 555-0127,erin.moore357@example.com,86086 Hays Circle Apt. 434,East Jeffreymouth,GA,30886,2X44DV0JE51,B-H-00255,B-P-00464,Cardinal Mutual,S1849-024,PDP,GA,AGE,CM-168595,07/01/22,,active,51446845,16.24,
B-C-00358,"Chavez, Jonathan",02/03/1935,(682) 555-0134,jonathan.chavez358@example.com,090 Kaiser Prairie Apt. 449,North Jennifer,KY,41293,9EW0HR8YH82,B-H-00256,B-P-00465,Meridian Care,B,MEDSUPP,KY,AGE,MC-200425,05/01/2026,,Active,43888211,158.77,
B-C-00358,"Chavez, Jonathan",02/03/1935,(682) 555-0134,jonathan.chavez358@example.com,090 Kaiser Prairie Apt. 449,North Jennifer,KY,41293,9EW0HR8YH82,B-H-00256,B-P-00466,Meridian Care,S7287-025-003,PDP,KY,AGE,MC-631799,2026-05-01,,ACTIVE,43888211,63.44,
B-C-00359,"Knight, Amanda",03/22/1943,(333) 555-0122,amanda.knight359@example.com,2909 Thomas Turnpike Suite 277,Stonechester,RI,02966,5M27Q41FR27,B-H-00257,B-P-00467,Harborline,L,MEDSUPP,RI,AGE,HL-973168,11/01/22,,active,37947372,301.00,
B-C-00359,"Knight, Amanda",03/22/1943,(333) 555-0122,amanda.knight359@example.com,2909 Thomas Turnpike Suite 277,Stonechester,RI,02966,5M27Q41FR27,B-H-00257,B-P-00468,Harborline,S7610-018-003,PDP,RI,AGE,HL-477086,11/01/2022,,Active,37947372,25.26,
B-C-00360,"Poole, Brooke",08/27/1935,(445) 555-0125,brooke.poole360@example.com,26163 Joseph Pike,Oliviaburgh,NE,68868,8Y15CE4QT09,B-H-00258,B-P-00469,Harborline,H1547-019-001,MA,NE,AGE,HL-904699,2025-01-01,,ACTIVE,94445646,30.43,
B-C-00361,"Hall, John",04/27/1942,(399) 555-0163,john.hall361@example.com,2927 Hogan Motorway Apt. 515,New Madison,SD,57448,8Q73A78JN28,B-H-00259,B-P-00470,Harborline,K,MEDSUPP,SD,AGE,HL-439815,04/01/24,,active,84583776,315.82,
B-C-00361,"Hall, John",04/27/1942,(399) 555-0163,john.hall361@example.com,2927 Hogan Motorway Apt. 515,New Madison,SD,57448,8Q73A78JN28,B-H-00259,B-P-00471,Harborline,S4178-028,PDP,SD,AGE,HL-828048,04/01/2024,,Active,84583776,35.18,
B-C-00362,"Hall, Brooke",09/14/1938,(469) 555-0145,brooke.hall362@example.com,2927 Hogan Motorway Apt. 515,New Madison,SD,57448,4GN1PJ8QH18,B-H-00259,B-P-00472,Meridian Care,H4636-016,MA,SD,AGE,MC-321848,2024-02-01,,ACTIVE,84583776,53.84,
B-C-00363,"Rodriguez, Diane",12/23/1934,(645) 555-0162,diane.rodriguez363@example.com,324 John Lodge,Christopherville,GA,31723,8JP7J48FF59,B-H-00260,B-P-00473,Harborline,N,MEDSUPP,GA,AGE,HL-213363,07/01/24,,active,26047628,148.60,
B-C-00363,"Rodriguez, Diane",12/23/1934,(645) 555-0162,diane.rodriguez363@example.com,324 John Lodge,Christopherville,GA,31723,8JP7J48FF59,B-H-00260,B-P-00474,Harborline,S7610-012,PDP,GA,AGE,HL-256149,07/01/2024,,Active,26047628,29.98,
B-C-00364,"Rodriguez, Tasha",11/14/1933,(645) 555-0162,,324 John Lodge,Christopherville,GA,31723,2AW7GA2XW81,B-H-00260,B-P-00475,Cardinal Mutual,H7696-028,MA,GA,AGE,CM-930765,2023-01-01,,ACTIVE,26047628,32.02,
B-C-00365,"Brown, Andrew",05/21/1939,(626) 555-0180,andrew.brown365@example.com,485 Watson Burgs,North Mistyport,SD,57644,2CA1C40HM93,B-H-00261,B-P-00476,Summit Health Plans,H4044-003,MA,SD,AGE,SH-516975,01/01/22,,active,84583776,25.58,
B-C-00366,"Brown, Claudia",20498,(626) 555-0180,claudia.brown366@example.com,485 Watson Burgs,North Mistyport,SD,57644,1WW5N73MF63,B-H-00261,B-P-00477,Meridian Care,H5913-004,MA,SD,AGE,MC-267245,04/01/2025,03/31/2026,Terminated,84583776,49.76,
B-C-00366,"Brown, Claudia",20498,(626) 555-0180,claudia.brown366@example.com,485 Watson Burgs,North Mistyport,SD,57644,1WW5N73MF63,B-H-00261,B-P-00478,Harborline,H2522-012,MA,SD,AGE,HL-615072,2026-04-01,,ACTIVE,84583776,24.81,
B-C-00367,"Robinson, Taylor",10/13/1951,(512) 555-0151,taylor.robinson367@example.com,8527 Thomas Flat,Beckfort,OR,97542,9WF9U01KQ48,B-H-00262,B-P-00479,Summit Health Plans,H4044-014,MA,OR,AGE,SH-665400,06/01/24,,active,43888211,4.64,
B-C-00368,"Robinson, Danielle",02/15/1951,(396) 555-0160,danielle.robinson368@example.com,8527 Thomas Flat,Beckfort,OR,97542,2YM4MH9XE64,B-H-00262,B-P-00480,Meridian Care,H5913-030,MA,OR,AGE,MC-449615,05/01/2023,,Active,43888211,0.91,
B-C-00369,"Wright, Joseph",08/12/1935,(733) 555-0176,joseph.wright369@example.com,525 Tate Lock Suite 985,North Bradleybury,DC,56949,8RG6YY0DJ24,B-H-00263,B-P-00481,Bluepeak,H5243-002-002,MA,DC,AGE,BP-400141,2026-03-01,,ACTIVE,24647567,23.57,
B-C-00370,"Wright, Jose",07/26/1941,(733) 555-0176,,525 Tate Lock Suite 985,North Bradleybury,DC,56949,9EG5JE6MM26,B-H-00263,B-P-00482,Northwind Health,H3036-028,MA,DC,AGE,NW-863967,03/01/24,,active,24647567,20.96,
B-C-00371,"Andrews, George",01/30/1952,(409) 555-0106,,1098 Jamie Keys,Josephport,CO,81332,9YV3CQ5CJ12,B-H-00264,B-P-00483,Meridian Care,H5913-014,MA,CO,AGE,MC-938845,07/01/2025,,Active,64493418,14.38,
B-C-00372,"Edwards, Martin",09/03/1934,(704) 555-0175,martin.edwards372@example.com,076 Fisher Plaza Apt. 256,Smithton,NC,28985,9X92VP3KV17,B-H-00265,B-P-00484,Harborline,H2522-017,MA,NC,AGE,HL-637862,2024-05-01,2025-07-31,TERMINATED,98787777,3.16,
B-C-00372,"Edwards, Martin",09/03/1934,(704) 555-0175,martin.edwards372@example.com,076 Fisher Plaza Apt. 256,Smithton,NC,28985,9X92VP3KV17,B-H-00265,B-P-00485,Cardinal Mutual,H7696-021,MA,NC,AGE,CM-390201,08/01/25,,active,98787777,58.37,
B-C-00373,"Edwards, Amanda",03/27/1935,(650) 555-0128,amanda.edwards373@example.com,076 Fisher Plaza Apt. 256,Smithton,NC,28985,1W44Q85XU81,B-H-00265,B-P-00486,Bluepeak,H5243-013-002,MA,NC,AGE,BP-603573,09/01/2023,,Active,98787777,55.42,
B-C-00374,"Johnston, Christina",05/08/1954,(559) 555-0141,christina.johnston374@example.com,7956 Finley Drives,Mendozaview,OR,97745,5V42CM5WT56,B-H-00266,B-P-00487,Bluepeak,H5243-002,MA,OR,AGE,BP-260228,2024-03-01,2025-04-30,TERMINATED,43888211,40.08,
B-C-00374,"Johnston, Christina",05/08/1954,(559) 555-0141,christina.johnston374@example.com,7956 Finley Drives,Mendozaview,OR,97745,5V42CM5WT56,B-H-00266,B-P-00488,Meridian Care,H5913-005,MA,OR,AGE,MC-416469,05/01/25,,active,43888211,19.82,
B-C-00375,"Johnston, Michelle",01/24/1944,(373) 555-0199,michelle.johnston375@example.com,7956 Finley Drives,Mendozaview,OR,97745,6UH2Y92KH90,B-H-00266,B-P-00489,Bluepeak,H5243-011,MA,OR,AGE,BP-770047,11/01/2022,,Active,43888211,52.59,
B-C-00376,"Tucker, Jeremy",07/02/1948,(259) 555-0143,jeremy.tucker376@example.com,685 Michael Falls,West Stacey,AL,36686,8YP4N63WD79,B-H-00267,B-P-00490,Meridian Care,S4547-003-002,PDP,AL,AGE,MC-989071,2026-02-01,,ACTIVE,67876966,17.96,
B-C-00377,"Tucker, Morgan",07/16/1939,(906) 555-0139,morgan.tucker377@example.com,685 Michael Falls,West Stacey,AL,36686,4VX8UY0WC93,B-H-00267,B-P-00491,Bluepeak,H5243-019,MA,AL,AGE,BP-443633,08/01/25,,active,67876966,45.01,
B-C-00378,"Johnson, John",02/03/1942,(253) 555-0100,john.johnson378@example.com,804 Green Divide Apt. 242,North Corystad,NC,28084,2HY2E57PQ09,B-H-00268,B-P-00492,Meridian Care,H4636-023,MA,NC,AGE,MC-934947,12/01/2025,,Active,98787777,32.14,Client prefers materials en español.
B-C-00379,"Gutierrez, Jennifer",05/17/1943,(276) 555-0103,,954 Roberts Heights,Deantown,SD,57730,5QF9HP5MJ31,B-H-00269,B-P-00493,Cardinal Mutual,H7696-004-002,MA,SD,AGE,CM-229852,2025-10-01,,ACTIVE,49066206,48.08,Prefers mail over phone.
B-C-00380,"Gutierrez, Michael",01/14/1942,(276) 555-0103,,954 Roberts Heights,Deantown,SD,57730,8XX3T81DD24,B-H-00269,B-P-00494,Summit Health Plans,H9807-003,MA,SD,AGE,SH-163523,03/01/25,,active,49066206,18.63,
B-C-00381,"Phillips, Brittany",20850,(433) 555-0108,brittany.phillips381@example.com,6854 Stephen Mountains,Walkerberg,ND,58348,3TX9NV1TV67,B-H-00270,B-P-00495,Bluepeak,H9161-003-003,MA,ND,AGE,BP-697262,04/01/2024,,Active,93619366,51.34,
B-C-00382,"Jackson, Matthew",28815,(461) 555-0184,matthew.jackson382@example.com,271 Alexis Forks,Feliciaburgh,OR,97188,,B-H-00271,B-P-00496,Harborline,17955OR0905841,ACA,OR,,HL-366639,2027-01-01,,PENDING,9527070,463.29,
B-C-00383,"Jackson, James",06/24/1954,(202) 555-0166,james.jackson383@example.com,271 Alexis Forks,Feliciaburgh,OR,97188,6TH0NM8YV24,B-H-00271,B-P-00497,Harborline,H2522-017,MA,OR,AGE,HL-214488,11/01/25,,active,9527070,28.27,
B-C-00384,"Davis, Kimberly",10/23/1952,(515) 555-0148,kimberly.davis384@example.com,138 Bryant Curve Suite 366,Brandonhaven,WY,82968,5GD6KU7PM76,B-H-00272,B-P-00498,Cardinal Mutual,H5265-022,MA,WY,AGE,CM-520907,08/01/2022,,Active,20671937,47.64,
B-C-00385,"Beard, Kevin",09/24/1947,(891) 555-0197,marvin.beard386@example.com,7073 Anthony Stream,West Courtney,PA,16602,2N01MM8UR21,B-H-00273,B-P-00499,Summit Health Plans,S4824-025,PDP,PA,AGE,SH-363688,2022-11-01,,ACTIVE,64493418,80.45,
B-C-00386,"Beard, Marvin",38003,(891) 555-0197,marvin.beard386@example.com,7073 Anthony Stream,West Courtney,PA,16602,,B-H-00273,B-P-00500,Cardinal Mutual,70072PA4954486,ACA,PA,,CM-607950,01/01/25,,active,64493418,863.36,
B-C-00387,"Bryant, Miguel",12/03/1953,(330) 555-0121,stephen.bryant388@example.com,38061 Cline Trail,Markside,FL,32618,7DW4KQ2QT14,B-H-00274,B-P-00501,Northwind Health,H3064-017-001,MA,FL,AGE,NW-815287,10/01/2025,,Active,90228424,52.62,
B-C-00388,"Bryant, Stephen",04/18/1940,(330) 555-0121,stephen.bryant388@example.com,38061 Cline Trail,Markside,FL,32618,2W95TG6DK08,B-H-00274,B-P-00502,Summit Health Plans,S4824-007-001,PDP,FL,AGE,SH-243495,2025-06-01,,ACTIVE,90228424,14.76,
B-C-00389,"Martinez, Marc",20767,(682) 555-0193,marc.martinez389@example.com,3870 Scott Track Suite 840,East Heather,MN,55872,8YP3KX0CD73,B-H-00275,B-P-00503,Cardinal Mutual,H7696-018-003,MA,MN,AGE,CM-969380,03/01/25,02/28/26,terminated,94445646,54.22,
B-C-00389,"Martinez, Marc",20767,(682) 555-0193,marc.martinez389@example.com,3870 Scott Track Suite 840,East Heather,MN,55872,8YP3KX0CD73,B-H-00275,B-P-00504,Harborline,H2522-007,MA,MN,AGE,HL-801939,03/01/2026,,Active,94445646,57.38,
B-C-00390,"Martinez, Brandon",08/08/1953,(845) 555-0104,brandon.martinez390@example.com,3870 Scott Track Suite 840,East Heather,MN,55872,6QP7H77DV49,B-H-00275,B-P-00505,Meridian Care,H4636-030-002,MA,MN,AGE,MC-679435,2025-04-01,,ACTIVE,94445646,59.87,
B-C-00391,"Banks, David",32451,(251) 555-0114,david.banks391@example.com,94736 Gardner Brooks Suite 516,Noblechester,AZ,85077,,B-H-00276,B-P-00506,Northwind Health,61006AZ6647283,ACA,AZ,,NW-110275,01/01/25,,active,14829889,530.84,
B-C-00392,"Hanson, Julie",36159,(871) 555-0153,julie.hanson392@example.com,643 Sanders Pike,Robertchester,NV,89788,,B-H-00277,B-P-00507,Harborline,17955NV0564886,ACA,NV,,HL-974416,01/01/2025,12/31/2025,Terminated,37947372,813.41,
B-C-00392,"Hanson, Julie",36159,(871) 555-0153,julie.hanson392@example.com,643 Sanders Pike,Robertchester,NV,89788,,B-H-00277,B-P-00508,Meridian Care,18024NV2347141,ACA,NV,,MC-655264,2026-01-01,,ACTIVE,37947372,540.56,
B-C-00393,"Thomas-Dougherty, Troy",34345,(923) 555-0190,troy.thomasdougherty393@example.com,37976 Valentine Estate Suite 051,West Janiceport,CO,81504,,B-H-00278,B-P-00509,Cardinal Mutual,70072CO1087554,ACA,CO,,CM-376383,01/01/25,,active,49066206,832.24,
B-C-00394,"Mcgrath, Lisa",08/23/1946,(894) 555-0104,lisa.mcgrath394@example.com,1442 Andrew Ramp,Ortegachester,AZ,85679,9C30D04NP17,B-H-00279,B-P-00510,Summit Health Plans,H9807-003,MA,AZ,AGE,SH-730883,01/01/2024,,Active,9527070,18.43,
B-C-00395,"Ritter, Todd",12/06/1942,(776) 555-0172,todd.ritter395@example.com,611 Armstrong Canyon,North Nathan,PA,19627,1JA0MK9RM61,B-H-00280,B-P-00511,Bluepeak,H9161-002,MA,PA,AGE,BP-274185,2023-06-01,2024-10-31,TERMINATED,64493418,52.92,
B-C-00395,"Ritter, Todd",12/06/1942,(776) 555-0172,todd.ritter395@example.com,611 Armstrong Canyon,North Nathan,PA,19627,1JA0MK9RM61,B-H-00280,B-P-00512,Cardinal Mutual,H7696-025-002,MA,PA,AGE,CM-332297,11/01/24,,active,64493418,37.21,
B-C-00396,"Ritter, Shawn",05/02/1939,(954) 555-0170,,611 Armstrong Canyon,North Nathan,PA,19627,8EN7U38HG54,B-H-00280,B-P-00513,Summit Health Plans,G,MEDSUPP,PA,AGE,SH-517877,12/01/2022,,Active,64493418,269.51,
B-C-00396,"Ritter, Shawn",05/02/1939,(954) 555-0170,,611 Armstrong Canyon,North Nathan,PA,19627,8EN7U38HG54,B-H-00280,B-P-00514,Summit Health Plans,S4824-019,PDP,PA,AGE,SH-232705,2022-12-01,,ACTIVE,64493418,21.81,
B-C-00397,"Ritter, Jonathan",01/29/1946,(954) 555-0170,jonathan.ritter397@example.com,611 Armstrong Canyon,North Nathan,PA,19627,3P52YC3MA71,B-H-00280,B-P-00515,Northwind Health,H3064-011,MA,PA,AGE,NW-968229,03/01/24,,active,64493418,32.05,Met at the café seminar in the spring.
B-C-00398,"Patel, Jack",30430,(376) 555-0107,jack.patel398@example.com,02921 Amy Crest Suite 452,North Karenhaven,OR,97620,,B-H-00281,B-P-00516,Cardinal Mutual,70072OR3431051,ACA,OR,,CM-975840,01/01/2025,,Active,43888211,732.21,Met at the café seminar in the spring.
B-C-00399,"Mccullough, John",26833,(619) 555-0170,laura.mccullough400@example.com,225 Brown Falls,Jasonton,CO,81400,,B-H-00282,B-P-00517,Meridian Care,18024CO5014338,ACA,CO,,MC-986409,2025-01-01,2025-12-31,TERMINATED,59893296,205.54,
B-C-00399,"Mccullough, John",26833,(619) 555-0170,laura.mccullough400@example.com,225 Brown Falls,Jasonton,CO,81400,,B-H-00282,B-P-00518,Cardinal Mutual,70072CO2713719,ACA,CO,,CM-500637,01/01/26,,active,59893296,790.18,
B-C-00400,"Mccullough, Laura",09/28/1954,(619) 555-0170,laura.mccullough400@example.com,225 Brown Falls,Jasonton,CO,81400,8NR3YM2VA31,B-H-00282,B-P-00519,Harborline,H2522-021,MA,CO,AGE,HL-630338,07/01/2025,,Active,59893296,53.85,
B-C-00401,"Pittman, Amanda",23843,(265) 555-0198,amanda.pittman401@example.com,8157 Derek Village,Allenmouth,CT,06899,,B-H-00283,B-P-00520,Summit Health Plans,75720CT1804902,ACA,CT,,SH-992593,2026-01-01,,ACTIVE,20671937,209.67,
B-C-00402,"Pittman, Kelly",01/27/1939,(265) 555-0198,,8157 Derek Village,Allenmouth,CT,06899,6U23WK2FD72,B-H-00283,B-P-00521,Summit Health Plans,H4044-028-001,MA,CT,AGE,SH-847028,09/01/22,01/31/25,terminated,20671937,48.92,
B-C-00402,"Pittman, Kelly",01/27/1939,(265) 555-0198,,8157 Derek Village,Allenmouth,CT,06899,6U23WK2FD72,B-H-00283,B-P-00522,Meridian Care,H4636-007,MA,CT,AGE,MC-919362,02/01/2025,,Active,20671937,21.37,
B-C-00403,"Morales, Austin",20513,(698) 555-0184,austin.morales403@example.com,190 Brown Estate,East Amber,WV,25945,6JG5KQ9YG95,B-H-00284,B-P-00523,Meridian Care,K,MEDSUPP,WV,AGE,MC-139549,2023-12-01,,ACTIVE,64493418,163.08,
B-C-00403,"Morales, Austin",20513,(698) 555-0184,austin.morales403@example.com,190 Brown Estate,East Amber,WV,25945,6JG5KQ9YG95,B-H-00284,B-P-00524,Meridian Care,S7287-018-002,PDP,WV,AGE,MC-815828,12/01/23,,active,64493418,75.15,
B-C-00404,"Morales, Christy",03/17/1940,(820) 555-0171,christy.morales404@example.com,190 Brown Estate,East Amber,WV,25945,8K32A89AJ33,B-H-00284,B-P-00525,Meridian Care,F,MEDSUPP,WV,AGE,MC-981672,03/01/2025,,Active,64493418,223.13,
B-C-00404,"Morales, Christy",03/17/1940,(820) 555-0171,christy.morales404@example.com,190 Brown Estate,East Amber,WV,25945,8K32A89AJ33,B-H-00284,B-P-00526,Meridian Care,S7287-007-003,PDP,WV,AGE,MC-729502,2025-03-01,,ACTIVE,64493418,45.20,
B-C-00405,"Stewart, Christina",08/14/1938,(647) 555-0148,christina.stewart405@example.com,739 Hall Locks Suite 740,New Andrewborough,UT,84162,1YT9GD5WJ50,B-H-00285,B-P-00527,Northwind Health,H3036-014,MA,UT,AGE,NW-994062,02/01/23,08/31/25,terminated,45462976,24.36,
B-C-00405,"Stewart, Christina",08/14/1938,(647) 555-0148,christina.stewart405@example.com,739 Hall Locks Suite 740,New Andrewborough,UT,84162,1YT9GD5WJ50,B-H-00285,B-P-00528,Meridian Care,H4636-010-002,MA,UT,AGE,MC-686755,09/01/2025,,Active,45462976,31.71,
B-C-00406,"Stewart, Tyler",03/05/1945,(417) 555-0186,tyler.stewart406@example.com,739 Hall Locks Suite 740,New Andrewborough,UT,84162,8GW4VX3QH62,B-H-00285,B-P-00529,Summit Health Plans,H9807-002-003,MA,UT,AGE,SH-927147,2022-08-01,2025-03-31,TERMINATED,45462976,48.35,
B-C-00406,"Stewart, Tyler",03/05/1945,(417) 555-0186,tyler.stewart406@example.com,739 Hall Locks Suite 740,New Andrewborough,UT,84162,8GW4VX3QH62,B-H-00285,B-P-00530,Meridian Care,H4636-001,MA,UT,AGE,MC-579478,04/01/25,,active,45462976,59.77,
B-C-00407,"Andrews, Christina",11/07/1943,(976) 555-0169,christina.andrews407@example.com,94229 Hale Causeway,Wellsstad,OR,97710,1U76RE5RW84,B-H-00286,B-P-00531,Meridian Care,G,MEDSUPP,OR,AGE,MC-309455,11/01/2025,,Active,9527070,274.47,
B-C-00407,"Andrews, Christina",11/07/1943,(976) 555-0169,christina.andrews407@example.com,94229 Hale Causeway,Wellsstad,OR,97710,1U76RE5RW84,B-H-00286,B-P-00532,Meridian Care,S4547-024-003,PDP,OR,AGE,MC-726018,2025-11-01,,ACTIVE,9527070,39.23,
B-C-00408,"Wright, Scott",04/21/1951,(554) 555-0156,scott.wright408@example.com,042 Erin Terrace,Davisshire,WV,24754,9UY8FG3UV45,B-H-00287,B-P-00533,Cardinal Mutual,H5265-016,MA,WV,AGE,CM-503079,08/01/22,,active,69777236,15.29,
B-C-00409,"Rowe, Nicole",21942,(377) 555-0151,nicole.rowe409@example.com,6845 Smith Harbors Apt. 673,Terryfurt,GA,30850,2WN2A81JQ26,B-H-00288,B-P-00534,Northwind Health,R6531-011-001,MA,GA,AGE,NW-683353,10/01/2025,,Active,26047628,59.63,
B-C-00410,"Cruz, Eric",03/15/1950,(830) 555-0174,eric.cruz410@example.com,7767 Fred Forks,Brownborough,DE,19948,5X55QG9QJ73,B-H-00289,B-P-00535,Bluepeak,N,MEDSUPP,DE,AGE,BP-431341,2025-11-01,,ACTIVE,59893296,264.29,
B-C-00410,"Cruz, Eric",03/15/1950,(830) 555-0174,eric.cruz410@example.com,7767 Fred Forks,Brownborough,DE,19948,5X55QG9QJ73,B-H-00289,B-P-00536,Bluepeak,S2427-015,PDP,DE,AGE,BP-147247,11/01/25,,active,59893296,88.38,
B-C-00411,"Cruz, Travis",31617,(764) 555-0138,travis.cruz411@example.com,7767 Fred Forks,Brownborough,DE,19948,,B-H-00289,B-P-00537,Meridian Care,18024DE4020182,ACA,DE,,MC-548367,01/01/2025,,Active,59893296,675.78,
B-C-00412,"Davis, Richard",02/07/1940,(235) 555-0145,richard.davis412@example.com,377 Alvarez Port Suite 165,South Crystal,CA,92241,5G68MH1EG16,B-H-00290,B-P-00538,Meridian Care,H4636-019,MA,CA,AGE,MC-669270,2025-05-01,,ACTIVE,50399119,57.69,
B-C-00413,"Davis, William",22153,(235) 555-0145,richard.davis412@example.com,377 Alvarez Port Suite 165,South Crystal,CA,92241,6KF6GM1TW42,B-H-00290,B-P-00539,Northwind Health,A,MEDSUPP,CA,AGE,NW-793909,12/01/25,,active,50399119,103.28,
B-C-00413,"Davis, William",22153,(235) 555-0145,richard.davis412@example.com,377 Alvarez Port Suite 165,South Crystal,CA,92241,6KF6GM1TW42,B-H-00290,B-P-00540,Northwind Health,S2942-012,PDP,CA,AGE,NW-321041,12/01/2025,,Active,50399119,73.29,Client prefers materials en español.
B-C-00414,"Archer, James",07/04/1952,(607) 555-0130,james.archer414@example.com,6948 Ware Ridge,Michelleborough,WV,24787,6FN0GT0GC09,B-H-00291,B-P-00541,Meridian Care,H4636-009,MA,WV,AGE,MC-323530,2023-02-01,,ACTIVE,64493418,13.79,
B-C-00415,"Archer, Kaylee",21623,(736) 555-0125,kaylee.archer415@example.com,6948 Ware Ridge,Michelleborough,WV,24787,6G40MV2WX13,B-H-00291,B-P-00542,Northwind Health,R1279-013,MA,WV,AGE,NW-454714,04/01/25,,active,64493418,22.87,
B-C-00417,"Little, John",02/21/1949,(652) 555-0125,john.little417@example.com,5486 Wells Lock,Lake Jeremymouth,LA,70129,2GY6TQ9JY96,B-H-00293,B-P-00545,Meridian Care,H4636-016,MA,LA,AGE,MC-276260,12/01/2022,,Active,26047628,41.72,
B-C-00418,"Little, Haley",20590,(652) 555-0125,haley.little418@example.com,5486 Wells Lock,Lake Jeremymouth,LA,70129,6PE4P61MU94,B-H-00293,B-P-00546,Meridian Care,H4636-016,MA,LA,AGE,MC-546256,2022-02-01,2025-06-30,TERMINATED,26047628,15.20,
B-C-00418,"Little, Haley",20590,(652) 555-0125,haley.little418@example.com,5486 Wells Lock,Lake Jeremymouth,LA,70129,6PE4P61MU94,B-H-00293,B-P-00547,Summit Health Plans,H4044-008,MA,LA,AGE,SH-320941,07/01/25,,active,26047628,54.52,
B-C-00419,"Dunn, Sherri",35063,(916) 555-0162,sherri.dunn419@example.com,54812 Valerie Drive Suite 015,Rodgersview,MN,55562,,B-H-00294,B-P-00548,Northwind Health,61006MN1409198,ACA,MN,,NW-214301,01/01/2026,,Active,94445646,376.38,
B-C-00420,"Dunn, Brian",20122,(211) 555-0145,,54812 Valerie Drive Suite 015,Rodgersview,MN,55562,5U73C46FV19,B-H-00294,B-P-00549,Northwind Health,H3036-017-003,MA,MN,AGE,NW-763962,2023-12-01,,ACTIVE,94445646,14.17,
B-C-00421,"Francis, John",02/11/1942,(947) 555-0145,,86109 Kathryn Junction Suite 360,Brandonchester,RI,02967,4VP3P79KP04,B-H-00295,B-P-00550,Harborline,N,MEDSUPP,RI,AGE,HL-466406,06/01/24,,active,37947372,165.42,
B-C-00421,"Francis, John",02/11/1942,(947) 555-0145,,86109 Kathryn Junction Suite 360,Brandonchester,RI,02967,4VP3P79KP04,B-H-00295,B-P-00551,Harborline,S7610-004-003,PDP,RI,AGE,HL-459976,06/01/2024,,Active,37947372,83.74,
B-C-00422,"Campos, Alyssa",10/30/1948,(280) 555-0146,alyssa.campos422@example.com,933 David Hollow,New Anthonyview,CO,81109,8Y07V81DM90,B-H-00296,B-P-00552,Summit Health Plans,H9807-030,MA,CO,AGE,SH-603376,2022-08-01,,ACTIVE,49066206,15.25,
B-C-00423,"Moreno, Matthew",05/18/1944,(569) 555-0157,nicholas.moreno424@example.com,7042 Mccoy Spur,Carrberg,CO,80254,6XH0HG0TP60,B-H-00297,B-P-00553,Summit Health Plans,H9807-003-002,MA,CO,AGE,SH-291879,11/01/23,05/31/25,terminated,49066206,12.29,
B-C-00423,"Moreno, Matthew",05/18/1944,(569) 555-0157,nicholas.moreno424@example.com,7042 Mccoy Spur,Carrberg,CO,80254,6XH0HG0TP60,B-H-00297,B-P-00554,Cardinal Mutual,H7696-013,MA,CO,AGE,CM-584063,06/01/2025,,Active,49066206,37.29,
B-C-00424,"Moreno, Nicholas",12/31/1935,(569) 555-0157,nicholas.moreno424@example.com,7042 Mccoy Spur,Carrberg,CO,80254,2NP5PQ4VN29,B-H-00297,B-P-00555,Northwind Health,H3064-002,MA,CO,AGE,NW-958618,2024-02-01,,ACTIVE,49066206,50.94,
B-C-00425,"Hopkins, Bonnie",02/02/1946,(434) 555-0150,bonnie.hopkins425@example.com,5907 Katie Springs,Lake Alejandro,DC,20449,4YD9JX6HK14,B-H-00298,B-P-00556,Northwind Health,H3036-006,MA,DC,AGE,NW-689469,03/01/22,,active,75084135,54.51,
B-C-00427,"Sanford, Derek",08/31/1954,(720) 555-0146,,81664 Watkins Estates,West Olivia,UT,84389,3JR9GW9GR11,B-H-00299,B-P-00558,Summit Health Plans,H9807-018,MA,UT,AGE,SH-485391,05/01/2026,,Active,45462976,33.06,
B-C-00428,"Reed, Michele",34750,(744) 555-0143,michele.reed428@example.com,32228 Cynthia Throughway,Jonberg,MO,63797,,B-H-00300,B-P-00559,Bluepeak,39473MO4264938,ACA,MO,,BP-933085,2025-01-01,2025-12-31,TERMINATED,69777236,448.24,Call after 2pm.
B-C-00428,"Reed, Michele",34750,(744) 555-0143,michele.reed428@example.com,32228 Cynthia Throughway,Jonberg,MO,63797,,B-H-00300,B-P-00560,Meridian Care,18024MO6559862,ACA,MO,,MC-120080,01/01/26,,active,69777236,310.60,
B-C-00429,"Reed, Ryan",06/18/1942,(652) 555-0150,,32228 Cynthia Throughway,Jonberg,MO,63797,7E44F47UY22,B-H-00300,B-P-00561,Cardinal Mutual,R6363-028,MA,MO,AGE,CM-247424,06/01/2022,,Active,69777236,23.55,Asked about dental add-ons at renewal.
B-C-00430,"Cox, Gregory",23023,(414) 555-0157,gregory.cox430@example.com,32678 Victoria Expressway,Tinabury,CO,80046,,B-H-00301,B-P-00562,Northwind Health,61006CO6920739,ACA,CO,,NW-785412,2025-01-01,2025-12-31,TERMINATED,59893296,400.67,
B-C-00430,"Cox, Gregory",23023,(414) 555-0157,gregory.cox430@example.com,32678 Victoria Expressway,Tinabury,CO,80046,,B-H-00301,B-P-00563,Bluepeak,39473CO5058626,ACA,CO,,BP-705280,01/01/26,,active,59893296,792.22,
B-C-00431,"Ramirez, Rachel",34405,(770) 555-0193,rachel.ramirez431@example.com,1669 Robert Curve,Port Juan,DE,19894,,B-H-00302,B-P-00564,Bluepeak,39473DE7669592,ACA,DE,,BP-671299,01/01/2024,,Active,59893296,828.97,
B-C-00432,"Smith, Jill",26662,(424) 555-0131,jill.smith432@example.com,29615 David Shoal,Staceystad,KY,40358,1V33JG7EA45,B-H-00303,B-P-00565,Cardinal Mutual,A,MEDSUPP,KY,DISABILITY,CM-144656,2023-12-01,,ACTIVE,43888211,92.43,
B-C-00432,"Smith, Jill",26662,(424) 555-0131,jill.smith432@example.com,29615 David Shoal,Staceystad,KY,40358,1V33JG7EA45,B-H-00303,B-P-00566,Cardinal Mutual,S1849-023,PDP,KY,DISABILITY,CM-748068,12/01/23,,active,43888211,89.65,
B-C-00433,"Sanchez, George",20979,(679) 555-0127,george.sanchez433@example.com,71487 Peggy Crescent,Batesbury,FL,33036,9M23YH3HG43,B-H-00304,B-P-00567,Meridian Care,H4636-009,MA,FL,AGE,MC-821651,02/01/2026,,Active,90228424,47.24,
B-C-00434,"Sanchez, Holly",28834,(679) 555-0127,holly.sanchez434@example.com,71487 Peggy Crescent,Batesbury,FL,33036,9RN6KK1CK22,B-H-00304,B-P-00568,Meridian Care,A,MEDSUPP,FL,DISABILITY,MC-662385,2022-10-01,,ACTIVE,90228424,183.95,
B-C-00434,"Sanchez, Holly",28834,(679) 555-0127,holly.sanchez434@example.com,71487 Peggy Crescent,Batesbury,FL,33036,9RN6KK1CK22,B-H-00304,B-P-00569,Meridian Care,S7287-003-002,PDP,FL,DISABILITY,MC-350024,10/01/22,,active,90228424,10.86,
B-C-00435,"Ruiz, Andrea",04/07/1937,(420) 555-0125,andrea.ruiz435@example.com,6936 Peck Rapids,Bellside,PA,18088,3CP2RX0CN71,B-H-00305,B-P-00570,Summit Health Plans,H9807-009,MA,PA,AGE,SH-637554,02/01/2023,,Active,91146902,53.23,
B-C-00436,"Kelley, Anthony",33057,(444) 555-0195,anthony.kelley436@example.com,2202 Ebony Summit Apt. 326,North Calebfort,GA,30893,,B-H-00306,B-P-00571,Meridian Care,18024GA1476085,ACA,GA,,MC-305257,2025-01-01,,ACTIVE,51446845,594.54,
B-C-00437,"Hickman, Tara",21551,(428) 555-0100,tara.hickman437@example.com,650 Christopher Trail Apt. 365,West Shaneport,NV,89561,1A80HK8TC18,B-H-00307,B-P-00572,Northwind Health,H3064-011,MA,NV,AGE,NW-868495,11/01/26,,pending,37947372,4.34,
B-C-00438,"Hickman, Vanessa",33341,(428) 555-0100,vanessa.hickman438@example.com,650 Christopher Trail Apt. 365,West Shaneport,NV,89561,,B-H-00307,B-P-00573,Cardinal Mutual,70072NV9642313,ACA,NV,,CM-739130,01/01/2025,,Active,37947372,150.62,Met at the café seminar in the spring.
B-C-00439,"Smith, Gregory",08/21/1952,(391) 555-0103,gregory.smith439@example.com,548 Pedro Inlet,Port Mary,WI,53250,2T69C00NH12,B-H-00308,B-P-00574,Northwind Health,H3064-019,MA,WI,AGE,NW-248604,2024-11-01,2025-12-31,TERMINATED,50979283,21.20,
B-C-00439,"Smith, Gregory",08/21/1952,(391) 555-0103,gregory.smith439@example.com,548 Pedro Inlet,Port Mary,WI,53250,2T69C00NH12,B-H-00308,B-P-00575,Bluepeak,R6570-019-001,MA,WI,AGE,BP-356919,01/01/26,,active,50979283,22.14,
B-C-00440,"Holmes, Charles",35351,(523) 555-0126,,498 Andre Shore Apt. 051,Port Kathryn,PA,19020,,B-H-00309,B-P-00576,Meridian Care,18024PA4459027,ACA,PA,,MC-572855,01/01/2024,,Active,50399119,253.27,
B-C-00441,"Holmes, Scott",10/08/1950,(523) 555-0126,scott.holmes441@example.com,498 Andre Shore Apt. 051,Port Kathryn,PA,19020,8QD9D85TU01,B-H-00309,B-P-00577,Summit Health Plans,H4044-013,MA,PA,AGE,SH-408319,2024-01-01,,ACTIVE,50399119,44.70,
B-C-00442,"Guzman, Dana",12/25/1933,(520) 555-0174,dana.guzman442@example.com,19642 Marcus Crossroad Apt. 655,Colemanchester,NE,69102,7AG9KK2CJ15,B-H-00310,B-P-00578,Bluepeak,G,MEDSUPP,NE,AGE,BP-757304,04/01/25,,active,94445646,184.92,
B-C-00442,"Guzman, Dana",12/25/1933,(520) 555-0174,dana.guzman442@example.com,19642 Marcus Crossroad Apt. 655,Colemanchester,NE,69102,7AG9KK2CJ15,B-H-00310,B-P-00579,Bluepeak,S2427-016,PDP,NE,AGE,BP-142525,04/01/2025,,Active,94445646,32.69,
B-C-00443,"Morris, Matthew",34888,(427) 555-0175,matthew.morris443@example.com,8309 Graham Cliffs Apt. 148,Derrickchester,LA,70512,,B-H-00311,B-P-00580,Summit Health Plans,75720LA0920497,ACA,LA,,SH-357240,2025-01-01,2025-12-31,TERMINATED,26047628,382.55,
B-C-00443,"Morris, Matthew",34888,(427) 555-0175,matthew.morris443@example.com,8309 Graham Cliffs Apt. 148,Derrickchester,LA,70512,,B-H-00311,B-P-00581,Cardinal Mutual,70072LA0589577,ACA,LA,,CM-877526,01/01/26,,active,26047628,580.24,
B-C-00444,"Barrett, Stephanie",11/08/1937,(292) 555-0159,stephanie.barrett444@example.com,5580 Goodwin Courts Apt. 167,Port Michaelfurt,DC,56935,4PM1AQ1PY27,B-H-00312,B-P-00582,Summit Health Plans,F,MEDSUPP,DC,AGE,SH-444618,01/01/2024,,Active,75084135,230.85,
B-C-00444,"Barrett, Stephanie",11/08/1937,(292) 555-0159,stephanie.barrett444@example.com,5580 Goodwin Courts Apt. 167,Port Michaelfurt,DC,56935,4PM1AQ1PY27,B-H-00312,B-P-00583,Summit Health Plans,S4824-004,PDP,DC,AGE,SH-214025,2024-01-01,,ACTIVE,75084135,79.45,
B-C-00445,"Le, Dustin",32502,(861) 555-0161,dustin.le445@example.com,570 Clark Square,West Jonathanville,CO,81699,,B-H-00313,B-P-00584,Summit Health Plans,75720CO7295638,ACA,CO,,SH-701391,01/01/25,12/31/25,terminated,49066206,158.20,
B-C-00445,"Le, Dustin",32502,(861) 555-0161,dustin.le445@example.com,570 Clark Square,West Jonathanville,CO,81699,,B-H-00313,B-P-00585,Bluepeak,39473CO1470594,ACA,CO,,BP-385095,01/01/2026,,Active,49066206,455.84,
B-C-00447,"Dunn, Pamela",09/11/1936,(382) 555-0160,pamela.dunn447@example.com,9304 Jones Pine,New Joshua,OK,74013,3FF8MY0TU22,B-H-00314,B-P-00588,Northwind Health,H3036-003,MA,OK,AGE,NW-668146,2026-04-01,,ACTIVE,81157097,36.75,
B-C-00448,"Mata, Ryan",07/11/1942,(269) 555-0195,ryan.mata448@example.com,121 Chavez Villages Suite 698,Clarkehaven,DC,20393,7W45U25WU15,B-H-00315,B-P-00589,Cardinal Mutual,H7696-027-001,MA,DC,AGE,CM-825317,12/01/22,,active,75084135,48.96,
B-C-00449,"Mata, Cynthia",27752,(269) 555-0195,cynthia.mata449@example.com,121 Chavez Villages Suite 698,Clarkehaven,DC,20393,,B-H-00315,B-P-00590,Cardinal Mutual,70072DC8878066,ACA,DC,,CM-872892,01/01/2024,,Active,75084135,888.43,
B-C-00450,"Savage, Chelsea",20745,(954) 555-0184,,55167 Velasquez Lane Apt. 060,Amandamouth,CT,06306,4CD7D32QQ11,B-H-00316,B-P-00591,Northwind Health,H3064-018,MA,CT,AGE,NW-308664,2026-11-01,,PENDING,24647567,20.13,
B-C-00451,"Savage, Tiffany",20498,(316) 555-0101,tiffany.savage451@example.com,55167 Velasquez Lane Apt. 060,Amandamouth,CT,06306,1D24MF5EK05,B-H-00316,B-P-00592,Northwind Health,S9721-020-001,PDP,CT,AGE,NW-495299,05/01/23,,active,24647567,85.83,
B-C-00452,"Salas, Frank",11/30/1933,(263) 555-0162,frank.salas452@example.com,743 Knapp Union Apt. 435,Lake Taylor,CO,81340,5XE6CU9HA76,B-H-00317,B-P-00593,Bluepeak,H9161-009-001,MA,CO,AGE,BP-194834,02/01/2023,,Active,59893296,28.41,
B-C-00453,"Turner, Morgan",06/25/1938,(444) 555-0146,,6554 Alexandra Course Apt. 440,West Robertfort,GA,30411,1TH6H15DA41,B-H-00318,B-P-00594,Summit Health Plans,H9807-012-003,MA,GA,AGE,SH-928490,2022-02-01,,ACTIVE,26047628,45.30,
B-C-00454,"Turner, Allen",05/09/1952,(623) 555-0170,allen.turner454@example.com,6554 Alexandra Course Apt. 440,West Robertfort,GA,30411,8F42XH3VR19,B-H-00318,B-P-00595,Bluepeak,H5243-025,MA,GA,AGE,BP-967318,10/01/23,,active,26047628,33.64,
B-C-00455,"Townsend, Ashley",11/24/1936,(396) 555-0193,ashley.townsend455@example.com,525 Ann Estates,Jordanland,CT,06122,1WE5QU1XP23,B-H-00319,B-P-00596,Bluepeak,S7317-002-003,PDP,CT,AGE,BP-414648,06/01/2023,,Active,24647567,66.86,
B-C-00456,"Smith, Lindsey",03/12/1936,(243) 555-0160,lindsey.smith456@example.com,71943 Dixon Route Suite 651,South Gregoryberg,CT,06611,1D99CX0HK95,B-H-00320,B-P-00597,Cardinal Mutual,R7519-009,MA,CT,AGE,CM-698900,2025-05-01,,ACTIVE,91146902,41.06,
B-C-00457,"Martinez, Derek",09/10/1944,(695) 555-0103,derek.martinez457@example.com,6454 Brown Lodge,Saraville,SD,57779,2YV2RD9KF62,B-H-00321,B-P-00598,Meridian Care,H5913-013-003,MA,SD,AGE,MC-865537,10/01/24,,active,14829889,13.60,
B-C-00458,"Hartman, Joshua",06/10/1942,(802) 555-0134,brandon.hartman459@example.com,384 Santos Row,New Williamton,PA,15517,4RM3RP3DM59,B-H-00322,B-P-00599,Northwind Health,H3036-030,MA,PA,AGE,NW-901604,07/01/2022,03/31/2024,Terminated,50399119,53.52,
B-C-00458,"Hartman, Joshua",06/10/1942,(802) 555-0134,brandon.hartman459@example.com,384 Santos Row,New Williamton,PA,15517,4RM3RP3DM59,B-H-00322,B-P-00600,Cardinal Mutual,H5265-027,MA,PA,AGE,CM-831302,2024-04-01,,ACTIVE,50399119,7.09,
B-C-00459,"Hartman, Brandon",11/29/1942,(802) 555-0134,brandon.hartman459@example.com,384 Santos Row,New Williamton,PA,15517,4N73EV7RC17,B-H-00322,B-P-00601,Meridian Care,H5913-025,MA,PA,AGE,MC-984698,07/01/22,,active,50399119,40.73,
B-C-00460,"Price, Courtney",21253,(887) 555-0157,,2577 West Prairie,Rossmouth,AZ,85127,2QY3RA2DG57,B-H-00323,B-P-00602,Northwind Health,H3064-013-003,MA,AZ,AGE,NW-659207,01/01/2026,,Active,14829889,5.06,Met at the café seminar in the spring.
B-C-00461,"Rodriguez, Christine",20700,(625) 555-0132,christine.rodriguez461@example.com,4952 Ashley Field,Christopherside,GA,30215,3G28G83MV86,B-H-00324,B-P-00603,Meridian Care,H5913-007-003,MA,GA,AGE,MC-492408,2024-02-01,2025-03-31,TERMINATED,51446845,14.16,
B-C-00461,"Rodriguez, Christine",20700,(625) 555-0132,christine.rodriguez461@example.com,4952 Ashley Field,Christopherside,GA,30215,3G28G83MV86,B-H-00324,B-P-00604,Bluepeak,H5243-007,MA,GA,AGE,BP-797051,04/01/25,,active,51446845,44.14,
B-C-00462,"Rodriguez, Timothy",30326,(406) 555-0104,,4952 Ashley Field,Christopherside,GA,30215,,B-H-00324,B-P-00605,Harborline,17955GA6561739,ACA,GA,,HL-706399,01/01/2024,,Active,51446845,573.82,Met at the café seminar in the spring.
B-C-00463,"Phelps, Austin",06/03/1943,(292) 555-0178,austin.phelps463@example.com,12577 Simmons Harbors Apt. 148,Lake Meghanhaven,CT,06927,7RF1VX6FM34,B-H-00325,B-P-00606,Northwind Health,H3036-024,MA,CT,AGE,NW-101972,2022-07-01,2023-10-31,TERMINATED,20671937,10.94,
B-C-00463,"Phelps, Austin",06/03/1943,(292) 555-0178,austin.phelps463@example.com,12577 Simmons Harbors Apt. 148,Lake Meghanhaven,CT,06927,7RF1VX6FM34,B-H-00325,B-P-00607,Harborline,H1547-030,MA,CT,AGE,HL-120763,11/01/23,,active,20671937,38.27,
B-C-00464,"Jackson, Emma",21770,(916) 555-0172,,0490 Evans Lodge,Lake Jerryborough,NC,28462,2RN9E14GY23,B-H-00326,B-P-00608,Bluepeak,H9161-006,MA,NC,AGE,BP-971179,11/01/2026,,Pending,67876966,51.69,
B-C-00465,"Jackson, Pamela",31158,(916) 555-0172,,0490 Evans Lodge,Lake Jerryborough,NC,28462,,B-H-00326,B-P-00609,Northwind Health,61006NC3313020,ACA,NC,,NW-752989,2025-01-01,,ACTIVE,67876966,529.14,
B-C-00466,"Jackson, Rick",21719,(309) 555-0151,,0490 Evans Lodge,Lake Jerryborough,NC,28462,3TQ0E78TN65,B-H-00326,B-P-00610,Meridian Care,H5913-005,MA,NC,AGE,MC-490453,07/01/25,,active,67876966,12.29,
B-C-00467,"Gregory, Cheryl",07/08/1953,(612) 555-0154,cheryl.gregory467@example.com,650 Clark Manors Suite 362,Port Juliaville,WY,82883,8R50GD4AA24,B-H-00327,B-P-00611,Harborline,H2522-018-002,MA,WY,AGE,HL-509230,11/01/2024,,Active,91146902,3.93,
B-C-00468,"Dixon, Joy",20230,(555) 555-0140,joy.dixon468@example.com,3621 Bates Streets Suite 542,North Catherine,GA,30789,8RD2YD9TH34,B-H-00328,B-P-00612,Meridian Care,L,MEDSUPP,GA,AGE,MC-789241,2023-09-01,,ACTIVE,51446845,263.14,
B-C-00468,"Dixon, Joy",20230,(555) 555-0140,joy.dixon468@example.com,3621 Bates Streets Suite 542,North Catherine,GA,30789,8RD2YD9TH34,B-H-00328,B-P-00613,Meridian Care,S7287-027,PDP,GA,AGE,MC-607100,09/01/23,,active,51446845,81.91,
B-C-00469,"Dixon, Amanda",01/15/1951,(453) 555-0124,amanda.dixon469@example.com,3621 Bates Streets Suite 542,North Catherine,GA,30789,1T75VM9XH43,B-H-00328,B-P-00614,Northwind Health,G,MEDSUPP,GA,AGE,NW-811129,05/01/2025,,Active,51446845,154.69,
B-C-00469,"Dixon, Amanda",01/15/1951,(453) 555-0124,amanda.dixon469@example.com,3621 Bates Streets Suite 542,North Catherine,GA,30789,1T75VM9XH43,B-H-00328,B-P-00615,Northwind Health,S9721-019,PDP,GA,AGE,NW-904197,2025-05-01,,ACTIVE,51446845,68.24,
B-C-00470,"Santiago, Margaret",33521,(920) 555-0188,,50056 Evans Station Suite 076,Port Timothyborough,TN,38307,,B-H-00329,B-P-00616,Harborline,17955TN0619578,ACA,TN,,HL-220055,01/01/25,12/31/25,terminated,45462976,781.74,
B-C-00470,"Santiago, Margaret",33521,(920) 555-0188,,50056 Evans Station Suite 076,Port Timothyborough,TN,38307,,B-H-00329,B-P-00617,Northwind Health,61006TN5051220,ACA,TN,,NW-309212,01/01/2026,,Active,45462976,587.58,
B-C-00471,"Griffin, Christopher",05/14/1946,(866) 555-0161,,4929 Morgan Creek Suite 028,West Angelbury,VA,22569,2TU9WU6WF99,B-H-00330,B-P-00618,Bluepeak,R6570-018,MA,VA,AGE,BP-837650,2024-08-01,,ACTIVE,98787777,24.68,
B-C-00472,"Reed, Alyssa",10/23/1951,(581) 555-0159,alyssa.reed472@example.com,6691 Adams Island,East Pam,GA,31259,2HX4A50FG41,B-H-00331,B-P-00619,Cardinal Mutual,H5265-002,MA,GA,AGE,CM-383860,11/01/22,,active,26047628,0.74,Met at the café seminar in the spring.
B-C-00473,"Newman, Megan",05/27/1949,(829) 555-0164,megan.newman473@example.com,6611 Kaitlyn Roads,North Timothy,GA,31603,4UN9U34CT74,B-H-00332,B-P-00620,Harborline,K,MEDSUPP,GA,AGE,HL-356714,07/01/2023,,Active,51446845,138.36,
B-C-00473,"Newman, Megan",05/27/1949,(829) 555-0164,megan.newman473@example.com,6611 Kaitlyn Roads,North Timothy,GA,31603,4UN9U34CT74,B-H-00332,B-P-00621,Harborline,S7610-023,PDP,GA,AGE,HL-214267,2023-07-01,,ACTIVE,51446845,32.53,
B-C-00474,"George, Tracy",05/31/1951,(542) 555-0167,tracy.george474@example.com,087 Johnson Fort Suite 743,Port Samuelfurt,OK,74897,9CE7FC6NQ29,B-H-00333,B-P-00622,Cardinal Mutual,H7696-022,MA,OK,AGE,CM-467313,09/01/25,,active,81157097,3.02,
B-C-00475,"Miranda, Robert",37379,(604) 555-0127,robert.miranda475@example.com,432 Gutierrez Point Apt. 652,Joshuafort,TX,78088,,B-H-00334,B-P-00623,Cardinal Mutual,70072TX8818486,ACA,TX,,CM-838282,01/01/2025,,Active,14829889,619.26,
B-C-00476,"Cole, Amy",09/30/1946,(588) 555-0153,amy.cole476@example.com,790 Paula Radial,Jasmineville,TN,37722,2DH7GJ9UJ43,B-H-00335,B-P-00624,Harborline,H1547-021,MA,TN,AGE,HL-521910,2024-08-01,,ACTIVE,45462976,40.15,
B-C-00477,"Cole, Darren",21595,(588) 555-0153,,790 Paula Radial,Jasmineville,TN,37722,2RH2DQ1FM22,B-H-00335,B-P-00625,Harborline,R4376-013,MA,TN,AGE,HL-439060,10/01/25,,active,45462976,30.07,
B-C-00478,"Rodriguez, Jennifer",01/26/1941,(879) 555-0113,jennifer.rodriguez478@example.com,8503 Scott Neck,South Christopher,CT,06671,3MC6FJ7TJ53,B-H-00336,B-P-00626,Bluepeak,H9161-012,MA,CT,AGE,BP-138317,08/01/2023,,Active,20671937,58.34,
B-C-00479,"Smith, Marc",33495,(273) 555-0182,marc.smith479@example.com,27108 Banks Haven,Tiffanystad,DC,20525,,B-H-00337,B-P-00627,Meridian Care,18024DC6681179,ACA,DC,,MC-368675,2027-01-01,,PENDING,24647567,698.18,
B-C-00480,"Quinn, Brianna",29685,(619) 555-0143,brianna.quinn480@example.com,5463 Thomas Brooks Suite 364,Brendachester,NV,89111,,B-H-00338,B-P-00628,Bluepeak,39473NV2793703,ACA,NV,,BP-247222,01/01/25,12/31/25,terminated,37947372,212.38,
B-C-00480,"Quinn, Brianna",29685,(619) 555-0143,brianna.quinn480@example.com,5463 Thomas Brooks Suite 364,Brendachester,NV,89111,,B-H-00338,B-P-00629,Summit Health Plans,75720NV3502990,ACA,NV,,SH-846604,01/01/2026,,Active,37947372,605.57,
B-C-00481,"Mcmillan, Ann",21772,(846) 555-0107,ann.mcmillan481@example.com,849 Frey Heights Apt. 933,South Timothy,DE,19825,4R42DA4HD70,B-H-00339,B-P-00630,Meridian Care,H5913-004,MA,DE,AGE,MC-937571,2026-01-01,,ACTIVE,69777236,39.09,Client prefers materials en español.
B-C-00482,"Mcmillan, Tyler",05/13/1941,(782) 555-0192,,849 Frey Heights Apt. 933,South Timothy,DE,19825,5J86M63WF78,B-H-00339,B-P-00631,Meridian Care,H5913-001,MA,DE,AGE,MC-181767,05/01/22,,active,69777236,37.49,
B-C-00483,"Martin, Angie",04/27/1945,(457) 555-0113,angie.martin483@example.com,1743 Kevin Ville Suite 023,Staceyburgh,KY,41752,4P79MR8XN37,B-H-00340,B-P-00632,Cardinal Mutual,S1849-007,PDP,KY,AGE,CM-745835,10/01/2023,,Active,81157097,20.31,
B-C-00484,"Martin, Austin",20494,(888) 555-0154,austin.martin484@example.com,1743 Kevin Ville Suite 023,Staceyburgh,KY,41752,8E78RE1PC95,B-H-00340,B-P-00633,Meridian Care,H5913-017,MA,KY,AGE,MC-899331,2023-03-01,,ACTIVE,81157097,18.53,
B-C-00485,"Jackson, Alice",35231,(617) 555-0112,alice.jackson485@example.com,26126 Carrie Summit,Dudleymouth,UT,84767,7V82RA6YC65,B-H-00341,B-P-00634,Summit Health Plans,H4044-024,MA,UT,DISABILITY,SH-872825,10/01/22,,active,45462976,17.34,
B-C-00486,"Lopez, Peter",01/22/1943,(565) 555-0159,peter.lopez486@example.com,4159 Steven Overpass Suite 671,New Melaniehaven,DC,20342,1EE4PP2KF62,B-H-00342,B-P-00635,Bluepeak,H5243-010,MA,DC,AGE,BP-154628,05/01/2022,08/31/2025,Terminated,75084135,40.65,
B-C-00486,"Lopez, Peter",01/22/1943,(565) 555-0159,peter.lopez486@example.com,4159 Steven Overpass Suite 671,New Melaniehaven,DC,20342,1EE4PP2KF62,B-H-00342,B-P-00636,Meridian Care,R4076-003,MA,DC,AGE,MC-698333,2025-09-01,,ACTIVE,75084135,44.27,
B-C-00487,"Cole, Amanda",12/21/1933,(327) 555-0118,amanda.cole487@example.com,54657 Logan Park,East Deborahbury,DC,20020,9PY9VK6PJ81,B-H-00343,B-P-00637,Summit Health Plans,H9807-029,MA,DC,AGE,SH-751595,07/01/24,,active,24647567,8.75,
B-C-00488,"Cole, Tina",08/14/1954,(587) 555-0199,tina.cole488@example.com,54657 Logan Park,East Deborahbury,DC,20020,3XF7QV7DY75,B-H-00343,B-P-00638,Northwind Health,H3064-022,MA,DC,AGE,NW-435182,02/01/2024,04/30/2025,Terminated,24647567,18.38,
B-C-00488,"Cole, Tina",08/14/1954,(587) 555-0199,tina.cole488@example.com,54657 Logan Park,East Deborahbury,DC,20020,3XF7QV7DY75,B-H-00343,B-P-00639,Cardinal Mutual,H5265-029,MA,DC,AGE,CM-305360,2025-05-01,,ACTIVE,24647567,17.39,
B-C-00489,"Roberts, Robert",20145,(861) 555-0196,robert.roberts489@example.com,07670 Buchanan Hills,East Monicahaven,SD,57502,2QQ8WX9FY44,B-H-00344,B-P-00640,Northwind Health,H3036-023,MA,SD,AGE,NW-677899,04/01/23,,active,84583776,48.43,Call after 2pm.
B-C-00490,"Martin, Adam",24267,(647) 555-0156,adam.martin490@example.com,213 Logan Estates Apt. 386,Laurenton,KY,42197,,B-H-00345,B-P-00641,Northwind Health,61006KY4272228,ACA,KY,,NW-986491,01/01/2025,,Active,81157097,403.12,
B-C-00491,"King, Allen",22916,(206) 555-0122,allen.king491@example.com,888 Peter Mountains,Lake Paulstad,KY,42288,,B-H-00346,B-P-00642,Harborline,17955KY4232336,ACA,KY,,HL-963534,2025-01-01,,ACTIVE,81157097,490.02,
B-C-00492,"Hall, Andrew",28738,(251) 555-0184,andrew.hall492@example.com,8810 Mccullough Squares Suite 413,Port Theresa,CO,80869,,B-H-00347,B-P-00643,Northwind Health,61006CO8323536,ACA,CO,,NW-761525,01/01/25,12/31/25,terminated,49066206,780.66,
B-C-00492,"Hall, Andrew",28738,(251) 555-0184,andrew.hall492@example.com,8810 Mccullough Squares Suite 413,Port Theresa,CO,80869,,B-H-00347,B-P-00644,Bluepeak,39473CO7763331,ACA,CO,,BP-408426,01/01/2026,,Active,49066206,178.03,
B-C-00493,"Hall, Judy",08/14/1937,(869) 555-0137,judy.hall493@example.com,8810 Mccullough Squares Suite 413,Port Theresa,CO,80869,2AR1UH5RJ16,B-H-00347,B-P-00645,Harborline,H2522-021-001,MA,CO,AGE,HL-717250,2025-03-01,,ACTIVE,49066206,32.21,
B-C-00494,"Hall, John",07/25/1944,(251) 555-0184,john.hall494@example.com,8810 Mccullough Squares Suite 413,Port Theresa,CO,80869,5JK7AA0ED92,B-H-00347,B-P-00646,Summit Health Plans,H9807-017-003,MA,CO,AGE,SH-881239,08/01/24,,active,49066206,26.21,
B-C-00495,"Smith, Susan",21548,(652) 555-0111,susan.smith495@example.com,58950 Lisa Freeway Apt. 191,South Thomas,LA,70891,8HW6Q38QA17,B-H-00348,B-P-00647,Northwind Health,H3036-024-003,MA,LA,AGE,NW-690920,12/01/2024,,Active,26047628,0.12,
B-C-00496,"Smith, Karen",03/13/1948,(855) 555-0191,karen.smith496@example.com,58950 Lisa Freeway Apt. 191,South Thomas,LA,70891,7M34HC3HA36,B-H-00348,B-P-00648,Meridian Care,H4636-025-003,MA,LA,AGE,MC-206523,2022-01-01,,ACTIVE,26047628,28.49,
B-C-00497,"Jennings, Amy",21397,(506) 555-0143,amy.jennings497@example.com,289 Joshua Haven,Port Barryborough,RI,02842,9GA4FN2CT28,B-H-00349,B-P-00649,Northwind Health,H3064-001,MA,RI,AGE,NW-488863,12/01/23,,active,37947372,48.41,
B-C-00498,"Shannon, Caitlin",09/20/1940,(596) 555-0156,caitlin.shannon498@example.com,4984 Steven Cliff,Port Todd,CT,06446,8Y74HK7MM54,B-H-00350,B-P-00650,Summit Health Plans,L,MEDSUPP,CT,AGE,SH-360823,08/01/2024,,Active,20671937,196.83,
B-C-00498,"Shannon, Caitlin",09/20/1940,(596) 555-0156,caitlin.shannon498@example.com,4984 Steven Cliff,Port Todd,CT,06446,8Y74HK7MM54,B-H-00350,B-P-00651,Summit Health Plans,S1837-011,PDP,CT,AGE,SH-312402,2024-08-01,,ACTIVE,20671937,50.79,
B-C-00499,"Mcfarland, Nicholas",32442,(300) 555-0163,nicholas.mcfarland499@example.com,0816 Wallace Rapid,North Kelseyborough,OH,43402,,B-H-00351,B-P-00652,Harborline,17955OH0173775,ACA,OH,,HL-372344,01/01/26,,active,50979283,343.74,
B-C-00500,"Moody, Justin",10/13/1944,(715) 555-0178,shane.moody501@example.com,0606 Young Common Suite 305,Port Jennifermouth,AL,35582,9KT8DV9DJ71,B-H-00352,B-P-00653,Meridian Care,H5913-004,MA,AL,AGE,MC-935945,07/01/2024,,Active,67876966,22.29,
B-C-00501,"Moody, Shane",06/16/1934,(715) 555-0178,shane.moody501@example.com,0606 Young Common Suite 305,Port Jennifermouth,AL,35582,1C50GD0JD07,B-H-00352,B-P-00654,Summit Health Plans,N,MEDSUPP,AL,AGE,SH-908125,2023-05-01,,ACTIVE,67876966,245.74,
B-C-00501,"Moody, Shane",06/16/1934,(715) 555-0178,shane.moody501@example.com,0606 Young Common Suite 305,Port Jennifermouth,AL,35582,1C50GD0JD07,B-H-00352,B-P-00655,Summit Health Plans,S1837-024,PDP,AL,AGE,SH-289559,05/01/23,,active,67876966,79.55,
B-C-00502,"Wolfe, Susan",35131,(947) 555-0138,susan.wolfe502@example.com,10175 Christine Viaduct Suite 170,West Briannastad,MN,55725,,B-H-00353,B-P-00656,Bluepeak,39473MN8382623,ACA,MN,,BP-870687,01/01/2025,,Active,94445646,188.03,
B-C-00503,"Huber, James",02/25/1945,(270) 555-0132,james.huber503@example.com,4894 Michelle Wall,Meyerchester,WI,54264,7AW5AJ0KE98,B-H-00354,B-P-00657,Harborline,S7610-021,PDP,WI,AGE,HL-329949,2026-02-01,,ACTIVE,50979283,34.89,
B-C-00504,"Rogers, Samantha",07/24/1942,(356) 555-0111,samantha.rogers504@example.com,405 Shawn Crossroad Apt. 023,Zacharyburgh,NM,88380,5MY1DK2AU43,B-H-00355,B-P-00658,Northwind Health,H3036-018,MA,NM,AGE,NW-744368,11/01/26,,pending,67876966,46.25,
B-C-00505,"Miller-Gray, Samuel",10/27/1935,(361) 555-0178,samuel.millergray505@example.com,647 Jessica Stream Apt. 209,Emilymouth,DE,19707,2Y29VX9QN11,B-H-00356,B-P-00659,Bluepeak,H5243-022-001,MA,DE,AGE,BP-869729,05/01/2022,,Active,59893296,16.85,
B-C-00506,"Peterson, Charles",05/28/1945,(937) 555-0127,charles.peterson506@example.com,8009 Christina Mountain Apt. 477,North Roberthaven,SD,57366,8JV8T27PJ78,B-H-00357,B-P-00660,Meridian Care,H5913-014,MA,SD,AGE,MC-822222,2025-03-01,,ACTIVE,84583776,55.83,
B-C-00507,"Peterson, Sara",04/05/1946,(599) 555-0185,,8009 Christina Mountain Apt. 477,North Roberthaven,SD,57366,8JH2X14ME10,B-H-00357,B-P-00661,Harborline,H2522-024,MA,SD,AGE,HL-641796,01/01/23,,active,84583776,3.23,
B-C-00508,"Wright, Carolyn",33465,(723) 555-0163,carolyn.wright508@example.com,591 Christina Pines,Crossborough,NE,69152,3U42JV6XU42,B-H-00358,B-P-00662,Cardinal Mutual,H5265-022-001,MA,NE,DISABILITY,CM-305165,01/01/2026,,Active,94445646,34.19,
B-C-00509,"Glover, Amber",21997,(446) 555-0138,amber.glover509@example.com,366 Kelly Divide Suite 899,Mooremouth,AL,35072,9D82UX0MG52,B-H-00359,B-P-00663,Harborline,S7610-030,PDP,AL,AGE,HL-157068,2025-08-01,,ACTIVE,67876966,55.73,
B-C-00510,"Figueroa, Melissa",26114,(372) 555-0169,melissa.figueroa510@example.com,2493 Anthony Mountains Suite 560,Moonville,CT,06903,,B-H-00360,B-P-00664,Bluepeak,39473CT7359677,ACA,CT,,BP-517440,01/01/26,,active,24647567,654.70,
B-C-00511,"Pena, Brenda",34761,(326) 555-0102,,6871 Jennifer Springs Apt. 717,Mcclainmouth,OR,97951,3UG3QM7UU32,B-H-00361,B-P-00665,Summit Health Plans,S4824-029,PDP,OR,DISABILITY,SH-241629,11/01/2026,,Pending,9527070,7.72,
B-C-00512,"Rogers, Nicole",21856,(524) 555-0143,nicole.rogers512@example.com,734 Brown Centers Suite 485,Mcleanville,SD,57237,7E33EN2NP23,B-H-00362,B-P-00666,Summit Health Plans,G,MEDSUPP,SD,AGE,SH-171552,2025-06-01,,ACTIVE,14829889,114.41,
B-C-00512,"Rogers, Nicole",21856,(524) 555-0143,nicole.rogers512@example.com,734 Brown Centers Suite 485,Mcleanville,SD,57237,7E33EN2NP23,B-H-00362,B-P-00667,Summit Health Plans,S1837-005,PDP,SD,AGE,SH-774323,06/01/25,,active,14829889,29.83,
B-C-00513,"Harris, Elizabeth",29828,(980) 555-0170,elizabeth.harris513@example.com,767 Salas Shore,Port Theodoremouth,CT,06073,,B-H-00363,B-P-00668,Harborline,17955CT1454232,ACA,CT,,HL-278692,01/01/2025,12/31/2025,Terminated,51446845,757.31,
B-C-00513,"Harris, Elizabeth",29828,(980) 555-0170,elizabeth.harris513@example.com,767 Salas Shore,Port Theodoremouth,CT,06073,,B-H-00363,B-P-00669,Cardinal Mutual,70072CT4967572,ACA,CT,,CM-250859,2026-01-01,,ACTIVE,51446845,159.39,
B-C-00514,"Harris, Cynthia",08/06/1935,(980) 555-0170,cynthia.harris514@example.com,767 Salas Shore,Port Theodoremouth,CT,06073,3Y34D57AK87,B-H-00363,B-P-00670,Bluepeak,H5243-029,MA,CT,AGE,BP-795945,03/01/24,,active,51446845,54.48,
B-C-00515,"Hart, Jamie",20638,(477) 555-0137,jamie.hart515@example.com,5710 Dean Shoal,Harrisport,AZ,85943,7R22MN9KG54,B-H-00364,B-P-00671,Bluepeak,L,MEDSUPP,AZ,AGE,BP-596924,12/01/2022,,Active,14829889,122.55,
B-C-00515,"Hart, Jamie",20638,(477) 555-0137,jamie.hart515@example.com,5710 Dean Shoal,Harrisport,AZ,85943,7R22MN9KG54,B-H-00364,B-P-00672,Bluepeak,S7317-004,PDP,AZ,AGE,BP-375619,2022-12-01,,ACTIVE,14829889,17.42,
B-C-00516,"Lang, Charles",06/10/1942,(534) 555-0165,charles.lang516@example.com,008 Kathleen Prairie,East Michael,TN,37864,2N43QJ4GU63,B-H-00365,B-P-00673,Northwind Health,H3036-029,MA,TN,AGE,NW-479450,11/01/26,,pending,45462976,18.81,
B-C-00517,"Pena, Andrew",02/26/1949,(279) 555-0116,andrew.pena517@example.com,4961 David Neck,Port Julie,RI,02816,6QW1F20MD02,B-H-00366,B-P-00674,Harborline,G,MEDSUPP,RI,AGE,HL-966451,02/01/2022,,Active,37947372,162.05,
B-C-00517,"Pena, Andrew",02/26/1949,(279) 555-0116,andrew.pena517@example.com,4961 David Neck,Port Julie,RI,02816,6QW1F20MD02,B-H-00366,B-P-00675,Harborline,S7610-024,PDP,RI,AGE,HL-581894,2022-02-01,,ACTIVE,37947372,66.42,
B-C-00518,"Randolph, Frances",03/02/1951,(757) 555-0108,frances.randolph518@example.com,450 Baker Ville Apt. 805,Port Francisco,PA,18687,6FG3YU4JJ03,B-H-00367,B-P-00676,Northwind Health,H3064-012,MA,PA,AGE,NW-333697,08/01/22,,active,64493418,49.18,
B-C-00519,"Randolph, Danielle",10/18/1947,(775) 555-0169,danielle.randolph519@example.com,450 Baker Ville Apt. 805,Port Francisco,PA,18687,3KW6CE5JK18,B-H-00367,B-P-00677,Meridian Care,H5913-022,MA,PA,AGE,MC-867534,11/01/2023,,Active,64493418,57.75,
B-C-00520,"Randolph, Mary",11/21/1948,(917) 555-0182,mary.randolph520@example.com,450 Baker Ville Apt. 805,Port Francisco,PA,18687,2TA8EN1EJ22,B-H-00367,B-P-00678,Bluepeak,K,MEDSUPP,PA,AGE,BP-405457,2025-02-01,,ACTIVE,64493418,252.31,
B-C-00520,"Randolph, Mary",11/21/1948,(917) 555-0182,mary.randolph520@example.com,450 Baker Ville Apt. 805,Port Francisco,PA,18687,2TA8EN1EJ22,B-H-00367,B-P-00679,Bluepeak,S2427-014,PDP,PA,AGE,BP-696415,02/01/25,,active,64493418,14.89,
B-C-00521,"Mayo, Theresa",08/14/1948,(728) 555-0169,theresa.mayo521@example.com,7051 Blair Junctions Suite 350,East Martinmouth,AR,71904,2R99VE5QM72,B-H-00368,B-P-00680,Bluepeak,H9161-009,MA,AR,AGE,BP-199478,06/01/2022,06/30/2023,Terminated,93619366,42.40,
B-C-00521,"Mayo, Theresa",08/14/1948,(728) 555-0169,theresa.mayo521@example.com,7051 Blair Junctions Suite 350,East Martinmouth,AR,71904,2R99VE5QM72,B-H-00368,B-P-00681,Summit Health Plans,R4076-003-003,MA,AR,AGE,SH-554109,2023-07-01,,ACTIVE,93619366,41.60,
B-C-00522,"Kidd-Munoz, Megan",07/05/1947,(904) 555-0109,megan.kiddmunoz522@example.com,79420 Sarah Orchard,Carlafurt,CA,92831,3CR6DN4YV08,B-H-00369,B-P-00682,Northwind Health,H3036-017-003,MA,CA,AGE,NW-136794,05/01/22,,active,50399119,3.10,
B-C-00523,"Ryan, Jacqueline",33386,(670) 555-0175,jacqueline.ryan523@example.com,4992 Ray Spurs,Curtisland,WY,82109,,B-H-00370,B-P-00683,Summit Health Plans,75720WY5356112,ACA,WY,,SH-859019,01/01/2026,,Active,20671937,777.24,
B-C-00524,"Potter, Christopher",05/18/1946,(904) 555-0101,christopher.potter524@example.com,80529 Mercer Junctions,South Connie,AZ,85120,8E66EE8GM47,B-H-00371,B-P-00684,Bluepeak,S2427-008,PDP,AZ,AGE,BP-820004,2023-01-01,,ACTIVE,14829889,20.08,
B-C-00525,"Potter, Erika",20440,(464) 555-0130,erika.potter525@example.com,80529 Mercer Junctions,South Connie,AZ,85120,4RG9QG4HQ63,B-H-00371,B-P-00685,Bluepeak,S7317-020-002,PDP,AZ,AGE,BP-271025,10/01/25,,active,14829889,20.27,
B-C-00526,"Hill, Stacey",34652,(686) 555-0196,,79435 James Trace,Dixonmouth,CO,81491,4X53F46PF52,B-H-00372,B-P-00686,Northwind Health,H3036-029,MA,CO,DISABILITY,NW-828868,11/01/2022,12/31/2024,Terminated,64493418,0.60,
B-C-00526,"Hill, Stacey",34652,(686) 555-0196,,79435 James Trace,Dixonmouth,CO,81491,4X53F46PF52,B-H-00372,B-P-00687,Summit Health Plans,R3913-025,MA,CO,DISABILITY,SH-325740,2025-01-01,,ACTIVE,64493418,51.68,
B-C-00527,"Hill, Kevin",21183,(686) 555-0196,kevin.hill527@example.com,79435 James Trace,Dixonmouth,CO,81491,4U35C25DT21,B-H-00372,B-P-00688,Bluepeak,H5243-005-001,MA,CO,AGE,BP-136390,11/01/25,,active,64493418,42.37,Client prefers materials en español.
B-C-00528,"Fowler, Robert",03/20/1945,(826) 555-0170,,7796 Sims Key Apt. 072,West Destiny,HI,96869,7DJ8T85JG19,B-H-00373,B-P-00689,Meridian Care,S4547-022-003,PDP,HI,AGE,MC-165695,07/01/2022,,Active,50399119,23.90,
B-C-00529,"Brown, Morgan",34550,(407) 555-0100,morgan.brown529@example.com,481 Tara Burg Suite 774,North Brenda,DE,19934,,B-H-00374,B-P-00690,Bluepeak,39473DE2668897,ACA,DE,,BP-119440,2025-01-01,,ACTIVE,69777236,482.93,
B-C-00530,"Brown, Craig",08/24/1949,(456) 555-0194,craig.brown530@example.com,481 Tara Burg Suite 774,North Brenda,DE,19934,1Q62V78XV98,B-H-00374,B-P-00691,Summit Health Plans,H4044-018-002,MA,DE,AGE,SH-275999,04/01/25,04/30/26,terminated,69777236,6.76,
B-C-00530,"Brown, Craig",08/24/1949,(456) 555-0194,craig.brown530@example.com,481 Tara Burg Suite 774,North Brenda,DE,19934,1Q62V78XV98,B-H-00374,B-P-00692,Harborline,H2522-028,MA,DE,AGE,HL-964371,05/01/2026,,Active,69777236,53.95,
B-C-00531,"Evans, Adriana",27696,(552) 555-0180,adriana.evans531@example.com,8362 Stephen Tunnel,Lake Sydneychester,NC,28167,9C68NQ9UC14,B-H-00375,B-P-00693,Summit Health Plans,G,MEDSUPP,NC,DISABILITY,SH-598116,2024-08-01,,ACTIVE,93619366,305.23,
B-C-00531,"Evans, Adriana",27696,(552) 555-0180,adriana.evans531@example.com,8362 Stephen Tunnel,Lake Sydneychester,NC,28167,9C68NQ9UC14,B-H-00375,B-P-00694,Summit Health Plans,S1837-028,PDP,NC,DISABILITY,SH-398455,08/01/24,,active,93619366,51.44,
B-C-00532,"Evans, Derek",20414,(552) 555-0180,derek.evans532@example.com,8362 Stephen Tunnel,Lake Sydneychester,NC,28167,9F91QQ8NQ10,B-H-00375,B-P-00695,Meridian Care,H4636-023-003,MA,NC,AGE,MC-458555,11/01/2022,,Active,93619366,57.89,
B-C-00533,"Ross, Lacey",26473,(742) 555-0190,lacey.ross533@example.com,6777 Douglas Terrace Suite 602,Patrickberg,CO,81076,,B-H-00376,B-P-00696,Meridian Care,18024CO4747453,ACA,CO,,MC-483845,2025-01-01,2025-12-31,TERMINATED,59893296,630.60,
B-C-00533,"Ross, Lacey",26473,(742) 555-0190,lacey.ross533@example.com,6777 Douglas Terrace Suite 602,Patrickberg,CO,81076,,B-H-00376,B-P-00697,Harborline,17955CO1942583,ACA,CO,,HL-980622,01/01/26,,active,59893296,152.47,
B-C-00534,"Ross, Thomas",20790,(710) 555-0156,,6777 Douglas Terrace Suite 602,Patrickberg,CO,81076,9PR7A92WJ50,B-H-00376,B-P-00698,Harborline,H1547-022,MA,CO,AGE,HL-900966,07/01/2024,,Active,59893296,40.67,
B-C-00535,"Smith, Jacob",02/08/1942,(712) 555-0162,jacob.smith535@example.com,5858 Miranda Flat Apt. 153,Davisberg,CO,80714,2FA4CY8QK47,B-H-00377,B-P-00699,Harborline,H1547-023,MA,CO,AGE,HL-966507,2022-08-01,2026-03-31,TERMINATED,49066206,58.49,
B-C-00535,"Smith, Jacob",02/08/1942,(712) 555-0162,jacob.smith535@example.com,5858 Miranda Flat Apt. 153,Davisberg,CO,80714,2FA4CY8QK47,B-H-00377,B-P-00700,Cardinal Mutual,H5265-028,MA,CO,AGE,CM-783078,04/01/26,,active,49066206,6.76,
B-C-00536,"Higgins, Shaun",08/08/1944,(646) 555-0117,shaun.higgins536@example.com,163 Pearson Hills,Brownchester,UT,84661,7TV9KP1EY32,B-H-00378,B-P-00701,Bluepeak,S2427-013,PDP,UT,AGE,BP-533330,11/01/2025,,Active,45462976,87.15,
B-C-00537,"Higgins, Melissa",09/05/1937,(646) 555-0117,melissa.higgins537@example.com,163 Pearson Hills,Brownchester,UT,84661,2X43P13AX70,B-H-00378,B-P-00702,Northwind Health,N,MEDSUPP,UT,AGE,NW-953518,2024-04-01,,ACTIVE,45462976,196.75,
B-C-00537,"Higgins, Melissa",09/05/1937,(646) 555-0117,melissa.higgins537@example.com,163 Pearson Hills,Brownchester,UT,84661,2X43P13AX70,B-H-00378,B-P-00703,Northwind Health,S9721-020,PDP,UT,AGE,NW-468997,04/01/24,,active,45462976,36.72,
B-C-00538,"Kane, Dylan",09/23/1941,(383) 555-0121,dylan.kane538@example.com,53293 Maria Plaza,New Jason,VT,05943,5AM3H75AK88,B-H-00379,B-P-00704,Summit Health Plans,K,MEDSUPP,VT,AGE,SH-678852,09/01/2023,,Active,84583776,173.37,Asked about dental add-ons at renewal.
B-C-00538,"Kane, Dylan",09/23/1941,(383) 555-0121,dylan.kane538@example.com,53293 Maria Plaza,New Jason,VT,05943,5AM3H75AK88,B-H-00379,B-P-00705,Summit Health Plans,S1837-019,PDP,VT,AGE,SH-382728,2023-09-01,,ACTIVE,84583776,69.93,
B-C-00539,"Hicks, Larry",30024,(750) 555-0143,larry.hicks539@example.com,268 Ingram Extensions,South Denise,CT,06830,,B-H-00380,B-P-00706,Meridian Care,18024CT8169451,ACA,CT,,MC-715130,01/01/24,,active,14829889,157.50,
B-C-00540,"Greene, Kaylee",20051,(819) 555-0171,kaylee.greene540@example.com,529 Davis Row,Amberside,AZ,85018,9VF1X26VU05,B-H-00381,B-P-00707,Summit Health Plans,N,MEDSUPP,AZ,AGE,SH-936387,02/01/2025,,Active,9527070,104.08,
B-C-00540,"Greene, Kaylee",20051,(819) 555-0171,kaylee.greene540@example.com,529 Davis Row,Amberside,AZ,85018,9VF1X26VU05,B-H-00381,B-P-00708,Summit Health Plans,S1837-010,PDP,AZ,AGE,SH-754325,2025-02-01,,ACTIVE,9527070,66.06,
B-C-00541,"Morrison, Jessica",21772,(911) 555-0114,jessica.morrison541@example.com,98028 William Locks Suite 071,East Karenview,CT,06173,4FK0TU4EE24,B-H-00382,B-P-00709,Summit Health Plans,H4044-005,MA,CT,AGE,SH-920688,10/01/24,,active,51446845,27.77,
B-C-00542,"Morrison, Kevin",05/29/1940,(874) 555-0164,kevin.morrison542@example.com,98028 William Locks Suite 071,East Karenview,CT,06173,6EA9VX5AH49,B-H-00382,B-P-00710,Summit Health Plans,H9807-005,MA,CT,AGE,SH-142801,06/01/2023,,Active,51446845,29.79,
B-C-00543,"Murray, Janice",08/08/1946,(697) 555-0125,janice.murray543@example.com,521 Ward Pass,Teresaville,TX,75527,9VU0M81NN78,B-H-00383,B-P-00711,Cardinal Mutual,H7696-020-001,MA,TX,AGE,CM-640005,2025-06-01,,ACTIVE,14829889,36.42,
B-C-00544,"Lopez, Nicole",04/09/1940,(765) 555-0131,nicole.lopez544@example.com,07800 Mills Forge,East Daniel,WY,82580,9QN3G71PR92,B-H-00384,B-P-00712,Harborline,S4178-002-001,PDP,WY,AGE,HL-836830,01/01/26,,active,84583776,50.39,
B-C-00545,"Williams, Deanna",01/30/1953,(287) 555-0148,deanna.williams545@example.com,8650 Bell Ridges Apt. 548,Alyssastad,LA,70072,9X44VW0QN77,B-H-00385,B-P-00713,Harborline,H1547-010-001,MA,LA,AGE,HL-251373,02/01/2025,,Active,26047628,40.27,Prefers mail over phone.
B-C-00546,"Williams, Thomas",08/16/1939,(918) 555-0185,thomas.williams546@example.com,8650 Bell Ridges Apt. 548,Alyssastad,LA,70072,3Q90C26HQ78,B-H-00385,B-P-00714,Bluepeak,H5243-005,MA,LA,AGE,BP-611944,2022-10-01,2024-03-31,TERMINATED,26047628,55.34,
B-C-00546,"Williams, Thomas",08/16/1939,(918) 555-0185,thomas.williams546@example.com,8650 Bell Ridges Apt. 548,Alyssastad,LA,70072,3Q90C26HQ78,B-H-00385,B-P-00715,Harborline,H1547-026-002,MA,LA,AGE,HL-574602,04/01/24,,active,26047628,6.85,
B-C-00547,"Taylor, Darren",09/16/1940,(604) 555-0107,darren.taylor547@example.com,10972 Novak Dale Suite 459,Veronicashire,NE,68783,5RU9JH2EQ42,B-H-00386,B-P-00716,Bluepeak,H5243-027,MA,NE,AGE,BP-986654,05/01/2025,,Active,94445646,43.22,
B-C-00548,"Taylor, Craig",05/20/1936,(646) 555-0185,,10972 Novak Dale Suite 459,Veronicashire,NE,68783,1GY4PX8JA12,B-H-00386,B-P-00717,Meridian Care,F,MEDSUPP,NE,AGE,MC-417402,2022-02-01,,ACTIVE,94445646,90.46,
B-C-00548,"Taylor, Craig",05/20/1936,(646) 555-0185,,10972 Novak Dale Suite 459,Veronicashire,NE,68783,1GY4PX8JA12,B-H-00386,B-P-00718,Meridian Care,S4547-004,PDP,NE,AGE,MC-100887,02/01/22,,active,94445646,23.03,
B-C-00549,"Buchanan, Gregory",20673,(512) 555-0176,,7602 Cynthia Lodge Suite 354,Lake Gregorytown,MO,64480,9J90D80HN15,B-H-00387,B-P-00719,Northwind Health,S2942-030,PDP,MO,AGE,NW-266139,02/01/2023,,Active,81157097,27.08,
B-C-00550,"Buchanan-Orozco, Elizabeth",21449,(512) 555-0176,elizabeth.buchananorozco550@example.com,7602 Cynthia Lodge Suite 354,Lake Gregorytown,MO,64480,5Y49P88TC05,B-H-00387,B-P-00720,Bluepeak,H9161-030-003,MA,MO,AGE,BP-752525,2025-02-01,,ACTIVE,81157097,48.34,
B-C-00551,"Keller, Holly",36894,(482) 555-0165,,12065 Ayala Meadows Apt. 712,South Sara,MN,55183,,B-H-00388,B-P-00721,Bluepeak,39473MN4577296,ACA,MN,,BP-670431,01/01/26,,active,94445646,761.21,
B-C-00552,"Keller, Nicole",10/15/1940,(482) 555-0165,nicole.keller552@example.com,12065 Ayala Meadows Apt. 712,South Sara,MN,55183,8JG7UJ4CF94,B-H-00388,B-P-00722,Summit Health Plans,L,MEDSUPP,MN,AGE,SH-390200,08/01/2025,,Active,94445646,267.36,
B-C-00552,"Keller, Nicole",10/15/1940,(482) 555-0165,nicole.keller552@example.com,12065 Ayala Meadows Apt. 712,South Sara,MN,55183,8JG7UJ4CF94,B-H-00388,B-P-00723,Summit Health Plans,S4824-003,PDP,MN,AGE,SH-692975,2025-08-01,,ACTIVE,94445646,85.92,
B-C-00553,"Anderson, Stephanie",04/11/1954,(390) 555-0177,stephanie.anderson553@example.com,7326 Rachel Tunnel Apt. 110,South Zachary,MS,38699,2JH8CX9MQ41,B-H-00389,B-P-00724,Cardinal Mutual,H5265-018,MA,MS,AGE,CM-242688,10/01/23,,active,50979283,29.98,
B-C-00554,"Walker, David",31663,(384) 555-0180,,379 Jesse Route Suite 740,Santanaside,KY,41599,,B-H-00390,B-P-00725,Northwind Health,61006KY9976931,ACA,KY,,NW-784273,01/01/2025,,Active,81157097,595.63,
B-C-00555,"Walker, Briana",21124,(220) 555-0128,briana.walker555@example.com,379 Jesse Route Suite 740,Santanaside,KY,41599,5T02FV2AC55,B-H-00390,B-P-00726,Summit Health Plans,S1837-010-003,PDP,KY,AGE,SH-489499,2023-08-01,,ACTIVE,81157097,51.26,
B-C-00556,"Jackson, Meagan",23943,(510) 555-0101,meagan.jackson556@example.com,6327 Roberson Lake,Gonzalezburgh,GA,39973,,B-H-00391,B-P-00727,Harborline,17955GA4299036,ACA,GA,,HL-908215,01/01/26,,active,26047628,802.78,
B-C-00557,"Dawson, Donald",32296,(937) 555-0113,,2271 Andrew Roads,Justinview,WY,82716,,B-H-00392,B-P-00728,Harborline,17955WY1666548,ACA,WY,,HL-678142,01/01/2024,,Active,91146902,369.44,Asked about dental add-ons at renewal.
B-C-00558,"Holt, Willie",34251,(796) 555-0152,willie.holt558@example.com,7006 Larson Squares Suite 215,South Johnny,DC,20085,,B-H-00393,B-P-00729,Cardinal Mutual,70072DC4088161,ACA,DC,,CM-693156,2025-01-01,,ACTIVE,75084135,573.43,
B-C-00559,"Suarez, Bradley",02/03/1938,(605) 555-0114,bradley.suarez559@example.com,96169 Joshua Glens Apt. 705,Pinedaville,WI,53908,5AD8A42FP10,B-H-00394,B-P-00730,Cardinal Mutual,H7696-021,MA,WI,AGE,CM-289617,11/01/22,,active,50979283,0.25,
B-C-00560,"Johnson, Joseph",35126,(467) 555-0177,joseph.johnson560@example.com,011 Dennis Lock,Cortezton,HI,96701,,B-H-00395,B-P-00731,Cardinal Mutual,70072HI7260324,ACA,HI,,CM-597407,01/01/2026,,Active,50399119,406.23,
B-C-00561,"Sanford, Suzanne",09/20/1943,(555) 555-0114,suzanne.sanford561@example.com,8956 Sims Glen,North Amber,WY,82671,2X75VX4RX26,B-H-00396,B-P-00732,Bluepeak,H9161-009-002,MA,WY,AGE,BP-675847,2023-07-01,2025-10-31,TERMINATED,20671937,23.80,
B-C-00561,"Sanford, Suzanne",09/20/1943,(555) 555-0114,suzanne.sanford561@example.com,8956 Sims Glen,North Amber,WY,82671,2X75VX4RX26,B-H-00396,B-P-00733,Cardinal Mutual,H7696-028-001,MA,WY,AGE,CM-659794,11/01/25,,active,20671937,34.35,
B-C-00562,"Sanford, Ronald",04/01/1943,(627) 555-0160,,8956 Sims Glen,North Amber,WY,82671,2AG1M49ED88,B-H-00396,B-P-00734,Summit Health Plans,H4044-010,MA,WY,AGE,SH-630780,05/01/2026,,Active,20671937,55.70,
B-C-00563,"Washington, Lauren",21840,(413) 555-0168,lauren.washington563@example.com,571 Amy Avenue,South Tyler,CO,80039,7FW9GG6CH77,B-H-00397,B-P-00735,Cardinal Mutual,H5265-025-001,MA,CO,AGE,CM-900075,2025-06-01,,ACTIVE,64493418,42.68,
B-C-00564,"Mccarty, Brenda",30266,(958) 555-0189,brenda.mccarty564@example.com,78582 William Roads,Allenberg,HI,96814,,B-H-00398,B-P-00736,Harborline,17955HI5265491,ACA,HI,,HL-676044,01/01/25,,active,50399119,625.67,
B-C-00565,"Davis, Thomas",02/04/1953,(971) 555-0164,,63338 Jennifer Run Suite 475,Rogersburgh,NV,89562,1Q01G60CM27,B-H-00399,B-P-00737,Meridian Care,H5913-002,MA,NV,AGE,MC-971841,07/01/2022,,Active,45462976,12.01,
B-C-00566,"Davis, Katelyn",27207,(971) 555-0164,katelyn.davis566@example.com,63338 Jennifer Run Suite 475,Rogersburgh,NV,89562,,B-H-00399,B-P-00738,Northwind Health,61006NV9812129,ACA,NV,,NW-337102,2025-01-01,2025-12-31,TERMINATED,45462976,772.43,
B-C-00566,"Davis, Katelyn",27207,(971) 555-0164,katelyn.davis566@example.com,63338 Jennifer Run Suite 475,Rogersburgh,NV,89562,,B-H-00399,B-P-00739,Bluepeak,39473NV0666325,ACA,NV,,BP-418181,01/01/26,,active,45462976,287.06,
B-C-00567,"Hood-Adams, Dana",28957,(389) 555-0183,dana.hoodadams567@example.com,66498 Powers Plaza Apt. 082,Lewismouth,CA,95681,,B-H-00400,B-P-00740,Harborline,17955CA1899906,ACA,CA,,HL-324251,01/01/2024,,Active,50399119,233.88,
B-C-00568,"Hood, Kristina",05/25/1941,(715) 555-0147,kristina.hood568@example.com,66498 Powers Plaza Apt. 082,Lewismouth,CA,95681,6M33D92PF87,B-H-00400,B-P-00741,Harborline,S4178-015,PDP,CA,AGE,HL-820567,2026-02-01,,ACTIVE,50399119,84.31,Asked about dental add-ons at renewal.
B-C-00569,"Contreras, Jessica",20830,(281) 555-0102,jessica.contreras569@example.com,3306 Jennifer Viaduct,Elizabethchester,MN,55951,1JA6VR5CJ39,B-H-00401,B-P-00742,Harborline,H1547-011,MA,MN,AGE,HL-314003,10/01/23,08/31/25,terminated,94445646,49.27,
B-C-00569,"Contreras, Jessica",20830,(281) 555-0102,jessica.contreras569@example.com,3306 Jennifer Viaduct,Elizabethchester,MN,55951,1JA6VR5CJ39,B-H-00401,B-P-00743,Cardinal Mutual,H7696-025,MA,MN,AGE,CM-609049,09/01/2025,,Active,94445646,15.53,Met at the café seminar in the spring.
B-C-00570,"Contreras, Amanda",07/03/1944,(846) 555-0102,,3306 Jennifer Viaduct,Elizabethchester,MN,55951,2UG3WQ1EN10,B-H-00401,B-P-00744,Harborline,L,MEDSUPP,MN,AGE,HL-490089,2024-12-01,,ACTIVE,94445646,218.07,
B-C-00570,"Contreras, Amanda",07/03/1944,(846) 555-0102,,3306 Jennifer Viaduct,Elizabethchester,MN,55951,2UG3WQ1EN10,B-H-00401,B-P-00745,Harborline,S4178-006-001,PDP,MN,AGE,HL-999632,12/01/24,,active,94445646,18.42,
B-C-00571,"Stone, Reginald",03/15/1936,(544) 555-0199,,04309 Massey Mall,South Jacob,NE,68703,8TP2P27FJ16,B-H-00402,B-P-00746,Meridian Care,H4636-004-001,MA,NE,AGE,MC-446147,05/01/2026,,Active,94445646,42.46,
B-C-00572,"Harrell, William",24633,(982) 555-0167,william.harrell572@example.com,920 Hernandez Shoals Apt. 215,Johnbury,MO,64655,,B-H-00403,B-P-00747,Harborline,17955MO8915201,ACA,MO,,HL-142060,2025-01-01,2025-12-31,TERMINATED,81157097,559.67,
B-C-00572,"Harrell, William",24633,(982) 555-0167,william.harrell572@example.com,920 Hernandez Shoals Apt. 215,Johnbury,MO,64655,,B-H-00403,B-P-00748,Summit Health Plans,75720MO4475741,ACA,MO,,SH-685910,01/01/26,,active,81157097,150.25,
B-C-00573,"Gordon, Patrick",10/02/1933,(285) 555-0155,,860 Hanson Drive Suite 510,West Benjamin,WY,83052,8A87D09VJ70,B-H-00404,B-P-00749,Cardinal Mutual,H5265-016-002,MA,WY,AGE,CM-153928,04/01/2022,,Active,91146902,40.58,
B-C-00574,"Gordon, Edward",11/20/1940,(266) 555-0108,edward.gordon574@example.com,860 Hanson Drive Suite 510,West Benjamin,WY,83052,1F75X15FW08,B-H-00404,B-P-00750,Harborline,H1547-005-003,MA,WY,AGE,HL-552930,2022-06-01,,ACTIVE,91146902,29.65,
B-C-00575,"Palmer, Miranda",12/26/1952,(941) 555-0176,miranda.palmer575@example.com,0491 Amy Roads Apt. 936,Patriciaton,OR,97593,9EW4N58JJ12,B-H-00405,B-P-00751,Meridian Care,H4636-028-001,MA,OR,AGE,MC-345516,07/01/25,,active,43888211,35.75,
B-C-00576,"Blackburn, Michael",37955,(741) 555-0136,michael.blackburn576@example.com,675 Reginald Ranch Apt. 473,West Laurieborough,LA,70800,,B-H-00406,B-P-00752,Cardinal Mutual,70072LA7288628,ACA,LA,,CM-463659,01/01/2025,,Active,26047628,452.47,
B-C-00577,"Banks, Renee",12/20/1937,(773) 555-0120,renee.banks577@example.com,069 Melody Track,New Amytown,WI,53066,7C88D29UE40,B-H-00407,B-P-00753,Meridian Care,H4636-016,MA,WI,AGE,MC-864256,2023-03-01,2025-11-30,TERMINATED,50979283,4.90,
B-C-00577,"Banks, Renee",12/20/1937,(773) 555-0120,renee.banks577@example.com,069 Melody Track,New Amytown,WI,53066,7C88D29UE40,B-H-00407,B-P-00754,Bluepeak,H9161-010-002,MA,WI,AGE,BP-468149,12/01/25,,active,50979283,47.79,
B-C-00578,"Banks, Earl",27088,(599) 555-0193,earl.banks578@example.com,069 Melody Track,New Amytown,WI,53066,,B-H-00407,B-P-00755,Harborline,17955WI9595924,ACA,WI,,HL-668276,01/01/2024,,Active,50979283,526.50,
B-C-00579,"Morse, Justin",04/29/1948,(541) 555-0114,justin.morse579@example.com,9282 Valerie Prairie,Hilltown,LA,70308,5AF9MK1MM58,B-H-00408,B-P-00756,Northwind Health,H3036-006-002,MA,LA,AGE,NW-588322,2026-04-01,,ACTIVE,26047628,10.34,
B-C-00580,"Morse, Elizabeth",09/30/1954,(541) 555-0114,elizabeth.morse580@example.com,9282 Valerie Prairie,Hilltown,LA,70308,7P42H80WJ36,B-H-00408,B-P-00757,Northwind Health,A,MEDSUPP,LA,AGE,NW-801813,01/01/23,,active,26047628,177.68,
B-C-00580,"Morse, Elizabeth",09/30/1954,(541) 555-0114,elizabeth.morse580@example.com,9282 Valerie Prairie,Hilltown,LA,70308,7P42H80WJ36,B-H-00408,B-P-00758,Northwind Health,S9721-012,PDP,LA,AGE,NW-780005,01/01/2023,,Active,26047628,86.70,
B-C-00581,"Mcpherson, Dawn",21467,(262) 555-0162,,68773 Mary Gardens Apt. 539,Lake Tiffany,SD,57280,6NN7Y47DF03,B-H-00409,B-P-00759,Bluepeak,G,MEDSUPP,SD,AGE,BP-298298,2025-02-01,,ACTIVE,84583776,161.87,
B-C-00581,"Mcpherson, Dawn",21467,(262) 555-0162,,68773 Mary Gardens Apt. 539,Lake Tiffany,SD,57280,6NN7Y47DF03,B-H-00409,B-P-00760,Bluepeak,S7317-011,PDP,SD,AGE,BP-287634,02/01/25,,active,84583776,82.87,
B-C-00582,"Holland, Andrew",38406,(680) 555-0140,,73652 Davis Falls Suite 223,Hardingburgh,WV,26017,,B-H-00410,B-P-00761,Harborline,17955WV9114939,ACA,WV,,HL-207322,01/01/2025,,Active,64493418,653.88,
B-C-00583,"Holland, Kaitlin",28388,(718) 555-0152,,73652 Davis Falls Suite 223,Hardingburgh,WV,26017,,B-H-00410,B-P-00762,Meridian Care,18024WV1327524,ACA,WV,,MC-671762,2025-01-01,,ACTIVE,64493418,525.66,
B-C-00584,"Holland, Jason",12/25/1950,(568) 555-0105,jason.holland584@example.com,73652 Davis Falls Suite 223,Hardingburgh,WV,26017,3RY0T38ED90,B-H-00410,B-P-00763,Northwind Health,S2942-027,PDP,WV,AGE,NW-691193,04/01/23,,active,64493418,13.33,
B-C-00585,"Price, Joel",06/04/1939,(760) 555-0197,joel.price585@example.com,33268 Petersen Station,Lake Alexandra,MA,01362,9H90C04FW35,B-H-00411,B-P-00764,Summit Health Plans,H9807-011,MA,MA,AGE,SH-119841,04/01/2025,,Active,90228424,44.09,
B-C-00586,"Price, Walter",24616,(412) 555-0148,walter.price586@example.com,33268 Petersen Station,Lake Alexandra,MA,01362,,B-H-00411,B-P-00765,Harborline,17955MA3447464,ACA,MA,,HL-131248,2025-01-01,2025-12-31,TERMINATED,90228424,640.46,
B-C-00586,"Price, Walter",24616,(412) 555-0148,walter.price586@example.com,33268 Petersen Station,Lake Alexandra,MA,01362,,B-H-00411,B-P-00766,Summit Health Plans,75720MA3489078,ACA,MA,,SH-537171,01/01/26,,active,90228424,877.33,
B-C-00587,"Jacobs, Anthony",04/30/1937,(306) 555-0151,anthony.jacobs587@example.com,6219 Gonzalez Plains,North Matthewfort,UT,84416,5Q39HT1KT87,B-H-00412,B-P-00767,Northwind Health,G,MEDSUPP,UT,AGE,NW-577391,08/01/2025,,Active,45462976,190.86,
B-C-00587,"Jacobs, Anthony",04/30/1937,(306) 555-0151,anthony.jacobs587@example.com,6219 Gonzalez Plains,North Matthewfort,UT,84416,5Q39HT1KT87,B-H-00412,B-P-00768,Northwind Health,S9721-028,PDP,UT,AGE,NW-541935,2025-08-01,,ACTIVE,45462976,83.42,
B-C-00588,"Lyons, Vincent",24310,(763) 555-0188,vincent.lyons588@example.com,5515 Suzanne Shore,New Martinberg,NC,27419,,B-H-00413,B-P-00769,Cardinal Mutual,70072NC7298857,ACA,NC,,CM-926096,01/01/25,12/31/25,terminated,50979283,247.99,
B-C-00588,"Lyons, Vincent",24310,(763) 555-0188,vincent.lyons588@example.com,5515 Suzanne Shore,New Martinberg,NC,27419,,B-H-00413,B-P-00770,Northwind Health,61006NC8841673,ACA,NC,,NW-152197,01/01/2026,,Active,50979283,778.48,
B-C-00589,"Lyons, Matthew",06/03/1948,(567) 555-0182,,5515 Suzanne Shore,New Martinberg,NC,27419,5YW1MM3VQ88,B-H-00413,B-P-00771,Harborline,H1547-030,MA,NC,AGE,HL-775809,2022-07-01,,ACTIVE,50979283,59.15,
B-C-00590,"Miller, Megan",27281,(211) 555-0115,megan.miller590@example.com,7136 Carrillo Well Apt. 487,Watsonmouth,CO,80110,,B-H-00414,B-P-00772,Meridian Care,18024CO6485517,ACA,CO,,MC-173730,01/01/25,,active,59893296,691.22,
B-C-00591,"Holloway, Ian",26024,(213) 555-0185,ian.holloway591@example.com,26989 Hunt Mission,East Jennifer,NC,27329,6P07E05UX52,B-H-00415,B-P-00773,Harborline,H2522-011,MA,NC,DISABILITY,HL-211214,12/01/2025,,Active,67876966,12.41,
B-C-00592,"Holloway, Joseph",24474,(213) 555-0185,joseph.holloway592@example.com,26989 Hunt Mission,East Jennifer,NC,27329,,B-H-00415,B-P-00774,Bluepeak,39473NC0821563,ACA,NC,,BP-248990,2025-01-01,,ACTIVE,67876966,246.59,
B-C-00593,"Hoffman, Allison",03/20/1952,(832) 555-0111,allison.hoffman593@example.com,409 Tina Circle,Codytown,DE,19753,9JC9TP4GM73,B-H-00416,B-P-00775,Harborline,H1547-029,MA,DE,AGE,HL-389738,07/01/22,,active,69777236,6.84,
B-C-00594,"Tapia, John",36306,(525) 555-0157,,49965 Jason Expressway,Masontown,MO,64628,,B-H-00417,B-P-00776,Harborline,17955MO0559794,ACA,MO,,HL-258775,01/01/2024,,Active,69777236,593.12,
B-C-00595,"Bond, Steven",01/30/1945,(645) 555-0174,steven.bond595@example.com,158 Ricardo Court,New Angelabury,PA,15618,7HT0CQ3UF03,B-H-00418,B-P-00777,Northwind Health,H3036-023,MA,PA,AGE,NW-617312,2022-09-01,,ACTIVE,64493418,25.71,
B-C-00596,"Espinoza, Maria",05/03/1936,(887) 555-0171,maria.espinoza596@example.com,4064 Laura Plaza Suite 368,Fosterburgh,WI,54069,8RW1VG6VH23,B-H-00419,B-P-00778,Bluepeak,H5243-024-001,MA,WI,AGE,BP-728798,07/01/24,,active,50979283,31.97,
B-C-00597,"Espinoza, Nathan",02/24/1940,(573) 555-0126,nathan.espinoza597@example.com,4064 Laura Plaza Suite 368,Fosterburgh,WI,54069,1NU5XG6PY21,B-H-00419,B-P-00779,Northwind Health,N,MEDSUPP,WI,AGE,NW-740633,05/01/2022,,Active,50979283,159.82,
B-C-00597,"Espinoza, Nathan",02/24/1940,(573) 555-0126,nathan.espinoza597@example.com,4064 Laura Plaza Suite 368,Fosterburgh,WI,54069,1NU5XG6PY21,B-H-00419,B-P-00780,Northwind Health,S2942-004,PDP,WI,AGE,NW-475857,2022-05-01,,ACTIVE,50979283,46.15,
B-C-00598,"Campos, Laura",21794,(204) 555-0140,,111 Christopher Courts,North Davidview,PA,18589,6GX3YR6PY62,B-H-00420,B-P-00781,Summit Health Plans,H4044-026,MA,PA,AGE,SH-569379,02/01/26,,active,50399119,9.83,
B-C-00600,"Johnson, Dorothy",08/15/1939,(286) 555-0102,dorothy.johnson600@example.com,262 Beck Falls Apt. 661,Elizabethhaven,TX,77344,5Y31AE2MV04,B-H-00421,B-P-00783,Harborline,H1547-019,MA,TX,AGE,HL-226661,03/01/2022,,Active,14829889,23.48,
B-C-00601,"Williams, Peter",06/30/1945,(684) 555-0135,peter.williams601@example.com,295 Jeffrey Skyway,New Jacquelinebury,DE,19964,3G28P05MQ84,B-H-00422,B-P-00784,Bluepeak,H5243-016-001,MA,DE,AGE,BP-135952,2024-06-01,,ACTIVE,59893296,32.21,
B-C-00602,"Williams, Andrea",10/21/1948,(684) 555-0135,andrea.williams602@example.com,295 Jeffrey Skyway,New Jacquelinebury,DE,19964,8V81EF5WP71,B-H-00422,B-P-00785,Meridian Care,H4636-010-003,MA,DE,AGE,MC-741642,06/01/22,,active,59893296,5.26,
B-C-00603,"Stevens, Antonio",04/03/1948,(386) 555-0188,antonio.stevens603@example.com,8485 Stephanie Bypass Suite 167,Melissamouth,UT,84486,7GM0Y96MY66,B-H-00423,B-P-00786,Summit Health Plans,R3913-001,MA,UT,AGE,SH-332327,07/01/2022,06/30/2024,Terminated,45462976,54.12,
B-C-00603,"Stevens, Antonio",04/03/1948,(386) 555-0188,antonio.stevens603@example.com,8485 Stephanie Bypass Suite 167,Melissamouth,UT,84486,7GM0Y96MY66,B-H-00423,B-P-00787,Meridian Care,H4636-017-001,MA,UT,AGE,MC-938972,2024-07-01,,ACTIVE,45462976,13.81,
B-C-00604,"Walker, Kylie",20293,(515) 555-0109,kylie.walker604@example.com,923 Marisa Highway Suite 049,Troymouth,TX,79996,6KW5XR5NY42,B-H-00424,B-P-00788,Meridian Care,G,MEDSUPP,TX,AGE,MC-561994,11/01/23,,active,50399119,167.15,
B-C-00604,"Walker, Kylie",20293,(515) 555-0109,kylie.walker604@example.com,923 Marisa Highway Suite 049,Troymouth,TX,79996,6KW5XR5NY42,B-H-00424,B-P-00789,Meridian Care,S4547-023-001,PDP,TX,AGE,MC-711857,11/01/2023,,Active,50399119,77.39,
B-C-00605,"Walker, Lawrence",11/08/1937,(245) 555-0120,,923 Marisa Highway Suite 049,Troymouth,TX,79996,2XT7G85FA25,B-H-00424,B-P-00790,Harborline,H1547-020,MA,TX,AGE,HL-135541,2024-01-01,,ACTIVE,50399119,46.38,
B-C-00606,"Walsh, Greg",09/14/1944,(478) 555-0113,greg.walsh606@example.com,9673 Salazar Key Suite 727,Jeffreyport,KY,40075,8KN6RY8JY85,B-H-00425,B-P-00791,Northwind Health,N,MEDSUPP,KY,AGE,NW-532627,08/01/25,,active,43888211,105.37,
B-C-00606,"Walsh, Greg",09/14/1944,(478) 555-0113,greg.walsh606@example.com,9673 Salazar Key Suite 727,Jeffreyport,KY,40075,8KN6RY8JY85,B-H-00425,B-P-00792,Northwind Health,S9721-010-003,PDP,KY,AGE,NW-992976,08/01/2025,,Active,43888211,74.08,
B-C-00607,"Jenkins, Virginia",06/21/1935,(425) 555-0148,virginia.jenkins607@example.com,6846 Chung Divide Suite 452,North Kimberly,CT,06726,7NR6C28UY69,B-H-00426,B-P-00793,Cardinal Mutual,N,MEDSUPP,CT,AGE,CM-185447,2025-12-01,,ACTIVE,51446845,290.81,
B-C-00607,"Jenkins, Virginia",06/21/1935,(425) 555-0148,virginia.jenkins607@example.com,6846 Chung Divide Suite 452,North Kimberly,CT,06726,7NR6C28UY69,B-H-00426,B-P-00794,Cardinal Mutual,S1849-030,PDP,CT,AGE,CM-169729,12/01/25,,active,51446845,25.12,
B-C-00608,"Jenkins, Daniel",27687,(425) 555-0148,,6846 Chung Divide Suite 452,North Kimberly,CT,06726,,B-H-00426,B-P-00795,Meridian Care,18024CT7174200,ACA,CT,,MC-486712,01/01/2024,,Active,51446845,166.45,
B-C-00609,"Hall, Kerry",01/04/1944,(412) 555-0157,,7186 Pamela Dam,Smithfurt,GA,39820,1N75FC3PU78,B-H-00427,B-P-00796,Summit Health Plans,S1837-007-003,PDP,GA,AGE,SH-698601,2026-03-01,,ACTIVE,26047628,11.62,
B-C-00610,"Hall, Justin",20131,(814) 555-0192,,7186 Pamela Dam,Smithfurt,GA,39820,9JR9T49TG02,B-H-00427,B-P-00797,Cardinal Mutual,H7696-012,MA,GA,AGE,CM-162379,10/01/25,,active,26047628,35.67,
B-C-00611,"Berg, Brandon",09/07/1937,(369) 555-0146,brandon.berg611@example.com,60398 Reid Forest,Lake Morganstad,WY,82860,4P74X68XN33,B-H-00428,B-P-00798,Harborline,R7629-002,MA,WY,AGE,HL-691149,07/01/2024,,Active,20671937,33.00,
B-C-00612,"Rivera, Deborah",32921,(766) 555-0132,deborah.rivera612@example.com,04991 Mitchell Row Suite 287,Jamesville,NJ,07902,,B-H-00429,B-P-00799,Cardinal Mutual,70072NJ9950711,ACA,NJ,,CM-704497,2024-01-01,,ACTIVE,75084135,794.13,
B-C-00613,"Cameron, Ryan",03/11/1942,(734) 555-0165,ryan.cameron613@example.com,515 Gonzalez Roads,Leonardbury,MS,38861,3QE1UR0XT57,B-H-00430,B-P-00800,Harborline,H2522-021,MA,MS,AGE,HL-397507,11/01/23,,active,50979283,37.22,
B-C-00614,"Cameron, Brandon",04/09/1943,(241) 555-0191,brandon.cameron614@example.com,515 Gonzalez Roads,Leonardbury,MS,38861,6XV3HP1VT63,B-H-00430,B-P-00801,Bluepeak,H5243-015-003,MA,MS,AGE,BP-427419,01/01/2024,,Active,50979283,26.93,
B-C-00615,"Brock, Michael",34055,(700) 555-0172,michael.brock615@example.com,636 Scott Circles,Ortizbury,NC,27307,3RX0GE0QM45,B-H-00431,B-P-00802,Summit Health Plans,H4044-019-001,MA,NC,ESRD,SH-513910,2022-10-01,,ACTIVE,67876966,53.21,
B-C-00616,"Morris, Aaron",10/11/1951,(403) 555-0191,aaron.morris616@example.com,996 Sharon Inlet Apt. 267,Lake Stephen,NV,89897,9V97P58GT95,B-H-00432,B-P-00803,Harborline,R4376-025,MA,NV,AGE,HL-870208,11/01/26,,pending,37947372,43.73,
B-C-00617,"Morris, John",01/16/1943,(894) 555-0132,john.morris617@example.com,996 Sharon Inlet Apt. 267,Lake Stephen,NV,89897,9JE5FR1NK78,B-H-00432,B-P-00804,Cardinal Mutual,H7696-011,MA,NV,AGE,CM-582515,08/01/2025,,Active,37947372,7.30,
B-C-00618,"Miller, Craig",10/14/1952,(489) 555-0153,craig.miller618@example.com,0765 Curtis Mount Suite 202,Dicksonside,RI,02896,5JP4R20QE85,B-H-00433,B-P-00805,Summit Health Plans,H4044-002-002,MA,RI,AGE,SH-393348,2023-01-01,,ACTIVE,37947372,11.33,
B-C-00619,"Bell, Cynthia",03/08/1946,(259) 555-0167,cynthia.bell619@example.com,5264 Davis Green,Gonzalezstad,KY,40487,5XM8MD4GJ55,B-H-00434,B-P-00806,Northwind Health,H3064-007,MA,KY,AGE,NW-398087,02/01/22,,active,81157097,40.24,
B-C-00620,"Lee, Emily",04/14/1948,(892) 555-0137,emily.lee620@example.com,5876 Joshua Mill Suite 209,East Davidview,DC,20276,7VA6UW0EX94,B-H-00435,B-P-00807,Meridian Care,H5913-026,MA,DC,AGE,MC-317048,10/01/2023,09/30/2025,Terminated,24647567,25.50,
B-C-00620,"Lee, Emily",04/14/1948,(892) 555-0137,emily.lee620@example.com,5876 Joshua Mill Suite 209,East Davidview,DC,20276,7VA6UW0EX94,B-H-00435,B-P-00808,Cardinal Mutual,H5265-010-001,MA,DC,AGE,CM-568856,2025-10-01,,ACTIVE,24647567,49.33,
B-C-00621,"Lee, Michael",11/09/1947,(892) 555-0137,michael.lee621@example.com,5876 Joshua Mill Suite 209,East Davidview,DC,20276,6JV5V02UY45,B-H-00435,B-P-00809,Meridian Care,B,MEDSUPP,DC,AGE,MC-176001,02/01/22,,active,24647567,169.47,
B-C-00621,"Lee, Michael",11/09/1947,(892) 555-0137,michael.lee621@example.com,5876 Joshua Mill Suite 209,East Davidview,DC,20276,6JV5V02UY45,B-H-00435,B-P-00810,Meridian Care,S4547-002,PDP,DC,AGE,MC-493544,02/01/2022,,Active,24647567,15.73,Met at the café seminar in the spring.
B-C-00622,"Brown, Garrett",07/02/1945,(937) 555-0101,garrett.brown622@example.com,51462 Jenkins Extension,Rodriguezside,CA,90809,7F06JC1JQ74,B-H-00436,B-P-00811,Meridian Care,H5913-024-001,MA,CA,AGE,MC-639680,2025-04-01,,ACTIVE,50399119,23.01,
B-C-00623,"Smith, Brandon",21816,(953) 555-0105,brandon.smith623@example.com,430 Diana Meadow,Jessicaland,DC,20515,5N77KT2AD47,B-H-00437,B-P-00812,Harborline,H2522-008-002,MA,DC,AGE,HL-872186,12/01/24,,active,24647567,9.63,
B-C-00624,"Smith, Wanda",08/15/1945,(406) 555-0143,wanda.smith624@example.com,26070 Anderson Rue Apt. 894,Lake Michaelside,OK,74946,1T99VK1WW12,B-H-00438,B-P-00813,Northwind Health,N,MEDSUPP,OK,AGE,NW-742873,12/01/2023,,Active,81157097,193.97,
B-C-00624,"Smith, Wanda",08/15/1945,(406) 555-0143,wanda.smith624@example.com,26070 Anderson Rue Apt. 894,Lake Michaelside,OK,74946,1T99VK1WW12,B-H-00438,B-P-00814,Northwind Health,S2942-022-001,PDP,OK,AGE,NW-985363,2023-12-01,,ACTIVE,81157097,54.98,
B-C-00625,"Elliott, Joseph",10/18/1948,(831) 555-0172,,450 Jefferson Center,Michellebury,SD,57504,6NV8DY7JW48,B-H-00439,B-P-00815,Bluepeak,H5243-030-001,MA,SD,AGE,BP-302076,10/01/23,11/30/24,terminated,84583776,44.35,
B-C-00625,"Elliott, Joseph",10/18/1948,(831) 555-0172,,450 Jefferson Center,Michellebury,SD,57504,6NV8DY7JW48,B-H-00439,B-P-00816,Meridian Care,H5913-009,MA,SD,AGE,MC-286022,12/01/2024,,Active,84583776,25.31,
B-C-00626,"Elliott, Jeffrey",03/03/1948,(489) 555-0179,jeffrey.elliott626@example.com,450 Jefferson Center,Michellebury,SD,57504,7D69AH6NQ76,B-H-00439,B-P-00817,Summit Health Plans,H9807-028,MA,SD,AGE,SH-332623,2025-10-01,,ACTIVE,84583776,29.40,
B-C-00627,"Elliott, Kurt",05/25/1953,(421) 555-0138,kurt.elliott627@example.com,450 Jefferson Center,Michellebury,SD,57504,3X99C78HX90,B-H-00439,B-P-00818,Cardinal Mutual,H7696-005,MA,SD,AGE,CM-985733,11/01/23,,active,84583776,46.48,
B-C-00628,"Wells, Helen",32537,(647) 555-0177,,342 Teresa Courts,New Melissa,NE,68636,,B-H-00440,B-P-00819,Cardinal Mutual,70072NE0392210,ACA,NE,,CM-168696,01/01/2026,,Active,94445646,577.69,
B-C-00629,"Wells, Savannah",36173,(647) 555-0177,savannah.wells629@example.com,342 Teresa Courts,New Melissa,NE,68636,,B-H-00440,B-P-00820,Northwind Health,61006NE6820837,ACA,NE,,NW-327937,2025-01-01,,ACTIVE,94445646,185.84,
B-C-00630,"Sanchez, Jeremiah",07/16/1944,(354) 555-0176,jeremiah.sanchez630@example.com,915 Scott Canyon Apt. 824,South Jeffreybury,KY,41271,7UC4D97DA38,B-H-00441,B-P-00821,Meridian Care,N,MEDSUPP,KY,AGE,MC-598059,11/01/22,,active,81157097,126.79,
B-C-00630,"Sanchez, Jeremiah",07/16/1944,(354) 555-0176,jeremiah.sanchez630@example.com,915 Scott Canyon Apt. 824,South Jeffreybury,KY,41271,7UC4D97DA38,B-H-00441,B-P-00822,Meridian Care,S4547-010-002,PDP,KY,AGE,MC-174638,11/01/2022,,Active,81157097,32.84,
B-C-00631,"Sanchez, Patrick",08/27/1947,(609) 555-0175,patrick.sanchez631@example.com,915 Scott Canyon Apt. 824,South Jeffreybury,KY,41271,4MX5GM0AR13,B-H-00441,B-P-00823,Cardinal Mutual,H7696-001-003,MA,KY,AGE,CM-403733,2022-11-01,2024-06-30,TERMINATED,81157097,2.72,
B-C-00631,"Sanchez, Patrick",08/27/1947,(609) 555-0175,patrick.sanchez631@example.com,915 Scott Canyon Apt. 824,South Jeffreybury,KY,41271,4MX5GM0AR13,B-H-00441,B-P-00824,Summit Health Plans,H4044-023-002,MA,KY,AGE,SH-619902,07/01/24,,active,81157097,34.76,
B-C-00632,"Sanchez, Caroline",24150,(354) 555-0176,caroline.sanchez632@example.com,915 Scott Canyon Apt. 824,South Jeffreybury,KY,41271,,B-H-00441,B-P-00825,Cardinal Mutual,70072KY2044463,ACA,KY,,CM-704768,01/01/2027,,Pending,81157097,207.87,
B-C-00633,"Willis, Michael",02/18/1947,(897) 555-0190,michael.willis633@example.com,19165 Lopez Passage Suite 231,North Eric,FL,34761,4J48QH8EJ03,B-H-00442,B-P-00826,Bluepeak,H9161-011-002,MA,FL,AGE,BP-190550,2026-11-01,,PENDING,90228424,31.49,
B-C-00634,"Willis, Sarah",25603,(228) 555-0164,sarah.willis634@example.com,19165 Lopez Passage Suite 231,North Eric,FL,34761,,B-H-00442,B-P-00827,Meridian Care,18024FL8219383,ACA,FL,,MC-989636,01/01/24,,active,90228424,273.57,
B-C-00635,"Willis, Christopher",10/14/1943,(897) 555-0190,christopher.willis635@example.com,19165 Lopez Passage Suite 231,North Eric,FL,34761,3MC7K44QT40,B-H-00442,B-P-00828,Cardinal Mutual,H5265-007,MA,FL,AGE,CM-958073,02/01/2024,,Active,90228424,54.15,
B-C-00636,"Davis, Alison",31488,(845) 555-0175,alison.davis636@example.com,39580 Renee Shores,New Mason,WY,82406,,B-H-00443,B-P-00829,Cardinal Mutual,70072WY4050427,ACA,WY,,CM-759032,2026-01-01,,ACTIVE,84583776,381.85,
B-C-00637,"Potts, Katherine",20827,(412) 555-0139,katherine.potts637@example.com,44445 Randy Vista Suite 391,Nicolebury,DE,19775,2QX3WE7FM01,B-H-00444,B-P-00830,Meridian Care,R4076-011,MA,DE,AGE,MC-511289,05/01/25,,active,59893296,58.50,
B-C-00638,"Potts, Todd",06/06/1936,(412) 555-0139,todd.potts638@example.com,44445 Randy Vista Suite 391,Nicolebury,DE,19775,4W94YH9RJ37,B-H-00444,B-P-00831,Bluepeak,A,MEDSUPP,DE,AGE,BP-774313,05/01/2022,,Active,59893296,181.64,
B-C-00638,"Potts, Todd",06/06/1936,(412) 555-0139,todd.potts638@example.com,44445 Randy Vista Suite 391,Nicolebury,DE,19775,4W94YH9RJ37,B-H-00444,B-P-00832,Bluepeak,S7317-004,PDP,DE,AGE,BP-111890,2022-05-01,,ACTIVE,59893296,64.52,
B-C-00639,"Thompson, Austin",22133,(820) 555-0173,austin.thompson639@example.com,474 Barnes Gateway,New Brentview,RI,02915,4QV4F38ED54,B-H-00445,B-P-00833,Harborline,H2522-030,MA,RI,AGE,HL-994762,02/01/26,,active,37947372,30.00,
B-C-00640,"Thompson, James",03/13/1940,(392) 555-0165,james.thompson640@example.com,474 Barnes Gateway,New Brentview,RI,02915,6XY0U47AR35,B-H-00445,B-P-00834,Northwind Health,H3064-030,MA,RI,AGE,NW-559800,01/01/2023,04/30/2024,Terminated,37947372,24.22,
B-C-00640,"Thompson, James",03/13/1940,(392) 555-0165,james.thompson640@example.com,474 Barnes Gateway,New Brentview,RI,02915,6XY0U47AR35,B-H-00445,B-P-00835,Harborline,R4376-005-001,MA,RI,AGE,HL-472785,2024-05-01,,ACTIVE,37947372,41.52,
B-C-00641,"Bailey, Christine",31713,(461) 555-0184,christine.bailey641@example.com,8888 Tommy Summit,North Tylerfort,CT,06249,,B-H-00446,B-P-00836,Summit Health Plans,75720CT1574624,ACA,CT,,SH-592073,01/01/25,,active,91146902,513.21,
B-C-00642,"Bailey, John",11/14/1937,(558) 555-0183,,8888 Tommy Summit,North Tylerfort,CT,06249,1FX0FR2UG52,B-H-00446,B-P-00837,Cardinal Mutual,H5265-028,MA,CT,AGE,CM-597802,02/01/2026,,Active,91146902,31.64,
B-C-00643,"Riggs, Heather",30892,(494) 555-0163,heather.riggs643@example.com,90120 Hood Garden,Port Josephton,CT,06408,,B-H-00447,B-P-00838,Northwind Health,61006CT1784470,ACA,CT,,NW-753245,2024-01-01,,ACTIVE,91146902,511.16,
B-C-00644,"Hancock, Aaron",10/29/1944,(714) 555-0102,aaron.hancock644@example.com,6746 Shawn Island,Marcusfurt,CA,90602,1RV6P70VR37,B-H-00448,B-P-00839,Northwind Health,H3064-023-003,MA,CA,AGE,NW-547859,07/01/24,,active,50399119,55.41,
B-C-00645,"Hancock, Sheri",01/09/1934,(978) 555-0141,sheri.hancock645@example.com,6746 Shawn Island,Marcusfurt,CA,90602,5V24CF1AU73,B-H-00448,B-P-00840,Summit Health Plans,S1837-028-003,PDP,CA,AGE,SH-233039,06/01/2025,,Active,50399119,39.71,
B-C-00646,"Peters, Lawrence",10/25/1935,(658) 555-0137,lawrence.peters646@example.com,1835 David Plains Apt. 447,Schroederburgh,TN,37849,7ET5DX3TV55,B-H-00449,B-P-00841,Harborline,H2522-026,MA,TN,AGE,HL-204870,2023-02-01,,ACTIVE,45462976,33.10,
B-C-00647,"Peters, Charles",07/03/1944,(658) 555-0137,charles.peters647@example.com,1835 David Plains Apt. 447,Schroederburgh,TN,37849,4VT4AN1DY01,B-H-00449,B-P-00842,Summit Health Plans,B,MEDSUPP,TN,AGE,SH-444897,08/01/22,,active,45462976,269.72,
B-C-00647,"Peters, Charles",07/03/1944,(658) 555-0137,charles.peters647@example.com,1835 David Plains Apt. 447,Schroederburgh,TN,37849,4VT4AN1DY01,B-H-00449,B-P-00843,Summit Health Plans,S4824-023,PDP,TN,AGE,SH-206835,08/01/2022,,Active,45462976,6.28,
B-C-00648,"Braun, Paul",06/06/1940,(364) 555-0106,paul.braun648@example.com,4417 Amanda Lock,Traceyview,CT,06231,2P49XD6UE86,B-H-00450,B-P-00844,Meridian Care,H4636-016,MA,CT,AGE,MC-839929,2024-10-01,,ACTIVE,91146902,26.25,
B-C-00649,"Braun, Anthony",21040,(728) 555-0188,anthony.braun649@example.com,4417 Amanda Lock,Traceyview,CT,06231,6PR2VE3XY06,B-H-00450,B-P-00845,Northwind Health,H3036-006,MA,CT,AGE,NW-388352,05/01/23,,active,91146902,12.45,
B-C-00650,"Zimmerman, Tara",09/08/1945,(969) 555-0159,tara.zimmerman650@example.com,1265 Romero Islands,Rodriguezside,CO,80905,6C36Y43RA88,B-H-00451,B-P-00846,Northwind Health,S2942-016-003,PDP,CO,AGE,NW-113385,04/01/2025,,Active,59893296,78.09,
B-C-00651,"Zimmerman, Margaret",07/27/1936,(969) 555-0159,margaret.zimmerman651@example.com,1265 Romero Islands,Rodriguezside,CO,80905,4MP9V80HJ32,B-H-00451,B-P-00847,Summit Health Plans,H4044-014-003,MA,CO,AGE,SH-659834,2025-12-01,,ACTIVE,59893296,17.98,
B-C-00652,"White, David",28086,(901) 555-0170,david.white652@example.com,46862 Perez Mall Apt. 546,North Michaelbury,OR,97203,,B-H-00452,B-P-00848,Cardinal Mutual,70072OR6741583,ACA,OR,,CM-111838,01/01/24,,active,93619366,838.33,
B-C-00653,"White, Holly",37305,(901) 555-0170,holly.white653@example.com,46862 Perez Mall Apt. 546,North Michaelbury,OR,97203,,B-H-00452,B-P-00849,Harborline,17955OR6632864,ACA,OR,,HL-315241,01/01/2024,,Active,93619366,718.35,
B-C-00654,"Maldonado, Richard",11/02/1951,(344) 555-0123,richard.maldonado654@example.com,44930 Belinda Fork Apt. 997,South Annburgh,SD,57222,6NA5DT0MW74,B-H-00453,B-P-00850,Summit Health Plans,H9807-003-001,MA,SD,AGE,SH-883337,2023-02-01,,ACTIVE,14829889,33.89,
B-C-00655,"Maldonado, Matthew",06/14/1950,(344) 555-0123,matthew.maldonado655@example.com,44930 Belinda Fork Apt. 997,South Annburgh,SD,57222,4C98M54QV58,B-H-00453,B-P-00851,Summit Health Plans,H4044-028,MA,SD,AGE,SH-716537,11/01/24,,active,14829889,35.45,
B-C-00656,"Maldonado, Sydney",08/08/1951,(344) 555-0123,sydney.maldonado656@example.com,44930 Belinda Fork Apt. 997,South Annburgh,SD,57222,9WX1MN2YV00,B-H-00453,B-P-00852,Meridian Care,H5913-021,MA,SD,AGE,MC-808976,12/01/2024,,Active,14829889,30.88,
B-C-00657,"White, Brandon",21764,(745) 555-0191,brandon.white657@example.com,883 Walter Manor,New Bailey,WV,26201,5M53QU2AV66,B-H-00454,B-P-00853,Cardinal Mutual,N,MEDSUPP,WV,AGE,CM-405340,2025-06-01,,ACTIVE,64493418,315.14,
B-C-00657,"White, Brandon",21764,(745) 555-0191,brandon.white657@example.com,883 Walter Manor,New Bailey,WV,26201,5M53QU2AV66,B-H-00454,B-P-00854,Cardinal Mutual,S6685-021,PDP,WV,AGE,CM-987266,06/01/25,,active,64493418,40.50,
B-C-00658,"Mclean, Manuel",02/27/1949,(304) 555-0140,manuel.mclean658@example.com,26610 Wilson Vista,South Kathryntown,MO,64512,7K81G46AV48,B-H-00455,B-P-00855,Meridian Care,H5913-015,MA,MO,AGE,MC-466498,02/01/2024,,Active,81157097,2.29,
B-C-00659,"Wiggins, Stacey",02/04/1948,(378) 555-0138,stacey.wiggins659@example.com,6827 Fisher Street,West Jaimetown,NE,68715,8U18G92DA21,B-H-00456,B-P-00856,Harborline,H2522-026,MA,NE,AGE,HL-441567,2023-06-01,,ACTIVE,94445646,3.19,Call after 2pm.
B-C-00660,"Phillips, William",31600,(415) 555-0123,william.phillips660@example.com,59212 Weber Prairie,Oscarhaven,RI,02841,,B-H-00457,B-P-00857,Harborline,17955RI0578412,ACA,RI,,HL-737132,01/01/25,12/31/25,terminated,37947372,471.71,
B-C-00660,"Phillips, William",31600,(415) 555-0123,william.phillips660@example.com,59212 Weber Prairie,Oscarhaven,RI,02841,,B-H-00457,B-P-00858,Cardinal Mutual,70072RI2045903,ACA,RI,,CM-770569,01/01/2026,,Active,37947372,576.85,
B-C-00661,"Fields, Hunter",03/10/1947,(823) 555-0106,hunter.fields661@example.com,7914 Reyes Field Apt. 170,Hicksberg,SD,57059,1PK2FQ5GX44,B-H-00458,B-P-00859,Summit Health Plans,H9807-016,MA,SD,AGE,SH-592405,2023-03-01,,ACTIVE,84583776,40.84,
B-C-00662,"Fields, Tiffany",02/04/1954,(849) 555-0148,tiffany.fields662@example.com,7914 Reyes Field Apt. 170,Hicksberg,SD,57059,6CH0TQ8DM87,B-H-00458,B-P-00860,Bluepeak,H9161-019,MA,SD,AGE,BP-758065,08/01/22,,active,84583776,51.44,
B-C-00663,"Johnson, Julie",06/10/1950,(574) 555-0190,julie.johnson663@example.com,076 Amanda Squares,Briannashire,GA,31138,6K80A49TP65,B-H-00459,B-P-00861,Summit Health Plans,H4044-017,MA,GA,AGE,SH-871098,11/01/2022,,Active,26047628,18.49,
B-C-00664,"Warren, Michael",01/12/1940,(667) 555-0185,michael.warren664@example.com,19042 David Ridges Suite 082,South Erikmouth,WV,26879,4E39X06HV11,B-H-00460,B-P-00862,Cardinal Mutual,H7696-015-002,MA,WV,AGE,CM-489519,2024-12-01,,ACTIVE,69777236,26.50,
B-C-00665,"Martinez, Stacie",28626,(791) 555-0105,stacie.martinez665@example.com,0632 Oneal Garden,South Brandy,DC,20457,,B-H-00461,B-P-00863,Northwind Health,61006DC6082417,ACA,DC,,NW-142037,01/01/25,,active,24647567,818.35,
B-C-00666,"Martinez, Derek",10/16/1949,(408) 555-0178,,0632 Oneal Garden,South Brandy,DC,20457,2AQ1KY0AT72,B-H-00461,B-P-00864,Summit Health Plans,H9807-019-003,MA,DC,AGE,SH-362395,11/01/2022,,Active,24647567,50.28,
B-C-00667,"Hamilton, Thomas",06/02/1941,(587) 555-0167,thomas.hamilton667@example.com,943 Veronica Parkways Apt. 415,Port Jeffery,MN,55499,2G29MT3KU02,B-H-00462,B-P-00865,Harborline,H1547-010-002,MA,MN,AGE,HL-261136,2023-10-01,,ACTIVE,94445646,52.63,
B-C-00668,"Hamilton, Martha",11/30/1944,(781) 555-0147,,943 Veronica Parkways Apt. 415,Port Jeffery,MN,55499,1UV8QH0YJ55,B-H-00462,B-P-00866,Cardinal Mutual,H7696-004-001,MA,MN,AGE,CM-173106,03/01/24,,active,94445646,58.23,
B-C-00669,"Lopez, Catherine",01/28/1945,(873) 555-0197,catherine.lopez669@example.com,61313 Robinson Cliffs,Fitzgeraldport,AR,71701,6YG2XH0MR69,B-H-00463,B-P-00867,Harborline,R7629-014-002,MA,AR,AGE,HL-801190,08/01/2022,,Active,93619366,19.42,
B-C-00670,"Lopez, Ryan",21632,(955) 555-0136,,61313 Robinson Cliffs,Fitzgeraldport,AR,71701,9Q60CP4GE61,B-H-00463,B-P-00868,Summit Health Plans,H4044-021,MA,AR,AGE,SH-486673,2026-02-01,,ACTIVE,93619366,33.11,
B-C-00671,"Page, Elaine",34774,(665) 555-0158,elaine.page671@example.com,027 Brown Island Apt. 448,Fosterside,NV,89482,1VK2QF4XK68,B-H-00464,B-P-00869,Meridian Care,S4547-014,PDP,NV,ESRD,MC-532528,11/01/26,,pending,37947372,58.20,
B-C-00672,"Page, Juan",09/11/1947,(741) 555-0173,juan.page672@example.com,027 Brown Island Apt. 448,Fosterside,NV,89482,4DF2M54DW31,B-H-00464,B-P-00870,Bluepeak,H5243-017-002,MA,NV,AGE,BP-705727,07/01/2024,07/31/2025,Terminated,37947372,4.44,
B-C-00672,"Page, Juan",09/11/1947,(741) 555-0173,juan.page672@example.com,027 Brown Island Apt. 448,Fosterside,NV,89482,4DF2M54DW31,B-H-00464,B-P-00871,Cardinal Mutual,H5265-011,MA,NV,AGE,CM-646957,2025-08-01,,ACTIVE,37947372,52.49,
B-C-00673,"Vasquez, Lori",03/12/1954,(327) 555-0134,lori.vasquez673@example.com,67812 Figueroa Parks Apt. 210,Lake Christopher,AL,35590,5YV8KX5YD26,B-H-00465,B-P-00872,Cardinal Mutual,A,MEDSUPP,AL,AGE,CM-680636,05/01/25,,active,67876966,132.06,
B-C-00673,"Vasquez, Lori",03/12/1954,(327) 555-0134,lori.vasquez673@example.com,67812 Figueroa Parks Apt. 210,Lake Christopher,AL,35590,5YV8KX5YD26,B-H-00465,B-P-00873,Cardinal Mutual,S6685-019-002,PDP,AL,AGE,CM-852989,05/01/2025,,Active,67876966,24.47,
B-C-00674,"Norman, George",21060,(631) 555-0126,,3470 Ellis Roads Suite 238,Joystad,AR,72897,6UM4NF0HC27,B-H-00466,B-P-00874,Northwind Health,F,MEDSUPP,AR,AGE,NW-338070,2024-05-01,,ACTIVE,93619366,139.44,
B-C-00674,"Norman, George",21060,(631) 555-0126,,3470 Ellis Roads Suite 238,Joystad,AR,72897,6UM4NF0HC27,B-H-00466,B-P-00875,Northwind Health,S9721-011,PDP,AR,AGE,NW-162051,05/01/24,,active,93619366,7.50,
B-C-00675,"Davidson, Kevin",20448,(520) 555-0129,kevin.davidson675@example.com,9266 Rogers Point,South Christopherborough,DC,20437,5G71QA5KK30,B-H-00467,B-P-00876,Harborline,H1547-024,MA,DC,AGE,HL-475464,07/01/2022,,Active,24647567,42.44,
B-C-00676,"Obrien, Amy",03/19/1949,(687) 555-0166,amy.obrien676@example.com,0646 Shannon Mill Suite 779,South Alexbury,PA,18817,3CG3UK1WG77,B-H-00468,B-P-00877,Harborline,H2522-009,MA,PA,AGE,HL-145732,2024-05-01,,ACTIVE,64493418,31.21,
B-C-00677,"Obrien, Joe",03/21/1941,(687) 555-0166,,0646 Shannon Mill Suite 779,South Alexbury,PA,18817,8ED8WW6TT06,B-H-00468,B-P-00878,Summit Health Plans,H4044-017,MA,PA,AGE,SH-825282,11/01/23,04/30/26,terminated,64493418,0.35,
B-C-00677,"Obrien, Joe",03/21/1941,(687) 555-0166,,0646 Shannon Mill Suite 779,South Alexbury,PA,18817,8ED8WW6TT06,B-H-00468,B-P-00879,Harborline,H2522-029,MA,PA,AGE,HL-580677,05/01/2026,,Active,64493418,22.74,
B-C-00678,"Ray, Nicole",30280,(785) 555-0103,nicole.ray678@example.com,111 Andrea Hills Suite 326,Davidview,CO,81597,,B-H-00469,B-P-00880,Meridian Care,18024CO7697203,ACA,CO,,MC-656958,2025-01-01,2025-12-31,TERMINATED,49066206,330.57,
B-C-00678,"Ray, Nicole",30280,(785) 555-0103,nicole.ray678@example.com,111 Andrea Hills Suite 326,Davidview,CO,81597,,B-H-00469,B-P-00881,Bluepeak,39473CO3289266,ACA,CO,,BP-822867,01/01/26,,active,49066206,272.55,
B-C-00679,"Ray, Kelly",25188,(669) 555-0153,,111 Andrea Hills Suite 326,Davidview,CO,81597,,B-H-00469,B-P-00882,Cardinal Mutual,70072CO0076494,ACA,CO,,CM-275879,01/01/2026,,Active,49066206,646.12,
B-C-00680,"Harper, Summer",04/12/1945,(704) 555-0114,summer.harper680@example.com,45945 Barker Mission,Lake Ronaldburgh,AZ,85321,6J53Q66EK39,B-H-00470,B-P-00883,Bluepeak,G,MEDSUPP,AZ,AGE,BP-969246,2024-12-01,,ACTIVE,9527070,167.91,
B-C-00680,"Harper, Summer",04/12/1945,(704) 555-0114,summer.harper680@example.com,45945 Barker Mission,Lake Ronaldburgh,AZ,85321,6J53Q66EK39,B-H-00470,B-P-00884,Bluepeak,S2427-001,PDP,AZ,AGE,BP-442740,12/01/24,,active,9527070,21.47,
B-C-00681,"Harper, Jaclyn",21382,(704) 555-0114,,45945 Barker Mission,Lake Ronaldburgh,AZ,85321,8CP4WW2EP79,B-H-00470,B-P-00885,Northwind Health,H3036-016,MA,AZ,AGE,NW-466638,01/01/2026,,Active,9527070,49.52,
B-C-00682,"Newman, Jeremy",11/11/1938,(218) 555-0154,jeremy.newman682@example.com,70334 Calvin Shoals Apt. 190,East Travis,NC,27107,1C41FN8KV95,B-H-00471,B-P-00886,Bluepeak,N,MEDSUPP,NC,AGE,BP-632541,2024-02-01,,ACTIVE,98787777,232.78,
B-C-00682,"Newman, Jeremy",11/11/1938,(218) 555-0154,jeremy.newman682@example.com,70334 Calvin Shoals Apt. 190,East Travis,NC,27107,1C41FN8KV95,B-H-00471,B-P-00887,Bluepeak,S2427-020,PDP,NC,AGE,BP-973385,02/01/24,,active,98787777,6.68,
B-C-00683,"Nguyen, Kyle",20424,(424) 555-0173,kyle.nguyen683@example.com,2279 Robinson Meadows Apt. 017,Lake Dennis,OR,97773,3Y31TY7TF50,B-H-00472,B-P-00888,Summit Health Plans,H9807-019,MA,OR,AGE,SH-487143,02/01/2026,,Active,9527070,45.86,
B-C-00684,"Freeman, Alan",01/23/1940,(317) 555-0148,alan.freeman684@example.com,0184 Rivera Parkway,East Laura,CT,06617,2UE0WY3CT14,B-H-00473,B-P-00889,Harborline,R4376-028,MA,CT,AGE,HL-364893,2024-12-01,2026-04-30,TERMINATED,14829889,1.09,
B-C-00684,"Freeman, Alan",01/23/1940,(317) 555-0148,alan.freeman684@example.com,0184 Rivera Parkway,East Laura,CT,06617,2UE0WY3CT14,B-H-00473,B-P-00890,Summit Health Plans,H4044-022-002,MA,CT,AGE,SH-443661,05/01/26,,active,14829889,45.31,
B-C-00685,"Gardner, Kristina",20863,(621) 555-0152,,731 Christine Field,Lake Ryan,PA,15940,1M26DM3VT94,B-H-00474,B-P-00891,Harborline,H1547-021,MA,PA,AGE,HL-653461,08/01/2024,11/30/2025,Terminated,91146902,3.28,
B-C-00685,"Gardner, Kristina",20863,(621) 555-0152,,731 Christine Field,Lake Ryan,PA,15940,1M26DM3VT94,B-H-00474,B-P-00892,Bluepeak,H9161-016,MA,PA,AGE,BP-531150,2025-12-01,,ACTIVE,91146902,11.25,Asked about dental add-ons at renewal.
B-C-00686,"Gardner, James",28696,(672) 555-0190,james.gardner686@example.com,731 Christine Field,Lake Ryan,PA,15940,,B-H-00474,B-P-00893,Harborline,17955PA6029922,ACA,PA,,HL-534006,01/01/25,12/31/25,terminated,91146902,617.68,
B-C-00686,"Gardner, James",28696,(672) 555-0190,james.gardner686@example.com,731 Christine Field,Lake Ryan,PA,15940,,B-H-00474,B-P-00894,Meridian Care,18024PA2932982,ACA,PA,,MC-421053,01/01/2026,,Active,91146902,827.84,
B-C-00687,"Johnson, Devin",05/19/1943,(219) 555-0131,,4136 Christopher Centers Suite 165,West Crystalside,NC,28118,6PF2RD1DD36,B-H-00475,B-P-00895,Summit Health Plans,H4044-024,MA,NC,AGE,SH-331777,2023-05-01,,ACTIVE,93619366,13.06,
B-C-00688,"Johnson, Monique",05/13/1944,(219) 555-0131,monique.johnson688@example.com,4136 Christopher Centers Suite 165,West Crystalside,NC,28118,1Q17XC4MK28,B-H-00475,B-P-00896,Harborline,H1547-006,MA,NC,AGE,HL-916518,10/01/25,,active,93619366,35.81,
B-C-00689,"Moore, Zachary",10/27/1944,(237) 555-0137,,9081 Sexton Inlet Apt. 945,Michelletown,NV,89507,6PX8U43EN84,B-H-00476,B-P-00897,Northwind Health,H3036-005,MA,NV,AGE,NW-849825,07/01/2025,,Active,37947372,5.07,
B-C-00690,"Smith, Wanda",03/07/1945,(842) 555-0129,wanda.smith690@example.com,486 Wolf Walk Apt. 972,South Davidtown,MA,01573,9MW2CT2FW21,B-H-00477,B-P-00898,Summit Health Plans,H4044-022,MA,MA,AGE,SH-456921,2025-05-01,,ACTIVE,90228424,49.60,
B-C-00691,"Smith, Kristi",12/03/1937,(396) 555-0176,,486 Wolf Walk Apt. 972,South Davidtown,MA,01573,4HU4X56WW34,B-H-00477,B-P-00899,Harborline,H1547-019-001,MA,MA,AGE,HL-151662,09/01/24,11/30/25,terminated,90228424,18.53,
B-C-00691,"Smith, Kristi",12/03/1937,(396) 555-0176,,486 Wolf Walk Apt. 972,South Davidtown,MA,01573,4HU4X56WW34,B-H-00477,B-P-00900,Northwind Health,H3036-012,MA,MA,AGE,NW-956386,12/01/2025,,Active,90228424,57.68,
B-C-00692,"Camacho, Daniel",10/31/1942,(854) 555-0147,daniel.camacho692@example.com,3836 Hopkins Harbor,East Courtneyshire,OH,45859,3WT4NF7DY36,B-H-00478,B-P-00901,Summit Health Plans,S4824-024,PDP,OH,AGE,SH-149951,2025-08-01,,ACTIVE,50979283,26.04,
B-C-00693,"Gutierrez, Brenda",20199,(967) 555-0101,,6777 Andrew Mission,New Jenna,TN,37529,7DD3RV2PW09,B-H-00479,B-P-00902,Bluepeak,G,MEDSUPP,TN,AGE,BP-150805,03/01/25,,active,45462976,117.50,
B-C-00693,"Gutierrez, Brenda",20199,(967) 555-0101,,6777 Andrew Mission,New Jenna,TN,37529,7DD3RV2PW09,B-H-00479,B-P-00903,Bluepeak,S2427-005-002,PDP,TN,AGE,BP-722417,03/01/2025,,Active,45462976,45.18,
B-C-00694,"Clark, Evan",02/02/1954,(661) 555-0110,,31843 Jacob Lake Apt. 365,South Emmafort,KY,40544,2QF5FQ5MR96,B-H-00480,B-P-00904,Cardinal Mutual,S6685-024-003,PDP,KY,AGE,CM-704816,2025-11-01,,ACTIVE,43888211,22.85,
B-C-00695,"Wright, Katherine",29889,(223) 555-0180,katherine.wright695@example.com,591 Christina Pines,Crossborough,NE,69152,,B-H-00481,B-P-00905,Harborline,17955NE8847704,ACA,NE,,HL-167646,01/01/25,,active,91146902,564.60,
B-C-00696,"Ward, Jasmine",32553,(458) 555-0171,jasmine.ward696@example.com,1612 Sean Hills Suite 708,Laurenville,TN,37935,,B-H-00482,B-P-00906,Harborline,17955TN8327838,ACA,TN,,HL-953040,01/01/2027,,Pending,45462976,855.03,
B-C-00697,"Ward, Heidi",09/15/1951,(458) 555-0171,heidi.ward697@example.com,1612 Sean Hills Suite 708,Laurenville,TN,37935,2RD9WX9XC19,B-H-00482,B-P-00907,Meridian Care,F,MEDSUPP,TN,AGE,MC-444868,2022-03-01,,ACTIVE,45462976,159.79,
B-C-00697,"Ward, Heidi",09/15/1951,(458) 555-0171,heidi.ward697@example.com,1612 Sean Hills Suite 708,Laurenville,TN,37935,2RD9WX9XC19,B-H-00482,B-P-00908,Meridian Care,S4547-010,PDP,TN,AGE,MC-974308,03/01/22,,active,45462976,48.29,
B-C-00698,"Ortiz, Sandra",30907,(655) 555-0121,sandra.ortiz698@example.com,005 Blanchard Roads,Suarezside,NM,87146,,B-H-00483,B-P-00909,Harborline,17955NM8242257,ACA,NM,,HL-984885,01/01/2025,12/31/2025,Terminated,67876966,565.19,
B-C-00698,"Ortiz, Sandra",30907,(655) 555-0121,sandra.ortiz698@example.com,005 Blanchard Roads,Suarezside,NM,87146,,B-H-00483,B-P-00910,Bluepeak,39473NM9924039,ACA,NM,,BP-552069,2026-01-01,,ACTIVE,67876966,657.10,
B-C-00699,"Thompson, Kristin",20810,(977) 555-0153,,94916 Paul Court Apt. 028,Port Cynthia,PA,17388,3JQ3A10EV15,B-H-00484,B-P-00911,Meridian Care,H4636-012,MA,PA,AGE,MC-392747,08/01/24,,active,64493418,33.46,
B-C-00700,"Wilson, Zoe",02/11/1953,(976) 555-0199,zoe.wilson700@example.com,4290 Eric Mews,Bautistaland,MA,01318,2A33FX9YX19,B-H-00485,B-P-00912,Bluepeak,R8474-019-003,MA,MA,AGE,BP-681795,10/01/2025,,Active,75084135,3.83,
B-C-00701,"Moore-Gonzalez, Ricky",25931,(823) 555-0104,ricky.mooregonzalez701@example.com,909 Stacey Fords Apt. 412,East Andrea,NE,69375,,B-H-00486,B-P-00913,Harborline,17955NE9381414,ACA,NE,,HL-262148,2025-01-01,,ACTIVE,94445646,617.06,
B-C-00702,"Gonzalez, Holly",07/22/1952,(823) 555-0104,,909 Stacey Fords Apt. 412,East Andrea,NE,69375,8VV1P95TV70,B-H-00486,B-P-00914,Northwind Health,H3064-024,MA,NE,AGE,NW-760440,02/01/24,02/28/26,terminated,94445646,9.85,
B-C-00702,"Gonzalez, Holly",07/22/1952,(823) 555-0104,,909 Stacey Fords Apt. 412,East Andrea,NE,69375,8VV1P95TV70,B-H-00486,B-P-00915,Summit Health Plans,R4076-019,MA,NE,AGE,SH-367584,03/01/2026,,Active,94445646,3.89,
B-C-00703,"White, Kimberly",03/29/1954,(392) 555-0163,kimberly.white703@example.com,415 Chapman Island Apt. 119,Lake Carol,LA,71160,3NX9HE7RX70,B-H-00487,B-P-00916,Harborline,H2522-001,MA,LA,AGE,HL-416508,2023-07-01,,ACTIVE,26047628,58.00,
B-C-00704,"Myers, Paul",02/22/1947,(288) 555-0185,paul.myers704@example.com,218 Fernandez Haven Suite 328,Reneeberg,GA,30911,5TJ3W63TY98,B-H-00488,B-P-00917,Meridian Care,H4636-011,MA,GA,AGE,MC-477406,10/01/24,,active,51446845,23.44,
B-C-00705,"Myers, Billy",04/12/1934,(288) 555-0185,,218 Fernandez Haven Suite 328,Reneeberg,GA,30911,2YC5M68JD03,B-H-00488,B-P-00918,Bluepeak,B,MEDSUPP,GA,AGE,BP-653947,05/01/2026,,Active,51446845,224.54,
B-C-00705,"Myers, Billy",04/12/1934,(288) 555-0185,,218 Fernandez Haven Suite 328,Reneeberg,GA,30911,2YC5M68JD03,B-H-00488,B-P-00919,Bluepeak,S7317-021-003,PDP,GA,AGE,BP-670718,2026-05-01,,ACTIVE,51446845,63.34,
B-C-00706,"Holland, Benjamin",09/23/1943,(973) 555-0109,benjamin.holland706@example.com,50722 Hall Cove Apt. 092,Lake Hollyside,LA,71057,7P36P17RG85,B-H-00489,B-P-00920,Summit Health Plans,H4044-015-001,MA,LA,AGE,SH-449552,04/01/25,,active,26047628,32.04,
B-C-00707,"Lyons, James",02/23/1939,(465) 555-0181,james.lyons707@example.com,5750 Meghan Fields,Port Joseph,ND,58771,3UW0XJ3VT82,B-H-00490,B-P-00921,Cardinal Mutual,H7696-019,MA,ND,AGE,CM-223758,01/01/2023,,Active,93619366,25.26,
B-C-00708,"Lyons, Joshua",37225,(495) 555-0178,joshua.lyons708@example.com,5750 Meghan Fields,Port Joseph,ND,58771,,B-H-00490,B-P-00922,Harborline,17955ND8586173,ACA,ND,,HL-551350,2026-01-01,,ACTIVE,93619366,892.45,
B-C-00709,"Rivera, Roberto",12/06/1937,(391) 555-0169,,83179 Miller Parks Apt. 763,Harrisonburgh,LA,70538,4UW0MR7PV32,B-H-00491,B-P-00923,Summit Health Plans,H9807-016,MA,LA,AGE,SH-585279,06/01/25,,active,26047628,45.79,
B-C-00710,"Craig, Amanda",04/20/1953,(664) 555-0107,amanda.craig710@example.com,365 Jessica Port Suite 332,Lake Christopherchester,CT,06397,7R20JH5NJ19,B-H-00492,B-P-00924,Bluepeak,H9161-019,MA,CT,AGE,BP-609402,05/01/2026,,Active,51446845,34.86,
B-C-00711,"Craig, David",04/21/1951,(871) 555-0198,david.craig711@example.com,365 Jessica Port Suite 332,Lake Christopherchester,CT,06397,3P48G71QY97,B-H-00492,B-P-00925,Northwind Health,H3036-019,MA,CT,AGE,NW-782773,2022-06-01,,ACTIVE,51446845,39.63,
B-C-00712,"Graves, Kim",03/25/1954,(842) 555-0189,kim.graves712@example.com,375 Brett Falls Suite 770,Crossview,WY,82689,3G62QW2NW06,B-H-00493,B-P-00926,Cardinal Mutual,H5265-001,MA,WY,AGE,CM-922829,06/01/22,,active,20671937,59.97,
B-C-00713,"Smith, Logan",27291,(962) 555-0144,logan.smith713@example.com,3040 Dawn Avenue Apt. 525,Wilsonfurt,MN,55745,4XC3X02WM83,B-H-00494,B-P-00927,Harborline,H1547-008,MA,MN,DISABILITY,HL-857897,05/01/2025,04/30/2026,Terminated,94445646,8.77,
B-C-00713,"Smith, Logan",27291,(962) 555-0144,logan.smith713@example.com,3040 Dawn Avenue Apt. 525,Wilsonfurt,MN,55745,4XC3X02WM83,B-H-00494,B-P-00928,Northwind Health,H3064-006,MA,MN,DISABILITY,NW-823209,2026-05-01,,ACTIVE,94445646,10.22,
B-C-00714,"Smith, Kathryn",12/01/1940,(302) 555-0199,,3040 Dawn Avenue Apt. 525,Wilsonfurt,MN,55745,7AN7MN0WP58,B-H-00494,B-P-00929,Meridian Care,F,MEDSUPP,MN,AGE,MC-275219,09/01/25,,active,94445646,90.68,
B-C-00714,"Smith, Kathryn",12/01/1940,(302) 555-0199,,3040 Dawn Avenue Apt. 525,Wilsonfurt,MN,55745,7AN7MN0WP58,B-H-00494,B-P-00930,Meridian Care,S7287-022,PDP,MN,AGE,MC-843186,09/01/2025,,Active,94445646,86.28,
B-C-00715,"Griffith, Cindy",20475,(650) 555-0194,cindy.griffith715@example.com,5709 Austin Flat Suite 856,Jessicafort,MA,01696,3KY4W60GT21,B-H-00495,B-P-00931,Meridian Care,H4636-008,MA,MA,AGE,MC-466648,2023-08-01,,ACTIVE,75084135,43.42,
B-C-00716,"Griffith, Edward",03/14/1940,(279) 555-0111,edward.griffith716@example.com,5709 Austin Flat Suite 856,Jessicafort,MA,01696,9JP7Q57TA75,B-H-00495,B-P-00932,Cardinal Mutual,H7696-029,MA,MA,AGE,CM-864409,02/01/22,,active,75084135,50.83,Prefers mail over phone.
B-C-00717,"Schultz, Deborah",05/19/1940,(448) 555-0119,,82949 Chavez Coves,Port Michelletown,NC,27014,2C17GK3FW49,B-H-00496,B-P-00933,Summit Health Plans,L,MEDSUPP,NC,AGE,SH-927521,01/01/2022,,Active,67876966,148.91,
B-C-00717,"Schultz, Deborah",05/19/1940,(448) 555-0119,,82949 Chavez Coves,Port Michelletown,NC,27014,2C17GK3FW49,B-H-00496,B-P-00934,Summit Health Plans,S1837-018-001,PDP,NC,AGE,SH-453652,2022-01-01,,ACTIVE,67876966,47.82,
B-C-00718,"Carr, Roy",25650,(693) 555-0155,roy.carr718@example.com,27942 John Hollow Apt. 547,Kristentown,ND,58784,,B-H-00497,B-P-00935,Meridian Care,18024ND7827218,ACA,ND,,MC-414892,01/01/25,12/31/25,terminated,93619366,292.09,
B-C-00718,"Carr, Roy",25650,(693) 555-0155,roy.carr718@example.com,27942 John Hollow Apt. 547,Kristentown,ND,58784,,B-H-00497,B-P-00936,Bluepeak,39473ND2575099,ACA,ND,,BP-887566,01/01/2026,,Active,93619366,847.96,
B-C-00719,"Carr, Christian",05/29/1941,(770) 555-0112,christian.carr719@example.com,27942 John Hollow Apt. 547,Kristentown,ND,58784,8NT9RC1YV40,B-H-00497,B-P-00937,Bluepeak,H9161-016,MA,ND,AGE,BP-744476,2022-04-01,2024-12-31,TERMINATED,93619366,5.54,
B-C-00719,"Carr, Christian",05/29/1941,(770) 555-0112,christian.carr719@example.com,27942 John Hollow Apt. 547,Kristentown,ND,58784,8NT9RC1YV40,B-H-00497,B-P-00938,Northwind Health,H3036-011,MA,ND,AGE,NW-968618,01/01/25,,active,93619366,25.16,
B-C-00720,"Lee, Jerome",12/14/1939,(632) 555-0108,,425 Makayla Falls Suite 764,South Stephanie,AR,72895,3T38GW0CC54,B-H-00498,B-P-00939,Cardinal Mutual,R7519-021,MA,AR,AGE,CM-505767,07/01/2023,,Active,93619366,25.71,
B-C-00721,"Zamora, Ronald",07/10/1940,(652) 555-0123,ronald.zamora721@example.com,4486 Morales Ports Suite 974,South Lisafurt,MO,63668,6AM5QV6YR90,B-H-00499,B-P-00940,Harborline,H1547-022,MA,MO,AGE,HL-883891,2024-11-01,,ACTIVE,81157097,43.29,
B-C-00722,"Zamora, Alexis",20913,(334) 555-0132,alexis.zamora722@example.com,4486 Morales Ports Suite 974,South Lisafurt,MO,63668,2D85K82XU83,B-H-00499,B-P-00941,Northwind Health,H3064-006,MA,MO,AGE,NW-326638,11/01/23,,active,81157097,9.98,
B-C-00723,"Allen, Charles",09/21/1946,(366) 555-0122,charles.allen723@example.com,677 Marcus Way Apt. 667,New Johnstad,PA,16451,8RK4J53VU68,B-H-00500,B-P-00942,Harborline,S4178-010,PDP,PA,AGE,HL-261076,09/01/2022,,Active,50399119,84.92,
B-C-00724,"Allen, Leslie",31046,(635) 555-0120,leslie.allen724@example.com,677 Marcus Way Apt. 667,New Johnstad,PA,16451,,B-H-00500,B-P-00943,Harborline,17955PA2337458,ACA,PA,,HL-173372,2024-01-01,,ACTIVE,50399119,374.29,
B-C-00725,"Clark, Daniel",11/04/1942,(342) 555-0114,daniel.clark725@example.com,99498 Veronica Radial,Stevenchester,DE,19991,9V06V31MP91,B-H-00501,B-P-00944,Northwind Health,H3036-016,MA,DE,AGE,NW-395039,03/01/25,,active,59893296,45.73,
B-C-00726,"Clark, Anthony",21060,(342) 555-0114,anthony.clark726@example.com,99498 Veronica Radial,Stevenchester,DE,19991,8RJ8G48DR76,B-H-00501,B-P-00945,Bluepeak,H9161-012,MA,DE,AGE,BP-888638,03/01/2024,,Active,59893296,17.24,
B-C-00727,"Huff, Darren",01/26/1950,(898) 555-0191,darren.huff727@example.com,4723 Stafford Corner Apt. 231,Port Kennethtown,DC,20371,5Y39C84KK16,B-H-00502,B-P-00946,Harborline,H2522-002,MA,DC,AGE,HL-975206,2023-11-01,,ACTIVE,24647567,23.51,
B-C-00728,"Parker, Tommy",27687,(265) 555-0141,tommy.parker728@example.com,0666 Robert Burgs,Sharonville,LA,70777,,B-H-00503,B-P-00947,Northwind Health,61006LA3780816,ACA,LA,,NW-919314,01/01/25,,active,26047628,484.95,
B-C-00729,"Parker, Ryan",33684,(960) 555-0173,ryan.parker729@example.com,0666 Robert Burgs,Sharonville,LA,70777,,B-H-00503,B-P-00948,Cardinal Mutual,70072LA0624726,ACA,LA,,CM-287407,01/01/2026,,Active,26047628,449.31,
B-C-00730,"Fox, Stacy",11/09/1948,(963) 555-0164,,5505 Jacob Club Apt. 163,Port Jared,CT,06756,3RG9PD1AR02,B-H-00504,B-P-00949,Summit Health Plans,H4044-008-003,MA,CT,AGE,SH-503275,2022-11-01,,ACTIVE,51446845,9.13,Call after 2pm.
B-C-00731,"Stark, Steven",34746,(767) 555-0138,steven.stark731@example.com,23374 Blackburn Manors,East Madison,DC,20436,,B-H-00505,B-P-00950,Meridian Care,18024DC2781579,ACA,DC,,MC-257935,01/01/24,,active,75084135,237.06,
B-C-00732,"Henderson, Monica",03/02/1941,(845) 555-0168,monica.henderson732@example.com,26389 John Islands Suite 392,East Kevintown,CT,06657,2H85J37VW19,B-H-00506,B-P-00951,Summit Health Plans,H4044-026,MA,CT,AGE,SH-842540,01/01/2022,,Active,51446845,12.34,
B-C-00733,"Grimes, Joseph",08/25/1937,(942) 555-0141,joseph.grimes733@example.com,20279 Patrick Ranch Apt. 402,Reginastad,AR,72939,2M48A05DJ54,B-H-00507,B-P-00952,Bluepeak,R6570-010,MA,AR,AGE,BP-463195,2023-12-01,,ACTIVE,98787777,9.71,
B-C-00734,"Mata, Steven",29984,(419) 555-0106,steven.mata734@example.com,063 Luna Way,Wilkinsonton,PA,16492,2UQ9DH6AT90,B-H-00508,B-P-00953,Bluepeak,H9161-013,MA,PA,DISABILITY,BP-565387,06/01/24,,active,50399119,6.72,
B-C-00735,"Mata, Jose",11/10/1949,(506) 555-0185,jose.mata735@example.com,063 Luna Way,Wilkinsonton,PA,16492,9V32WT2QE01,B-H-00508,B-P-00954,Cardinal Mutual,H5265-006-003,MA,PA,AGE,CM-158233,08/01/2022,,Active,50399119,12.83,
B-C-00736,"White, Eric",34688,(402) 555-0142,,795 Thompson Pike Suite 766,Petersonside,NV,89435,,B-H-00509,B-P-00955,Meridian Care,18024NV7945578,ACA,NV,,MC-799750,2025-01-01,2025-12-31,TERMINATED,37947372,280.92,
B-C-00736,"White, Eric",34688,(402) 555-0142,,795 Thompson Pike Suite 766,Petersonside,NV,89435,,B-H-00509,B-P-00956,Cardinal Mutual,70072NV2546633,ACA,NV,,CM-904647,01/01/26,,active,37947372,711.71,
B-C-00737,"Collins, Joshua",02/14/1954,(873) 555-0180,joshua.collins737@example.com,099 Nancy Junction Suite 585,Port Mitchell,GA,31632,8V73KG0HW52,B-H-00510,B-P-00957,Summit Health Plans,S1837-022,PDP,GA,AGE,SH-888045,06/01/2025,,Active,26047628,43.78,
B-C-00738,"Collins, Traci",12/14/1945,(495) 555-0170,traci.collins738@example.com,099 Nancy Junction Suite 585,Port Mitchell,GA,31632,1UV4DA2UX39,B-H-00510,B-P-00958,Summit Health Plans,H9807-009,MA,GA,AGE,SH-884079,2024-01-01,,ACTIVE,26047628,39.78,
B-C-00739,"Osborne, Melinda",33933,(399) 555-0138,melinda.osborne739@example.com,99955 Tiffany Stravenue Apt. 143,West Lisa,CT,06934,,B-H-00511,B-P-00959,Cardinal Mutual,70072CT8937967,ACA,CT,,CM-557262,01/01/26,,active,20671937,466.43,
B-C-00740,"Ball, Susan",06/05/1953,(503) 555-0129,susan.ball740@example.com,6761 Peterson Brooks,Claytontown,NC,27155,1EE2GV0JU26,B-H-00512,B-P-00960,Meridian Care,H5913-024,MA,NC,AGE,MC-843210,03/01/2025,,Active,67876966,39.00,Prefers mail over phone.
B-C-00741,"Ball, Jesus",34265,(470) 555-0116,jesus.ball741@example.com,6761 Peterson Brooks,Claytontown,NC,27155,,B-H-00512,B-P-00961,Bluepeak,39473NC8643978,ACA,NC,,BP-320823,2024-01-01,,ACTIVE,67876966,284.61,
B-C-00742,"Ball, Juan",02/28/1953,(503) 555-0129,juan.ball742@example.com,6761 Peterson Brooks,Claytontown,NC,27155,3RR4W94DE35,B-H-00512,B-P-00962,Northwind Health,G,MEDSUPP,NC,AGE,NW-929050,11/01/22,,active,67876966,188.26,
B-C-00742,"Ball, Juan",02/28/1953,(503) 555-0129,juan.ball742@example.com,6761 Peterson Brooks,Claytontown,NC,27155,3RR4W94DE35,B-H-00512,B-P-00963,Northwind Health,S2942-008,PDP,NC,AGE,NW-336539,11/01/2022,,Active,67876966,53.10,
B-C-00743,"Blackburn, Lisa",04/11/1941,(845) 555-0178,lisa.blackburn743@example.com,2773 Christina Forks,Jillberg,WY,83141,6AD8N06AA05,B-H-00513,B-P-00964,Bluepeak,H5243-026,MA,WY,AGE,BP-877960,2023-01-01,,ACTIVE,84583776,11.16,
B-C-00744,"Dawson, Steven",04/10/1946,(571) 555-0177,steven.dawson744@example.com,767 Thomas Rapid Suite 264,Meaganbury,CO,80595,6UD4NY5RK98,B-H-00514,B-P-00965,Summit Health Plans,L,MEDSUPP,CO,AGE,SH-544567,02/01/25,,active,59893296,189.55,
B-C-00744,"Dawson, Steven",04/10/1946,(571) 555-0177,steven.dawson744@example.com,767 Thomas Rapid Suite 264,Meaganbury,CO,80595,6UD4NY5RK98,B-H-00514,B-P-00966,Summit Health Plans,S4824-021-002,PDP,CO,AGE,SH-650018,02/01/2025,,Active,59893296,25.47,
B-C-00745,"Dawson, Renee",20767,(817) 555-0182,renee.dawson745@example.com,767 Thomas Rapid Suite 264,Meaganbury,CO,80595,2PR9MD1TF81,B-H-00514,B-P-00967,Summit Health Plans,H4044-022,MA,CO,AGE,SH-417212,2022-05-01,,ACTIVE,59893296,38.53,
B-C-00746,"Parker, Lauren",21599,(270) 555-0114,lauren.parker746@example.com,37311 Sara Mission Apt. 580,Mitchellmouth,OR,97398,5VT7UW2HW44,B-H-00515,B-P-00968,Harborline,H1547-011,MA,OR,AGE,HL-174494,11/01/24,,active,43888211,21.16,
B-C-00747,"Horton, Tara",09/28/1938,(426) 555-0120,,9951 Skinner Manors Suite 841,Gutierrezchester,MN,55951,6V71Y53JX25,B-H-00516,B-P-00969,Summit Health Plans,H4044-022,MA,MN,AGE,SH-641371,09/01/2023,,Active,94445646,56.83,Call after 2pm.
B-C-00748,"Lewis, Lauren",24453,(410) 555-0130,lauren.lewis748@example.com,16553 Shannon Lane Suite 769,North Taylorfurt,DE,19983,,B-H-00517,B-P-00970,Bluepeak,39473DE1177658,ACA,DE,,BP-520656,2025-01-01,2025-12-31,TERMINATED,69777236,543.88,
B-C-00748,"Lewis, Lauren",24453,(410) 555-0130,lauren.lewis748@example.com,16553 Shannon Lane Suite 769,North Taylorfurt,DE,19983,,B-H-00517,B-P-00971,Northwind Health,61006DE0104532,ACA,DE,,NW-184912,01/01/26,,active,69777236,542.08,
B-C-00749,"Lewis, Wesley",25218,(410) 555-0130,wesley.lewis749@example.com,16553 Shannon Lane Suite 769,North Taylorfurt,DE,19983,9A66HT1DE01,B-H-00517,B-P-00972,Meridian Care,H4636-018-003,MA,DE,ESRD,MC-814607,07/01/2023,04/30/2026,Terminated,69777236,19.83,
B-C-00749,"Lewis, Wesley",25218,(410) 555-0130,wesley.lewis749@example.com,16553 Shannon Lane Suite 769,North Taylorfurt,DE,19983,9A66HT1DE01,B-H-00517,B-P-00973,Bluepeak,H9161-003,MA,DE,ESRD,BP-975885,2026-05-01,,ACTIVE,69777236,16.88,
B-C-00750,"Fletcher, April",01/24/1951,(690) 555-0154,april.fletcher750@example.com,91368 Troy Expressway Apt. 313,Deanstad,FL,32872,8HW6W51HJ72,B-H-00518,B-P-00974,Meridian Care,H4636-030,MA,FL,AGE,MC-269183,09/01/25,,active,90228424,13.44,
B-C-00751,"Richards, Cody",06/06/1937,(678) 555-0156,,880 White Mall,Davidfort,OK,73400,5AQ7JT8QU63,B-H-00519,B-P-00975,Summit Health Plans,H4044-026,MA,OK,AGE,SH-506040,02/01/2022,07/31/2025,Terminated,90228424,31.24,
B-C-00751,"Richards, Cody",06/06/1937,(678) 555-0156,,880 White Mall,Davidfort,OK,73400,5AQ7JT8QU63,B-H-00519,B-P-00976,Cardinal Mutual,H5265-022,MA,OK,AGE,CM-523483,2025-08-01,,ACTIVE,90228424,12.77,
B-C-00752,"Richards, William",20960,(678) 555-0156,william.richards752@example.com,880 White Mall,Davidfort,OK,73400,3MX9E45QN09,B-H-00519,B-P-00977,Meridian Care,H4636-020-003,MA,OK,AGE,MC-472341,12/01/24,02/28/26,terminated,90228424,16.41,
B-C-00752,"Richards, William",20960,(678) 555-0156,william.richards752@example.com,880 White Mall,Davidfort,OK,73400,3MX9E45QN09,B-H-00519,B-P-00978,Harborline,H1547-025,MA,OK,AGE,HL-877247,03/01/2026,,Active,90228424,14.28,
B-C-00753,"Stanley, Sara",07/12/1943,(913) 555-0101,sara.stanley753@example.com,16612 Bobby River,South Derekmouth,WI,54813,7FT7RT4RY58,B-H-00520,B-P-00979,Summit Health Plans,N,MEDSUPP,WI,AGE,SH-226948,2024-05-01,,ACTIVE,50979283,192.39,
B-C-00753,"Stanley, Sara",07/12/1943,(913) 555-0101,sara.stanley753@example.com,16612 Bobby River,South Derekmouth,WI,54813,7FT7RT4RY58,B-H-00520,B-P-00980,Summit Health Plans,S4824-030-003,PDP,WI,AGE,SH-298811,05/01/24,,active,50979283,42.96,
B-C-00754,"Stanley, Shelby",07/19/1954,(913) 555-0101,shelby.stanley754@example.com,16612 Bobby River,South Derekmouth,WI,54813,5YV9FG1JP45,B-H-00520,B-P-00981,Cardinal Mutual,A,MEDSUPP,WI,AGE,CM-932834,02/01/2022,,Active,50979283,176.19,
B-C-00754,"Stanley, Shelby",07/19/1954,(913) 555-0101,shelby.stanley754@example.com,16612 Bobby River,South Derekmouth,WI,54813,5YV9FG1JP45,B-H-00520,B-P-00982,Cardinal Mutual,S6685-018,PDP,WI,AGE,CM-288446,2022-02-01,,ACTIVE,50979283,7.12,
B-C-00755,"Bautista, Audrey",12/17/1949,(884) 555-0113,,1695 Adam Orchard,Rebeccaland,VT,05645,2P85G58GJ01,B-H-00521,B-P-00983,Summit Health Plans,N,MEDSUPP,VT,AGE,SH-791873,02/01/23,,active,84583776,102.46,
B-C-00755,"Bautista, Audrey",12/17/1949,(884) 555-0113,,1695 Adam Orchard,Rebeccaland,VT,05645,2P85G58GJ01,B-H-00521,B-P-00984,Summit Health Plans,S1837-018,PDP,VT,AGE,SH-546663,02/01/2023,,Active,84583776,87.80,
B-C-00756,"Bautista, Teresa",04/27/1942,(477) 555-0186,teresa.bautista756@example.com,1695 Adam Orchard,Rebeccaland,VT,05645,6CY1YV1QG60,B-H-00521,B-P-00985,Bluepeak,S7317-021,PDP,VT,AGE,BP-996171,2025-06-01,,ACTIVE,84583776,14.20,
B-C-00757,"Anderson, Cheryl",02/14/1937,(987) 555-0183,,24603 Gabriel Parkway Suite 564,Kariberg,GA,30600,1F20GG7PX15,B-H-00522,B-P-00986,Cardinal Mutual,H5265-002,MA,GA,AGE,CM-160341,11/01/22,,active,26047628,53.90,
B-C-00758,"Miller, Darren",20298,(321) 555-0185,,12144 Keith Motorway Apt. 561,Thorntonton,WV,26213,3TH9FF1MX72,B-H-00523,B-P-00987,Cardinal Mutual,G,MEDSUPP,WV,AGE,CM-556375,12/01/2022,,Active,64493418,306.31,
B-C-00758,"Miller, Darren",20298,(321) 555-0185,,12144 Keith Motorway Apt. 561,Thorntonton,WV,26213,3TH9FF1MX72,B-H-00523,B-P-00988,Cardinal Mutual,S1849-001-002,PDP,WV,AGE,CM-231192,2022-12-01,,ACTIVE,64493418,49.43,
B-C-00759,"Harris, Candace",05/06/1945,(722) 555-0199,candace.harris759@example.com,6997 Smith Hills Suite 153,Davisbury,RI,02886,8N92VG7PP55,B-H-00524,B-P-00989,Northwind Health,H3036-008,MA,RI,AGE,NW-851484,06/01/24,,active,37947372,39.33,
B-C-00760,"Harris, Brenda",20952,(701) 555-0143,brenda.harris760@example.com,6997 Smith Hills Suite 153,Davisbury,RI,02886,4T75DA7CT33,B-H-00524,B-P-00990,Summit Health Plans,H4044-018,MA,RI,AGE,SH-513430,10/01/2023,,Active,37947372,42.12,
B-C-00761,"Parker, David",10/08/1943,(250) 555-0129,david.parker761@example.com,925 Hunt Mill,North Ashleychester,OK,74194,5JC4HC4ER46,B-H-00525,B-P-00991,Meridian Care,G,MEDSUPP,OK,AGE,MC-393046,2022-06-01,,ACTIVE,90228424,266.92,
B-C-00761,"Parker, David",10/08/1943,(250) 555-0129,david.parker761@example.com,925 Hunt Mill,North Ashleychester,OK,74194,5JC4HC4ER46,B-H-00525,B-P-00992,Meridian Care,S7287-020,PDP,OK,AGE,MC-402257,06/01/22,,active,90228424,77.30,
B-C-00762,"Taylor, Jeremy",29696,(610) 555-0144,jeremy.taylor762@example.com,35454 Paige Courts Suite 619,South Jessetown,GA,31336,,B-H-00526,B-P-00993,Bluepeak,39473GA1268525,ACA,GA,,BP-969553,01/01/2024,,Active,26047628,758.50,
B-C-00763,"Flores, Kimberly",09/14/1935,(521) 555-0165,kimberly.flores763@example.com,139 Turner Mountain,South Kevin,OK,73141,1G93GM0PC46,B-H-00527,B-P-00994,Bluepeak,H5243-016,MA,OK,AGE,BP-367278,2022-04-01,,ACTIVE,90228424,55.27,
B-C-00764,"Orozco, Jeff",02/26/1947,(504) 555-0163,jeff.orozco764@example.com,6905 Abbott Lane Apt. 237,East Heather,NC,27290,4Y11QA9TM04,B-H-00528,B-P-00995,Harborline,H1547-018,MA,NC,AGE,HL-375079,12/01/24,,active,98787777,2.88,
B-C-00765,"Simmons, Jason",21295,(303) 555-0156,jason.simmons765@example.com,7957 James Estates Suite 208,Annfurt,WY,82868,1U80NK3XG61,B-H-00529,B-P-00996,Harborline,H1547-014,MA,WY,AGE,HL-819538,12/01/2023,,Active,91146902,41.03,
B-C-00766,"Reynolds, James",10/21/1937,(852) 555-0184,james.reynolds766@example.com,11887 Brennan Walk Apt. 960,Wilsonstad,SD,57106,8UV2RY9HA58,B-H-00530,B-P-00997,Meridian Care,H5913-027-003,MA,SD,AGE,MC-438847,2022-09-01,,ACTIVE,49066206,24.65,
B-C-00767,"Liu, John",05/31/1936,(687) 555-0118,john.liu767@example.com,0286 Gonzalez Skyway Suite 375,Cantuside,AZ,85046,6JM7U63TX49,B-H-00531,B-P-00998,Bluepeak,H9161-014,MA,AZ,AGE,BP-295846,12/01/24,02/28/26,terminated,9527070,28.13,
B-C-00767,"Liu, John",05/31/1936,(687) 555-0118,john.liu767@example.com,0286 Gonzalez Skyway Suite 375,Cantuside,AZ,85046,6JM7U63TX49,B-H-00531,B-P-00999,Meridian Care,R4076-009,MA,AZ,AGE,MC-654153,03/01/2026,,Active,9527070,6.86,
B-C-00768,"Liu, Michael",20063,(604) 555-0110,michael.liu768@example.com,0286 Gonzalez Skyway Suite 375,Cantuside,AZ,85046,3RT4Y81JF46,B-H-00531,B-P-01000,Summit Health Plans,H9807-008,MA,AZ,AGE,SH-833924,2024-04-01,2025-05-31,TERMINATED,9527070,4.87,
B-C-00768,"Liu, Michael",20063,(604) 555-0110,michael.liu768@example.com,0286 Gonzalez Skyway Suite 375,Cantuside,AZ,85046,3RT4Y81JF46,B-H-00531,B-P-01001,Cardinal Mutual,H5265-030,MA,AZ,AGE,CM-516147,06/01/25,,active,9527070,17.80,
B-C-00769,"Liu, Margaret",06/27/1952,(647) 555-0189,margaret.liu769@example.com,0286 Gonzalez Skyway Suite 375,Cantuside,AZ,85046,2HT3Q17YE46,B-H-00531,B-P-01002,Northwind Health,G,MEDSUPP,AZ,AGE,NW-298029,07/01/2025,,Active,9527070,232.54,
B-C-00769,"Liu, Margaret",06/27/1952,(647) 555-0189,margaret.liu769@example.com,0286 Gonzalez Skyway Suite 375,Cantuside,AZ,85046,2HT3Q17YE46,B-H-00531,B-P-01003,Northwind Health,S2942-030,PDP,AZ,AGE,NW-241221,2025-07-01,,ACTIVE,9527070,69.97,
B-C-00770,"Thomas, Brandon",36694,(910) 555-0144,,93096 Miller Spur,Davisville,CA,93725,,B-H-00532,B-P-01004,Cardinal Mutual,70072CA5766889,ACA,CA,,CM-905682,01/01/24,,active,50399119,594.42,
B-C-00771,"Green, Jennifer",29804,(336) 555-0175,jennifer.green771@example.com,491 George Terrace Suite 258,Woodsberg,UT,84267,,B-H-00533,B-P-01005,Northwind Health,61006UT8893871,ACA,UT,,NW-856859,01/01/2024,,Active,45462976,155.52,
B-C-00772,"Smith, Eddie",05/31/1948,(956) 555-0174,eddie.smith772@example.com,1443 Holmes Lock,West Reginald,OK,74065,3UC4A31AX20,B-H-00534,B-P-01006,Meridian Care,H5913-006,MA,OK,AGE,MC-294438,2022-09-01,2025-07-31,TERMINATED,67876966,41.25,
B-C-00772,"Smith, Eddie",05/31/1948,(956) 555-0174,eddie.smith772@example.com,1443 Holmes Lock,West Reginald,OK,74065,3UC4A31AX20,B-H-00534,B-P-01007,Harborline,H1547-006-003,MA,OK,AGE,HL-522273,08/01/25,,active,67876966,41.37,
B-C-00773,"Lawrence, Lori",03/07/1946,(334) 555-0134,lori.lawrence773@example.com,384 Lawrence Wall Suite 371,Phillipsborough,WY,83050,4N77TX8DU43,B-H-00535,B-P-01008,Meridian Care,R4076-008,MA,WY,AGE,MC-436587,06/01/2025,,Active,91146902,47.46,
B-C-00774,"Walters, Lynn",32483,(894) 555-0113,lynn.walters774@example.com,396 Tran Mountain,Gregorychester,TN,37160,,B-H-00536,B-P-01009,Northwind Health,61006TN7864543,ACA,TN,,NW-359629,2026-01-01,,ACTIVE,45462976,867.21,
B-C-00775,"Nelson, Brandon",08/08/1936,(535) 555-0136,brandon.nelson775@example.com,41631 Clayton Trail Suite 849,Deniseview,OR,97761,3DD3GA7NG98,B-H-00537,B-P-01010,Meridian Care,S7287-024,PDP,OR,AGE,MC-184654,12/01/22,,active,43888211,73.57,
B-C-00776,"Nelson, Walter",29290,(963) 555-0158,walter.nelson776@example.com,41631 Clayton Trail Suite 849,Deniseview,OR,97761,9W85YV7NN11,B-H-00537,B-P-01011,Summit Health Plans,S1837-030-002,PDP,OR,DISABILITY,SH-225641,09/01/2023,,Active,43888211,72.83,
B-C-00777,"Jones, Adriana",10/20/1948,(691) 555-0196,adriana.jones777@example.com,208 Cameron Pass,Jodybury,PA,19051,1M60M09YG89,B-H-00538,B-P-01012,Harborline,H1547-004,MA,PA,AGE,HL-596442,2025-05-01,2026-04-30,TERMINATED,64493418,47.24,
B-C-00777,"Jones, Adriana",10/20/1948,(691) 555-0196,adriana.jones777@example.com,208 Cameron Pass,Jodybury,PA,19051,1M60M09YG89,B-H-00538,B-P-01013,Bluepeak,H9161-029,MA,PA,AGE,BP-211872,05/01/26,,active,64493418,2.63,
B-C-00778,"Moreno, Samuel",24070,(876) 555-0122,samuel.moreno778@example.com,66353 Megan Cliffs,Donaldhaven,WV,25509,7CA5Q59RF08,B-H-00539,B-P-01014,Bluepeak,H9161-008,MA,WV,DISABILITY,BP-194371,04/01/2024,02/28/2026,Terminated,69777236,56.72,
B-C-00778,"Moreno, Samuel",24070,(876) 555-0122,samuel.moreno778@example.com,66353 Megan Cliffs,Donaldhaven,WV,25509,7CA5Q59RF08,B-H-00539,B-P-01015,Meridian Care,H5913-003-002,MA,WV,DISABILITY,MC-429364,2026-03-01,,ACTIVE,69777236,22.09,
B-C-00779,"Moreno, Bonnie",09/15/1954,(293) 555-0132,bonnie.moreno779@example.com,66353 Megan Cliffs,Donaldhaven,WV,25509,1T50HQ5XC34,B-H-00539,B-P-01016,Meridian Care,H4636-019,MA,WV,AGE,MC-884834,03/01/26,,active,69777236,8.64,
B-C-00780,"Torres, Gabrielle",32855,(311) 555-0142,gabrielle.torres780@example.com,28886 Boyd Circles,Kennethland,VT,05813,,B-H-00540,B-P-01017,Cardinal Mutual,70072VT5333196,ACA,VT,,CM-557957,01/01/2025,12/31/2025,Terminated,84583776,686.31,
B-C-00780,"Torres, Gabrielle",32855,(311) 555-0142,gabrielle.torres780@example.com,28886 Boyd Circles,Kennethland,VT,05813,,B-H-00540,B-P-01018,Harborline,17955VT9865932,ACA,VT,,HL-933267,2026-01-01,,ACTIVE,84583776,351.85,
B-C-00781,"Adams, Erin",20579,(862) 555-0114,erin.adams781@example.com,53817 Karen Trace,West Michael,TX,77367,8R42VH9TR20,B-H-00541,B-P-01019,Bluepeak,H5243-018-003,MA,TX,AGE,BP-935672,12/01/22,,active,50399119,32.53,
B-C-00782,"Johnson, David",06/28/1944,(803) 555-0178,david.johnson782@example.com,65367 Moore Cliff,Debramouth,WY,82992,2DF5D00UH26,B-H-00542,B-P-01020,Bluepeak,R8474-019,MA,WY,AGE,BP-897314,04/01/2023,,Active,20671937,13.47,
B-C-00783,"Johnson, Vanessa",21440,(785) 555-0185,vanessa.johnson783@example.com,65367 Moore Cliff,Debramouth,WY,82992,9FM3FG1VT92,B-H-00542,B-P-01021,Meridian Care,H5913-019-001,MA,WY,AGE,MC-846713,2025-08-01,,ACTIVE,20671937,31.31,
B-C-00784,"Schmidt, Mary",21815,(638) 555-0127,mary.schmidt784@example.com,0546 James Junction,West Mark,PA,15510,4NC5TJ0UJ91,B-H-00543,B-P-01022,Northwind Health,S2942-017-003,PDP,PA,AGE,NW-403134,12/01/25,,active,50399119,86.13,
B-C-00785,"Johnson, Nicole",03/20/1943,(837) 555-0188,nicole.johnson785@example.com,022 Sheryl Tunnel Suite 324,Buchananmouth,OR,97369,9CP7GE4WV83,B-H-00544,B-P-01023,Harborline,H2522-010,MA,OR,AGE,HL-502343,05/01/2024,,Active,9527070,37.24,
B-C-00786,"Dixon, Christopher",09/15/1934,(517) 555-0109,,601 Jones Wells Suite 171,New Nicoleville,NC,27981,1PK7H08VG91,B-H-00545,B-P-01024,Meridian Care,S7287-021-003,PDP,NC,AGE,MC-421150,2025-01-01,,ACTIVE,98787777,9.41,
B-C-00787,"Russell, Laura",04/19/1953,(863) 555-0144,,42130 Williams Meadows Apt. 594,Robertside,NM,87785,4C33DV6NM57,B-H-00546,B-P-01025,Summit Health Plans,H9807-026-003,MA,NM,AGE,SH-215547,02/01/22,,active,67876966,39.83,
B-C-00788,"Francis, Danielle",05/03/1945,(758) 555-0199,danielle.francis788@example.com,566 Mark Inlet Suite 807,Herrerafurt,OR,97766,6KD8RR7UD68,B-H-00547,B-P-01026,Meridian Care,N,MEDSUPP,OR,AGE,MC-809059,08/01/2022,,Active,9527070,169.27,
B-C-00788,"Francis, Danielle",05/03/1945,(758) 555-0199,danielle.francis788@example.com,566 Mark Inlet Suite 807,Herrerafurt,OR,97766,6KD8RR7UD68,B-H-00547,B-P-01027,Meridian Care,S7287-020,PDP,OR,AGE,MC-600056,2022-08-01,,ACTIVE,9527070,66.77,
B-C-00789,"Williams, Sarah",03/21/1944,(564) 555-0152,sarah.williams789@example.com,68979 Sellers Roads Apt. 119,Sabrinafort,CT,06682,7KH5YC4TV86,B-H-00548,B-P-01028,Meridian Care,H4636-020-001,MA,CT,AGE,MC-556139,08/01/23,,active,20671937,35.58,
B-C-00790,"Garcia, Brian",27640,(557) 555-0145,,51266 Riley Corners Apt. 032,Lake Christianville,CT,06772,,B-H-00549,B-P-01029,Cardinal Mutual,70072CT2110092,ACA,CT,,CM-396470,01/01/2025,,Active,51446845,834.63,
B-C-00791,"Garcia, Shannon",26597,(536) 555-0140,shannon.garcia791@example.com,51266 Riley Corners Apt. 032,Lake Christianville,CT,06772,,B-H-00549,B-P-01030,Meridian Care,18024CT4855147,ACA,CT,,MC-116565,2024-01-01,,ACTIVE,51446845,661.94,
B-C-00792,"Simmons, Anthony",01/02/1938,(365) 555-0148,anthony.simmons792@example.com,5787 Elizabeth Junctions,Bryanstad,CA,90384,3F16KF5YU20,B-H-00550,B-P-01031,Harborline,H2522-012,MA,CA,AGE,HL-631045,02/01/22,,active,50399119,36.01,
B-C-00793,"Stuart, Corey",05/22/1941,(486) 555-0144,corey.stuart793@example.com,94882 Rogers Harbor,Jordanfort,WV,26538,6J42WH0CY21,B-H-00551,B-P-01032,Harborline,H2522-030,MA,WV,AGE,HL-616326,10/01/2023,05/31/2025,Terminated,64493418,44.15,
B-C-00793,"Stuart, Corey",05/22/1941,(486) 555-0144,corey.stuart793@example.com,94882 Rogers Harbor,Jordanfort,WV,26538,6J42WH0CY21,B-H-00551,B-P-01033,Northwind Health,H3064-001,MA,WV,AGE,NW-535928,2025-06-01,,ACTIVE,64493418,11.41,
B-C-00794,"Little, Matthew",20270,(433) 555-0161,matthew.little794@example.com,977 Richard Row Suite 346,Davisborough,NV,89784,7U04H70CK12,B-H-00552,B-P-01034,Bluepeak,H5243-002-003,MA,NV,AGE,BP-440514,03/01/26,,active,37947372,13.58,
B-C-00795,"Fletcher, Alexander",11/23/1948,(453) 555-0119,alexander.fletcher795@example.com,24678 Ashley Ports Suite 532,Williamfurt,OR,97307,7R91ND6PR16,B-H-00553,B-P-01035,Northwind Health,H3064-021,MA,OR,AGE,NW-454035,07/01/2023,12/31/2025,Terminated,9527070,26.68,
B-C-00795,"Fletcher, Alexander",11/23/1948,(453) 555-0119,alexander.fletcher795@example.com,24678 Ashley Ports Suite 532,Williamfurt,OR,97307,7R91ND6PR16,B-H-00553,B-P-01036,Harborline,H2522-027-001,MA,OR,AGE,HL-771461,2026-01-01,,ACTIVE,9527070,59.17,
B-C-00796,"West-Mays, Jessica",33108,(750) 555-0147,jessica.westmays796@example.com,9581 Orozco Mall,Wilsonstad,NJ,07886,,B-H-00554,B-P-01037,Northwind Health,61006NJ2010321,ACA,NJ,,NW-386800,01/01/24,,active,75084135,207.20,
B-C-00797,"Mays, Keith",10/18/1947,(750) 555-0147,keith.mays797@example.com,9581 Orozco Mall,Wilsonstad,NJ,07886,5UC0FA2UX43,B-H-00554,B-P-01038,Bluepeak,H9161-015,MA,NJ,AGE,BP-871055,05/01/2024,08/31/2025,Terminated,75084135,13.65,
B-C-00797,"Mays, Keith",10/18/1947,(750) 555-0147,keith.mays797@example.com,9581 Orozco Mall,Wilsonstad,NJ,07886,5UC0FA2UX43,B-H-00554,B-P-01039,Cardinal Mutual,H7696-007,MA,NJ,AGE,CM-647400,2025-09-01,,ACTIVE,75084135,1.47,
B-C-00798,"Medina, Jacqueline",05/27/1937,(864) 555-0146,,35821 Robertson Camp Suite 625,Harrismouth,VT,05378,3X45GK2GA55,B-H-00555,B-P-01040,Bluepeak,G,MEDSUPP,VT,AGE,BP-264804,06/01/25,,active,84583776,122.50,
B-C-00798,"Medina, Jacqueline",05/27/1937,(864) 555-0146,,35821 Robertson Camp Suite 625,Harrismouth,VT,05378,3X45GK2GA55,B-H-00555,B-P-01041,Bluepeak,S7317-011,PDP,VT,AGE,BP-722590,06/01/2025,,Active,84583776,68.66,
B-C-00799,"Schneider, Elizabeth",26395,(204) 555-0192,elizabeth.schneider799@example.com,797 Craig Square Apt. 115,Kramershire,NC,27627,,B-H-00556,B-P-01042,Cardinal Mutual,70072NC3788877,ACA,NC,,CM-215659,2025-01-01,,ACTIVE,67876966,604.30,
B-C-00800,"Schneider, Joseph",36270,(634) 555-0195,joseph.schneider800@example.com,797 Craig Square Apt. 115,Kramershire,NC,27627,,B-H-00556,B-P-01043,Cardinal Mutual,70072NC4455410,ACA,NC,,CM-882604,01/01/24,,active,67876966,428.69,
B-C-00801,"Bautista, Nicole",20928,(984) 555-0120,nicole.bautista801@example.com,9705 Andrews Freeway Apt. 393,New Jennifer,CO,80732,8WY7GX6HY99,B-H-00557,B-P-01044,Harborline,L,MEDSUPP,CO,AGE,HL-846883,07/01/2024,,Active,64493418,199.33,
B-C-00801,"Bautista, Nicole",20928,(984) 555-0120,nicole.bautista801@example.com,9705 Andrews Freeway Apt. 393,New Jennifer,CO,80732,8WY7GX6HY99,B-H-00557,B-P-01045,Harborline,S4178-006-002,PDP,CO,AGE,HL-304207,2024-07-01,,ACTIVE,64493418,82.94,
B-C-00802,"Williams, Mark",11/10/1933,(387) 555-0125,mark.williams802@example.com,8305 Robinson Wall Suite 437,East Brian,DE,19801,6M12MP0AH44,B-H-00558,B-P-01046,Harborline,A,MEDSUPP,DE,AGE,HL-166381,11/01/22,,active,59893296,92.19,
B-C-00802,"Williams, Mark",11/10/1933,(387) 555-0125,mark.williams802@example.com,8305 Robinson Wall Suite 437,East Brian,DE,19801,6M12MP0AH44,B-H-00558,B-P-01047,Harborline,S7610-028,PDP,DE,AGE,HL-196942,11/01/2022,,Active,59893296,22.31,
B-C-00803,"Williams, Kayla",31627,(522) 555-0135,kayla.williams803@example.com,8305 Robinson Wall Suite 437,East Brian,DE,19801,,B-H-00558,B-P-01048,Northwind Health,61006DE8857527,ACA,DE,,NW-676962,2024-01-01,,ACTIVE,59893296,276.18,
B-C-00804,"Brooks, Breanna",25251,(410) 555-0116,,4190 Charles Mall Apt. 661,Kevinton,KY,42687,9C46H87RY54,B-H-00559,B-P-01049,Summit Health Plans,H9807-028,MA,KY,ESRD,SH-273331,09/01/22,,active,81157097,1.50,
B-C-00805,"Stevens, Rachael",05/26/1947,(230) 555-0130,rachael.stevens805@example.com,9373 Johnson Center Suite 016,New Rhondabury,CO,81314,9VM8FP1JX58,B-H-00560,B-P-01050,Northwind Health,H3064-006,MA,CO,AGE,NW-425349,11/01/2026,,Pending,64493418,53.35,
B-C-00806,"Wood, Joseph",33388,(586) 555-0191,joseph.wood806@example.com,33235 Albert Well,New Matthew,NC,27460,9PK3XX5HV01,B-H-00561,B-P-01051,Meridian Care,H4636-024-001,MA,NC,DISABILITY,MC-762910,2025-08-01,,ACTIVE,50979283,55.78,
B-C-00807,"Murray, Stephen",35735,(332) 555-0163,stephen.murray807@example.com,428 Walker Mill,Bridgetport,OK,74510,,B-H-00562,B-P-01052,Bluepeak,39473OK2526793,ACA,OK,,BP-723988,01/01/26,,active,90228424,822.99,
B-C-00808,"Reed, Sherry",20215,(517) 555-0165,sherry.reed808@example.com,099 Sanders Via,Watsonville,CO,81441,7RN5U46VW70,B-H-00563,B-P-01053,Northwind Health,H3064-026,MA,CO,AGE,NW-739886,05/01/2026,,Active,59893296,58.59,
B-C-00809,"Jackson, Bradley",11/15/1938,(787) 555-0132,bradley.jackson809@example.com,847 Emily Loop Suite 297,Bennettmouth,WY,82132,7NV3R37XY69,B-H-00564,B-P-01054,Summit Health Plans,H9807-004-001,MA,WY,AGE,SH-835956,2023-04-01,,ACTIVE,91146902,46.09,
B-C-00810,"Evans, Daniel",09/23/1942,(834) 555-0120,daniel.evans810@example.com,8323 Joshua Prairie,New Breannabury,AL,35099,3FR3QH6QP61,B-H-00565,B-P-01055,Cardinal Mutual,N,MEDSUPP,AL,AGE,CM-503002,02/01/25,,active,67876966,156.36,
B-C-00810,"Evans, Daniel",09/23/1942,(834) 555-0120,daniel.evans810@example.com,8323 Joshua Prairie,New Breannabury,AL,35099,3FR3QH6QP61,B-H-00565,B-P-01056,Cardinal Mutual,S6685-009,PDP,AL,AGE,CM-488247,02/01/2025,,Active,67876966,89.58,
B-C-00811,"Evans, Robert",08/14/1935,(834) 555-0120,robert.evans811@example.com,8323 Joshua Prairie,New Breannabury,AL,35099,8AU4YK2MF69,B-H-00565,B-P-01057,Bluepeak,H5243-007,MA,AL,AGE,BP-252914,2025-07-01,,ACTIVE,67876966,23.04,
B-C-00812,"Horton, Allison",20365,(709) 555-0159,allison.horton812@example.com,99106 Quinn Estate,Port Haroldbury,CO,80681,8JQ4UT7FD72,B-H-00566,B-P-01058,Cardinal Mutual,H5265-013-003,MA,CO,AGE,CM-932925,03/01/25,,active,64493418,38.31,
B-C-00813,"Horton, Michael",11/28/1933,(593) 555-0103,michael.horton813@example.com,99106 Quinn Estate,Port Haroldbury,CO,80681,9KD1HQ5FJ15,B-H-00566,B-P-01059,Northwind Health,H3064-021,MA,CO,AGE,NW-287392,07/01/2023,01/31/2026,Terminated,64493418,58.10,
B-C-00813,"Horton, Michael",11/28/1933,(593) 555-0103,michael.horton813@example.com,99106 Quinn Estate,Port Haroldbury,CO,80681,9KD1HQ5FJ15,B-H-00566,B-P-01060,Harborline,R7629-003,MA,CO,AGE,HL-823125,2026-02-01,,ACTIVE,64493418,4.03,
B-C-00814,"Carter, Robert",12/14/1945,(468) 555-0198,robert.carter814@example.com,624 Jennifer Center,Sophiaton,WV,25783,6Y25RH4PD31,B-H-00567,B-P-01061,Cardinal Mutual,S1849-008-002,PDP,WV,AGE,CM-734655,02/01/24,,active,69777236,67.02,
B-C-00815,"Thompson, Elizabeth",05/14/1940,(233) 555-0107,elizabeth.thompson815@example.com,068 Cindy Street Suite 720,Clarkton,OK,73996,1H18Y12FE71,B-H-00568,B-P-01062,Cardinal Mutual,N,MEDSUPP,OK,AGE,CM-474799,02/01/2024,,Active,81157097,141.41,Client prefers materials en español.
B-C-00815,"Thompson, Elizabeth",05/14/1940,(233) 555-0107,elizabeth.thompson815@example.com,068 Cindy Street Suite 720,Clarkton,OK,73996,1H18Y12FE71,B-H-00568,B-P-01063,Cardinal Mutual,S1849-011-001,PDP,OK,AGE,CM-917252,2024-02-01,,ACTIVE,81157097,72.52,
B-C-00816,"Mitchell, Ryan",36182,(405) 555-0196,ryan.mitchell816@example.com,33682 Lori Lane Apt. 953,Leburgh,MS,38706,,B-H-00569,B-P-01064,Summit Health Plans,75720MS1429394,ACA,MS,,SH-114152,01/01/24,,active,50979283,174.44,
B-C-00817,"Anderson, Linda",21215,(328) 555-0176,linda.anderson817@example.com,900 Young Crossroad Suite 335,East Jamesfort,WV,25112,8KF3RM9PJ55,B-H-00570,B-P-01065,Summit Health Plans,H9807-007,MA,WV,AGE,SH-882418,01/01/2024,12/31/2025,Terminated,64493418,37.88,
B-C-00817,"Anderson, Linda",21215,(328) 555-0176,linda.anderson817@example.com,900 Young Crossroad Suite 335,East Jamesfort,WV,25112,8KF3RM9PJ55,B-H-00570,B-P-01066,Meridian Care,H5913-011,MA,WV,AGE,MC-211378,2026-01-01,,ACTIVE,64493418,12.33,Met at the café seminar in the spring.
B-C-00818,"Anderson, Latoya",36654,(328) 555-0176,latoya.anderson818@example.com,900 Young Crossroad Suite 335,East Jamesfort,WV,25112,,B-H-00570,B-P-01067,Summit Health Plans,75720WV7298274,ACA,WV,,SH-869449,01/01/25,,active,64493418,408.96,
B-C-00819,"Levine, David",02/27/1950,(750) 555-0100,david.levine819@example.com,10063 Tara Turnpike,Allisonmouth,OK,74636,7HW4AT5FQ31,B-H-00571,B-P-01068,Summit Health Plans,H4044-013,MA,OK,AGE,SH-988502,08/01/2025,,Active,90228424,28.79,
B-C-00820,"Dunlap, Suzanne",37658,(869) 555-0127,,33336 Vanessa Valley Apt. 495,North Stephanie,NJ,07054,,B-H-00572,B-P-01069,Harborline,17955NJ6898161,ACA,NJ,,HL-557990,2025-01-01,,ACTIVE,75084135,413.22,
B-C-00821,"Novak, Stephanie",33655,(442) 555-0147,stephanie.novak821@example.com,6426 Saunders Meadow,Richburgh,TN,38318,,B-H-00573,B-P-01070,Meridian Care,18024TN2548071,ACA,TN,,MC-524173,01/01/25,,active,45462976,709.30,
B-C-00822,"Novak, Sophia",21301,(442) 555-0147,sophia.novak822@example.com,6426 Saunders Meadow,Richburgh,TN,38318,5G68D03NG33,B-H-00573,B-P-01071,Northwind Health,H3064-017,MA,TN,AGE,NW-326264,01/01/2024,,Active,45462976,34.57,
B-C-00823,"Fletcher, Melody",02/17/1948,(284) 555-0135,melody.fletcher823@example.com,62299 Christopher Ford,Meganhaven,ND,58012,4UN3TH6JY47,B-H-00574,B-P-01072,Cardinal Mutual,H7696-028,MA,ND,AGE,CM-763737,2022-02-01,2024-05-31,TERMINATED,93619366,21.48,
B-C-00823,"Fletcher, Melody",02/17/1948,(284) 555-0135,melody.fletcher823@example.com,62299 Christopher Ford,Meganhaven,ND,58012,4UN3TH6JY47,B-H-00574,B-P-01073,Harborline,H2522-028-001,MA,ND,AGE,HL-916044,06/01/24,,active,93619366,20.59,
B-C-00824,"Fletcher, Virginia",24684,(551) 555-0123,virginia.fletcher824@example.com,62299 Christopher Ford,Meganhaven,ND,58012,,B-H-00574,B-P-01074,Harborline,17955ND5130185,ACA,ND,,HL-929028,01/01/2026,,Active,93619366,383.06,Asked about dental add-ons at renewal.
B-C-00825,"Alvarez, Sandra",04/16/1945,(707) 555-0155,sandra.alvarez825@example.com,50969 John Union,Port Alejandromouth,CT,06321,6F81EK9DY79,B-H-00575,B-P-01075,Cardinal Mutual,H7696-020,MA,CT,AGE,CM-217636,2025-07-01,,ACTIVE,20671937,52.79,
B-C-00826,"Alvarez, Lauren",04/11/1951,(800) 555-0192,lauren.alvarez826@example.com,50969 John Union,Port Alejandromouth,CT,06321,7RM1UV7UU69,B-H-00575,B-P-01076,Meridian Care,H4636-018,MA,CT,AGE,MC-555165,06/01/25,,active,20671937,39.25,
B-C-00827,"Gonzales, Brian",02/21/1950,(799) 555-0120,brian.gonzales827@example.com,762 Burgess Island Apt. 273,West Reginald,CO,81337,7RP8WV2UC44,B-H-00576,B-P-01077,Summit Health Plans,H9807-017,MA,CO,AGE,SH-862356,09/01/2022,,Active,49066206,11.72,
B-C-00828,"Hansen, Nicholas",34061,(728) 555-0141,nicholas.hansen828@example.com,304 Dalton Shore,Swansontown,PA,19499,7A37KT9DK02,B-H-00577,B-P-01078,Cardinal Mutual,R6363-005,MA,PA,ESRD,CM-179722,2022-10-01,2024-11-30,TERMINATED,64493418,19.68,
B-C-00828,"Hansen, Nicholas",34061,(728) 555-0141,nicholas.hansen828@example.com,304 Dalton Shore,Swansontown,PA,19499,7A37KT9DK02,B-H-00577,B-P-01079,Harborline,H1547-015,MA,PA,ESRD,HL-967058,12/01/24,,active,64493418,24.28,
B-C-00829,"Hansen, Diane",01/01/1944,(728) 555-0141,diane.hansen829@example.com,304 Dalton Shore,Swansontown,PA,19499,6JW0DA2WU48,B-H-00577,B-P-01080,Northwind Health,H3064-014,MA,PA,AGE,NW-578177,04/01/2022,,Active,64493418,39.66,
B-C-00830,"Garrett, Christopher",02/28/1941,(524) 555-0186,christopher.garrett830@example.com,3107 Oconnor Park,Port Kenneth,HI,96822,6M93NF7FM84,B-H-00578,B-P-01081,Bluepeak,H9161-012-003,MA,HI,AGE,BP-907011,2022-09-01,,ACTIVE,50399119,58.94,
B-C-00831,"Zuniga, Brad",31795,(313) 555-0185,brad.zuniga831@example.com,7821 Kimberly Crossroad Apt. 949,Blackstad,OR,97900,,B-H-00579,B-P-01082,Cardinal Mutual,70072OR6674369,ACA,OR,,CM-908956,01/01/25,12/31/25,terminated,93619366,259.63,
B-C-00831,"Zuniga, Brad",31795,(313) 555-0185,brad.zuniga831@example.com,7821 Kimberly Crossroad Apt. 949,Blackstad,OR,97900,,B-H-00579,B-P-01083,Bluepeak,39473OR3240538,ACA,OR,,BP-429605,01/01/2026,,Active,93619366,841.09,
B-C-00832,"Anderson, Heidi",20718,(411) 555-0176,heidi.anderson832@example.com,894 Joseph Unions Suite 051,Port Mariahstad,KY,41291,2MY7PH4DD57,B-H-00580,B-P-01084,Cardinal Mutual,H5265-022,MA,KY,AGE,CM-338103,2025-06-01,,ACTIVE,81157097,20.42,
B-C-00833,"Anderson, Kara",03/12/1952,(736) 555-0187,kara.anderson833@example.com,894 Joseph Unions Suite 051,Port Mariahstad,KY,41291,3N36QE5XH67,B-H-00580,B-P-01085,Northwind Health,N,MEDSUPP,KY,AGE,NW-346716,04/01/26,,active,81157097,137.54,
B-C-00833,"Anderson, Kara",03/12/1952,(736) 555-0187,kara.anderson833@example.com,894 Joseph Unions Suite 051,Port Mariahstad,KY,41291,3N36QE5XH67,B-H-00580,B-P-01086,Northwind Health,S9721-010,PDP,KY,AGE,NW-288811,04/01/2026,,Active,81157097,57.44,
B-C-00834,"Conway, Kathryn",26830,(862) 555-0192,kathryn.conway834@example.com,0574 Wade Hills Suite 521,Lake Amy,DE,19740,4PW3X98EX64,B-H-00581,B-P-01087,Summit Health Plans,H9807-025,MA,DE,DISABILITY,SH-753241,2023-06-01,,ACTIVE,59893296,1.25,
B-C-00835,"Conway, Angela",10/22/1939,(862) 555-0192,,0574 Wade Hills Suite 521,Lake Amy,DE,19740,5D99XU5FC14,B-H-00581,B-P-01088,Meridian Care,A,MEDSUPP,DE,AGE,MC-767497,01/01/22,,active,59893296,130.50,
B-C-00835,"Conway, Angela",10/22/1939,(862) 555-0192,,0574 Wade Hills Suite 521,Lake Amy,DE,19740,5D99XU5FC14,B-H-00581,B-P-01089,Meridian Care,S7287-011,PDP,DE,AGE,MC-688080,01/01/2022,,Active,59893296,28.61,
B-C-00836,"Davis, Louis",05/15/1950,(534) 555-0191,louis.davis836@example.com,4134 Andersen Lock,South Anneshire,DE,19897,1CA0MC0MR45,B-H-00582,B-P-01090,Meridian Care,H4636-025,MA,DE,AGE,MC-280321,2022-01-01,2024-06-30,TERMINATED,69777236,20.29,
B-C-00836,"Davis, Louis",05/15/1950,(534) 555-0191,louis.davis836@example.com,4134 Andersen Lock,South Anneshire,DE,19897,1CA0MC0MR45,B-H-00582,B-P-01091,Cardinal Mutual,H7696-006,MA,DE,AGE,CM-518812,07/01/24,,active,69777236,18.65,
B-C-00837,"Flowers, Paula",07/07/1948,(300) 555-0190,paula.flowers837@example.com,6205 Taylor Causeway,Fischerton,AZ,85218,3PW3W96DX27,B-H-00583,B-P-01092,Summit Health Plans,H4044-024,MA,AZ,AGE,SH-433287,01/01/2024,,Active,9527070,44.02,
B-C-00838,"Carpenter, John",06/27/1945,(291) 555-0150,john.carpenter838@example.com,936 Ashley Meadow Suite 957,East Denise,MO,64719,9PE3A04HQ78,B-H-00584,B-P-01093,Northwind Health,H3064-017-001,MA,MO,AGE,NW-946563,2022-02-01,,ACTIVE,69777236,26.51,
B-C-00839,"Carpenter, Gabriella",22119,(291) 555-0150,gabriella.carpenter839@example.com,936 Ashley Meadow Suite 957,East Denise,MO,64719,6AR2FX2HE06,B-H-00584,B-P-01094,Cardinal Mutual,S6685-001,PDP,MO,AGE,CM-185633,12/01/25,,active,69777236,29.79,
B-C-00840,"Johnson, Sheila",07/07/1942,(265) 555-0109,,9616 Jason Stream Suite 610,West Roberthaven,WY,82615,9W06KV4VN09,B-H-00585,B-P-01095,Summit Health Plans,R4076-017,MA,WY,AGE,SH-209422,09/01/2022,,Active,91146902,10.29,
B-C-00841,"Johnson, Peggy",25853,(461) 555-0120,,9616 Jason Stream Suite 610,West Roberthaven,WY,82615,,B-H-00585,B-P-01096,Harborline,17955WY5232974,ACA,WY,,HL-899268,2024-01-01,,ACTIVE,91146902,330.16,
B-C-00842,"Rivera, Eric",08/28/1951,(467) 555-0101,,18513 Timothy Port,Ochoaport,UT,84707,2H24X05QM79,B-H-00586,B-P-01097,Northwind Health,H3036-005,MA,UT,AGE,NW-392789,11/01/23,,active,45462976,48.78,
B-C-00843,"Levy, Craig",34496,(832) 555-0105,craig.levy843@example.com,82044 Fuller Rue,Medinatown,PA,16873,,B-H-00587,B-P-01098,Meridian Care,18024PA4236944,ACA,PA,,MC-256444,01/01/2025,12/31/2025,Terminated,64493418,441.53,
B-C-00843,"Levy, Craig",34496,(832) 555-0105,craig.levy843@example.com,82044 Fuller Rue,Medinatown,PA,16873,,B-H-00587,B-P-01099,Bluepeak,39473PA8726040,ACA,PA,,BP-744462,2026-01-01,,ACTIVE,64493418,244.98,
B-C-00844,"Levy, Nancy",28631,(480) 555-0116,nancy.levy844@example.com,82044 Fuller Rue,Medinatown,PA,16873,,B-H-00587,B-P-01100,Meridian Care,18024PA9130892,ACA,PA,,MC-359084,01/01/25,12/31/25,terminated,64493418,346.51,
B-C-00844,"Levy, Nancy",28631,(480) 555-0116,nancy.levy844@example.com,82044 Fuller Rue,Medinatown,PA,16873,,B-H-00587,B-P-01101,Bluepeak,39473PA7551499,ACA,PA,,BP-611685,01/01/2026,,Active,64493418,535.44,
B-C-00845,"Norman, Sheila",11/26/1934,(419) 555-0193,,9961 Fernando Forks Suite 544,Nelsonmouth,DE,19796,7HH1VP7KV17,B-H-00588,B-P-01102,Cardinal Mutual,G,MEDSUPP,DE,AGE,CM-402287,2022-05-01,,ACTIVE,59893296,110.05,
B-C-00845,"Norman, Sheila",11/26/1934,(419) 555-0193,,9961 Fernando Forks Suite 544,Nelsonmouth,DE,19796,7HH1VP7KV17,B-H-00588,B-P-01103,Cardinal Mutual,S6685-001,PDP,DE,AGE,CM-291877,05/01/22,,active,59893296,26.33,
B-C-00846,"Pena, Ryan",31641,(599) 555-0147,,1239 Lydia Hollow,Lake Williammouth,CT,06892,,B-H-00589,B-P-01104,Northwind Health,61006CT5758373,ACA,CT,,NW-270333,01/01/2025,,Active,14829889,595.94,
B-C-00847,"Pena, Chad",20484,(494) 555-0142,chad.pena847@example.com,1239 Lydia Hollow,Lake Williammouth,CT,06892,9WW4AY9MW17,B-H-00589,B-P-01105,Harborline,H1547-023,MA,CT,AGE,HL-478340,2024-05-01,,ACTIVE,14829889,7.55,
B-C-00848,"Walters, Jamie",10/28/1933,(715) 555-0194,jamie.walters848@example.com,65113 Smith Flats,Transtad,DE,19857,9XU6QW2WT22,B-H-00590,B-P-01106,Summit Health Plans,H4044-018,MA,DE,AGE,SH-602814,11/01/22,,active,59893296,56.32,
B-C-00849,"Richards, Katherine",28208,(419) 555-0113,,6597 Howell Haven,Brenthaven,WI,54706,,B-H-00591,B-P-01107,Northwind Health,61006WI9573543,ACA,WI,,NW-811946,01/01/2025,,Active,50979283,481.26,
B-C-00850,"Huffman, Tonya",04/25/1951,(726) 555-0120,,98305 Laurie Plains,West Elizabeth,NV,89849,4G48RT4XM69,B-H-00592,B-P-01108,Cardinal Mutual,H5265-008,MA,NV,AGE,CM-211539,2023-02-01,2024-12-31,TERMINATED,37947372,5.74,
B-C-00850,"Huffman, Tonya",04/25/1951,(726) 555-0120,,98305 Laurie Plains,West Elizabeth,NV,89849,4G48RT4XM69,B-H-00592,B-P-01109,Summit Health Plans,H9807-021,MA,NV,AGE,SH-351785,01/01/25,,active,37947372,5.75,
B-C-00851,"Davenport, Diamond",01/14/1936,(229) 555-0143,diamond.davenport851@example.com,1293 Nicolas Meadow,South Edwardport,NV,89766,1WX3WR5TY99,B-H-00593,B-P-01110,Bluepeak,H5243-020,MA,NV,AGE,BP-720866,01/01/2022,11/30/2023,Terminated,45462976,40.35,
B-C-00851,"Davenport, Diamond",01/14/1936,(229) 555-0143,diamond.davenport851@example.com,1293 Nicolas Meadow,South Edwardport,NV,89766,1WX3WR5TY99,B-H-00593,B-P-01111,Harborline,H1547-015,MA,NV,AGE,HL-745873,2023-12-01,,ACTIVE,45462976,21.26,
B-C-00852,"Smith, Hailey",20407,(675) 555-0185,hailey.smith852@example.com,563 Romero Radial Apt. 401,Port Alison,NV,88976,8V98PM1XA90,B-H-00594,B-P-01112,Meridian Care,H4636-001,MA,NV,AGE,MC-635319,12/01/22,,active,45462976,2.74,
B-C-00853,"Smith, Alexa",05/23/1954,(634) 555-0188,alexa.smith853@example.com,563 Romero Radial Apt. 401,Port Alison,NV,88976,9FG2EE4FM03,B-H-00594,B-P-01113,Cardinal Mutual,R6363-028,MA,NV,AGE,CM-685089,02/01/2022,,Active,45462976,8.85,
B-C-00854,"Wilson, Courtney",12/21/1940,(634) 555-0197,courtney.wilson854@example.com,322 Melissa Vista,Brianmouth,OK,74614,2CW2VR0AE97,B-H-00595,B-P-01114,Meridian Care,H5913-025,MA,OK,AGE,MC-861570,2023-12-01,,ACTIVE,81157097,53.28,
B-C-00855,"Wilson, Craig",07/13/1944,(814) 555-0184,craig.wilson855@example.com,322 Melissa Vista,Brianmouth,OK,74614,2F44M82QY14,B-H-00595,B-P-01115,Summit Health Plans,H9807-021-002,MA,OK,AGE,SH-546242,09/01/24,,active,81157097,6.35,
B-C-00856,"Perez, Frank",11/14/1950,(304) 555-0144,frank.perez856@example.com,9252 Melissa Road,Jonestown,CO,80606,4UQ5TA6AD16,B-H-00596,B-P-01116,Harborline,R4376-011-001,MA,CO,AGE,HL-657171,04/01/2024,,Active,64493418,7.48,
B-C-00857,"Stuart, Adam",23038,(866) 555-0154,adam.stuart857@example.com,409 Tina Circle,Codytown,DE,19753,,B-H-00597,B-P-01117,Harborline,17955DE0427782,ACA,DE,,HL-279085,2024-01-01,,ACTIVE,69777236,780.73,
B-C-00858,"Lopez, Michael",20157,(710) 555-0163,michael.lopez858@example.com,83079 Daniel Fork,Michellefort,NV,89526,7GD4P09WK53,B-H-00598,B-P-01118,Harborline,H1547-005,MA,NV,AGE,HL-892739,01/01/23,,active,45462976,36.44,
B-C-00859,"Rivers, Ian",37657,(589) 555-0143,ian.rivers859@example.com,341 Wallace Run,Bennettstad,OR,97848,,B-H-00599,B-P-01119,Harborline,17955OR8755947,ACA,OR,,HL-315410,01/01/2025,12/31/2025,Terminated,43888211,712.57,
B-C-00859,"Rivers, Ian",37657,(589) 555-0143,ian.rivers859@example.com,341 Wallace Run,Bennettstad,OR,97848,,B-H-00599,B-P-01120,Northwind Health,61006OR5034248,ACA,OR,,NW-817564,2026-01-01,,ACTIVE,43888211,161.09,
B-C-00860,"Cunningham, Casey",20544,(212) 555-0116,casey.cunningham860@example.com,62574 Michael Inlet Apt. 877,North Daniel,CO,80763,6G86CW1XH94,B-H-00600,B-P-01121,Summit Health Plans,H9807-013-001,MA,CO,AGE,SH-153399,02/01/26,,active,64493418,11.73,
B-C-00861,"Davis, Mark",12/09/1945,(570) 555-0184,mark.davis861@example.com,586 Powell Underpass Apt. 395,West Andrea,MO,64797,7D96XK1HP12,B-H-00601,B-P-01122,Cardinal Mutual,R7519-012,MA,MO,AGE,CM-747764,01/01/2023,,Active,81157097,47.57,
B-C-00862,"Acevedo, James",37776,(740) 555-0154,james.acevedo862@example.com,0548 Cody Vista,New Matthew,TN,37859,,B-H-00602,B-P-01123,Meridian Care,18024TN0716268,ACA,TN,,MC-801018,2024-01-01,,ACTIVE,45462976,885.06,
B-C-00863,"Acevedo, Bradley",33499,(740) 555-0154,bradley.acevedo863@example.com,0548 Cody Vista,New Matthew,TN,37859,,B-H-00602,B-P-01124,Cardinal Mutual,70072TN4183064,ACA,TN,,CM-249609,01/01/25,,active,45462976,659.17,
B-C-00864,"Miller, David",02/05/1934,(542) 555-0190,david.miller864@example.com,5504 Jeffrey Groves,South Emily,MA,01225,1AN5A60PW94,B-H-00603,B-P-01125,Summit Health Plans,H9807-016,MA,MA,AGE,SH-160724,01/01/2023,,Active,90228424,18.12,
B-C-00865,"Miller, Mary",12/29/1949,(953) 555-0170,,5504 Jeffrey Groves,South Emily,MA,01225,3J77J53HQ16,B-H-00603,B-P-01126,Summit Health Plans,H4044-024-003,MA,MA,AGE,SH-236333,2025-03-01,,ACTIVE,90228424,39.35,
B-C-00866,"Lowe, Anthony",10/06/1937,(554) 555-0167,,400 Bautista Station,Rebekahfurt,AZ,86520,4U09E26NM80,B-H-00604,B-P-01127,Harborline,S7610-002,PDP,AZ,AGE,HL-432507,11/01/25,,active,14829889,87.83,
B-C-00867,"Lowe, Daniel",21790,(543) 555-0176,daniel.lowe867@example.com,400 Bautista Station,Rebekahfurt,AZ,86520,1GG2WT7RD80,B-H-00604,B-P-01128,Cardinal Mutual,H5265-015,MA,AZ,AGE,CM-297901,09/01/2025,,Active,14829889,52.42,
B-C-00868,"Smith, Mary",21806,(855) 555-0178,,330 Cory Mission,New Charles,GA,30052,7E26HC7AF86,B-H-00605,B-P-01129,Bluepeak,L,MEDSUPP,GA,AGE,BP-830101,2024-11-01,,ACTIVE,26047628,134.60,
B-C-00868,"Smith, Mary",21806,(855) 555-0178,,330 Cory Mission,New Charles,GA,30052,7E26HC7AF86,B-H-00605,B-P-01130,Bluepeak,S2427-009,PDP,GA,AGE,BP-875862,11/01/24,,active,26047628,77.51,
B-C-00869,"Richmond, Christopher",20034,(666) 555-0125,,8771 Steven Isle Suite 649,New Meganmouth,WV,24830,3HY2M74GX10,B-H-00606,B-P-01131,Harborline,H1547-002-002,MA,WV,AGE,HL-167888,06/01/2024,,Active,64493418,15.69,
B-C-00870,"Richmond, Lindsey",05/18/1951,(256) 555-0195,lindsey.richmond870@example.com,8771 Steven Isle Suite 649,New Meganmouth,WV,24830,2DX4UQ3PJ07,B-H-00606,B-P-01132,Summit Health Plans,H9807-025-003,MA,WV,AGE,SH-962531,2026-04-01,,ACTIVE,64493418,36.58,
B-C-00871,"Boyd, Ryan",07/26/1938,(448) 555-0156,ryan.boyd871@example.com,5395 Hunter Brook Suite 191,North Monica,SD,57062,7GX8E21YC04,B-H-00607,B-P-01133,Northwind Health,H3036-003,MA,SD,AGE,NW-708854,06/01/25,,active,14829889,32.25,
B-C-00872,"Boyd, Richard",20453,(838) 555-0138,richard.boyd872@example.com,5395 Hunter Brook Suite 191,North Monica,SD,57062,1ED9G39HY84,B-H-00607,B-P-01134,Northwind Health,G,MEDSUPP,SD,AGE,NW-662790,06/01/2025,,Active,14829889,176.79,
B-C-00872,"Boyd, Richard",20453,(838) 555-0138,richard.boyd872@example.com,5395 Hunter Brook Suite 191,North Monica,SD,57062,1ED9G39HY84,B-H-00607,B-P-01135,Northwind Health,S2942-004,PDP,SD,AGE,NW-901554,2025-06-01,,ACTIVE,14829889,22.04,
B-C-00873,"Long, Douglas",38602,(616) 555-0175,douglas.long873@example.com,60422 Dustin Islands,Port Megan,AR,72288,,B-H-00608,B-P-01136,Summit Health Plans,75720AR6311830,ACA,AR,,SH-729402,01/01/24,,active,93619366,609.34,
B-C-00874,"Long, Hannah",12/27/1934,(616) 555-0175,hannah.long874@example.com,60422 Dustin Islands,Port Megan,AR,72288,7PU1AE1AW41,B-H-00608,B-P-01137,Harborline,H2522-027-003,MA,AR,AGE,HL-559406,02/01/2024,,Active,93619366,48.12,
B-C-00875,"Cross-Perkins, Christian",26091,(917) 555-0125,,157 Tracy Spurs,New Dawnton,PA,18949,,B-H-00609,B-P-01138,Meridian Care,18024PA3110833,ACA,PA,,MC-856602,2025-01-01,2025-12-31,TERMINATED,91146902,361.10,
B-C-00875,"Cross-Perkins, Christian",26091,(917) 555-0125,,157 Tracy Spurs,New Dawnton,PA,18949,,B-H-00609,B-P-01139,Harborline,17955PA7781859,ACA,PA,,HL-800044,01/01/26,,active,91146902,796.16,
B-C-00876,"Perez, Bruce",20564,(486) 555-0164,,7434 Edward Square Apt. 158,Arellanoshire,CA,93776,6AF7FU5ER48,B-H-00610,B-P-01140,Northwind Health,H3064-029,MA,CA,AGE,NW-912247,11/01/2024,,Active,50399119,31.65,
B-C-00877,"Perez, Gary",11/09/1950,(440) 555-0144,gary.perez877@example.com,7434 Edward Square Apt. 158,Arellanoshire,CA,93776,6C39GE2DK82,B-H-00610,B-P-01141,Northwind Health,H3036-007-002,MA,CA,AGE,NW-754153,2024-03-01,,ACTIVE,50399119,22.52,
B-C-00878,"Collins, Gene",12/07/1935,(775) 555-0189,gene.collins878@example.com,8428 Goodwin Brooks Apt. 623,Briannahaven,GA,31413,3VX2HU2FM34,B-H-00611,B-P-01142,Summit Health Plans,R4076-029-001,MA,GA,AGE,SH-589356,11/01/24,,active,26047628,46.37,
B-C-00879,"Collins, Katie",10/28/1939,(775) 555-0189,,8428 Goodwin Brooks Apt. 623,Briannahaven,GA,31413,7PM5FU0HG71,B-H-00611,B-P-01143,Meridian Care,H5913-020,MA,GA,AGE,MC-537229,02/01/2026,,Active,26047628,4.61,
B-C-00880,"Mckay, Kristina",08/15/1941,(279) 555-0100,kristina.mckay880@example.com,888 Peter Mountains,Lake Paulstad,KY,42288,4Y01ED9FQ92,B-H-00612,B-P-01144,Cardinal Mutual,H5265-016,MA,KY,AGE,CM-149625,2022-07-01,,ACTIVE,43888211,34.85,Prefers mail over phone.
B-C-00881,"Estrada, David",01/16/1943,(700) 555-0142,david.estrada881@example.com,03557 Meagan Square,New Tiffany,OR,97045,9QC4CE8WC05,B-H-00613,B-P-01145,Bluepeak,F,MEDSUPP,OR,AGE,BP-995517,03/01/26,,active,9527070,126.59,
B-C-00881,"Estrada, David",01/16/1943,(700) 555-0142,david.estrada881@example.com,03557 Meagan Square,New Tiffany,OR,97045,9QC4CE8WC05,B-H-00613,B-P-01146,Bluepeak,S2427-015,PDP,OR,AGE,BP-720068,03/01/2026,,Active,9527070,31.72,
B-C-00882,"James, Kristen",07/18/1944,(386) 555-0125,,311 Gallagher Hill Apt. 829,North Nathanshire,DE,19807,6E25HN7CE51,B-H-00614,B-P-01147,Cardinal Mutual,H7696-022,MA,DE,AGE,CM-556571,2022-02-01,,ACTIVE,69777236,39.50,
B-C-00883,"Estrada, Cassandra",02/14/1934,(445) 555-0162,cassandra.estrada883@example.com,601 Carlos Pass Apt. 761,Port Ashley,PA,18122,5HY4VC1KC11,B-H-00615,B-P-01148,Bluepeak,H9161-002-003,MA,PA,AGE,BP-405467,01/01/22,,active,64493418,26.32,
B-C-00884,"Estrada, Joseph",05/05/1938,(700) 555-0191,joseph.estrada884@example.com,601 Carlos Pass Apt. 761,Port Ashley,PA,18122,2T46YH9QA50,B-H-00615,B-P-01149,Northwind Health,N,MEDSUPP,PA,AGE,NW-935683,04/01/2026,,Active,64493418,217.70,
B-C-00884,"Estrada, Joseph",05/05/1938,(700) 555-0191,joseph.estrada884@example.com,601 Carlos Pass Apt. 761,Port Ashley,PA,18122,2T46YH9QA50,B-H-00615,B-P-01150,Northwind Health,S9721-007-003,PDP,PA,AGE,NW-479273,2026-04-01,,ACTIVE,64493418,21.19,
B-C-00885,"Hensley, Anna",31192,(783) 555-0195,anna.hensley885@example.com,457 Nichole Passage,West Katherine,CT,06483,,B-H-00616,B-P-01151,Northwind Health,61006CT9421671,ACA,CT,,NW-870857,01/01/25,,active,91146902,585.00,
B-C-00886,"Hensley, Nicholas",20345,(716) 555-0124,nicholas.hensley886@example.com,457 Nichole Passage,West Katherine,CT,06483,3QV5FH5XR94,B-H-00616,B-P-01152,Northwind Health,S9721-027-003,PDP,CT,AGE,NW-524426,01/01/2024,,Active,91146902,57.00,
B-C-00887,"Robinson, Melissa",20765,(465) 555-0100,melissa.robinson887@example.com,065 Cervantes Walk Suite 501,Sandraport,CT,06150,2E73NY5JP36,B-H-00617,B-P-01153,Bluepeak,H9161-006,MA,CT,AGE,BP-906747,2024-10-01,,ACTIVE,51446845,55.14,
B-C-00888,"Walsh, Thomas",01/11/1949,(473) 555-0123,thomas.walsh888@example.com,988 Snyder Springs,Jamesberg,CT,06665,6UP2V76EG26,B-H-00618,B-P-01154,Northwind Health,H3036-012,MA,CT,AGE,NW-343650,06/01/25,,active,20671937,51.91,
B-C-00889,"Walsh, Wanda",20872,(669) 555-0157,wanda.walsh889@example.com,988 Snyder Springs,Jamesberg,CT,06665,9DE9AJ1NT97,B-H-00618,B-P-01155,Bluepeak,H5243-009-003,MA,CT,AGE,BP-488813,06/01/2022,,Active,20671937,5.73,
B-C-00890,"Cox, Thomas",30058,(219) 555-0170,thomas.cox890@example.com,00053 Kennedy Rest,South Jackfort,VA,22212,,B-H-00619,B-P-01156,Northwind Health,61006VA5043758,ACA,VA,,NW-773834,2026-01-01,,ACTIVE,98787777,169.93,Met at the café seminar in the spring.
B-C-00891,"Cox, Kevin",12/19/1947,(219) 555-0170,,00053 Kennedy Rest,South Jackfort,VA,22212,7JG1EY6CM72,B-H-00619,B-P-01157,Harborline,H1547-014,MA,VA,AGE,HL-873528,08/01/22,09/30/23,terminated,98787777,55.07,
B-C-00891,"Cox, Kevin",12/19/1947,(219) 555-0170,,00053 Kennedy Rest,South Jackfort,VA,22212,7JG1EY6CM72,B-H-00619,B-P-01158,Northwind Health,H3036-005,MA,VA,AGE,NW-692952,10/01/2023,,Active,98787777,39.70,
B-C-00892,"Townsend, Laura",08/05/1946,(220) 555-0177,,0715 Lynch Inlet,Gayport,KY,42085,4PW3F51WV83,B-H-00620,B-P-01159,Bluepeak,H5243-021,MA,KY,AGE,BP-298007,2022-05-01,,ACTIVE,43888211,0.73,
B-C-00893,"Townsend, Allison",22812,(803) 555-0171,allison.townsend893@example.com,0715 Lynch Inlet,Gayport,KY,42085,,B-H-00620,B-P-01160,Bluepeak,39473KY9925276,ACA,KY,,BP-444899,01/01/27,,pending,43888211,461.14,
B-C-00894,"Williams, David",01/26/1941,(689) 555-0134,david.williams894@example.com,420 Michael Street,Allenfurt,ND,58323,8A49QR3MN33,B-H-00621,B-P-01161,Northwind Health,H3036-025,MA,ND,AGE,NW-561890,09/01/2024,,Active,93619366,18.46,Asked about dental add-ons at renewal.
B-C-00895,"Hawkins, Michael",07/19/1950,(560) 555-0177,michael.hawkins895@example.com,9887 Jonathan Dale Suite 332,Port Randystad,NV,89763,1EA4M47HW59,B-H-00622,B-P-01162,Harborline,H2522-004,MA,NV,AGE,HL-111749,2022-06-01,,ACTIVE,37947372,57.21,
B-C-00896,"Lopez, Victoria",21009,(840) 555-0175,victoria.lopez896@example.com,36320 Luke Lodge Suite 805,Bryanstad,OR,97861,6JP9KH2VU65,B-H-00623,B-P-01163,Meridian Care,H5913-011,MA,OR,AGE,MC-964058,09/01/25,,active,9527070,55.07,
B-C-00897,"Carney, Brian",20431,(763) 555-0186,brian.carney897@example.com,9274 Cain Mill Suite 876,North Joshua,WY,82882,4EX4K44HH47,B-H-00624,B-P-01164,Northwind Health,H3064-020,MA,WY,AGE,NW-990839,10/01/2025,,Active,20671937,14.54,
B-C-00898,"Jennings, Krystal",08/26/1946,(253) 555-0126,krystal.jennings898@example.com,8270 Karen Hollow Suite 581,Tinachester,SD,57265,6TY1UQ7JM63,B-H-00625,B-P-01165,Meridian Care,H5913-012,MA,SD,AGE,MC-735211,2022-08-01,,ACTIVE,49066206,10.48,
B-C-00899,"Jennings, Donna",11/24/1950,(248) 555-0142,donna.jennings899@example.com,8270 Karen Hollow Suite 581,Tinachester,SD,57265,7JP0C63KX10,B-H-00625,B-P-01166,Harborline,H2522-024-002,MA,SD,AGE,HL-563442,04/01/24,,active,49066206,40.77,
B-C-00900,"Wood, Scott",05/19/1940,(894) 555-0196,scott.wood900@example.com,8853 Austin Loaf Apt. 902,Ronaldview,OK,74166,9DD0VP8RT48,B-H-00626,B-P-01167,Harborline,R4376-003,MA,OK,AGE,HL-807796,10/01/2024,,Active,67876966,36.60,
B-C-00901,"Higgins, Matthew",35348,(389) 555-0138,,08399 Robinson Mission Suite 470,Matthewsbury,MS,39019,,B-H-00627,B-P-01168,Summit Health Plans,75720MS8246504,ACA,MS,,SH-130720,2024-01-01,,ACTIVE,50979283,161.76,
B-C-00902,"Higgins, Amanda",09/13/1937,(938) 555-0103,amanda.higgins902@example.com,08399 Robinson Mission Suite 470,Matthewsbury,MS,39019,3MR5T94MP60,B-H-00627,B-P-01169,Meridian Care,H5913-011,MA,MS,AGE,MC-113435,03/01/23,08/31/25,terminated,50979283,59.00,
B-C-00902,"Higgins, Amanda",09/13/1937,(938) 555-0103,amanda.higgins902@example.com,08399 Robinson Mission Suite 470,Matthewsbury,MS,39019,3MR5T94MP60,B-H-00627,B-P-01170,Summit Health Plans,H4044-028,MA,MS,AGE,SH-897330,09/01/2025,,Active,50979283,40.11,
B-C-00903,"Cain, Ariel",10/03/1937,(295) 555-0144,ariel.cain903@example.com,186 Rich Gateway,Ibarramouth,NC,27573,9W38RU5EF58,B-H-00628,B-P-01171,Cardinal Mutual,H5265-018-002,MA,NC,AGE,CM-252417,2023-03-01,,ACTIVE,98787777,31.95,
B-C-00904,"Davis, Megan",36682,(439) 555-0168,megan.davis904@example.com,527 Adams Canyon Apt. 062,East Steven,MO,63041,,B-H-00629,B-P-01172,Harborline,17955MO7244556,ACA,MO,,HL-525289,01/01/25,,active,69777236,181.69,
B-C-00905,"Cherry, Joshua",10/25/1949,(807) 555-0191,joshua.cherry905@example.com,97995 Mccarthy Squares Suite 169,New Hayleymouth,WY,82479,3CK1KX6AV25,B-H-00630,B-P-01173,Bluepeak,H5243-011,MA,WY,AGE,BP-338797,07/01/2025,,Active,84583776,44.95,
B-C-00906,"Ellis, Kayla",10/06/1938,(748) 555-0160,kayla.ellis906@example.com,315 Amy Wells,Veronicaport,OK,73403,2XG3Y96AK11,B-H-00631,B-P-01174,Meridian Care,R4076-002,MA,OK,AGE,MC-288051,2025-10-01,,ACTIVE,81157097,0.27,
B-C-00907,"Ellis, Judy",24901,(748) 555-0160,judy.ellis907@example.com,315 Amy Wells,Veronicaport,OK,73403,,B-H-00631,B-P-01175,Cardinal Mutual,70072OK4336499,ACA,OK,,CM-164889,01/01/25,,active,81157097,342.78,
B-C-00908,"Cox, Daniel",26250,(611) 555-0192,daniel.cox908@example.com,109 Gregory Plaza Apt. 666,New Amyview,CT,06699,,B-H-00632,B-P-01176,Meridian Care,18024CT8720336,ACA,CT,,MC-910914,01/01/2025,12/31/2025,Terminated,20671937,623.03,
B-C-00908,"Cox, Daniel",26250,(611) 555-0192,daniel.cox908@example.com,109 Gregory Plaza Apt. 666,New Amyview,CT,06699,,B-H-00632,B-P-01177,Bluepeak,39473CT9336952,ACA,CT,,BP-925867,2026-01-01,,ACTIVE,20671937,568.81,
B-C-00909,"Combs, Michelle",04/30/1945,(457) 555-0133,,6055 Christina Ridge Apt. 192,Heatherfort,OK,73855,6YW0E02AT37,B-H-00633,B-P-01178,Summit Health Plans,H4044-016,MA,OK,AGE,SH-980642,11/01/26,,pending,67876966,0.32,
B-C-00910,"Combs, Luis",12/21/1951,(457) 555-0133,luis.combs910@example.com,6055 Christina Ridge Apt. 192,Heatherfort,OK,73855,7KR0M18QD42,B-H-00633,B-P-01179,Northwind Health,S2942-005,PDP,OK,AGE,NW-976888,04/01/2024,,Active,67876966,10.69,
B-C-00911,"Combs, Kevin",28573,(827) 555-0143,kevin.combs911@example.com,6055 Christina Ridge Apt. 192,Heatherfort,OK,73855,9Q19K82ND85,B-H-00633,B-P-01180,Bluepeak,S2427-002,PDP,OK,DISABILITY,BP-786369,2024-07-01,,ACTIVE,67876966,84.45,
B-C-00912,"Walker, Cody",27206,(772) 555-0180,cody.walker912@example.com,24112 Berg Square Suite 776,East Cherylbury,WY,83132,,B-H-00634,B-P-01181,Cardinal Mutual,70072WY9174162,ACA,WY,,CM-371284,01/01/24,,active,91146902,790.06,
B-C-00913,"Walker, Stephanie",21947,(772) 555-0180,stephanie.walker913@example.com,24112 Berg Square Suite 776,East Cherylbury,WY,83132,2PA3KF3UT88,B-H-00634,B-P-01182,Meridian Care,G,MEDSUPP,WY,AGE,MC-962545,05/01/2026,,Active,91146902,226.60,
B-C-00913,"Walker, Stephanie",21947,(772) 555-0180,stephanie.walker913@example.com,24112 Berg Square Suite 776,East Cherylbury,WY,83132,2PA3KF3UT88,B-H-00634,B-P-01183,Meridian Care,S7287-001,PDP,WY,AGE,MC-789958,2026-05-01,,ACTIVE,91146902,62.14,
B-C-00914,"Walker, Benjamin",03/12/1944,(924) 555-0178,benjamin.walker914@example.com,24112 Berg Square Suite 776,East Cherylbury,WY,83132,2AW0AQ4GU07,B-H-00634,B-P-01184,Cardinal Mutual,F,MEDSUPP,WY,AGE,CM-675536,04/01/24,,active,91146902,131.38,
B-C-00914,"Walker, Benjamin",03/12/1944,(924) 555-0178,benjamin.walker914@example.com,24112 Berg Square Suite 776,East Cherylbury,WY,83132,2AW0AQ4GU07,B-H-00634,B-P-01185,Cardinal Mutual,S6685-004,PDP,WY,AGE,CM-170310,04/01/2024,,Active,91146902,73.02,
B-C-00915,"Munoz, Edward",10/21/1935,(227) 555-0139,edward.munoz915@example.com,6560 Cuevas Ville,West Tammyborough,OR,97818,4EE8T28JJ92,B-H-00635,B-P-01186,Summit Health Plans,H4044-025-002,MA,OR,AGE,SH-881328,2026-04-01,,ACTIVE,9527070,17.78,Prefers mail over phone.
B-C-00916,"Nolan, Kevin",03/11/1949,(264) 555-0127,,3698 Joseph Extension,Myersfort,DE,19997,8XD2GP2EA49,B-H-00636,B-P-01187,Summit Health Plans,H4044-016,MA,DE,AGE,SH-509845,01/01/23,09/30/25,terminated,59893296,42.58,
B-C-00916,"Nolan, Kevin",03/11/1949,(264) 555-0127,,3698 Joseph Extension,Myersfort,DE,19997,8XD2GP2EA49,B-H-00636,B-P-01188,Northwind Health,H3036-019,MA,DE,AGE,NW-111314,10/01/2025,,Active,59893296,5.78,
B-C-00917,"Garcia, Hannah",01/02/1944,(406) 555-0195,hannah.garcia917@example.com,0697 Shane Stream,West Michael,AR,72998,9VU6CM8EY13,B-H-00637,B-P-01189,Harborline,H1547-001-002,MA,AR,AGE,HL-509023,2024-08-01,,ACTIVE,98787777,36.42,
B-C-00918,"Higgins, Angela",21273,(823) 555-0146,angela.higgins918@example.com,76872 Alvarez Well,New Claytonport,WI,54757,8A24TX5JY86,B-H-00638,B-P-01190,Northwind Health,H3036-014,MA,WI,AGE,NW-240275,02/01/25,,active,50979283,49.45,Prefers mail over phone.
B-C-00919,"Higgins, Emily",20496,(823) 555-0146,emily.higgins919@example.com,76872 Alvarez Well,New Claytonport,WI,54757,4A64QE9DY18,B-H-00638,B-P-01191,Cardinal Mutual,H5265-022,MA,WI,AGE,CM-306923,08/01/2022,,Active,50979283,20.70,
B-C-00920,"Harris, Kevin",26732,(509) 555-0154,kevin.harris920@example.com,301 Katie Flats,Vasquezberg,WV,26514,,B-H-00639,B-P-01192,Bluepeak,39473WV4683898,ACA,WV,,BP-638419,2024-01-01,,ACTIVE,64493418,767.44,
B-C-00921,"Harris, Richard",07/20/1953,(509) 555-0154,richard.harris921@example.com,301 Katie Flats,Vasquezberg,WV,26514,6DE1Q51YG24,B-H-00639,B-P-01193,Summit Health Plans,K,MEDSUPP,WV,AGE,SH-582907,02/01/23,,active,64493418,136.25,
B-C-00921,"Harris, Richard",07/20/1953,(509) 555-0154,richard.harris921@example.com,301 Katie Flats,Vasquezberg,WV,26514,6DE1Q51YG24,B-H-00639,B-P-01194,Summit Health Plans,S1837-030,PDP,WV,AGE,SH-605404,02/01/2023,,Active,64493418,63.32,
B-C-00922,"Reyes, Billy",04/27/1952,(646) 555-0118,billy.reyes922@example.com,5691 Mendoza Court Apt. 537,North Charlesbury,RI,02933,9NX1G18CN49,B-H-00640,B-P-01195,Harborline,H2522-003-001,MA,RI,AGE,HL-651463,2024-12-01,2025-11-30,TERMINATED,37947372,18.35,
B-C-00922,"Reyes, Billy",04/27/1952,(646) 555-0118,billy.reyes922@example.com,5691 Mendoza Court Apt. 537,North Charlesbury,RI,02933,9NX1G18CN49,B-H-00640,B-P-01196,Summit Health Plans,H9807-004,MA,RI,AGE,SH-252404,12/01/25,,active,37947372,13.14,
B-C-00923,"Reyes, William",07/27/1935,(646) 555-0118,william.reyes923@example.com,5691 Mendoza Court Apt. 537,North Charlesbury,RI,02933,4DX8FF4EE73,B-H-00640,B-P-01197,Cardinal Mutual,H5265-022,MA,RI,AGE,CM-969676,09/01/2025,,Active,37947372,50.28,
B-C-00924,"Gould, Carolyn",06/09/1943,(470) 555-0101,,26523 Erickson Prairie Apt. 862,East Joshua,CT,06150,1F83X12CR72,B-H-00641,B-P-01198,Harborline,H2522-021,MA,CT,AGE,HL-816687,2026-02-01,,ACTIVE,24647567,32.42,
B-C-00925,"Gould, Charles",11/04/1949,(470) 555-0101,charles.gould925@example.com,26523 Erickson Prairie Apt. 862,East Joshua,CT,06150,9V58KV3RV62,B-H-00641,B-P-01199,Summit Health Plans,H4044-011,MA,CT,AGE,SH-510524,02/01/23,,active,24647567,5.78,
B-C-00926,"Crosby, Joshua",21437,(405) 555-0114,joshua.crosby926@example.com,13826 Watson Summit Suite 926,Port Tracychester,OH,44052,4EU3EC9QU89,B-H-00642,B-P-01200,Bluepeak,H5243-021,MA,OH,AGE,BP-990593,08/01/2025,,Active,50979283,46.74,
B-C-00927,"Kelley, Claire",20651,(202) 555-0152,claire.kelley927@example.com,93896 David Cape Suite 497,New Angela,SD,57265,1T30MR9WM42,B-H-00643,B-P-01201,Northwind Health,S9721-003,PDP,SD,AGE,NW-367553,2026-02-01,,ACTIVE,49066206,37.95,
B-C-00928,"Kelley, Crystal",04/27/1941,(351) 555-0113,crystal.kelley928@example.com,93896 David Cape Suite 497,New Angela,SD,57265,8HU0GM0RM87,B-H-00643,B-P-01202,Cardinal Mutual,H5265-017,MA,SD,AGE,CM-781233,09/01/24,,active,49066206,27.84,
B-C-00929,"Bautista, Emma",07/17/1951,(827) 555-0165,,079 Anthony Forge,Morseville,CO,80575,7P64C83JU72,B-H-00644,B-P-01203,Meridian Care,H5913-027-002,MA,CO,AGE,MC-546569,08/01/2022,,Active,59893296,0.79,
B-C-00930,"Delgado, Candace",34457,(463) 555-0145,candace.delgado930@example.com,6720 Brian Dam Suite 028,Lake Williamberg,PA,18129,,B-H-00645,B-P-01204,Summit Health Plans,75720PA5314780,ACA,PA,,SH-760010,2024-01-01,,ACTIVE,91146902,341.24,Met at the café seminar in the spring.
B-C-00931,"Little, Elizabeth",08/20/1950,(778) 555-0106,elizabeth.little931@example.com,8488 Burnett Skyway Apt. 914,Bergchester,PA,15316,1GY5JR5QC75,B-H-00646,B-P-01205,Cardinal Mutual,H5265-006-001,MA,PA,AGE,CM-460289,07/01/22,04/30/24,terminated,50399119,24.79,
B-C-00931,"Little, Elizabeth",08/20/1950,(778) 555-0106,elizabeth.little931@example.com,8488 Burnett Skyway Apt. 914,Bergchester,PA,15316,1GY5JR5QC75,B-H-00646,B-P-01206,Summit Health Plans,H4044-006,MA,PA,AGE,SH-254830,05/01/2024,,Active,50399119,47.76,
B-C-00932,"Anderson, Michelle",29090,(674) 555-0105,,35441 Fleming Valley,Lake Kyle,DC,20446,3CR3HE1GF45,B-H-00647,B-P-01207,Harborline,H2522-020,MA,DC,ESRD,HL-411805,2022-06-01,,ACTIVE,24647567,12.51,
B-C-00933,"Anderson, Stanley",21973,(674) 555-0105,stanley.anderson933@example.com,35441 Fleming Valley,Lake Kyle,DC,20446,5RJ4CQ1NQ96,B-H-00647,B-P-01208,Cardinal Mutual,G,MEDSUPP,DC,AGE,CM-207979,07/01/25,,active,24647567,227.14,
B-C-00933,"Anderson, Stanley",21973,(674) 555-0105,stanley.anderson933@example.com,35441 Fleming Valley,Lake Kyle,DC,20446,5RJ4CQ1NQ96,B-H-00647,B-P-01209,Cardinal Mutual,S6685-010-002,PDP,DC,AGE,CM-297717,07/01/2025,,Active,24647567,45.21,
B-C-00934,"Brock, Amber",01/13/1945,(419) 555-0174,amber.brock934@example.com,068 Davis Flats Suite 256,South Sandra,OR,97580,5QE9AG9VJ35,B-H-00648,B-P-01210,Northwind Health,S9721-024,PDP,OR,AGE,NW-293308,2024-01-01,,ACTIVE,43888211,28.98,
B-C-00935,"Brock, Marc",06/16/1949,(581) 555-0196,marc.brock935@example.com,068 Davis Flats Suite 256,South Sandra,OR,97580,1JD7V86KG93,B-H-00648,B-P-01211,Northwind Health,F,MEDSUPP,OR,AGE,NW-413754,02/01/26,,active,43888211,120.59,
B-C-00935,"Brock, Marc",06/16/1949,(581) 555-0196,marc.brock935@example.com,068 Davis Flats Suite 256,South Sandra,OR,97580,1JD7V86KG93,B-H-00648,B-P-01212,Northwind Health,S9721-015,PDP,OR,AGE,NW-585027,02/01/2026,,Active,43888211,22.64,
B-C-00936,"Vargas, Kevin",24817,(311) 555-0177,kevin.vargas936@example.com,94058 Payne Point Suite 153,Kendrachester,CT,06755,,B-H-00649,B-P-01213,Cardinal Mutual,70072CT1592559,ACA,CT,,CM-487596,2025-01-01,2025-12-31,TERMINATED,14829889,689.96,
B-C-00936,"Vargas, Kevin",24817,(311) 555-0177,kevin.vargas936@example.com,94058 Payne Point Suite 153,Kendrachester,CT,06755,,B-H-00649,B-P-01214,Northwind Health,61006CT7345824,ACA,CT,,NW-640961,01/01/26,,active,14829889,440.22,
B-C-00937,"Vargas, Samuel",32471,(259) 555-0151,samuel.vargas937@example.com,94058 Payne Point Suite 153,Kendrachester,CT,06755,,B-H-00649,B-P-01215,Northwind Health,61006CT0789412,ACA,CT,,NW-874770,01/01/2025,12/31/2025,Terminated,14829889,834.07,
B-C-00937,"Vargas, Samuel",32471,(259) 555-0151,samuel.vargas937@example.com,94058 Payne Point Suite 153,Kendrachester,CT,06755,,B-H-00649,B-P-01216,Cardinal Mutual,70072CT9342232,ACA,CT,,CM-945195,2026-01-01,,ACTIVE,14829889,863.47,
B-C-00938,"Wolfe, Teresa",03/04/1954,(906) 555-0177,teresa.wolfe938@example.com,0385 Garrett Trace Apt. 348,West Samuel,FL,32976,3PW8UK4XP62,B-H-00650,B-P-01217,Meridian Care,H4636-001-003,MA,FL,AGE,MC-261134,07/01/22,,active,90228424,58.16,
B-C-00939,"Bass, Crystal",30241,(704) 555-0106,crystal.bass939@example.com,82803 Austin Mount,Lake Thomaston,PA,18208,,B-H-00651,B-P-01218,Northwind Health,61006PA4607668,ACA,PA,,NW-730003,01/01/2025,,Active,50399119,827.89,
B-C-00940,"Nunez, Mary",10/01/1934,(496) 555-0149,mary.nunez940@example.com,546 Garcia Extensions Apt. 811,Georgeland,OR,97336,5CA8WF0NM18,B-H-00652,B-P-01219,Cardinal Mutual,H7696-030,MA,OR,AGE,CM-923586,2024-05-01,,ACTIVE,93619366,58.56,
B-C-00941,"Nunez, Patrick",10/02/1944,(496) 555-0149,patrick.nunez941@example.com,546 Garcia Extensions Apt. 811,Georgeland,OR,97336,5KR6PP5QA56,B-H-00652,B-P-01220,Cardinal Mutual,H7696-004,MA,OR,AGE,CM-554111,01/01/22,,active,93619366,59.37,
B-C-00942,"Hernandez, Julia",08/06/1934,(405) 555-0156,,776 Gabrielle Mills,Brownton,CT,06256,4XN6H98HH89,B-H-00653,B-P-01221,Harborline,H1547-003-001,MA,CT,AGE,HL-324592,02/01/2024,,Active,51446845,12.96,
B-C-00943,"Hernandez, Gregory",06/14/1944,(261) 555-0150,,776 Gabrielle Mills,Brownton,CT,06256,5TW3UC6TK15,B-H-00653,B-P-01222,Harborline,H1547-020,MA,CT,AGE,HL-239540,2025-06-01,,ACTIVE,51446845,58.59,
B-C-00944,"Lawson, Marcus",35348,(259) 555-0110,marcus.lawson944@example.com,13121 Robert Plains,Crystalhaven,DC,56906,,B-H-00654,B-P-01223,Meridian Care,18024DC1775004,ACA,DC,,MC-974476,01/01/26,,active,24647567,771.48,
B-C-00945,"Burke, Larry",01/31/1953,(300) 555-0171,,139 Brian Circles,East Richard,OR,97086,7E85T51GT32,B-H-00655,B-P-01224,Summit Health Plans,A,MEDSUPP,OR,AGE,SH-253861,07/01/2023,,Active,9527070,98.40,
B-C-00945,"Burke, Larry",01/31/1953,(300) 555-0171,,139 Brian Circles,East Richard,OR,97086,7E85T51GT32,B-H-00655,B-P-01225,Summit Health Plans,S1837-014,PDP,OR,AGE,SH-911990,2023-07-01,,ACTIVE,9527070,31.49,
B-C-00946,"Benson, Katelyn",22021,(949) 555-0169,katelyn.benson946@example.com,1563 Arnold Keys Apt. 236,North Dennis,DE,19716,8F12WD4KM85,B-H-00656,B-P-01226,Northwind Health,H3064-021,MA,DE,AGE,NW-420478,07/01/25,,active,59893296,33.93,
B-C-00947,"Gutierrez, Cody",03/09/1937,(400) 555-0125,cody.gutierrez947@example.com,830 Tanya Bridge,Morrowshire,AZ,85754,1HT6D04VR25,B-H-00657,B-P-01227,Meridian Care,H4636-017,MA,AZ,AGE,MC-216247,11/01/2025,,Active,9527070,50.34,Asked about dental add-ons at renewal.
B-C-00948,"Gutierrez, Grant",31102,(568) 555-0142,grant.gutierrez948@example.com,830 Tanya Bridge,Morrowshire,AZ,85754,,B-H-00657,B-P-01228,Harborline,17955AZ1257542,ACA,AZ,,HL-814614,2024-01-01,,ACTIVE,9527070,459.13,
B-C-00950,"Patel, Edward",09/12/1954,(462) 555-0143,,40291 Nicole Burg,Stantonshire,LA,70108,5R57RJ3KK17,B-H-00659,B-P-01230,Harborline,H1547-010,MA,LA,AGE,HL-654705,12/01/23,,active,26047628,31.77,
B-C-00951,"Valdez, Maurice",20622,(648) 555-0102,maurice.valdez951@example.com,51131 Woods Fords,New Laura,WY,82079,6F03V24UC74,B-H-00660,B-P-01231,Harborline,N,MEDSUPP,WY,AGE,HL-656145,05/01/2022,,Active,84583776,157.31,
B-C-00951,"Valdez, Maurice",20622,(648) 555-0102,maurice.valdez951@example.com,51131 Woods Fords,New Laura,WY,82079,6F03V24UC74,B-H-00660,B-P-01232,Harborline,S4178-024,PDP,WY,AGE,HL-723333,2022-05-01,,ACTIVE,84583776,46.63,
B-C-00952,"Matthews, Mark",24209,(914) 555-0198,mark.matthews952@example.com,65078 Macias Extension Suite 737,Karenchester,NM,87944,,B-H-00661,B-P-01233,Bluepeak,39473NM6917708,ACA,NM,,BP-864909,01/01/25,,active,67876966,398.79,
B-C-00953,"Waller, Diana",12/11/1951,(411) 555-0183,diana.waller953@example.com,33426 Garcia Springs,West Michelletown,OR,97980,9N90W80PT19,B-H-00662,B-P-01234,Meridian Care,H5913-006,MA,OR,AGE,MC-624558,11/01/2022,01/31/2026,Terminated,9527070,11.09,
B-C-00953,"Waller, Diana",12/11/1951,(411) 555-0183,diana.waller953@example.com,33426 Garcia Springs,West Michelletown,OR,97980,9N90W80PT19,B-H-00662,B-P-01235,Cardinal Mutual,H7696-007-002,MA,OR,AGE,CM-633145,2026-02-01,,ACTIVE,9527070,8.14,
B-C-00954,"Blake, Ronnie",12/26/1951,(492) 555-0143,ronnie.blake954@example.com,83978 Gordon Fords,West Cody,NC,27592,2CX3PQ6YJ36,B-H-00663,B-P-01236,Northwind Health,S2942-010,PDP,NC,AGE,NW-823608,04/01/22,,active,98787777,78.55,
B-C-00955,"Jennings, Victor",09/20/1936,(441) 555-0191,victor.jennings955@example.com,252 Steven Center,Hunterside,LA,70629,7MK7CD9YR42,B-H-00664,B-P-01237,Northwind Health,H3064-013,MA,LA,AGE,NW-678066,01/01/2026,,Active,26047628,36.54,
B-C-00956,"Parker, Allison",20667,(216) 555-0134,allison.parker956@example.com,683 Kenneth Square Apt. 927,North Edwardfort,OR,97662,1QY6NG4TT06,B-H-00665,B-P-01238,Meridian Care,N,MEDSUPP,OR,AGE,MC-559105,2026-03-01,,ACTIVE,9527070,118.29,
B-C-00956,"Parker, Allison",20667,(216) 555-0134,allison.parker956@example.com,683 Kenneth Square Apt. 927,North Edwardfort,OR,97662,1QY6NG4TT06,B-H-00665,B-P-01239,Meridian Care,S4547-030-003,PDP,OR,AGE,MC-958292,03/01/26,,active,9527070,62.40,
B-C-00957,"Hill, Sean",33146,(617) 555-0196,,20063 Henderson Green,East Amanda,NC,28205,,B-H-00666,B-P-01240,Bluepeak,39473NC4468713,ACA,NC,,BP-772788,01/01/2025,12/31/2025,Terminated,50979283,629.91,
B-C-00957,"Hill, Sean",33146,(617) 555-0196,,20063 Henderson Green,East Amanda,NC,28205,,B-H-00666,B-P-01241,Northwind Health,61006NC8829590,ACA,NC,,NW-635379,2026-01-01,,ACTIVE,50979283,645.98,
B-C-00958,"Thornton, Norma",08/15/1953,(986) 555-0119,,823 Latoya Crest Apt. 121,South Denisemouth,AZ,85503,1CN0N26MV88,B-H-00667,B-P-01242,Cardinal Mutual,H5265-029,MA,AZ,AGE,CM-322134,12/01/24,03/31/26,terminated,9527070,26.95,
B-C-00958,"Thornton, Norma",08/15/1953,(986) 555-0119,,823 Latoya Crest Apt. 121,South Denisemouth,AZ,85503,1CN0N26MV88,B-H-00667,B-P-01243,Northwind Health,H3036-006,MA,AZ,AGE,NW-743170,04/01/2026,,Active,9527070,31.09,
B-C-00959,"Brown, Curtis",37024,(611) 555-0108,curtis.brown959@example.com,84504 James Loop,Hebertside,VA,24631,,B-H-00668,B-P-01244,Summit Health Plans,75720VA3374607,ACA,VA,,SH-764616,2024-01-01,,ACTIVE,98787777,411.39,
B-C-00960,"Perry, Cassandra",09/17/1938,(297) 555-0166,cassandra.perry960@example.com,42468 John Branch Suite 908,Lake Robinborough,CT,06478,8H01KE6AX70,B-H-00669,B-P-01245,Harborline,H1547-030,MA,CT,AGE,HL-277386,12/01/23,,active,14829889,52.37,
B-C-00961,"Whitney, Stephen",04/06/1939,(492) 555-0169,,6255 Steven Overpass Apt. 986,Lake Carlosland,ND,58582,1HJ6EE5HK01,B-H-00670,B-P-01246,Harborline,H1547-024,MA,ND,AGE,HL-564745,07/01/2023,09/30/2025,Terminated,93619366,52.12,
B-C-00961,"Whitney, Stephen",04/06/1939,(492) 555-0169,,6255 Steven Overpass Apt. 986,Lake Carlosland,ND,58582,1HJ6EE5HK01,B-H-00670,B-P-01247,Northwind Health,H3036-012,MA,ND,AGE,NW-896122,2025-10-01,,ACTIVE,93619366,57.53,
B-C-00962,"Whitney, Jonathan",20730,(248) 555-0199,,6255 Steven Overpass Apt. 986,Lake Carlosland,ND,58582,3KK5EW5TH44,B-H-00670,B-P-01248,Bluepeak,H9161-014-003,MA,ND,AGE,BP-212388,05/01/22,01/31/26,terminated,93619366,38.17,
B-C-00962,"Whitney, Jonathan",20730,(248) 555-0199,,6255 Steven Overpass Apt. 986,Lake Carlosland,ND,58582,3KK5EW5TH44,B-H-00670,B-P-01249,Cardinal Mutual,H7696-004,MA,ND,AGE,CM-991009,02/01/2026,,Active,93619366,25.76,
B-C-00963,"Terry, Deanna",01/15/1945,(275) 555-0149,deanna.terry963@example.com,663 Tim Via,Crystaltown,MO,64112,3Q70YT2JQ02,B-H-00671,B-P-01250,Summit Health Plans,H9807-022,MA,MO,AGE,SH-757929,2024-02-01,2026-03-31,TERMINATED,69777236,13.41,
B-C-00963,"Terry, Deanna",01/15/1945,(275) 555-0149,deanna.terry963@example.com,663 Tim Via,Crystaltown,MO,64112,3Q70YT2JQ02,B-H-00671,B-P-01251,Harborline,H1547-028-002,MA,MO,AGE,HL-160804,04/01/26,,active,69777236,56.31,
B-C-00964,"Booker, Chris",23798,(381) 555-0170,chris.booker964@example.com,697 Potter Greens,Christinafort,DC,20013,,B-H-00672,B-P-01252,Bluepeak,39473DC4863123,ACA,DC,,BP-319378,01/01/2024,,Active,75084135,759.76,
B-C-00965,"Wood, Krystal",10/18/1946,(267) 555-0156,krystal.wood965@example.com,435 Nathaniel Meadows Suite 171,Markhaven,SD,57487,9R24U20UR45,B-H-00673,B-P-01253,Meridian Care,N,MEDSUPP,SD,AGE,MC-186328,2023-09-01,,ACTIVE,49066206,134.20,
B-C-00965,"Wood, Krystal",10/18/1946,(267) 555-0156,krystal.wood965@example.com,435 Nathaniel Meadows Suite 171,Markhaven,SD,57487,9R24U20UR45,B-H-00673,B-P-01254,Meridian Care,S7287-013-002,PDP,SD,AGE,MC-125992,09/01/23,,active,49066206,19.57,
B-C-00966,"Wood, Mary",12/23/1938,(789) 555-0179,mary.wood966@example.com,435 Nathaniel Meadows Suite 171,Markhaven,SD,57487,7DJ5QK2RY35,B-H-00673,B-P-01255,Harborline,H1547-013,MA,SD,AGE,HL-829590,01/01/2024,04/30/2026,Terminated,49066206,45.08,
B-C-00966,"Wood, Mary",12/23/1938,(789) 555-0179,mary.wood966@example.com,435 Nathaniel Meadows Suite 171,Markhaven,SD,57487,7DJ5QK2RY35,B-H-00673,B-P-01256,Northwind Health,H3036-022,MA,SD,AGE,NW-637303,2026-05-01,,ACTIVE,49066206,46.23,
B-C-00967,"Wood, Gregory",09/15/1946,(267) 555-0156,,435 Nathaniel Meadows Suite 171,Markhaven,SD,57487,8GG0KM5QE57,B-H-00673,B-P-01257,Harborline,H1547-022,MA,SD,AGE,HL-605720,02/01/22,,active,49066206,21.13,
B-C-00968,"Hamilton, Mitchell",12/02/1941,(487) 555-0195,mitchell.hamilton968@example.com,271 Shannon Lights,Steventown,DC,20215,9AG5YD0UM73,B-H-00674,B-P-01258,Meridian Care,R4076-022-001,MA,DC,AGE,MC-675412,12/01/2023,,Active,75084135,0.42,
B-C-00969,"Hamilton, Brittney",20654,(428) 555-0155,brittney.hamilton969@example.com,271 Shannon Lights,Steventown,DC,20215,9C50XA7XH40,B-H-00674,B-P-01259,Meridian Care,H4636-015-002,MA,DC,AGE,MC-130188,2022-10-01,,ACTIVE,75084135,10.13,
B-C-00970,"Martinez, Ashley",20153,(592) 555-0107,ashley.martinez970@example.com,2167 Howard Corner Apt. 864,Stephanieville,OR,97821,9V75T83PA82,B-H-00675,B-P-01260,Harborline,H2522-026-001,MA,OR,AGE,HL-867235,08/01/23,,active,9527070,34.80,
B-C-00971,"Cummings, Thomas",05/15/1950,(672) 555-0156,,535 Bradley Plains Apt. 464,Erictown,SD,57625,5U14H74GK31,B-H-00676,B-P-01261,Bluepeak,H9161-016-003,MA,SD,AGE,BP-275865,11/01/2023,,Active,84583776,3.24,
B-C-00972,"Shannon, Julie",07/29/1940,(298) 555-0167,julie.shannon972@example.com,15960 Anthony Forest Suite 900,Krausebury,CO,80874,5CG9TP0QW79,B-H-00677,B-P-01262,Meridian Care,H5913-008,MA,CO,AGE,MC-574641,2024-08-01,,ACTIVE,59893296,42.98,
B-C-00973,"Wright, Evan",06/20/1949,(502) 555-0167,evan.wright973@example.com,5827 William Springs,Villanuevaberg,PA,18478,5N47G44RC94,B-H-00678,B-P-01263,Harborline,H1547-016,MA,PA,AGE,HL-852483,04/01/23,,active,91146902,34.88,
B-C-00974,"Taylor, Michelle",33813,(945) 555-0197,michelle.taylor974@example.com,807 Nielsen Prairie,North Tiffany,GA,31558,,B-H-00679,B-P-01264,Cardinal Mutual,70072GA8466291,ACA,GA,,CM-108305,01/01/2025,12/31/2025,Terminated,51446845,428.36,
B-C-00974,"Taylor, Michelle",33813,(945) 555-0197,michelle.taylor974@example.com,807 Nielsen Prairie,North Tiffany,GA,31558,,B-H-00679,B-P-01265,Summit Health Plans,75720GA4487087,ACA,GA,,SH-121982,2026-01-01,,ACTIVE,51446845,617.45,
B-C-00975,"Taylor, Sharon",22098,(945) 555-0197,sharon.taylor975@example.com,807 Nielsen Prairie,North Tiffany,GA,31558,6MX4EX1FV85,B-H-00679,B-P-01266,Meridian Care,S7287-014,PDP,GA,AGE,MC-146710,03/01/26,,active,51446845,52.77,
B-C-00976,"Garcia, Keith",33762,(511) 555-0196,,1520 David Center,Port Jeffreyside,SD,57355,2J26Q45YT36,B-H-00680,B-P-01267,Cardinal Mutual,R6363-020-003,MA,SD,DISABILITY,CM-388236,03/01/2025,,Active,49066206,37.45,
B-C-00977,"Espinoza, Kelly",22022,(338) 555-0194,kelly.espinoza977@example.com,3555 Patricia Run Suite 637,Jenniferhaven,LA,71120,5X47VA1UP11,B-H-00681,B-P-01268,Northwind Health,H3036-016,MA,LA,AGE,NW-975725,2025-05-01,,ACTIVE,26047628,28.42,
B-C-00978,"Ward, Carlos",30674,(813) 555-0122,carlos.ward978@example.com,81017 Carl Key Apt. 573,Port Lindsey,NM,88137,6WP7WD9GR23,B-H-00682,B-P-01269,Harborline,H1547-018,MA,NM,DISABILITY,HL-886409,07/01/23,08/31/24,terminated,67876966,36.88,
B-C-00978,"Ward, Carlos",30674,(813) 555-0122,carlos.ward978@example.com,81017 Carl Key Apt. 573,Port Lindsey,NM,88137,6WP7WD9GR23,B-H-00682,B-P-01270,Bluepeak,H9161-002,MA,NM,DISABILITY,BP-243878,09/01/2024,,Active,67876966,8.37,
B-C-00979,"Ward, Catherine",02/05/1944,(203) 555-0107,catherine.ward979@example.com,81017 Carl Key Apt. 573,Port Lindsey,NM,88137,5PJ0RX9WM64,B-H-00682,B-P-01271,Summit Health Plans,H9807-004,MA,NM,AGE,SH-736534,2022-08-01,2023-10-31,TERMINATED,67876966,1.35,Prefers mail over phone.
B-C-00979,"Ward, Catherine",02/05/1944,(203) 555-0107,catherine.ward979@example.com,81017 Carl Key Apt. 573,Port Lindsey,NM,88137,5PJ0RX9WM64,B-H-00682,B-P-01272,Bluepeak,H5243-018-003,MA,NM,AGE,BP-359694,11/01/23,,active,67876966,6.70,
B-C-00980,"Ward, Jason",24189,(344) 555-0166,jason.ward980@example.com,235 Sharp Island,Lake David,OH,45939,,B-H-00683,B-P-01273,Cardinal Mutual,70072OH0227796,ACA,OH,,CM-295296,01/01/2026,,Active,50979283,580.51,
B-C-00981,"Morgan, Joseph",03/13/1952,(961) 555-0110,joseph.morgan981@example.com,2082 Kenneth Run,Wendyside,VA,22770,2FQ3KQ4HU95,B-H-00684,B-P-01274,Meridian Care,G,MEDSUPP,VA,AGE,MC-270438,2022-05-01,,ACTIVE,98787777,157.00,
B-C-00981,"Morgan, Joseph",03/13/1952,(961) 555-0110,joseph.morgan981@example.com,2082 Kenneth Run,Wendyside,VA,22770,2FQ3KQ4HU95,B-H-00684,B-P-01275,Meridian Care,S4547-020,PDP,VA,AGE,MC-858089,05/01/22,,active,98787777,7.39,
B-C-00982,"Morgan, Marc",02/14/1942,(961) 555-0110,marc.morgan982@example.com,2082 Kenneth Run,Wendyside,VA,22770,7PR9ND3TP18,B-H-00684,B-P-01276,Summit Health Plans,H9807-013,MA,VA,AGE,SH-212393,04/01/2024,,Active,98787777,31.61,
B-C-00983,"King, Ricky",21859,(324) 555-0153,ricky.king983@example.com,5208 Zachary Grove Apt. 984,Bestborough,WV,25842,8K95J37UU23,B-H-00685,B-P-01277,Cardinal Mutual,H5265-006,MA,WV,AGE,CM-841203,2025-04-01,,ACTIVE,69777236,58.64,
B-C-00984,"King, Robert",21207,(960) 555-0143,,5208 Zachary Grove Apt. 984,Bestborough,WV,25842,8XR4F09PT03,B-H-00685,B-P-01278,Cardinal Mutual,H7696-009,MA,WV,AGE,CM-950125,02/01/25,,active,69777236,49.03,
B-C-00985,"Dennis, Douglas",11/27/1937,(304) 555-0185,douglas.dennis985@example.com,7532 Sandra Groves,Port Brandon,WY,82257,4MV7QT5PJ12,B-H-00686,B-P-01279,Northwind Health,H3064-014,MA,WY,AGE,NW-606338,09/01/2023,,Active,20671937,34.02,
B-C-00986,"Dennis, Julia",20822,(727) 555-0195,,7532 Sandra Groves,Port Brandon,WY,82257,2X53JV1YQ13,B-H-00686,B-P-01280,Summit Health Plans,H9807-023,MA,WY,AGE,SH-104449,2023-03-01,,ACTIVE,20671937,25.69,
B-C-00987,"Dennis, Michael",21172,(386) 555-0192,michael.dennis987@example.com,7532 Sandra Groves,Port Brandon,WY,82257,4U80KN3UV47,B-H-00686,B-P-01281,Summit Health Plans,S1837-030,PDP,WY,AGE,SH-855318,04/01/23,,active,20671937,62.42,Call after 2pm.
B-C-00988,"Adams, Barry",37194,(923) 555-0164,barry.adams988@example.com,67165 Zimmerman Mews Apt. 849,Marshallshire,TX,78149,,B-H-00687,B-P-01282,Harborline,17955TX6239001,ACA,TX,,HL-140940,01/01/2024,,Active,14829889,797.38,
B-C-00989,"Adams, Melissa",03/12/1952,(545) 555-0126,melissa.adams989@example.com,67165 Zimmerman Mews Apt. 849,Marshallshire,TX,78149,3RY8M68NW33,B-H-00687,B-P-01283,Bluepeak,H9161-029,MA,TX,AGE,BP-336948,2025-05-01,,ACTIVE,14829889,21.40,
B-C-00990,"Valentine, Henry",36244,(773) 555-0109,henry.valentine990@example.com,2631 Allison Mountains Suite 968,Bellland,CT,06881,,B-H-00688,B-P-01284,Summit Health Plans,75720CT4026116,ACA,CT,,SH-862381,01/01/24,,active,14829889,757.51,
B-C-00991,"Rocha, Robin",06/03/1952,(669) 555-0138,,1941 Emily Gardens,West Charleschester,CO,81509,6KC3Y44DG43,B-H-00689,B-P-01285,Summit Health Plans,H9807-022,MA,CO,AGE,SH-617402,02/01/2023,,Active,59893296,44.88,
B-C-00992,"Rocha, Kristen",35657,(246) 555-0178,kristen.rocha992@example.com,1941 Emily Gardens,West Charleschester,CO,81509,,B-H-00689,B-P-01286,Harborline,17955CO7244878,ACA,CO,,HL-742642,2025-01-01,2025-12-31,TERMINATED,59893296,734.18,Asked about dental add-ons at renewal.
B-C-00992,"Rocha, Kristen",35657,(246) 555-0178,kristen.rocha992@example.com,1941 Emily Gardens,West Charleschester,CO,81509,,B-H-00689,B-P-01287,Cardinal Mutual,70072CO5624036,ACA,CO,,CM-909043,01/01/26,,active,59893296,558.06,
B-C-00993,"Hampton, Kimberly",06/18/1937,(867) 555-0109,,113 Mccarthy Crossing Apt. 746,Kinghaven,OR,97134,4QA8AQ0UF26,B-H-00690,B-P-01288,Bluepeak,S7317-004,PDP,OR,AGE,BP-984064,01/01/2023,,Active,9527070,9.31,
B-C-00994,"Cantrell, Kristy",02/12/1942,(856) 555-0116,kristy.cantrell994@example.com,184 Cody Stream Suite 589,Amandafurt,NV,88938,1PX7GV1DM10,B-H-00691,B-P-01289,Northwind Health,S2942-030,PDP,NV,AGE,NW-815198,2023-12-01,,ACTIVE,37947372,55.31,
B-C-00995,"Cantrell, Laurie",06/29/1953,(892) 555-0161,laurie.cantrell995@example.com,184 Cody Stream Suite 589,Amandafurt,NV,88938,2RT8Q31FD80,B-H-00691,B-P-01290,Meridian Care,H4636-013-003,MA,NV,AGE,MC-400890,11/01/26,,pending,37947372,33.84,
B-C-00996,"Horne, Kayla",27407,(478) 555-0144,,8867 Gordon Grove,Hannahfurt,NV,88910,,B-H-00692,B-P-01291,Harborline,17955NV8338672,ACA,NV,,HL-947132,01/01/2026,,Active,37947372,655.33,
B-C-00997,"Ward, Melissa",02/12/1934,(984) 555-0138,melissa.ward997@example.com,62725 Schneider Centers,Andreaville,LA,71138,9FV9V28UN56,B-H-00693,B-P-01292,Summit Health Plans,H9807-030,MA,LA,AGE,SH-618419,2023-05-01,,ACTIVE,26047628,15.85,
B-C-00998,"Kaufman, Bradley",12/22/1950,(568) 555-0150,jeremy.kaufman999@example.com,0641 Alyssa Freeway,Vasquezton,VT,05875,3UU8W21QA93,B-H-00694,B-P-01293,Harborline,H2522-004,MA,VT,AGE,HL-836110,06/01/23,08/31/24,terminated,84583776,1.03,
B-C-00998,"Kaufman, Bradley",12/22/1950,(568) 555-0150,jeremy.kaufman999@example.com,0641 Alyssa Freeway,Vasquezton,VT,05875,3UU8W21QA93,B-H-00694,B-P-01294,Northwind Health,R1279-006,MA,VT,AGE,NW-678638,09/01/2024,,Active,84583776,48.34,
B-C-00999,"Kaufman, Jeremy",06/23/1938,(568) 555-0150,jeremy.kaufman999@example.com,0641 Alyssa Freeway,Vasquezton,VT,05875,2C15CH3WH03,B-H-00694,B-P-01295,Bluepeak,A,MEDSUPP,VT,AGE,BP-107441,2023-10-01,,ACTIVE,84583776,175.29,
B-C-00999,"Kaufman, Jeremy",06/23/1938,(568) 555-0150,jeremy.kaufman999@example.com,0641 Alyssa Freeway,Vasquezton,VT,05875,2C15CH3WH03,B-H-00694,B-P-01296,Bluepeak,S2427-029,PDP,VT,AGE,BP-512376,10/01/23,,active,84583776,22.11,
B-C-01000,"Martin, Barbara",26296,(797) 555-0192,barbara.martin1000@example.com,75228 Patricia Port,Jamesland,TN,37291,9VW1FA1NX96,B-H-00695,B-P-01297,Northwind Health,H3036-009,MA,TN,DISABILITY,NW-290975,05/01/2022,,Active,45462976,38.31,
B-C-01001,"Smith, Kimberly",02/03/1943,(539) 555-0143,kimberly.smith1001@example.com,62463 Peck Prairie Suite 615,Graybury,CT,06067,4P30AE5EE27,B-H-00696,B-P-01298,Summit Health Plans,G,MEDSUPP,CT,AGE,SH-197840,2024-03-01,,ACTIVE,90228424,173.00,
B-C-01001,"Smith, Kimberly",02/03/1943,(539) 555-0143,kimberly.smith1001@example.com,62463 Peck Prairie Suite 615,Graybury,CT,06067,4P30AE5EE27,B-H-00696,B-P-01299,Summit Health Plans,S4824-027-001,PDP,CT,AGE,SH-420912,03/01/24,,active,90228424,16.77,
B-C-01002,"Foley, Heather",04/15/1942,(809) 555-0126,heather.foley1002@example.com,528 Bell Spurs,Tamaraville,DE,19776,2TY1TU7JN94,B-H-00697,B-P-01300,Bluepeak,H9161-018,MA,DE,AGE,BP-954854,12/01/2024,,Active,59893296,21.91,
B-C-01003,"Foley, Sharon",12/11/1939,(736) 555-0135,sharon.foley1003@example.com,528 Bell Spurs,Tamaraville,DE,19776,6YY6AR3CP36,B-H-00697,B-P-01301,Summit Health Plans,H9807-029-001,MA,DE,AGE,SH-923661,2022-04-01,2024-08-31,TERMINATED,59893296,28.72,
B-C-01003,"Foley, Sharon",12/11/1939,(736) 555-0135,sharon.foley1003@example.com,528 Bell Spurs,Tamaraville,DE,19776,6YY6AR3CP36,B-H-00697,B-P-01302,Northwind Health,H3036-013,MA,DE,AGE,NW-199856,09/01/24,,active,59893296,36.89,
B-C-01004,"Sanchez, Paul",26384,(279) 555-0189,paul.sanchez1004@example.com,10034 Martinez Forge,West Colin,CO,80459,,B-H-00698,B-P-01303,Bluepeak,39473CO0041944,ACA,CO,,BP-998597,01/01/2024,,Active,64493418,622.83,Client prefers materials en español.
B-C-01005,"Sanchez, Jason",08/16/1938,(216) 555-0154,jason.sanchez1005@example.com,10034 Martinez Forge,West Colin,CO,80459,3C35UD7HD02,B-H-00698,B-P-01304,Bluepeak,H5243-021-001,MA,CO,AGE,BP-642510,2022-10-01,,ACTIVE,64493418,58.02,
B-C-01006,"Bell, Shannon",29173,(986) 555-0120,,847 Timothy Gateway Apt. 675,Brettbury,RI,02898,,B-H-00699,B-P-01305,Bluepeak,39473RI9131948,ACA,RI,,BP-324675,01/01/25,12/31/25,terminated,37947372,804.99,
B-C-01006,"Bell, Shannon",29173,(986) 555-0120,,847 Timothy Gateway Apt. 675,Brettbury,RI,02898,,B-H-00699,B-P-01306,Northwind Health,61006RI4134900,ACA,RI,,NW-476693,01/01/2026,,Active,37947372,387.95,
B-C-01007,"Green, Kyle",34424,(594) 555-0123,kyle.green1007@example.com,21905 Jason Roads,Scotttown,TX,75153,,B-H-00700,B-P-01307,Northwind Health,61006TX6910184,ACA,TX,,NW-414633,2026-01-01,,ACTIVE,14829889,502.59,
B-C-01008,"Delgado, William",26558,(844) 555-0164,william.delgado1008@example.com,27561 Ann Oval Apt. 029,East Katherineburgh,CT,06951,,B-H-00701,B-P-01308,Northwind Health,61006CT1374147,ACA,CT,,NW-339871,01/01/26,,active,20671937,472.36,
B-C-01009,"Travis, Deborah",10/20/1938,(255) 555-0144,,61656 Emily Shores Suite 666,North Adamton,CT,06580,1EW2MQ5HA95,B-H-00702,B-P-01309,Harborline,S4178-016,PDP,CT,AGE,HL-582794,10/01/2024,,Active,90228424,53.28,
B-C-01010,"Travis, Melinda",22021,(255) 555-0144,melinda.travis1010@example.com,61656 Emily Shores Suite 666,North Adamton,CT,06580,5QC5GH0UC99,B-H-00702,B-P-01310,Harborline,H2522-018,MA,CT,AGE,HL-607150,2026-04-01,,ACTIVE,90228424,58.52,
B-C-01011,"Miller, Raymond",05/12/1954,(453) 555-0140,raymond.miller1011@example.com,493 Michelle Ranch,Port Michael,CO,80323,4AK1U09TR20,B-H-00703,B-P-01311,Summit Health Plans,H4044-026,MA,CO,AGE,SH-987604,03/01/23,,active,59893296,36.65,
B-C-01012,"Shepard, Stacy",05/07/1946,(889) 555-0106,stacy.shepard1012@example.com,0170 Gonzalez Bypass Suite 534,South John,NV,89371,6M85VC7QM41,B-H-00704,B-P-01312,Harborline,L,MEDSUPP,NV,AGE,HL-877152,05/01/2023,,Active,37947372,159.44,
B-C-01012,"Shepard, Stacy",05/07/1946,(889) 555-0106,stacy.shepard1012@example.com,0170 Gonzalez Bypass Suite 534,South John,NV,89371,6M85VC7QM41,B-H-00704,B-P-01313,Harborline,S7610-021-002,PDP,NV,AGE,HL-715082,2023-05-01,,ACTIVE,37947372,30.54,
B-C-01013,"Morris, Kevin",12/10/1941,(771) 555-0106,kevin.morris1013@example.com,3192 Smith Cove Suite 547,Portermouth,NC,27305,5EA7MR9DR75,B-H-00705,B-P-01314,Harborline,H2522-013,MA,NC,AGE,HL-503032,03/01/23,04/30/24,terminated,93619366,39.09,
B-C-01013,"Morris, Kevin",12/10/1941,(771) 555-0106,kevin.morris1013@example.com,3192 Smith Cove Suite 547,Portermouth,NC,27305,5EA7MR9DR75,B-H-00705,B-P-01315,Summit Health Plans,H4044-002,MA,NC,AGE,SH-191325,05/01/2024,,Active,93619366,31.63,Call after 2pm.
B-C-01014,"Sanchez, Tammy",01/21/1949,(312) 555-0142,tammy.sanchez1014@example.com,73743 Candice Row Apt. 464,Bradleyfort,CT,06020,6NN3K06CC71,B-H-00706,B-P-01316,Cardinal Mutual,H5265-019,MA,CT,AGE,CM-834982,2025-11-01,,ACTIVE,51446845,42.57,
B-C-01015,"Parker, Anna",12/02/1942,(896) 555-0163,,6475 Thomas Motorway,New Justinport,SD,57058,8EN4JC5KP15,B-H-00707,B-P-01317,Summit Health Plans,H4044-024,MA,SD,AGE,SH-120325,11/01/25,,active,84583776,25.03,
B-C-01016,"Gomez, Paul",20656,(682) 555-0112,paul.gomez1016@example.com,4442 Sara Isle,Penningtonberg,GA,30941,2VV0D32NX18,B-H-00708,B-P-01318,Bluepeak,R8474-016,MA,GA,AGE,BP-582129,01/01/2023,,Active,26047628,28.79,
B-C-01017,"Ramirez, Kathleen",23067,(692) 555-0131,,1762 Burke Causeway,East Melanieberg,NC,28597,4DG5XM7HR59,B-H-00709,B-P-01319,Harborline,H1547-029,MA,NC,DISABILITY,HL-630217,2024-02-01,2026-04-30,TERMINATED,98787777,47.15,
B-C-01017,"Ramirez, Kathleen",23067,(692) 555-0131,,1762 Burke Causeway,East Melanieberg,NC,28597,4DG5XM7HR59,B-H-00709,B-P-01320,Meridian Care,H4636-001-002,MA,NC,DISABILITY,MC-809832,05/01/26,,active,98787777,38.78,
B-C-01018,"Ramirez, Elijah",21026,(439) 555-0126,,1762 Burke Causeway,East Melanieberg,NC,28597,8RF6YE8WD68,B-H-00709,B-P-01321,Summit Health Plans,H9807-003,MA,NC,AGE,SH-869610,12/01/2024,,Active,98787777,40.53,
B-C-01019,"Flores, Marie",01/16/1935,(522) 555-0189,marie.flores1019@example.com,695 Keith Well,South Ashleyberg,SD,57383,6QN9NG0HD16,B-H-00710,B-P-01322,Meridian Care,R6659-003,MA,SD,AGE,MC-848863,2023-02-01,2024-05-31,TERMINATED,14829889,30.29,
B-C-01019,"Flores, Marie",01/16/1935,(522) 555-0189,marie.flores1019@example.com,695 Keith Well,South Ashleyberg,SD,57383,6QN9NG0HD16,B-H-00710,B-P-01323,Cardinal Mutual,H5265-004,MA,SD,AGE,CM-950679,06/01/24,,active,14829889,19.67,
B-C-01020,"Simmons, Meagan",02/26/1934,(652) 555-0103,melissa.simmons1021@example.com,059 Erika Walks,South Stephanie,KY,40525,4RE0YK4DR42,B-H-00711,B-P-01324,Summit Health Plans,H4044-009,MA,KY,AGE,SH-152228,05/01/2026,,Active,43888211,44.95,
B-C-01021,"Simmons, Melissa",29934,(652) 555-0103,melissa.simmons1021@example.com,059 Erika Walks,South Stephanie,KY,40525,,B-H-00711,B-P-01325,Harborline,17955KY8690662,ACA,KY,,HL-908138,2026-01-01,,ACTIVE,43888211,207.75,
B-C-01022,"Mcdonald, Victoria",20004,(911) 555-0133,,86487 Armstrong Port,Franciscofurt,OH,45993,4N01RQ8DD33,B-H-00712,B-P-01326,Harborline,F,MEDSUPP,OH,AGE,HL-647025,03/01/22,,active,50979283,239.62,
B-C-01022,"Mcdonald, Victoria",20004,(911) 555-0133,,86487 Armstrong Port,Franciscofurt,OH,45993,4N01RQ8DD33,B-H-00712,B-P-01327,Harborline,S7610-013,PDP,OH,AGE,HL-545088,03/01/2022,,Active,50979283,9.15,
B-C-01023,"Kim, Lauren",06/05/1935,(823) 555-0153,lauren.kim1023@example.com,80283 Diane Squares,South Jessicatown,MS,39352,2FC3RP5FR87,B-H-00713,B-P-01328,Northwind Health,F,MEDSUPP,MS,AGE,NW-630142,2022-05-01,,ACTIVE,50979283,265.60,Met at the café seminar in the spring.
B-C-01023,"Kim, Lauren",06/05/1935,(823) 555-0153,lauren.kim1023@example.com,80283 Diane Squares,South Jessicatown,MS,39352,2FC3RP5FR87,B-H-00713,B-P-01329,Northwind Health,S9721-023,PDP,MS,AGE,NW-494095,05/01/22,,active,50979283,30.41,
B-C-01024,"Higgins, Kathy",21311,(511) 555-0150,kathy.higgins1024@example.com,736 Megan Overpass Suite 389,Lake William,CO,81436,7VX0PN4TQ39,B-H-00714,B-P-01330,Meridian Care,H5913-012,MA,CO,AGE,MC-571467,12/01/2025,,Active,49066206,21.13,
B-C-01025,"Howard, Jennifer",21325,(975) 555-0141,jennifer.howard1025@example.com,817 Clark Drive Apt. 480,Richardview,GA,31937,7NN6MN4XP22,B-H-00715,B-P-01331,Cardinal Mutual,L,MEDSUPP,GA,AGE,CM-950886,2024-10-01,,ACTIVE,26047628,303.53,
B-C-01025,"Howard, Jennifer",21325,(975) 555-0141,jennifer.howard1025@example.com,817 Clark Drive Apt. 480,Richardview,GA,31937,7NN6MN4XP22,B-H-00715,B-P-01332,Cardinal Mutual,S6685-010-002,PDP,GA,AGE,CM-857298,10/01/24,,active,26047628,44.35,
B-C-01026,"Stokes, Priscilla",02/07/1952,(323) 555-0150,priscilla.stokes1026@example.com,425 Jessica Stream Apt. 846,Jessicafort,DE,19890,7KV4PX1HK72,B-H-00716,B-P-01333,Meridian Care,A,MEDSUPP,DE,AGE,MC-174879,05/01/2025,,Active,69777236,276.98,
B-C-01026,"Stokes, Priscilla",02/07/1952,(323) 555-0150,priscilla.stokes1026@example.com,425 Jessica Stream Apt. 846,Jessicafort,DE,19890,7KV4PX1HK72,B-H-00716,B-P-01334,Meridian Care,S4547-008,PDP,DE,AGE,MC-492844,2025-05-01,,ACTIVE,69777236,23.64,
B-C-01027,"Stokes, Cameron",09/14/1937,(213) 555-0145,,425 Jessica Stream Apt. 846,Jessicafort,DE,19890,8FR6T22WA06,B-H-00716,B-P-01335,Harborline,H1547-021,MA,DE,AGE,HL-516490,06/01/24,,active,69777236,31.69,
B-C-01028,"Bell, Timothy",05/16/1939,(837) 555-0129,timothy.bell1028@example.com,13746 Perez Mountains Suite 752,West Dana,OR,97839,8NE7PM0YC75,B-H-00717,B-P-01336,Harborline,R7629-018,MA,OR,AGE,HL-678938,12/01/2023,,Active,9527070,10.04,
B-C-01029,"Herrera, Benjamin",04/11/1936,(715) 555-0147,benjamin.herrera1029@example.com,204 Gardner Motorway Suite 662,West Kristie,OR,97845,6MG2MG1HM23,B-H-00718,B-P-01337,Northwind Health,H3064-022,MA,OR,AGE,NW-255814,2026-11-01,,PENDING,93619366,13.76,Client prefers materials en español.
B-C-01030,"Herrera, Eric",12/17/1936,(424) 555-0148,eric.herrera1030@example.com,204 Gardner Motorway Suite 662,West Kristie,OR,97845,2GY4N75WT25,B-H-00718,B-P-01338,Northwind Health,G,MEDSUPP,OR,AGE,NW-864982,10/01/23,,active,93619366,109.69,
B-C-01030,"Herrera, Eric",12/17/1936,(424) 555-0148,eric.herrera1030@example.com,204 Gardner Motorway Suite 662,West Kristie,OR,97845,2GY4N75WT25,B-H-00718,B-P-01339,Northwind Health,S9721-007,PDP,OR,AGE,NW-143674,10/01/2023,,Active,93619366,26.46,
B-C-01031,"Hill, Ashley",07/09/1940,(762) 555-0147,ashley.hill1031@example.com,323 Haley Square,Gayfort,OK,73856,5XA5E65WV20,B-H-00719,B-P-01340,Meridian Care,H5913-025-001,MA,OK,AGE,MC-958771,2023-12-01,2025-07-31,TERMINATED,81157097,20.40,
B-C-01031,"Hill, Ashley",07/09/1940,(762) 555-0147,ashley.hill1031@example.com,323 Haley Square,Gayfort,OK,73856,5XA5E65WV20,B-H-00719,B-P-01341,Cardinal Mutual,H7696-003,MA,OK,AGE,CM-280788,08/01/25,,active,81157097,15.35,
B-C-01032,"Hill, Leslie",21915,(971) 555-0189,leslie.hill1032@example.com,323 Haley Square,Gayfort,OK,73856,7Y62JQ3UX93,B-H-00719,B-P-01342,Harborline,S7610-011,PDP,OK,AGE,HL-752931,05/01/2025,,Active,81157097,8.21,
B-C-01033,"Braun, Amanda",06/19/1946,(445) 555-0160,amanda.braun1033@example.com,92124 Nicole Stream,Jamestown,MO,64614,3NN3YK6AT42,B-H-00720,B-P-01343,Meridian Care,H5913-002,MA,MO,AGE,MC-220727,2022-04-01,,ACTIVE,81157097,1.49,
B-C-01034,"Rollins, Amanda",12/31/1943,(375) 555-0123,amanda.rollins1034@example.com,72340 Brianna Shores,Hernandezhaven,CA,92488,1DN1JT8RG68,B-H-00721,B-P-01344,Harborline,H1547-007-003,MA,CA,AGE,HL-338365,07/01/25,,active,50399119,54.99,Call after 2pm.
B-C-01035,"Miller, Kathryn",10/10/1951,(558) 555-0148,kathryn.miller1035@example.com,768 Ward Skyway,South Douglas,DE,19824,8F12Y01FH64,B-H-00722,B-P-01345,Bluepeak,H9161-016,MA,DE,AGE,BP-514028,12/01/2025,,Active,59893296,22.90,
B-C-01036,"Lowery, Traci",20591,(835) 555-0197,traci.lowery1036@example.com,37021 Vincent Ports Suite 908,New Jasonburgh,RI,02819,1VQ3F98GK48,B-H-00723,B-P-01346,Meridian Care,H5913-004,MA,RI,AGE,MC-822463,2022-04-01,,ACTIVE,37947372,1.03,
B-C-01037,"Clark, Richard",02/23/1946,(632) 555-0131,richard.clark1037@example.com,2506 Thomas Mount Suite 836,Port Courtney,AL,36079,9MT6QY1YP30,B-H-00724,B-P-01347,Harborline,H1547-007,MA,AL,AGE,HL-568927,02/01/25,04/30/26,terminated,67876966,1.55,
B-C-01037,"Clark, Richard",02/23/1946,(632) 555-0131,richard.clark1037@example.com,2506 Thomas Mount Suite 836,Port Courtney,AL,36079,9MT6QY1YP30,B-H-00724,B-P-01348,Northwind Health,H3064-010,MA,AL,AGE,NW-199017,05/01/2026,,Active,67876966,33.57,
B-C-01038,"Moran, Laura",35096,(715) 555-0144,laura.moran1038@example.com,92175 Johnson Streets,Rowlandview,HI,96846,,B-H-00725,B-P-01349,Harborline,17955HI3641809,ACA,HI,,HL-392288,2025-01-01,2025-12-31,TERMINATED,81157097,730.80,
B-C-01038,"Moran, Laura",35096,(715) 555-0144,laura.moran1038@example.com,92175 Johnson Streets,Rowlandview,HI,96846,,B-H-00725,B-P-01350,Summit Health Plans,75720HI5575003,ACA,HI,,SH-890018,01/01/26,,active,81157097,371.92,
B-C-01039,"Winters, Matthew",33246,(960) 555-0130,matthew.winters1039@example.com,43842 Mendez Course Apt. 992,Lake Claudia,DE,19824,,B-H-00726,B-P-01351,Harborline,17955DE6302473,ACA,DE,,HL-407239,01/01/2025,,Active,69777236,748.00,
B-C-01040,"Williams, Audrey",01/26/1949,(638) 555-0191,audrey.williams1040@example.com,331 Johnson Mountain Suite 191,Webermouth,CT,06851,8E95VJ0VT69,B-H-00727,B-P-01352,Bluepeak,H9161-021,MA,CT,AGE,BP-302447,2024-03-01,,ACTIVE,90228424,3.47,
B-C-01041,"Jacobs, Brian",07/05/1952,(364) 555-0199,brian.jacobs1041@example.com,479 Nancy Course,Lake Christopherview,OK,74738,8FM6VF3KC83,B-H-00728,B-P-01353,Harborline,H2522-007,MA,OK,AGE,HL-842560,02/01/25,,active,67876966,9.36,
B-C-01042,"Jacobs, David",09/20/1942,(364) 555-0199,,479 Nancy Course,Lake Christopherview,OK,74738,5FE9JH4KF05,B-H-00728,B-P-01354,Bluepeak,R8474-026-001,MA,OK,AGE,BP-536841,08/01/2023,,Active,67876966,34.00,
B-C-01043,"Dennis, James",02/08/1937,(731) 555-0108,james.dennis1043@example.com,30588 Williamson Trace Apt. 631,Juanville,NE,68035,8C71AY9RA74,B-H-00729,B-P-01355,Harborline,H1547-002,MA,NE,AGE,HL-235744,2026-01-01,,ACTIVE,94445646,6.02,
B-C-01044,"Dennis, Glen",06/03/1950,(354) 555-0186,glen.dennis1044@example.com,30588 Williamson Trace Apt. 631,Juanville,NE,68035,2AG4R12MK08,B-H-00729,B-P-01356,Summit Health Plans,H4044-016,MA,NE,AGE,SH-608135,07/01/23,,active,94445646,58.71,
B-C-01045,"Gutierrez, John",21190,(317) 555-0157,john.gutierrez1045@example.com,9958 Stephen Wall,Shortfort,AZ,86045,9F75HP0XY30,B-H-00730,B-P-01357,Summit Health Plans,H4044-015,MA,AZ,AGE,SH-312155,11/01/2023,08/31/2025,Terminated,9527070,15.86,
B-C-01045,"Gutierrez, John",21190,(317) 555-0157,john.gutierrez1045@example.com,9958 Stephen Wall,Shortfort,AZ,86045,9F75HP0XY30,B-H-00730,B-P-01358,Cardinal Mutual,H5265-013-002,MA,AZ,AGE,CM-753719,2025-09-01,,ACTIVE,9527070,21.11,
B-C-01046,"Castro, Lawrence",02/07/1941,(556) 555-0142,lawrence.castro1046@example.com,95495 Wendy Glens,Lake Richardhaven,HI,96757,3V53WD6MQ51,B-H-00731,B-P-01359,Meridian Care,R4076-019,MA,HI,AGE,MC-829996,01/01/22,,active,50399119,9.86,
B-C-01047,"Ayala, Sandra",03/18/1952,(586) 555-0149,sandra.ayala1047@example.com,43589 James Shoal,Port Zacharyport,OK,73871,8AJ5V72FY21,B-H-00732,B-P-01360,Harborline,H1547-025,MA,OK,AGE,HL-277106,06/01/2024,,Active,67876966,19.48,
B-C-01048,"Ayala, Melinda",01/06/1939,(286) 555-0111,,43589 James Shoal,Port Zacharyport,OK,73871,7YG3YC6TX89,B-H-00732,B-P-01361,Summit Health Plans,S4824-026,PDP,OK,AGE,SH-609311,2026-02-01,,ACTIVE,67876966,12.35,
B-C-01049,"Robertson, Daniel",01/27/1935,(289) 555-0144,daniel.robertson1049@example.com,730 Roberts Pass Apt. 441,Willisstad,VA,23075,8FM1UH2RT24,B-H-00733,B-P-01362,Harborline,H1547-012,MA,VA,AGE,HL-890020,01/01/26,,active,98787777,13.08,
B-C-01050,"Robertson, Jessica",20443,(379) 555-0134,,730 Roberts Pass Apt. 441,Willisstad,VA,23075,1KJ4XF0NM79,B-H-00733,B-P-01363,Bluepeak,H9161-007,MA,VA,AGE,BP-981945,08/01/2022,,Active,98787777,1.77,Prefers mail over phone.
B-C-01051,"Baker, Susan",25557,(910) 555-0132,,857 Bruce Junction Apt. 246,Isaacfurt,OR,97524,,B-H-00734,B-P-01364,Bluepeak,39473OR1315413,ACA,OR,,BP-652487,2025-01-01,,ACTIVE,93619366,325.73,
B-C-01052,"Sanchez, Frederick",01/31/1954,(384) 555-0177,frederick.sanchez1052@example.com,476 Randall Cliffs Apt. 962,Cynthiahaven,TN,37607,1YX2JK3RR28,B-H-00735,B-P-01365,Summit Health Plans,H9807-013,MA,TN,AGE,SH-327189,02/01/25,,active,45462976,53.60,Prefers mail over phone.
B-C-01053,"King, Frank",21476,(731) 555-0147,,78260 Porter Neck Apt. 982,Petersonmouth,DC,20049,7MV6VT2UE08,B-H-00736,B-P-01366,Cardinal Mutual,S1849-029,PDP,DC,AGE,CM-452688,11/01/2023,,Active,24647567,80.40,
B-C-01054,"King, Andre",02/27/1940,(709) 555-0173,,78260 Porter Neck Apt. 982,Petersonmouth,DC,20049,5Q44F73FW60,B-H-00736,B-P-01367,Summit Health Plans,H9807-028-001,MA,DC,AGE,SH-422123,2022-12-01,,ACTIVE,24647567,7.03,
B-C-01055,"Jones, Shawn",04/22/1949,(450) 555-0154,shawn.jones1055@example.com,66674 Lawrence Springs,New Hunter,SD,57433,2RR1F33JV60,B-H-00737,B-P-01368,Bluepeak,H9161-010-003,MA,SD,AGE,BP-622002,01/01/25,,active,84583776,22.76,
B-C-01056,"Jones, David",01/04/1937,(750) 555-0115,david.jones1056@example.com,66674 Lawrence Springs,New Hunter,SD,57433,9YP7HY7DN62,B-H-00737,B-P-01369,Bluepeak,H9161-003,MA,SD,AGE,BP-881238,01/01/2024,,Active,84583776,55.92,
B-C-01057,"Ford, Tammy",12/16/1933,(749) 555-0188,ford.family1058@example.com,370 Moore Fields Suite 100,Perryfort,TX,78123,1JT1YE2TP93,B-H-00738,B-P-01370,Summit Health Plans,H9807-024,MA,TX,AGE,SH-695323,2023-05-01,,ACTIVE,50399119,14.11,
B-C-01058,"Ford, Evelyn",31159,(749) 555-0188,ford.family1058@example.com,370 Moore Fields Suite 100,Perryfort,TX,78123,,B-H-00738,B-P-01371,Harborline,17955TX2970965,ACA,TX,,HL-703358,01/01/25,12/31/25,terminated,50399119,484.47,
B-C-01058,"Ford, Evelyn",31159,(749) 555-0188,ford.family1058@example.com,370 Moore Fields Suite 100,Perryfort,TX,78123,,B-H-00738,B-P-01372,Cardinal Mutual,70072TX6452365,ACA,TX,,CM-495750,01/01/2026,,Active,50399119,385.42,
B-C-01059,"Miller, Mary",26240,(599) 555-0166,mary.miller1059@example.com,5552 Kevin Court,Stephenchester,PA,17648,,B-H-00739,B-P-01373,Harborline,17955PA6676651,ACA,PA,,HL-574358,2025-01-01,,ACTIVE,91146902,373.30,
B-C-01060,"Miller, Stacy",37439,(336) 555-0109,stacy.miller1060@example.com,5552 Kevin Court,Stephenchester,PA,17648,,B-H-00739,B-P-01374,Harborline,17955PA0528077,ACA,PA,,HL-405351,01/01/25,12/31/25,terminated,91146902,211.20,
B-C-01060,"Miller, Stacy",37439,(336) 555-0109,stacy.miller1060@example.com,5552 Kevin Court,Stephenchester,PA,17648,,B-H-00739,B-P-01375,Summit Health Plans,75720PA2547859,ACA,PA,,SH-837500,01/01/2026,,Active,91146902,726.25,
B-C-01061,"Bradley, Jessica",06/13/1944,(472) 555-0145,,0630 Steven Village,Port Hollybury,CT,06629,1H69V92YW68,B-H-00740,B-P-01376,Northwind Health,H3036-019-003,MA,CT,AGE,NW-826973,2023-03-01,,ACTIVE,51446845,38.36,
B-C-01062,"Porter, Daniel",35963,(303) 555-0122,daniel.porter1062@example.com,07795 Jose Brook,North Shannonburgh,WY,82752,,B-H-00741,B-P-01377,Bluepeak,39473WY4995862,ACA,WY,,BP-879599,01/01/26,,active,20671937,539.93,
B-C-01063,"Jones, Derrick",11/03/1933,(852) 555-0139,,246 Torres Haven,Hartfort,CA,90061,3M73EY8JX24,B-H-00742,B-P-01378,Summit Health Plans,H4044-023,MA,CA,AGE,SH-817993,10/01/2024,,Active,50399119,21.04,
B-C-01064,"Jones, Erik",20730,(930) 555-0185,erik.jones1064@example.com,246 Torres Haven,Hartfort,CA,90061,6PD9PQ8PE29,B-H-00742,B-P-01379,Harborline,H2522-006,MA,CA,AGE,HL-380144,2024-03-01,,ACTIVE,50399119,22.91,
B-C-01065,"Johnson, Michael",21256,(827) 555-0124,michael.johnson1065@example.com,5737 William Inlet Apt. 395,Sandraside,CT,06025,9DH4GT9QX61,B-H-00743,B-P-01380,Meridian Care,H5913-002,MA,CT,AGE,MC-487741,04/01/25,,active,20671937,2.13,
B-C-01066,"Mcintyre, Tina",02/14/1949,(710) 555-0146,tina.mcintyre1066@example.com,012 Jonathan Inlet,Floresland,GA,30918,3W93KP9JF53,B-H-00744,B-P-01381,Bluepeak,G,MEDSUPP,GA,AGE,BP-674707,03/01/2026,,Active,51446845,106.58,
B-C-01066,"Mcintyre, Tina",02/14/1949,(710) 555-0146,tina.mcintyre1066@example.com,012 Jonathan Inlet,Floresland,GA,30918,3W93KP9JF53,B-H-00744,B-P-01382,Bluepeak,S7317-020,PDP,GA,AGE,BP-923444,2026-03-01,,ACTIVE,51446845,34.38,
B-C-01067,"Scott, Joshua",11/26/1943,(465) 555-0175,joshua.scott1067@example.com,518 Holt Underpass,New Gloriachester,NC,27653,5UN9JJ2DH31,B-H-00745,B-P-01383,Bluepeak,H9161-024-002,MA,NC,AGE,BP-356728,06/01/23,,active,67876966,17.53,
B-C-01068,"Scott, Courtney",22128,(518) 555-0124,courtney.scott1068@example.com,518 Holt Underpass,New Gloriachester,NC,27653,5T15EK4HW50,B-H-00745,B-P-01384,Summit Health Plans,G,MEDSUPP,NC,AGE,SH-827138,08/01/2025,,Active,67876966,253.65,
B-C-01068,"Scott, Courtney",22128,(518) 555-0124,courtney.scott1068@example.com,518 Holt Underpass,New Gloriachester,NC,27653,5T15EK4HW50,B-H-00745,B-P-01385,Summit Health Plans,S4824-029-003,PDP,NC,AGE,SH-349138,2025-08-01,,ACTIVE,67876966,56.60,
B-C-01069,"Hopkins, Maria",09/12/1938,(806) 555-0187,,8601 Davis Village,New Christophershire,CT,06363,3A96FG4WH08,B-H-00746,B-P-01386,Cardinal Mutual,N,MEDSUPP,CT,AGE,CM-112069,12/01/23,,active,24647567,207.84,
B-C-01069,"Hopkins, Maria",09/12/1938,(806) 555-0187,,8601 Davis Village,New Christophershire,CT,06363,3A96FG4WH08,B-H-00746,B-P-01387,Cardinal Mutual,S1849-015-003,PDP,CT,AGE,CM-177163,12/01/2023,,Active,24647567,36.22,
B-C-01070,"Mckenzie, Chase",06/19/1940,(431) 555-0123,chase.mckenzie1070@example.com,474 Stacy Road,New Alexandra,DE,19990,7RD3QY9QE02,B-H-00747,B-P-01388,Cardinal Mutual,H7696-012,MA,DE,AGE,CM-718248,2022-05-01,,ACTIVE,59893296,6.12,
B-C-01071,"Alexander, Madison",05/31/1954,(690) 555-0169,madison.alexander1071@example.com,044 Julie Corner,Markland,MA,02744,5DJ4VK9JR41,B-H-00748,B-P-01389,Summit Health Plans,H4044-009-003,MA,MA,AGE,SH-560352,03/01/23,,active,75084135,22.32,
B-C-01072,"Williams, Justin",35902,(416) 555-0195,justin.williams1072@example.com,5442 Heather Ranch Suite 940,Laneshire,OH,44398,,B-H-00749,B-P-01390,Summit Health Plans,75720OH3756085,ACA,OH,,SH-973576,01/01/2026,,Active,50979283,166.41,
B-C-01073,"Williams, Veronica",12/03/1936,(416) 555-0195,justin.williams1072@example.com,5442 Heather Ranch Suite 940,Laneshire,OH,44398,8CM5AR9DU67,B-H-00749,B-P-01391,Northwind Health,G,MEDSUPP,OH,AGE,NW-850435,2023-01-01,,ACTIVE,50979283,166.46,
B-C-01073,"Williams, Veronica",12/03/1936,(416) 555-0195,justin.williams1072@example.com,5442 Heather Ranch Suite 940,Laneshire,OH,44398,8CM5AR9DU67,B-H-00749,B-P-01392,Northwind Health,S9721-009,PDP,OH,AGE,NW-371993,01/01/23,,active,50979283,34.25,
B-C-01074,"Williams, Michael",21415,(416) 555-0195,michael.williams1074@example.com,5442 Heather Ranch Suite 940,Laneshire,OH,44398,8VF3JU8PP46,B-H-00749,B-P-01393,Northwind Health,H3064-014,MA,OH,AGE,NW-187779,01/01/2024,,Active,50979283,18.32,
B-C-01075,"Smith, James",05/24/1954,(725) 555-0199,james.smith1075@example.com,749 Lisa Fall,Port William,CT,06806,6W99V38VR80,B-H-00750,B-P-01394,Harborline,H2522-012-003,MA,CT,AGE,HL-555603,2026-03-01,,ACTIVE,20671937,52.41,
B-C-01076,"Smith, Debbie",04/01/1949,(533) 555-0118,debbie.smith1076@example.com,749 Lisa Fall,Port William,CT,06806,5MU1WD3UU92,B-H-00750,B-P-01395,Bluepeak,H9161-001-003,MA,CT,AGE,BP-544444,05/01/25,,active,20671937,29.20,
B-C-01077,"Smith, Priscilla",09/24/1944,(725) 555-0199,priscilla.smith1077@example.com,749 Lisa Fall,Port William,CT,06806,3NU0N81XJ43,B-H-00750,B-P-01396,Harborline,S7610-003-002,PDP,CT,AGE,HL-747551,02/01/2023,,Active,20671937,67.84,
B-C-01078,"Harrell, Sarah",35924,(986) 555-0159,sarah.harrell1078@example.com,2108 Kimberly Plains,Stephaniemouth,KY,42385,,B-H-00751,B-P-01397,Meridian Care,18024KY5244235,ACA,KY,,MC-701076,2025-01-01,2025-12-31,TERMINATED,43888211,678.79,Met at the café seminar in the spring.
B-C-01078,"Harrell, Sarah",35924,(986) 555-0159,sarah.harrell1078@example.com,2108 Kimberly Plains,Stephaniemouth,KY,42385,,B-H-00751,B-P-01398,Northwind Health,61006KY3146036,ACA,KY,,NW-882359,01/01/26,,active,43888211,346.58,
B-C-01079,"Wallace, Billy",05/05/1953,(326) 555-0199,,54280 Horton Parks,East Kimberlyville,MA,02008,3PG8C32CP95,B-H-00752,B-P-01399,Summit Health Plans,H4044-024-001,MA,MA,AGE,SH-166119,05/01/2024,02/28/2026,Terminated,75084135,33.92,
B-C-01079,"Wallace, Billy",05/05/1953,(326) 555-0199,,54280 Horton Parks,East Kimberlyville,MA,02008,3PG8C32CP95,B-H-00752,B-P-01400,Harborline,H2522-016,MA,MA,AGE,HL-503783,2026-03-01,,ACTIVE,75084135,22.05,
B-C-01080,"Wallace, Timothy",21986,(613) 555-0172,timothy.wallace1080@example.com,54280 Horton Parks,East Kimberlyville,MA,02008,6ET4K82EW01,B-H-00752,B-P-01401,Northwind Health,H3064-001,MA,MA,AGE,NW-556546,05/01/25,,active,75084135,38.56,
B-C-01081,"Murphy, Maria",10/02/1940,(640) 555-0145,maria.murphy1081@example.com,2529 Jared Burg Suite 161,Hickmanfurt,AZ,85281,8N53FT8GH11,B-H-00753,B-P-01402,Harborline,H2522-011,MA,AZ,AGE,HL-399340,10/01/2025,,Active,9527070,43.73,
B-C-01082,"Wallace, Cole",10/22/1948,(982) 555-0130,,6220 Finley Vista Suite 663,Stephenborough,WY,82836,2HU5YY7YN71,B-H-00754,B-P-01403,Meridian Care,H5913-007-001,MA,WY,AGE,MC-614827,2022-01-01,,ACTIVE,91146902,53.52,Client prefers materials en español.
B-C-01083,"Wallace, Judith",11/17/1953,(396) 555-0133,judith.wallace1083@example.com,6220 Finley Vista Suite 663,Stephenborough,WY,82836,6P76X89TW95,B-H-00754,B-P-01404,Harborline,H1547-028,MA,WY,AGE,HL-164929,11/01/23,,active,91146902,42.84,
B-C-01085,"Esparza, Jessica",02/03/1941,(233) 555-0160,jessica.esparza1085@example.com,6269 Duffy Avenue,Dunnburgh,HI,96762,3V61QP3VC28,B-H-00756,B-P-01407,Northwind Health,S2942-021,PDP,HI,AGE,NW-559554,09/01/2025,,Active,50399119,82.49,
B-C-01086,"Esparza, Robert",05/10/1939,(427) 555-0121,,6269 Duffy Avenue,Dunnburgh,HI,96762,4AT9W43EX67,B-H-00756,B-P-01408,Bluepeak,H9161-021,MA,HI,AGE,BP-280255,2022-02-01,,ACTIVE,50399119,50.44,
B-C-01087,"Flynn, Jill",38244,(784) 555-0129,,280 Kristen Shoals Suite 688,Lucashaven,CO,81086,,B-H-00757,B-P-01409,Harborline,17955CO5964797,ACA,CO,,HL-867353,01/01/26,,active,64493418,843.28,
B-C-01088,"Finley, Christine",32214,(517) 555-0118,,0385 Garrett Trace Apt. 348,West Samuel,FL,32976,,B-H-00758,B-P-01410,Bluepeak,39473FL0746135,ACA,FL,,BP-193772,01/01/2024,,Active,90228424,161.36,
B-C-01089,"Finley, Chelsea",12/24/1934,(517) 555-0118,chelsea.finley1089@example.com,0385 Garrett Trace Apt. 348,West Samuel,FL,32976,7A51FU9RD14,B-H-00758,B-P-01411,Bluepeak,H9161-016,MA,FL,AGE,BP-211331,2022-04-01,,ACTIVE,90228424,33.64,
B-C-01090,"Barker, Joshua",07/30/1950,(915) 555-0170,joshua.barker1090@example.com,3842 Christopher Expressway Apt. 492,New Davidview,RI,02892,9YP8CU2GR65,B-H-00759,B-P-01412,Summit Health Plans,S1837-030,PDP,RI,AGE,SH-148191,05/01/23,,active,37947372,84.13,
B-C-01091,"Simon, Matthew",02/15/1949,(919) 555-0106,matthew.simon1091@example.com,998 Kelly Estate Apt. 926,Nashbury,OK,74615,9RD1Y89WM61,B-H-00760,B-P-01413,Cardinal Mutual,H7696-024,MA,OK,AGE,CM-342834,02/01/2023,,Active,90228424,54.01,
B-C-01092,"Simon, George",01/05/1953,(877) 555-0186,george.simon1092@example.com,998 Kelly Estate Apt. 926,Nashbury,OK,74615,8UQ7MQ1EA99,B-H-00760,B-P-01414,Bluepeak,G,MEDSUPP,OK,AGE,BP-110386,2025-11-01,,ACTIVE,90228424,314.76,
B-C-01092,"Simon, George",01/05/1953,(877) 555-0186,george.simon1092@example.com,998 Kelly Estate Apt. 926,Nashbury,OK,74615,8UQ7MQ1EA99,B-H-00760,B-P-01415,Bluepeak,S2427-020,PDP,OK,AGE,BP-769478,11/01/25,,active,90228424,83.33,
B-C-01093,"Stout, Samantha",31260,(769) 555-0122,samantha.stout1093@example.com,6992 Ward Lodge Apt. 031,Ryanside,GA,31382,,B-H-00761,B-P-01416,Cardinal Mutual,70072GA9009836,ACA,GA,,CM-951616,01/01/2025,,Active,26047628,281.29,
B-C-01094,"Lin, Michelle",10/23/1933,(698) 555-0127,michelle.lin1094@example.com,6998 Jessica Mountain Suite 209,Lake Johnbury,CT,06389,1R15NE0HX62,B-H-00762,B-P-01417,Bluepeak,H5243-009,MA,CT,AGE,BP-108893,2023-12-01,2024-11-30,TERMINATED,51446845,19.69,
B-C-01094,"Lin, Michelle",10/23/1933,(698) 555-0127,michelle.lin1094@example.com,6998 Jessica Mountain Suite 209,Lake Johnbury,CT,06389,1R15NE0HX62,B-H-00762,B-P-01418,Northwind Health,H3064-007-003,MA,CT,AGE,NW-936087,12/01/24,,active,51446845,49.47,
B-C-01095,"Martinez, Blake",02/17/1937,(389) 555-0162,blake.martinez1095@example.com,0853 Caroline Mall Apt. 966,East Ruth,AR,71834,1GV5UP3KC49,B-H-00763,B-P-01419,Harborline,H1547-018,MA,AR,AGE,HL-838691,09/01/2023,,Active,98787777,18.02,
B-C-01096,"Wiggins, Rachel",12/22/1933,(667) 555-0193,,46015 Lynch Isle,Natalieland,RI,02915,4J96T36FX15,B-H-00764,B-P-01420,Northwind Health,H3036-012-002,MA,RI,AGE,NW-158615,2022-03-01,,ACTIVE,37947372,32.63,
B-C-01097,"Lloyd, Sandra",07/13/1940,(849) 555-0122,sandra.lloyd1097@example.com,4883 Phillips Tunnel,Freyborough,NC,28435,5AY9VX7MP63,B-H-00765,B-P-01421,Summit Health Plans,F,MEDSUPP,NC,AGE,SH-250219,11/01/25,,active,93619366,212.87,
B-C-01097,"Lloyd, Sandra",07/13/1940,(849) 555-0122,sandra.lloyd1097@example.com,4883 Phillips Tunnel,Freyborough,NC,28435,5AY9VX7MP63,B-H-00765,B-P-01422,Summit Health Plans,S1837-020-002,PDP,NC,AGE,SH-728870,11/01/2025,,Active,93619366,74.27,
B-C-01098,"Phillips, Debra",03/24/1953,(263) 555-0188,debra.phillips1098@example.com,3872 Schmidt Forks Suite 362,West Victoriatown,NC,28413,7DN9KQ4NU60,B-H-00766,B-P-01423,Harborline,H1547-004,MA,NC,AGE,HL-474357,2023-11-01,,ACTIVE,50979283,58.92,
B-C-01099,"Phillips, Samantha",20301,(263) 555-0188,samantha.phillips1099@example.com,3872 Schmidt Forks Suite 362,West Victoriatown,NC,28413,7W27QH6CX23,B-H-00766,B-P-01424,Summit Health Plans,H4044-027-003,MA,NC,AGE,SH-718655,06/01/24,,active,50979283,37.61,
B-C-01100,"Calhoun, Amber",02/06/1935,(719) 555-0136,amber.calhoun1100@example.com,98870 Padilla Glen Suite 719,Port Calebbury,CO,81319,2TM4UE1DT34,B-H-00767,B-P-01425,Harborline,H2522-010,MA,CO,AGE,HL-356028,03/01/2025,03/31/2026,Terminated,59893296,8.03,
B-C-01100,"Calhoun, Amber",02/06/1935,(719) 555-0136,amber.calhoun1100@example.com,98870 Padilla Glen Suite 719,Port Calebbury,CO,81319,2TM4UE1DT34,B-H-00767,B-P-01426,Cardinal Mutual,H5265-001,MA,CO,AGE,CM-802373,2026-04-01,,ACTIVE,59893296,1.88,
B-C-01101,"Miller, Crystal",10/06/1948,(452) 555-0150,crystal.miller1101@example.com,6615 Nichols Glen,New James,WV,24722,8WU3NW7PK61,B-H-00768,B-P-01427,Meridian Care,H5913-012,MA,WV,AGE,MC-549046,07/01/25,,active,64493418,49.36,Met at the café seminar in the spring.
B-C-01102,"Miller, Eric",07/01/1947,(452) 555-0150,eric.miller1102@example.com,6615 Nichols Glen,New James,WV,24722,3D14HU3YR92,B-H-00768,B-P-01428,Bluepeak,H9161-001,MA,WV,AGE,BP-863885,05/01/2022,,Active,64493418,32.54,
B-C-01103,"Mendoza, William",06/29/1939,(205) 555-0164,william.mendoza1103@example.com,730 Cooper Court,West Lukeside,OR,97180,6JJ0R37WX88,B-H-00769,B-P-01429,Harborline,H2522-003,MA,OR,AGE,HL-812079,2023-03-01,,ACTIVE,43888211,26.51,
B-C-01104,"Mendoza, David",07/03/1935,(402) 555-0163,,730 Cooper Court,West Lukeside,OR,97180,7JN4GQ5DV12,B-H-00769,B-P-01430,Northwind Health,F,MEDSUPP,OR,AGE,NW-643447,03/01/26,,active,43888211,155.19,
B-C-01104,"Mendoza, David",07/03/1935,(402) 555-0163,,730 Cooper Court,West Lukeside,OR,97180,7JN4GQ5DV12,B-H-00769,B-P-01431,Northwind Health,S2942-025,PDP,OR,AGE,NW-623554,03/01/2026,,Active,43888211,27.56,
B-C-01105,"Smith, Michael",09/10/1941,(530) 555-0167,michael.smith1105@example.com,3904 Daniels Bypass Apt. 225,East Jamie,TX,79931,1E91W91QX34,B-H-00770,B-P-01432,Cardinal Mutual,H5265-014,MA,TX,AGE,CM-176412,2022-08-01,2025-10-31,TERMINATED,50399119,18.90,
B-C-01105,"Smith, Michael",09/10/1941,(530) 555-0167,michael.smith1105@example.com,3904 Daniels Bypass Apt. 225,East Jamie,TX,79931,1E91W91QX34,B-H-00770,B-P-01433,Harborline,H1547-020-001,MA,TX,AGE,HL-699685,11/01/25,,active,50399119,47.22,
B-C-01106,"Wade, Joseph",09/27/1953,(492) 555-0129,joseph.wade1106@example.com,26898 Paula Gateway Suite 517,New Dustinborough,WY,82563,6XT0NM1VP15,B-H-00771,B-P-01434,Meridian Care,B,MEDSUPP,WY,AGE,MC-738304,12/01/2022,,Active,84583776,280.62,
B-C-01106,"Wade, Joseph",09/27/1953,(492) 555-0129,joseph.wade1106@example.com,26898 Paula Gateway Suite 517,New Dustinborough,WY,82563,6XT0NM1VP15,B-H-00771,B-P-01435,Meridian Care,S4547-005,PDP,WY,AGE,MC-253256,2022-12-01,,ACTIVE,84583776,14.11,
B-C-01107,"Wade, Dustin",12/02/1939,(532) 555-0137,dustin.wade1107@example.com,26898 Paula Gateway Suite 517,New Dustinborough,WY,82563,5PE4H12EX20,B-H-00771,B-P-01436,Harborline,H1547-021,MA,WY,AGE,HL-259579,11/01/24,,active,84583776,6.54,
B-C-01108,"Ferguson, Andrea",20701,(980) 555-0129,andrea.ferguson1108@example.com,014 Farrell Point,South Elizabethchester,NC,28602,7PP2QD2RP92,B-H-00772,B-P-01437,Harborline,N,MEDSUPP,NC,AGE,HL-819173,02/01/2023,,Active,98787777,92.41,
B-C-01108,"Ferguson, Andrea",20701,(980) 555-0129,andrea.ferguson1108@example.com,014 Farrell Point,South Elizabethchester,NC,28602,7PP2QD2RP92,B-H-00772,B-P-01438,Harborline,S4178-020,PDP,NC,AGE,HL-687442,2023-02-01,,ACTIVE,98787777,9.09,
B-C-01109,"Johnson, Jenna",05/18/1953,(721) 555-0133,jenna.johnson1109@example.com,74189 Hernandez Throughway Suite 406,Danielmouth,NE,68949,6UJ5RG3FT70,B-H-00773,B-P-01439,Meridian Care,H4636-013,MA,NE,AGE,MC-659332,03/01/23,,active,91146902,39.63,
B-C-01110,"Williams, Marie",01/27/1942,(560) 555-0198,marie.williams1110@example.com,733 Amanda Track,Stevenhaven,GA,30941,9R56GU0RD30,B-H-00774,B-P-01440,Harborline,N,MEDSUPP,GA,AGE,HL-242446,12/01/2024,,Active,51446845,232.99,
B-C-01110,"Williams, Marie",01/27/1942,(560) 555-0198,marie.williams1110@example.com,733 Amanda Track,Stevenhaven,GA,30941,9R56GU0RD30,B-H-00774,B-P-01441,Harborline,S4178-021,PDP,GA,AGE,HL-437739,2024-12-01,,ACTIVE,51446845,78.30,
B-C-01111,"Burns, Michelle",08/20/1952,(327) 555-0192,michelle.burns1111@example.com,2231 Fuller Prairie Suite 658,East Kristyberg,WY,82799,1GT9DX5HM87,B-H-00775,B-P-01442,Summit Health Plans,H9807-018,MA,WY,AGE,SH-621568,11/01/24,,active,84583776,59.26,Asked about dental add-ons at renewal.
B-C-01112,"Fuller, David",09/28/1940,(422) 555-0182,david.fuller1112@example.com,052 Shannon Estates Suite 311,North Robert,PA,18867,6HK3YW1HV37,B-H-00776,B-P-01443,Harborline,H1547-024,MA,PA,AGE,HL-361333,12/01/2024,,Active,50399119,21.17,
B-C-01113,"Bean, David",22103,(471) 555-0110,david.bean1113@example.com,9893 Peters Coves,East Rebeccaberg,AR,72203,6JX6MD0YX11,B-H-00777,B-P-01444,Summit Health Plans,H9807-029-001,MA,AR,AGE,SH-488437,2026-05-01,,ACTIVE,93619366,18.34,
B-C-01114,"Thomas, George",32377,(535) 555-0100,george.thomas1114@example.com,91801 Tiffany Stream Suite 349,Lake Raybury,CT,06869,3UG3YA9JM81,B-H-00778,B-P-01445,Summit Health Plans,H9807-014-003,MA,CT,ESRD,SH-702550,08/01/25,,active,24647567,14.95,
B-C-01115,"Friedman, Charles",21194,(599) 555-0178,charles.friedman1115@example.com,369 Ford Port,Sullivanshire,FL,33275,2ME8JN9CY49,B-H-00779,B-P-01446,Northwind Health,S2942-029,PDP,FL,AGE,NW-962284,01/01/2026,,Active,90228424,41.69,
B-C-01116,"Newton, Alexandra",07/10/1947,(543) 555-0116,alexandra.newton1116@example.com,444 Jason Prairie,North Jessefurt,OK,74908,4F00MP1TW61,B-H-00780,B-P-01447,Bluepeak,H5243-022,MA,OK,AGE,BP-407410,2025-12-01,,ACTIVE,67876966,26.16,
B-C-01117,"Watson, Roger",33373,(707) 555-0181,roger.watson1117@example.com,04828 Jesse Corner Suite 906,Matthewtown,NC,28875,,B-H-00781,B-P-01448,Meridian Care,18024NC1475242,ACA,NC,,MC-463666,01/01/25,,active,50979283,849.93,
B-C-01118,"Watson, Joshua",21389,(317) 555-0121,joshua.watson1118@example.com,04828 Jesse Corner Suite 906,Matthewtown,NC,28875,8T11VR0DV73,B-H-00781,B-P-01449,Northwind Health,L,MEDSUPP,NC,AGE,NW-446033,07/01/2025,,Active,50979283,166.70,
B-C-01118,"Watson, Joshua",21389,(317) 555-0121,joshua.watson1118@example.com,04828 Jesse Corner Suite 906,Matthewtown,NC,28875,8T11VR0DV73,B-H-00781,B-P-01450,Northwind Health,S2942-020-001,PDP,NC,AGE,NW-159728,2025-07-01,,ACTIVE,50979283,14.40,
B-C-01119,"Chen, Jeff",12/29/1941,(615) 555-0198,jeff.chen1119@example.com,38471 Cooper Union Apt. 306,Pamelaport,CT,06766,7ME0MY8AX09,B-H-00782,B-P-01451,Summit Health Plans,H9807-002,MA,CT,AGE,SH-911977,02/01/25,,active,90228424,31.36,
B-C-01120,"Copeland, Sarah",07/02/1950,(577) 555-0117,sarah.copeland1120@example.com,643 Guerrero Crest,South Susan,HI,96714,4TU7Y86ME99,B-H-00783,B-P-01452,Northwind Health,H3036-004,MA,HI,AGE,NW-384621,04/01/2025,,Active,81157097,2.72,
B-C-01121,"Copeland, Michael",30507,(224) 555-0165,michael.copeland1121@example.com,643 Guerrero Crest,South Susan,HI,96714,,B-H-00783,B-P-01453,Bluepeak,39473HI6745829,ACA,HI,,BP-539407,2026-01-01,,ACTIVE,81157097,618.60,
B-C-01122,"Freeman, Mathew",33411,(560) 555-0138,mathew.freeman1122@example.com,312 Cole Lodge Apt. 996,Lake James,MS,39010,,B-H-00784,B-P-01454,Cardinal Mutual,70072MS2075690,ACA,MS,,CM-829756,01/01/25,12/31/25,terminated,50979283,563.68,
B-C-01122,"Freeman, Mathew",33411,(560) 555-0138,mathew.freeman1122@example.com,312 Cole Lodge Apt. 996,Lake James,MS,39010,,B-H-00784,B-P-01455,Bluepeak,39473MS3161307,ACA,MS,,BP-385993,01/01/2026,,Active,50979283,594.94,
B-C-01123,"Freeman, William",09/01/1940,(815) 555-0189,william.freeman1123@example.com,312 Cole Lodge Apt. 996,Lake James,MS,39010,3YE5N24DT86,B-H-00784,B-P-01456,Harborline,R7629-005,MA,MS,AGE,HL-509658,2024-03-01,,ACTIVE,50979283,20.27,
B-C-01124,"Smith, Denise",34810,(269) 555-0101,,146 Matthew Cove Suite 514,Muellerview,ND,58456,,B-H-00785,B-P-01457,Bluepeak,39473ND9598116,ACA,ND,,BP-848543,01/01/26,,active,93619366,481.94,
B-C-01125,"Smith, Laura",01/21/1938,(347) 555-0160,laura.smith1125@example.com,146 Matthew Cove Suite 514,Muellerview,ND,58456,3JH3F86TV92,B-H-00785,B-P-01458,Cardinal Mutual,R7519-011,MA,ND,AGE,CM-573860,10/01/2024,,Active,93619366,30.17,Asked about dental add-ons at renewal.
B-C-01126,"Silva, Jesus",11/24/1952,(324) 555-0143,jesus.silva1126@example.com,2696 Wells Camp Apt. 380,East Tracy,CT,06617,5R69D07YW64,B-H-00786,B-P-01459,Meridian Care,H4636-005,MA,CT,AGE,MC-614836,2025-07-01,,ACTIVE,20671937,45.74,
B-C-01127,"Thompson, Sandra",10/04/1952,(438) 555-0152,sandra.thompson1127@example.com,078 Christopher Coves,South Anthony,SD,57419,9GE9C56CY99,B-H-00787,B-P-01460,Northwind Health,H3064-028,MA,SD,AGE,NW-820913,04/01/23,,active,49066206,59.57,
B-C-01128,"Hart, Allen",06/07/1941,(732) 555-0164,allen.hart1128@example.com,5473 Kim Meadows,New Daniel,CO,80674,9Q09U59FD10,B-H-00788,B-P-01461,Harborline,H2522-028,MA,CO,AGE,HL-986281,12/01/2024,02/28/2026,Terminated,64493418,36.98,
B-C-01128,"Hart, Allen",06/07/1941,(732) 555-0164,allen.hart1128@example.com,5473 Kim Meadows,New Daniel,CO,80674,9Q09U59FD10,B-H-00788,B-P-01462,Bluepeak,H5243-013-003,MA,CO,AGE,BP-353964,2026-03-01,,ACTIVE,64493418,46.68,
B-C-01129,"Rice, Michael",33036,(294) 555-0197,,2829 Ali Street,Hudsonstad,WI,53766,,B-H-00789,B-P-01463,Northwind Health,61006WI5686415,ACA,WI,,NW-211229,01/01/25,12/31/25,terminated,50979283,776.08,
B-C-01129,"Rice, Michael",33036,(294) 555-0197,,2829 Ali Street,Hudsonstad,WI,53766,,B-H-00789,B-P-01464,Meridian Care,18024WI9444018,ACA,WI,,MC-859155,01/01/2026,,Active,50979283,425.44,
B-C-01130,"Gaines, Nancy",02/10/1940,(216) 555-0127,,736 Sandra Landing,West Stephanie,WY,83000,5R64UP8VD55,B-H-00790,B-P-01465,Meridian Care,K,MEDSUPP,WY,AGE,MC-950451,2023-08-01,,ACTIVE,20671937,113.44,
B-C-01130,"Gaines, Nancy",02/10/1940,(216) 555-0127,,736 Sandra Landing,West Stephanie,WY,83000,5R64UP8VD55,B-H-00790,B-P-01466,Meridian Care,S7287-016,PDP,WY,AGE,MC-976186,08/01/23,,active,20671937,34.50,
B-C-01131,"Kelly, Christian",33410,(270) 555-0123,,47543 Moore Springs Suite 197,Davidbury,CO,80936,,B-H-00791,B-P-01467,Bluepeak,39473CO8945846,ACA,CO,,BP-170826,01/01/2026,,Active,64493418,792.57,
B-C-01132,"Boyd, Sarah",08/23/1941,(842) 555-0160,sarah.boyd1132@example.com,1679 Wagner Corners Apt. 490,New Kimberlyshire,CT,06984,8R40RV2WG27,B-H-00792,B-P-01468,Northwind Health,H3064-026,MA,CT,AGE,NW-387685,2023-06-01,,ACTIVE,51446845,38.80,
B-C-01133,"Boyd, Timothy",36202,(466) 555-0177,timothy.boyd1133@example.com,1679 Wagner Corners Apt. 490,New Kimberlyshire,CT,06984,,B-H-00792,B-P-01469,Northwind Health,61006CT1909773,ACA,CT,,NW-257039,01/01/25,12/31/25,terminated,51446845,444.35,
B-C-01133,"Boyd, Timothy",36202,(466) 555-0177,timothy.boyd1133@example.com,1679 Wagner Corners Apt. 490,New Kimberlyshire,CT,06984,,B-H-00792,B-P-01470,Cardinal Mutual,70072CT3798246,ACA,CT,,CM-374048,01/01/2026,,Active,51446845,621.79,
B-C-01134,"Jones, Kari",20664,(350) 555-0147,,85752 Carney Fall,Lake Sheilafurt,SD,57254,3UR3HR4JV91,B-H-00793,B-P-01471,Northwind Health,H3036-021-001,MA,SD,AGE,NW-435845,2026-01-01,,ACTIVE,49066206,24.71,
B-C-01135,"Mitchell, Kevin",01/27/1934,(648) 555-0148,,656 Robles Roads Apt. 845,New Tara,OR,97072,5PU6HM2QJ43,B-H-00794,B-P-01472,Cardinal Mutual,H5265-008,MA,OR,AGE,CM-197937,03/01/25,,active,9527070,30.06,
B-C-01136,"King, Sarah",12/08/1951,(871) 555-0140,,6957 Anthony Crossing Apt. 482,Melissaview,CA,92110,7TE0VA0KP87,B-H-00795,B-P-01473,Northwind Health,H3064-009,MA,CA,AGE,NW-978764,04/01/2023,,Active,50399119,29.54,
B-C-01137,"Noble, Matthew",02/03/1934,(529) 555-0188,matthew.noble1137@example.com,9155 Richardson Wells,Meaganhaven,CO,80005,5PM9PC6QA90,B-H-00796,B-P-01474,Northwind Health,H3036-022,MA,CO,AGE,NW-148476,2024-12-01,,ACTIVE,49066206,12.21,Prefers mail over phone.
B-C-01138,"Noble, Nichole",21638,(529) 555-0188,nichole.noble1138@example.com,9155 Richardson Wells,Meaganhaven,CO,80005,1AM6A68MM36,B-H-00796,B-P-01475,Meridian Care,H4636-015-003,MA,CO,AGE,MC-283357,03/01/26,,active,49066206,4.01,
B-C-01139,"Sullivan, Michael",08/11/1947,(852) 555-0116,,19709 Angela Camp Suite 636,Parrishfort,NM,88403,6AA5CP4DY14,B-H-00797,B-P-01476,Bluepeak,H5243-005-002,MA,NM,AGE,BP-227193,01/01/2024,,Active,67876966,42.34,
B-C-01140,"Lee, Brenda",07/25/1940,(910) 555-0160,brenda.lee1140@example.com,050 Mcdaniel Centers Suite 333,Port Madison,FL,32274,1H52K12TD61,B-H-00798,B-P-01477,Harborline,H1547-011-002,MA,FL,AGE,HL-463471,2026-04-01,,ACTIVE,90228424,15.90,
B-C-01141,"Preston, Diana",21388,(400) 555-0144,diana.preston1141@example.com,80685 William Shore,Brianton,DC,56905,2JC9UR0HE45,B-H-00799,B-P-01478,Cardinal Mutual,H5265-004,MA,DC,AGE,CM-130682,08/01/24,01/31/26,terminated,24647567,54.29,
B-C-01141,"Preston, Diana",21388,(400) 555-0144,diana.preston1141@example.com,80685 William Shore,Brianton,DC,56905,2JC9UR0HE45,B-H-00799,B-P-01479,Harborline,H1547-009,MA,DC,AGE,HL-518519,02/01/2026,,Active,24647567,50.70,
B-C-01142,"Preston, Angela",05/01/1947,(789) 555-0146,,80685 William Shore,Brianton,DC,56905,1PJ7WW9JU79,B-H-00799,B-P-01480,Cardinal Mutual,H7696-019,MA,DC,AGE,CM-870175,2024-12-01,2026-03-31,TERMINATED,24647567,36.95,
B-C-01142,"Preston, Angela",05/01/1947,(789) 555-0146,,80685 William Shore,Brianton,DC,56905,1PJ7WW9JU79,B-H-00799,B-P-01481,Meridian Care,H4636-009,MA,DC,AGE,MC-361960,04/01/26,,active,24647567,31.82,
B-C-01143,"Woods, Vincent",03/07/1941,(409) 555-0145,vincent.woods1143@example.com,04652 April Viaduct,East Karla,NE,68582,8QN7FA4RN88,B-H-00800,B-P-01482,Cardinal Mutual,H7696-029,MA,NE,AGE,CM-541970,02/01/2024,,Active,94445646,36.58,
B-C-01144,"Woods, Lisa",32509,(888) 555-0135,lisa.woods1144@example.com,04652 April Viaduct,East Karla,NE,68582,,B-H-00800,B-P-01483,Northwind Health,61006NE3951132,ACA,NE,,NW-182283,2025-01-01,,ACTIVE,94445646,880.16,
B-C-01145,"Woods, Douglas",08/23/1941,(888) 555-0135,douglas.woods1145@example.com,04652 April Viaduct,East Karla,NE,68582,5Y54CY5VQ29,B-H-00800,B-P-01484,Meridian Care,K,MEDSUPP,NE,AGE,MC-770828,07/01/22,,active,94445646,218.00,
B-C-01145,"Woods, Douglas",08/23/1941,(888) 555-0135,douglas.woods1145@example.com,04652 April Viaduct,East Karla,NE,68582,5Y54CY5VQ29,B-H-00800,B-P-01485,Meridian Care,S4547-029-002,PDP,NE,AGE,MC-307287,07/01/2022,,Active,94445646,19.62,
B-C-01146,"Moore, David",04/26/1942,(824) 555-0178,david.moore1146@example.com,30663 John Radial,New Christina,OR,97897,5ND3NT4VX76,B-H-00801,B-P-01486,Cardinal Mutual,H5265-020,MA,OR,AGE,CM-830828,2022-08-01,2026-02-28,TERMINATED,9527070,1.42,
B-C-01146,"Moore, David",04/26/1942,(824) 555-0178,david.moore1146@example.com,30663 John Radial,New Christina,OR,97897,5ND3NT4VX76,B-H-00801,B-P-01487,Summit Health Plans,H4044-022,MA,OR,AGE,SH-383173,03/01/26,,active,9527070,15.78,
B-C-01147,"Moore, Lisa",24930,(869) 555-0171,lisa.moore1147@example.com,30663 John Radial,New Christina,OR,97897,,B-H-00801,B-P-01488,Northwind Health,61006OR2034150,ACA,OR,,NW-140544,01/01/2025,12/31/2025,Terminated,9527070,159.06,
B-C-01147,"Moore, Lisa",24930,(869) 555-0171,lisa.moore1147@example.com,30663 John Radial,New Christina,OR,97897,,B-H-00801,B-P-01489,Cardinal Mutual,70072OR0632365,ACA,OR,,CM-159400,2026-01-01,,ACTIVE,9527070,312.04,
B-C-01149,"Zimmerman, Katelyn",22864,(221) 555-0178,,396 Andrew Lock Apt. 937,Morsechester,CO,81660,,B-H-00803,B-P-01492,Northwind Health,61006CO8246380,ACA,CO,,NW-177058,01/01/25,12/31/25,terminated,59893296,168.96,Asked about dental add-ons at renewal.
B-C-01149,"Zimmerman, Katelyn",22864,(221) 555-0178,,396 Andrew Lock Apt. 937,Morsechester,CO,81660,,B-H-00803,B-P-01493,Cardinal Mutual,70072CO8027043,ACA,CO,,CM-163784,01/01/2026,,Active,59893296,879.23,
B-C-01150,"Smith, Samantha",08/18/1941,(762) 555-0145,samantha.smith1150@example.com,77922 Stephen Roads Apt. 142,Port Steven,GA,30288,4WW5RT7NV27,B-H-00804,B-P-01494,Bluepeak,R6570-029,MA,GA,AGE,BP-498659,2024-01-01,,ACTIVE,26047628,20.30,
B-C-01151,"Smith, Melinda",35391,(564) 555-0189,melinda.smith1151@example.com,77922 Stephen Roads Apt. 142,Port Steven,GA,30288,,B-H-00804,B-P-01495,Meridian Care,18024GA3112144,ACA,GA,,MC-559999,01/01/24,,active,26047628,443.16,
B-C-01152,"Murray, Allison",12/21/1939,(694) 555-0182,allison.murray1152@example.com,6106 Sarah Alley,Tracyberg,CT,06605,1X54JG2KJ09,B-H-00805,B-P-01496,Northwind Health,H3064-022,MA,CT,AGE,NW-729093,06/01/2025,,Active,24647567,4.27,
B-C-01153,"Murray, Patrick",04/02/1944,(386) 555-0172,patrick.murray1153@example.com,6106 Sarah Alley,Tracyberg,CT,06605,1MK5AF4HV61,B-H-00805,B-P-01497,Northwind Health,H3064-024,MA,CT,AGE,NW-307907,2022-07-01,,ACTIVE,24647567,6.18,
B-C-01154,"Morse, Veronica",03/19/1934,(449) 555-0153,veronica.morse1154@example.com,689 Sanchez Ford,East Connie,CT,06997,7WY2U82PY97,B-H-00806,B-P-01498,Cardinal Mutual,R6363-013-001,MA,CT,AGE,CM-322025,05/01/22,03/31/25,terminated,91146902,50.80,
B-C-01154,"Morse, Veronica",03/19/1934,(449) 555-0153,veronica.morse1154@example.com,689 Sanchez Ford,East Connie,CT,06997,7WY2U82PY97,B-H-00806,B-P-01499,Summit Health Plans,H9807-010,MA,CT,AGE,SH-802091,04/01/2025,,Active,91146902,44.27,
B-C-01155,"Stone, Brandy",20009,(936) 555-0118,brandy.stone1155@example.com,1305 Christina Pines Apt. 933,Port Emily,MA,01885,3P39HG0NP06,B-H-00807,B-P-01500,Meridian Care,A,MEDSUPP,MA,AGE,MC-586847,2023-10-01,,ACTIVE,90228424,280.95,
B-C-01155,"Stone, Brandy",20009,(936) 555-0118,brandy.stone1155@example.com,1305 Christina Pines Apt. 933,Port Emily,MA,01885,3P39HG0NP06,B-H-00807,B-P-01501,Meridian Care,S7287-028,PDP,MA,AGE,MC-168318,10/01/23,,active,90228424,56.26,
B-C-01156,"Orr, Adrian",04/27/1940,(707) 555-0156,adrian.orr1156@example.com,449 Kayla Lakes,Robinmouth,NV,89490,3JT5PF1RE88,B-H-00808,B-P-01502,Meridian Care,H5913-011,MA,NV,AGE,MC-232528,09/01/2023,,Active,45462976,21.22,
B-C-01157,"Wheeler, Jason",04/10/1938,(931) 555-0195,jason.wheeler1157@example.com,8982 Brian Mountain Apt. 136,Johnsonville,VT,05382,3XJ6M74AJ52,B-H-00809,B-P-01503,Summit Health Plans,H9807-007,MA,VT,AGE,SH-463262,2025-09-01,,ACTIVE,84583776,49.65,
B-C-01158,"Melendez, Denise",08/22/1936,(905) 555-0151,denise.melendez1158@example.com,53537 Goodman Crescent Apt. 765,West Annland,KY,41644,7YN1Y03AM85,B-H-00810,B-P-01504,Harborline,R7629-009,MA,KY,AGE,HL-772413,09/01/23,,active,43888211,35.33,
B-C-01159,"Mitchell, Amanda",07/24/1944,(249) 555-0152,amanda.mitchell1159@example.com,656 Hill Canyon Suite 222,Emilyhaven,DC,20586,6DY8DT3YP95,B-H-00811,B-P-01505,Summit Health Plans,H9807-003,MA,DC,AGE,SH-203437,01/01/2024,,Active,24647567,29.40,
B-C-01160,"Kaufman, Douglas",38275,(621) 555-0176,douglas.kaufman1160@example.com,0641 Alyssa Freeway,Vasquezton,VT,05875,,B-H-00812,B-P-01506,Harborline,17955VT3394257,ACA,VT,,HL-567978,2025-01-01,2025-12-31,TERMINATED,84583776,739.06,
B-C-01160,"Kaufman, Douglas",38275,(621) 555-0176,douglas.kaufman1160@example.com,0641 Alyssa Freeway,Vasquezton,VT,05875,,B-H-00812,B-P-01507,Summit Health Plans,75720VT6100372,ACA,VT,,SH-939519,01/01/26,,active,84583776,734.78,
B-C-01161,"Kaufman, Scott",02/20/1942,(621) 555-0176,scott.kaufman1161@example.com,0641 Alyssa Freeway,Vasquezton,VT,05875,3J03MN8ED34,B-H-00812,B-P-01508,Bluepeak,H5243-022-002,MA,VT,AGE,BP-224607,04/01/2025,04/30/2026,Terminated,84583776,1.84,
B-C-01161,"Kaufman, Scott",02/20/1942,(621) 555-0176,scott.kaufman1161@example.com,0641 Alyssa Freeway,Vasquezton,VT,05875,3J03MN8ED34,B-H-00812,B-P-01509,Harborline,H1547-002-002,MA,VT,AGE,HL-786239,2026-05-01,,ACTIVE,84583776,7.34,
B-C-01162,"Thomas, Heather",01/18/1951,(860) 555-0177,,1982 Copeland Underpass Apt. 092,Bryanview,CA,95264,1VR7AC9CA43,B-H-00813,B-P-01510,Meridian Care,H5913-016,MA,CA,AGE,MC-341465,02/01/23,02/28/25,terminated,50399119,42.29,
B-C-01162,"Thomas, Heather",01/18/1951,(860) 555-0177,,1982 Copeland Underpass Apt. 092,Bryanview,CA,95264,1VR7AC9CA43,B-H-00813,B-P-01511,Summit Health Plans,H4044-017,MA,CA,AGE,SH-205400,03/01/2025,,Active,50399119,52.84,
B-C-01163,"Thomas, Joshua",09/11/1939,(860) 555-0177,joshua.thomas1163@example.com,1982 Copeland Underpass Apt. 092,Bryanview,CA,95264,6FT5C91YA78,B-H-00813,B-P-01512,Cardinal Mutual,S1849-010-001,PDP,CA,AGE,CM-638563,2026-11-01,,PENDING,50399119,70.32,
B-C-01164,"Morgan, Jesse",06/12/1935,(683) 555-0142,jesse.morgan1164@example.com,57894 Williamson Freeway,Kirkland,PA,15268,5UE3AE2UK01,B-H-00814,B-P-01513,Bluepeak,H9161-008,MA,PA,AGE,BP-812754,05/01/25,,active,91146902,58.52,
B-C-01165,"Johnson, Rachel",32179,(939) 555-0121,rachel.johnson1165@example.com,815 Walker Mews Apt. 085,South Daniel,PA,18203,,B-H-00815,B-P-01514,Harborline,17955PA9641466,ACA,PA,,HL-487397,01/01/2025,12/31/2025,Terminated,50399119,436.79,
B-C-01165,"Johnson, Rachel",32179,(939) 555-0121,rachel.johnson1165@example.com,815 Walker Mews Apt. 085,South Daniel,PA,18203,,B-H-00815,B-P-01515,Summit Health Plans,75720PA1874456,ACA,PA,,SH-505366,2026-01-01,,ACTIVE,50399119,395.12,
B-C-01166,"Cantrell, Jesse",20454,(487) 555-0111,jesse.cantrell1166@example.com,8701 Jennifer Stravenue,West Marcside,LA,70620,9RU2UH0TU98,B-H-00816,B-P-01516,Summit Health Plans,N,MEDSUPP,LA,AGE,SH-684915,09/01/23,,active,26047628,289.05,
B-C-01166,"Cantrell, Jesse",20454,(487) 555-0111,jesse.cantrell1166@example.com,8701 Jennifer Stravenue,West Marcside,LA,70620,9RU2UH0TU98,B-H-00816,B-P-01517,Summit Health Plans,S1837-002,PDP,LA,AGE,SH-584387,09/01/2023,,Active,26047628,79.32,
B-C-01167,"Cantrell, Alyssa",38523,(203) 555-0109,,8701 Jennifer Stravenue,West Marcside,LA,70620,,B-H-00816,B-P-01518,Meridian Care,18024LA7465148,ACA,LA,,MC-171469,2026-01-01,,ACTIVE,26047628,315.89,
B-C-01168,"Colon, Melanie",03/29/1944,(237) 555-0177,melanie.colon1168@example.com,4699 Pamela Ford Apt. 778,Aguirretown,CT,06203,6X48MA7HG85,B-H-00817,B-P-01519,Bluepeak,G,MEDSUPP,CT,AGE,BP-660399,04/01/25,,active,24647567,306.87,
B-C-01168,"Colon, Melanie",03/29/1944,(237) 555-0177,melanie.colon1168@example.com,4699 Pamela Ford Apt. 778,Aguirretown,CT,06203,6X48MA7HG85,B-H-00817,B-P-01520,Bluepeak,S7317-013,PDP,CT,AGE,BP-301630,04/01/2025,,Active,24647567,71.95,
B-C-01169,"Walker, Amy",06/25/1938,(300) 555-0108,amy.walker1169@example.com,0271 Paul Way,New Stephen,OK,73845,1J72V42MJ72,B-H-00818,B-P-01521,Harborline,H2522-028-001,MA,OK,AGE,HL-647795,2026-05-01,,ACTIVE,81157097,52.26,
B-C-01170,"Walker, Karen",02/26/1934,(533) 555-0175,karen.walker1170@example.com,0271 Paul Way,New Stephen,OK,73845,1GG0W79YH31,B-H-00818,B-P-01522,Bluepeak,H9161-022,MA,OK,AGE,BP-917013,08/01/22,,active,81157097,52.21,
B-C-01171,"Silva, John",05/03/1943,(668) 555-0172,,664 Thomas Streets,West Claytonfurt,VT,05790,8TG6EV4QA97,B-H-00819,B-P-01523,Meridian Care,S7287-030,PDP,VT,AGE,MC-223171,09/01/2023,,Active,84583776,63.29,
B-C-01172,"Miller, Aaron",03/14/1946,(931) 555-0147,aaron.miller1172@example.com,9538 Hannah Via Suite 041,Walkerhaven,SD,57502,4M15J28JE63,B-H-00820,B-P-01524,Northwind Health,G,MEDSUPP,SD,AGE,NW-181193,2025-02-01,,ACTIVE,49066206,95.82,
B-C-01172,"Miller, Aaron",03/14/1946,(931) 555-0147,aaron.miller1172@example.com,9538 Hannah Via Suite 041,Walkerhaven,SD,57502,4M15J28JE63,B-H-00820,B-P-01525,Northwind Health,S9721-004,PDP,SD,AGE,NW-418099,02/01/25,,active,49066206,63.16,Client prefers materials en español.
B-C-01173,"Miller, Clinton",01/14/1944,(250) 555-0195,clinton.miller1173@example.com,9538 Hannah Via Suite 041,Walkerhaven,SD,57502,2YR6J04DW17,B-H-00820,B-P-01526,Bluepeak,H5243-020,MA,SD,AGE,BP-921231,11/01/2026,,Pending,49066206,6.82,
B-C-01174,"Lynch, Glen",36528,(408) 555-0194,glen.lynch1174@example.com,26521 Myers Lights Suite 116,Henryfort,NC,28003,,B-H-00821,B-P-01527,Cardinal Mutual,70072NC8436376,ACA,NC,,CM-918976,2026-01-01,,ACTIVE,50979283,883.41,
B-C-01175,"Lynch, Michael",12/15/1941,(408) 555-0194,michael.lynch1175@example.com,26521 Myers Lights Suite 116,Henryfort,NC,28003,9MN6A28XP49,B-H-00821,B-P-01528,Cardinal Mutual,H7696-028-002,MA,NC,AGE,CM-119504,06/01/24,04/30/26,terminated,50979283,58.52,
B-C-01175,"Lynch, Michael",12/15/1941,(408) 555-0194,michael.lynch1175@example.com,26521 Myers Lights Suite 116,Henryfort,NC,28003,9MN6A28XP49,B-H-00821,B-P-01529,Harborline,H1547-006-002,MA,NC,AGE,HL-392688,05/01/2026,,Active,50979283,32.64,
B-C-01176,"Anderson, William",02/12/1953,(506) 555-0107,,649 Emily Tunnel,Lindsayport,NC,28322,4RU1UD5EV68,B-H-00822,B-P-01530,Harborline,H1547-010,MA,NC,AGE,HL-394829,2026-11-01,,PENDING,50979283,36.13,
B-C-01177,"Turner, Paul",07/24/1949,(380) 555-0189,,4130 Sims Springs Suite 792,East Kristenchester,CT,06326,9N38TJ9KQ32,B-H-00823,B-P-01531,Bluepeak,G,MEDSUPP,CT,AGE,BP-684819,09/01/22,,active,20671937,162.85,
B-C-01177,"Turner, Paul",07/24/1949,(380) 555-0189,,4130 Sims Springs Suite 792,East Kristenchester,CT,06326,9N38TJ9KQ32,B-H-00823,B-P-01532,Bluepeak,S2427-021,PDP,CT,AGE,BP-211914,09/01/2022,,Active,20671937,64.13,
B-C-01178,"Johnson, Judith",21565,(231) 555-0139,judith.johnson1178@example.com,239 Sparks Centers,East Denise,DE,19853,9XJ6TY9ET24,B-H-00824,B-P-01533,Cardinal Mutual,H5265-019-001,MA,DE,AGE,CM-799916,2025-05-01,,ACTIVE,59893296,1.34,
B-C-01179,"Walker, Rebecca",04/18/1953,(379) 555-0145,rebecca.walker1179@example.com,043 Michael Square,North Taylorton,MA,01985,6N15XY4JP09,B-H-00825,B-P-01534,Bluepeak,H5243-007,MA,MA,AGE,BP-799736,10/01/23,,active,90228424,2.09,
B-C-01180,"Wilson, Daniel",03/08/1949,(457) 555-0164,daniel.wilson1180@example.com,1061 Carr Roads Apt. 769,Russellmouth,VT,05135,1UX3DP3NX04,B-H-00826,B-P-01535,Harborline,H2522-028-001,MA,VT,AGE,HL-124076,03/01/2026,,Active,84583776,28.71,
B-C-01181,"Wilson, Teresa",07/25/1941,(681) 555-0160,teresa.wilson1181@example.com,1061 Carr Roads Apt. 769,Russellmouth,VT,05135,7E92DH5FE25,B-H-00826,B-P-01536,Bluepeak,H5243-028,MA,VT,AGE,BP-966281,2024-01-01,,ACTIVE,84583776,34.25,
B-C-01182,"Bernard, Antonio",28019,(929) 555-0125,antonio.bernard1182@example.com,2748 Novak Ports,North Erica,OK,74403,,B-H-00827,B-P-01537,Meridian Care,18024OK0924498,ACA,OK,,MC-192258,01/01/25,12/31/25,terminated,67876966,194.63,
B-C-01182,"Bernard, Antonio",28019,(929) 555-0125,antonio.bernard1182@example.com,2748 Novak Ports,North Erica,OK,74403,,B-H-00827,B-P-01538,Bluepeak,39473OK2415577,ACA,OK,,BP-483311,01/01/2026,,Active,67876966,251.63,
B-C-01183,"Collins, Cassandra",06/05/1935,(942) 555-0186,cassandra.collins1183@example.com,07304 Chapman Flat Suite 515,West Olivia,OK,74378,7MF3E35QY87,B-H-00828,B-P-01539,Harborline,H1547-012-002,MA,OK,AGE,HL-715083,2022-09-01,,ACTIVE,67876966,51.54,
B-C-01184,"Richard, Brianna",05/09/1951,(675) 555-0151,brianna.richard1184@example.com,99925 Burns Gardens,Ramirezburgh,SD,57290,7WG7CT5CH86,B-H-00829,B-P-01540,Cardinal Mutual,H5265-006,MA,SD,AGE,CM-656767,07/01/23,,active,49066206,26.85,
B-C-01185,"Richard, Jamie",25893,(584) 555-0168,jamie.richard1185@example.com,99925 Burns Gardens,Ramirezburgh,SD,57290,,B-H-00829,B-P-01541,Cardinal Mutual,70072SD5047948,ACA,SD,,CM-637608,01/01/2025,,Active,49066206,462.51,
B-C-01186,"Richard, Kellie",23870,(776) 555-0162,kellie.richard1186@example.com,99925 Burns Gardens,Ramirezburgh,SD,57290,,B-H-00829,B-P-01542,Harborline,17955SD8358326,ACA,SD,,HL-644205,2025-01-01,2025-12-31,TERMINATED,49066206,839.68,
B-C-01186,"Richard, Kellie",23870,(776) 555-0162,kellie.richard1186@example.com,99925 Burns Gardens,Ramirezburgh,SD,57290,,B-H-00829,B-P-01543,Bluepeak,39473SD6746099,ACA,SD,,BP-983227,01/01/26,,active,49066206,855.08,
B-C-01187,"Sparks, Ryan",22914,(440) 555-0105,ryan.sparks1187@example.com,22528 Timothy Throughway,Anthonyfurt,AR,71826,,B-H-00830,B-P-01544,Cardinal Mutual,70072AR4191850,ACA,AR,,CM-813465,01/01/2026,,Active,93619366,281.96,
B-C-01188,"Martinez, Renee",20214,(743) 555-0111,renee.martinez1188@example.com,0178 Hebert Passage,West Jessicaland,CT,06929,5QX1U64PR90,B-H-00831,B-P-01545,Meridian Care,H5913-014,MA,CT,AGE,MC-973675,2025-12-01,,ACTIVE,24647567,48.05,
B-C-01189,"Martinez, Ethan",21139,(848) 555-0138,,0178 Hebert Passage,West Jessicaland,CT,06929,1CT8UQ5RC91,B-H-00831,B-P-01546,Northwind Health,S2942-007,PDP,CT,AGE,NW-911270,01/01/23,,active,24647567,68.22,
B-C-01190,"Harper, Craig",32522,(972) 555-0116,craig.harper1190@example.com,8575 Garcia Extensions Suite 427,New Justin,OR,97622,,B-H-00832,B-P-01547,Harborline,17955OR5362465,ACA,OR,,HL-420684,01/01/2024,,Active,43888211,619.26,
B-C-01191,"Harper, Michael",07/29/1949,(972) 555-0116,,8575 Garcia Extensions Suite 427,New Justin,OR,97622,2T71VU9QV85,B-H-00832,B-P-01548,Harborline,H1547-005,MA,OR,AGE,HL-741491,2023-01-01,,ACTIVE,43888211,53.45,
B-C-01192,"Fitzgerald, Melvin",10/16/1942,(361) 555-0146,,52789 Christina Station,Port Brandon,OK,73670,3DC7FV1NC20,B-H-00833,B-P-01549,Meridian Care,H5913-025-001,MA,OK,AGE,MC-377067,07/01/23,,active,81157097,33.55,
B-C-01193,"Kirk, Stephanie",21169,(493) 555-0144,stephanie.kirk1193@example.com,4721 Williams Walks Suite 669,South Michael,TX,78449,7Y05PX2GU76,B-H-00834,B-P-01550,Meridian Care,L,MEDSUPP,TX,AGE,MC-542154,07/01/2025,,Active,14829889,144.06,
B-C-01193,"Kirk, Stephanie",21169,(493) 555-0144,stephanie.kirk1193@example.com,4721 Williams Walks Suite 669,South Michael,TX,78449,7Y05PX2GU76,B-H-00834,B-P-01551,Meridian Care,S4547-002,PDP,TX,AGE,MC-967371,2025-07-01,,ACTIVE,14829889,83.88,
B-C-01194,"Kirk, Jennifer",12/17/1941,(802) 555-0128,jennifer.kirk1194@example.com,4721 Williams Walks Suite 669,South Michael,TX,78449,4F16XG2NA75,B-H-00834,B-P-01552,Summit Health Plans,H4044-010-001,MA,TX,AGE,SH-312884,12/01/25,,active,14829889,52.78,
B-C-01195,"Moore, Tracey",01/24/1942,(545) 555-0145,tracey.moore1195@example.com,334 Martinez Mission Apt. 049,North Jenniferport,CT,06530,4D99VU8QA84,B-H-00835,B-P-01553,Cardinal Mutual,H7696-024-002,MA,CT,AGE,CM-983108,06/01/2025,,Active,24647567,11.17,
B-C-01196,"Santiago, Rebecca",08/24/1950,(950) 555-0141,rebecca.santiago1196@example.com,5099 Hannah Creek Apt. 898,Timothyshire,UT,84289,8P37UH0QD46,B-H-00836,B-P-01554,Cardinal Mutual,H5265-027,MA,UT,AGE,CM-426279,2024-05-01,2025-04-30,TERMINATED,45462976,52.30,
B-C-01196,"Santiago, Rebecca",08/24/1950,(950) 555-0141,rebecca.santiago1196@example.com,5099 Hannah Creek Apt. 898,Timothyshire,UT,84289,8P37UH0QD46,B-H-00836,B-P-01555,Meridian Care,H4636-006,MA,UT,AGE,MC-909758,05/01/25,,active,45462976,27.25,
B-C-01197,"Lewis, Terri",27715,(464) 555-0188,terri.lewis1197@example.com,6491 Brown Ports,North Seth,WY,82940,,B-H-00837,B-P-01556,Northwind Health,61006WY0647942,ACA,WY,,NW-840979,01/01/2026,,Active,84583776,360.98,
B-C-01198,"Lewis, John",24899,(464) 555-0188,,6491 Brown Ports,North Seth,WY,82940,,B-H-00837,B-P-01557,Cardinal Mutual,70072WY1736176,ACA,WY,,CM-982949,2025-01-01,,ACTIVE,84583776,699.45,
B-C-01199,"Thomas, John",07/14/1944,(445) 555-0160,,834 Davis Spur,West Christine,OK,73850,3PW6HC6YG71,B-H-00838,B-P-01558,Bluepeak,H9161-003,MA,OK,AGE,BP-161617,03/01/25,,active,67876966,31.93,
B-C-01200,"Thomas, Jose",03/14/1950,(445) 555-0160,,834 Davis Spur,West Christine,OK,73850,8M01VN1EG36,B-H-00838,B-P-01559,Harborline,H2522-013,MA,OK,AGE,HL-141516,09/01/2024,,Active,67876966,32.17,
B-C-01201,"Newman, Karen",29553,(260) 555-0138,karen.newman1201@example.com,30480 Gonzalez Flats Suite 104,North Christineport,SD,57469,,B-H-00839,B-P-01560,Northwind Health,61006SD4457912,ACA,SD,,NW-500049,2024-01-01,,ACTIVE,84583776,577.23,
B-C-01202,"Newman, Michael",01/31/1951,(968) 555-0124,michael.newman1202@example.com,30480 Gonzalez Flats Suite 104,North Christineport,SD,57469,6WU3H91RY35,B-H-00839,B-P-01561,Meridian Care,H4636-029,MA,SD,AGE,MC-347168,08/01/23,12/31/24,terminated,84583776,36.97,
B-C-01202,"Newman, Michael",01/31/1951,(968) 555-0124,michael.newman1202@example.com,30480 Gonzalez Flats Suite 104,North Christineport,SD,57469,6WU3H91RY35,B-H-00839,B-P-01562,Cardinal Mutual,H7696-030,MA,SD,AGE,CM-907665,01/01/2025,,Active,84583776,16.62,
B-C-01203,"Barton, Ashley",03/06/1938,(342) 555-0120,ashley.barton1203@example.com,144 Morton Loop,Gonzalezberg,CO,80300,5F71ER3QP67,B-H-00840,B-P-01563,Summit Health Plans,R4076-004,MA,CO,AGE,SH-712776,2025-08-01,,ACTIVE,49066206,39.91,
B-C-01204,"Barton, John",10/21/1936,(771) 555-0183,john.barton1204@example.com,144 Morton Loop,Gonzalezberg,CO,80300,1WW8Y02XV27,B-H-00840,B-P-01564,Meridian Care,A,MEDSUPP,CO,AGE,MC-251830,03/01/26,,active,49066206,289.75,
B-C-01204,"Barton, John",10/21/1936,(771) 555-0183,john.barton1204@example.com,144 Morton Loop,Gonzalezberg,CO,80300,1WW8Y02XV27,B-H-00840,B-P-01565,Meridian Care,S7287-019-001,PDP,CO,AGE,MC-872429,03/01/2026,,Active,49066206,43.40,
B-C-01205,"Leon, Jeremy",01/18/1950,(674) 555-0105,jeremy.leon1205@example.com,95214 Wilcox Terrace Suite 221,North Bobby,NV,89403,1F06CR5NM43,B-H-00841,B-P-01566,Meridian Care,H4636-001,MA,NV,AGE,MC-522437,2022-01-01,2024-12-31,TERMINATED,37947372,6.07,
B-C-01205,"Leon, Jeremy",01/18/1950,(674) 555-0105,jeremy.leon1205@example.com,95214 Wilcox Terrace Suite 221,North Bobby,NV,89403,1F06CR5NM43,B-H-00841,B-P-01567,Northwind Health,H3064-028,MA,NV,AGE,NW-292065,01/01/25,,active,37947372,18.20,
B-C-01206,"Hernandez, Charles",08/17/1951,(901) 555-0136,charles.hernandez1206@example.com,130 Kevin Coves Suite 910,Micheleton,MO,63140,7NK9C67WT25,B-H-00842,B-P-01568,Cardinal Mutual,H5265-016,MA,MO,AGE,CM-739978,04/01/2024,,Active,81157097,57.31,
B-C-01207,"Hughes, Madison",28732,(841) 555-0119,madison.hughes1207@example.com,2349 Arthur Hills,Williamsland,DE,19870,,B-H-00843,B-P-01569,Meridian Care,18024DE5927230,ACA,DE,,MC-560910,2026-01-01,,ACTIVE,59893296,661.71,
B-C-01208,"Hughes, Richard",06/30/1936,(841) 555-0119,richard.hughes1208@example.com,2349 Arthur Hills,Williamsland,DE,19870,9F79RX3HH71,B-H-00843,B-P-01570,Cardinal Mutual,H7696-019,MA,DE,AGE,CM-694392,10/01/23,,active,59893296,58.21,
B-C-01209,"Austin, Crystal",31206,(606) 555-0126,,8607 Carl Vista Apt. 909,Port Jillview,NM,87837,,B-H-00844,B-P-01571,Cardinal Mutual,70072NM7739897,ACA,NM,,CM-408462,01/01/2026,,Active,67876966,673.36,
B-C-01210,"Bernard, Chelsea",08/31/1953,(395) 555-0127,,748 Michael Mountains Suite 074,Rogersburgh,DE,19924,5H38HD8HH82,B-H-00845,B-P-01572,Meridian Care,H5913-001,MA,DE,AGE,MC-853957,2024-05-01,,ACTIVE,69777236,18.31,
B-C-01211,"Blair, William",21405,(512) 555-0172,william.blair1211@example.com,1942 Wong Path,New Aaronburgh,NV,89874,5WT1G80CE28,B-H-00846,B-P-01573,Northwind Health,H3064-027-002,MA,NV,AGE,NW-297377,07/01/24,,active,37947372,3.91,
B-C-01212,"Blair, Gary",05/25/1934,(798) 555-0193,gary.blair1212@example.com,1942 Wong Path,New Aaronburgh,NV,89874,2DY6XM9WD80,B-H-00846,B-P-01574,Summit Health Plans,B,MEDSUPP,NV,AGE,SH-473614,04/01/2025,,Active,37947372,272.39,
B-C-01212,"Blair, Gary",05/25/1934,(798) 555-0193,gary.blair1212@example.com,1942 Wong Path,New Aaronburgh,NV,89874,2DY6XM9WD80,B-H-00846,B-P-01575,Summit Health Plans,S4824-029,PDP,NV,AGE,SH-350616,2025-04-01,,ACTIVE,37947372,58.95,
B-C-01213,"Blair, Brenda",11/28/1949,(203) 555-0192,brenda.blair1213@example.com,1942 Wong Path,New Aaronburgh,NV,89874,6ED1HP1RF95,B-H-00846,B-P-01576,Cardinal Mutual,H5265-030,MA,NV,AGE,CM-302452,06/01/23,08/31/25,terminated,37947372,40.92,
B-C-01213,"Blair, Brenda",11/28/1949,(203) 555-0192,brenda.blair1213@example.com,1942 Wong Path,New Aaronburgh,NV,89874,6ED1HP1RF95,B-H-00846,B-P-01577,Northwind Health,H3064-027-001,MA,NV,AGE,NW-564820,09/01/2025,,Active,37947372,16.62,
B-C-01214,"Peters, Sara",21999,(544) 555-0104,sara.peters1214@example.com,6312 Sarah Crest Apt. 001,North Amy,NE,68861,6PY0CP7GT36,B-H-00847,B-P-01578,Harborline,G,MEDSUPP,NE,AGE,HL-364457,2025-04-01,,ACTIVE,94445646,287.87,
B-C-01214,"Peters, Sara",21999,(544) 555-0104,sara.peters1214@example.com,6312 Sarah Crest Apt. 001,North Amy,NE,68861,6PY0CP7GT36,B-H-00847,B-P-01579,Harborline,S4178-020,PDP,NE,AGE,HL-514660,04/01/25,,active,94445646,45.24,
B-C-01215,"Gutierrez, Daniel",06/09/1935,(477) 555-0180,daniel.gutierrez1215@example.com,31143 Stephens Lodge Suite 235,North Willie,DE,19812,8CK5PY8EY56,B-H-00848,B-P-01580,Harborline,N,MEDSUPP,DE,AGE,HL-192647,03/01/2024,,Active,69777236,217.61,
B-C-01215,"Gutierrez, Daniel",06/09/1935,(477) 555-0180,daniel.gutierrez1215@example.com,31143 Stephens Lodge Suite 235,North Willie,DE,19812,8CK5PY8EY56,B-H-00848,B-P-01581,Harborline,S4178-026,PDP,DE,AGE,HL-554282,2024-03-01,,ACTIVE,69777236,39.24,
B-C-01216,"Lewis, Shirley",09/08/1949,(543) 555-0174,shirley.lewis1216@example.com,182 Anthony Mountain,Mariaville,OR,97506,3PQ9AT4FA94,B-H-00849,B-P-01582,Cardinal Mutual,H7696-015,MA,OR,AGE,CM-532307,01/01/23,,active,93619366,10.17,
B-C-01217,"Cooper, Maria",02/24/1943,(690) 555-0164,maria.cooper1217@example.com,61681 Greene Loop,East Chadburgh,ND,58054,6T98F07CU07,B-H-00850,B-P-01583,Cardinal Mutual,H7696-030-001,MA,ND,AGE,CM-185816,06/01/2025,,Active,93619366,13.16,
B-C-01218,"Cooper, Daniel",27180,(384) 555-0160,,61681 Greene Loop,East Chadburgh,ND,58054,,B-H-00850,B-P-01584,Cardinal Mutual,70072ND7184636,ACA,ND,,CM-854730,2026-01-01,,ACTIVE,93619366,233.93,
B-C-01219,"Scott, Chris",03/30/1952,(808) 555-0168,chris.scott1219@example.com,69866 Amanda Falls,Millerchester,AZ,85160,7A42W36TK47,B-H-00851,B-P-01585,Bluepeak,H9161-008,MA,AZ,AGE,BP-531717,04/01/25,,active,14829889,20.90,
B-C-01220,"Barrera, Robert",04/19/1954,(511) 555-0198,robert.barrera1220@example.com,0822 Paula Track,West William,OR,97865,5UK8NF2CU02,B-H-00852,B-P-01586,Northwind Health,H3064-006,MA,OR,AGE,NW-746171,12/01/2022,04/30/2026,Terminated,43888211,42.84,
B-C-01220,"Barrera, Robert",04/19/1954,(511) 555-0198,robert.barrera1220@example.com,0822 Paula Track,West William,OR,97865,5UK8NF2CU02,B-H-00852,B-P-01587,Bluepeak,R6570-002-002,MA,OR,AGE,BP-233430,2026-05-01,,ACTIVE,43888211,20.54,
B-C-01221,"Black, Scott",21786,(266) 555-0139,scott.black1221@example.com,20833 Nicholas Road Apt. 738,Stokesstad,ND,58344,3WU7AM0HP09,B-H-00853,B-P-01588,Cardinal Mutual,H7696-005-003,MA,ND,AGE,CM-864622,12/01/24,,active,93619366,41.23,
B-C-01222,"Saunders, Joel",32174,(569) 555-0121,joel.saunders1222@example.com,05659 Luna Crest,North Russell,SD,57048,,B-H-00854,B-P-01589,Cardinal Mutual,70072SD5484727,ACA,SD,,CM-754237,01/01/2024,,Active,49066206,892.52,
B-C-01223,"Keith, Daniel",21644,(742) 555-0133,daniel.keith1223@example.com,92399 Frey Dam Apt. 896,Lake Keith,CO,80666,2V64PG6YA45,B-H-00855,B-P-01590,Bluepeak,L,MEDSUPP,CO,AGE,BP-834715,2025-11-01,,ACTIVE,64493418,271.67,
B-C-01223,"Keith, Daniel",21644,(742) 555-0133,daniel.keith1223@example.com,92399 Frey Dam Apt. 896,Lake Keith,CO,80666,2V64PG6YA45,B-H-00855,B-P-01591,Bluepeak,S2427-009,PDP,CO,AGE,BP-133969,11/01/25,,active,64493418,44.39,
B-C-01224,"Keith, Olivia",26599,(447) 555-0149,olivia.keith1224@example.com,82202 Samuel Prairie,South Andrew,CT,06884,,B-H-00856,B-P-01592,Summit Health Plans,75720CT4995575,ACA,CT,,SH-598127,01/01/2024,,Active,51446845,383.34,
B-C-01225,"Munoz, Angela",12/03/1940,(877) 555-0137,angela.munoz1225@example.com,893 Mullen Square,East Brandonburgh,DE,19820,4MR3CT0JY82,B-H-00857,B-P-01593,Cardinal Mutual,H5265-011,MA,DE,AGE,CM-239109,2024-07-01,,ACTIVE,69777236,57.40,
B-C-01226,"Smith, Erika",04/17/1951,(952) 555-0159,erika.smith1226@example.com,9142 James Court Apt. 287,Luischester,WY,82233,3VY7HV7YV36,B-H-00858,B-P-01594,Cardinal Mutual,H5265-018-001,MA,WY,AGE,CM-527706,01/01/23,,active,91146902,26.29,
B-C-01227,"Smith, Keith",03/01/1949,(387) 555-0186,,9142 James Court Apt. 287,Luischester,WY,82233,4Q72RN9GJ84,B-H-00858,B-P-01595,Bluepeak,H9161-030,MA,WY,AGE,BP-833698,07/01/2023,09/30/2024,Terminated,91146902,11.70,
B-C-01227,"Smith, Keith",03/01/1949,(387) 555-0186,,9142 James Court Apt. 287,Luischester,WY,82233,4Q72RN9GJ84,B-H-00858,B-P-01596,Northwind Health,H3064-016,MA,WY,AGE,NW-558456,2024-10-01,,ACTIVE,91146902,48.15,
B-C-01228,"Myers, Kendra",10/08/1934,(872) 555-0179,kendra.myers1228@example.com,03016 Kayla Lights Apt. 187,Jessicamouth,CT,06816,1C32DA1EP81,B-H-00859,B-P-01597,Bluepeak,H5243-003,MA,CT,AGE,BP-874327,05/01/25,,active,51446845,31.28,
B-C-01229,"Myers, Heather",07/18/1946,(872) 555-0179,,03016 Kayla Lights Apt. 187,Jessicamouth,CT,06816,9G29KW4DJ18,B-H-00859,B-P-01598,Cardinal Mutual,H5265-029,MA,CT,AGE,CM-484256,08/01/2024,07/31/2025,Terminated,51446845,12.60,
B-C-01229,"Myers, Heather",07/18/1946,(872) 555-0179,,03016 Kayla Lights Apt. 187,Jessicamouth,CT,06816,9G29KW4DJ18,B-H-00859,B-P-01599,Northwind Health,H3036-024-003,MA,CT,AGE,NW-561540,2025-08-01,,ACTIVE,51446845,19.53,
B-C-01230,"Gomez-Smith, James",05/30/1947,(631) 555-0154,james.gomezsmith1230@example.com,8427 Christopher Fort,North Alisha,VA,23663,3E22Q30RP01,B-H-00860,B-P-01600,Bluepeak,H5243-003,MA,VA,AGE,BP-970651,05/01/24,,active,98787777,52.84,
B-C-01231,"Miller, Shannon",04/11/1937,(672) 555-0141,shannon.miller1231@example.com,655 Russell Junctions Apt. 548,South Juan,VA,23967,9PX4GD9JU93,B-H-00861,B-P-01601,Harborline,H1547-007-002,MA,VA,AGE,HL-106639,09/01/2024,,Active,98787777,9.30,
B-C-01232,"Mendoza, Robert",06/25/1949,(794) 555-0127,robert.mendoza1232@example.com,9243 Stewart Estates,Rodneyfurt,TN,38352,5T99UV6WK41,B-H-00862,B-P-01602,Bluepeak,H5243-009-002,MA,TN,AGE,BP-343347,2024-06-01,,ACTIVE,45462976,35.52,
B-C-01233,"Mendoza, Glenn",02/13/1947,(437) 555-0126,glenn.mendoza1233@example.com,9243 Stewart Estates,Rodneyfurt,TN,38352,2WW7RC8JW25,B-H-00862,B-P-01603,Bluepeak,N,MEDSUPP,TN,AGE,BP-686186,05/01/24,,active,45462976,318.67,
B-C-01233,"Mendoza, Glenn",02/13/1947,(437) 555-0126,glenn.mendoza1233@example.com,9243 Stewart Estates,Rodneyfurt,TN,38352,2WW7RC8JW25,B-H-00862,B-P-01604,Bluepeak,S7317-029,PDP,TN,AGE,BP-398182,05/01/2024,,Active,45462976,16.63,
B-C-01234,"Crawford, Terrance",37330,(979) 555-0165,terrance.crawford1234@example.com,0790 Gray Loaf Suite 917,Lake Emilymouth,MO,65069,,B-H-00863,B-P-01605,Northwind Health,61006MO7454629,ACA,MO,,NW-606370,2026-01-01,,ACTIVE,69777236,414.03,
B-C-01235,"Crawford, Elizabeth",05/21/1942,(412) 555-0144,elizabeth.crawford1235@example.com,0790 Gray Loaf Suite 917,Lake Emilymouth,MO,65069,3Y12C77PJ60,B-H-00863,B-P-01606,Summit Health Plans,H9807-010,MA,MO,AGE,SH-509885,10/01/24,03/31/26,terminated,69777236,5.66,
B-C-01235,"Crawford, Elizabeth",05/21/1942,(412) 555-0144,elizabeth.crawford1235@example.com,0790 Gray Loaf Suite 917,Lake Emilymouth,MO,65069,3Y12C77PJ60,B-H-00863,B-P-01607,Cardinal Mutual,H7696-025,MA,MO,AGE,CM-462964,04/01/2026,,Active,69777236,15.26,
B-C-01236,"Mcneil, Brent",11/22/1947,(589) 555-0139,brent.mcneil1236@example.com,633 Kevin Centers Suite 584,West Dorothy,CT,06176,2VV0U95CC35,B-H-00864,B-P-01608,Cardinal Mutual,G,MEDSUPP,CT,AGE,CM-467636,2025-08-01,,ACTIVE,51446845,219.84,
B-C-01236,"Mcneil, Brent",11/22/1947,(589) 555-0139,brent.mcneil1236@example.com,633 Kevin Centers Suite 584,West Dorothy,CT,06176,2VV0U95CC35,B-H-00864,B-P-01609,Cardinal Mutual,S6685-011,PDP,CT,AGE,CM-838767,08/01/25,,active,51446845,6.66,
B-C-01237,"Brown, Teresa",11/18/1947,(257) 555-0121,teresa.brown1237@example.com,269 Wang Shores,South Robert,PA,16078,8YT4EC0FP33,B-H-00865,B-P-01610,Summit Health Plans,K,MEDSUPP,PA,AGE,SH-340198,11/01/2023,,Active,64493418,261.37,
B-C-01237,"Brown, Teresa",11/18/1947,(257) 555-0121,teresa.brown1237@example.com,269 Wang Shores,South Robert,PA,16078,8YT4EC0FP33,B-H-00865,B-P-01611,Summit Health Plans,S1837-022,PDP,PA,AGE,SH-657154,2023-11-01,,ACTIVE,64493418,21.65,
B-C-01238,"Gonzalez, Kimberly",10/17/1937,(773) 555-0110,kimberly.gonzalez1238@example.com,994 Brittany Crescent,Port Kevinmouth,SD,57785,3QK4GN9QC01,B-H-00866,B-P-01612,Harborline,H2522-028,MA,SD,AGE,HL-214203,08/01/24,,active,49066206,18.72,
B-C-01239,"Garza, Bernard",35275,(796) 555-0119,bernard.garza1239@example.com,35757 Julie Keys Apt. 028,Taylorburgh,DE,19749,9V69AH9VV69,B-H-00867,B-P-01613,Meridian Care,H4636-010-003,MA,DE,DISABILITY,MC-941893,02/01/2023,,Active,59893296,51.85,
B-C-01240,"Cooley, Micheal",23601,(743) 555-0128,micheal.cooley1240@example.com,434 Nicholas Landing Suite 007,Lisafurt,DE,19985,,B-H-00868,B-P-01614,Bluepeak,39473DE5961843,ACA,DE,,BP-413416,2024-01-01,,ACTIVE,69777236,563.28,
B-C-01241,"Cooley, Sarah",24843,(743) 555-0128,,434 Nicholas Landing Suite 007,Lisafurt,DE,19985,1Q76N17VE24,B-H-00868,B-P-01615,Bluepeak,H9161-013,MA,DE,ESRD,BP-415816,08/01/24,,active,69777236,33.90,
B-C-01242,"Dickerson, Kristin",07/04/1942,(883) 555-0145,kristin.dickerson1242@example.com,02241 Robert Keys Apt. 300,Ashleymouth,NM,87536,1EA2QG9UJ30,B-H-00869,B-P-01616,Cardinal Mutual,S1849-026,PDP,NM,AGE,CM-371195,11/01/2023,,Active,67876966,34.90,
B-C-01243,"Simon, Brandon",06/14/1938,(618) 555-0143,brandon.simon1243@example.com,532 Kelsey Springs,Rogersfort,AR,72216,4TK8QP1WA46,B-H-00870,B-P-01617,Cardinal Mutual,H7696-028-001,MA,AR,AGE,CM-439889,2024-03-01,,ACTIVE,98787777,37.26,
B-C-01244,"Lara, Amanda",21941,(737) 555-0130,amanda.lara1244@example.com,4462 Heather Mill Apt. 143,Francisfort,MS,39352,1QP8K06KU39,B-H-00871,B-P-01618,Cardinal Mutual,S1849-018,PDP,MS,AGE,CM-824264,04/01/25,,active,50979283,85.12,
B-C-01245,"Haynes, Russell",20074,(956) 555-0114,russell.haynes1245@example.com,3580 Daniel Mission Apt. 065,Andersonshire,CO,81219,8NK7N69DY15,B-H-00872,B-P-01619,Northwind Health,H3064-011-001,MA,CO,AGE,NW-365488,06/01/2023,,Active,59893296,4.02,
B-C-01246,"Myers, Alicia",08/13/1949,(648) 555-0195,,054 Wells Spring Apt. 309,South Jasonborough,PA,16675,1UV8TR8XF47,B-H-00873,B-P-01620,Summit Health Plans,H9807-021,MA,PA,AGE,SH-823474,2022-06-01,,ACTIVE,64493418,17.40,
B-C-01247,"Myers, Janet",29173,(648) 555-0195,janet.myers1247@example.com,054 Wells Spring Apt. 309,South Jasonborough,PA,16675,,B-H-00873,B-P-01621,Meridian Care,18024PA6482477,ACA,PA,,MC-393278,01/01/26,,active,64493418,876.35,
B-C-01248,"Myers, Gary",01/20/1953,(648) 555-0195,gary.myers1248@example.com,054 Wells Spring Apt. 309,South Jasonborough,PA,16675,1YE7RF2AG21,B-H-00873,B-P-01622,Meridian Care,N,MEDSUPP,PA,AGE,MC-341387,03/01/2025,,Active,64493418,192.82,
B-C-01248,"Myers, Gary",01/20/1953,(648) 555-0195,gary.myers1248@example.com,054 Wells Spring Apt. 309,South Jasonborough,PA,16675,1YE7RF2AG21,B-H-00873,B-P-01623,Meridian Care,S4547-020,PDP,PA,AGE,MC-536237,2025-03-01,,ACTIVE,64493418,59.27,
B-C-01249,"Williamson, Tyler",21623,(749) 555-0186,tyler.williamson1249@example.com,26697 Gary Row Apt. 911,South Frederick,GA,30434,5NR7AF7NV27,B-H-00874,B-P-01624,Meridian Care,H5913-025,MA,GA,AGE,MC-738672,12/01/24,,active,51446845,6.50,
B-C-01250,"Williamson, Jeffrey",02/01/1940,(749) 555-0186,jeffrey.williamson1250@example.com,26697 Gary Row Apt. 911,South Frederick,GA,30434,8PY6RR4GA53,B-H-00874,B-P-01625,Cardinal Mutual,H7696-010,MA,GA,AGE,CM-880983,02/01/2024,05/31/2025,Terminated,51446845,44.94,
B-C-01250,"Williamson, Jeffrey",02/01/1940,(749) 555-0186,jeffrey.williamson1250@example.com,26697 Gary Row Apt. 911,South Frederick,GA,30434,8PY6RR4GA53,B-H-00874,B-P-01626,Harborline,H2522-009,MA,GA,AGE,HL-137375,2025-06-01,,ACTIVE,51446845,45.14,
B-C-01251,"Brown, Robert",35283,(961) 555-0108,robert.brown1251@example.com,75493 Powell Plains Suite 120,Jamestown,WY,82864,,B-H-00875,B-P-01627,Northwind Health,61006WY2921739,ACA,WY,,NW-420615,01/01/25,12/31/25,terminated,20671937,470.10,
B-C-01251,"Brown, Robert",35283,(961) 555-0108,robert.brown1251@example.com,75493 Powell Plains Suite 120,Jamestown,WY,82864,,B-H-00875,B-P-01628,Meridian Care,18024WY6175935,ACA,WY,,MC-554377,01/01/2026,,Active,20671937,349.83,
B-C-01252,"Jones, Michael",03/20/1942,(779) 555-0169,michael.jones1252@example.com,61242 Christine Village,Bridgetfurt,WV,25198,7J16XR7PF11,B-H-00876,B-P-01629,Bluepeak,B,MEDSUPP,WV,AGE,BP-559119,2024-01-01,,ACTIVE,69777236,251.05,
B-C-01252,"Jones, Michael",03/20/1942,(779) 555-0169,michael.jones1252@example.com,61242 Christine Village,Bridgetfurt,WV,25198,7J16XR7PF11,B-H-00876,B-P-01630,Bluepeak,S2427-014,PDP,WV,AGE,BP-914333,01/01/24,,active,69777236,56.34,
B-C-01253,"Myers, Kevin",09/15/1947,(849) 555-0165,,92310 Kennedy Groves,Jamesfort,KY,40044,7VU5R47CU18,B-H-00877,B-P-01631,Meridian Care,R4076-002,MA,KY,AGE,MC-579226,05/01/2022,,Active,43888211,11.68,
B-C-01254,"Myers, Veronica",21196,(647) 555-0134,,92310 Kennedy Groves,Jamesfort,KY,40044,2DC0F09YH63,B-H-00877,B-P-01632,Harborline,S4178-015,PDP,KY,AGE,HL-978060,2023-12-01,,ACTIVE,43888211,62.43,
B-C-01255,"Johnson, David",08/17/1941,(282) 555-0144,david.johnson1255@example.com,62377 Kristen Forges Suite 237,West Pamela,LA,71411,9X50DK7TE24,B-H-00878,B-P-01633,Meridian Care,H4636-020-001,MA,LA,AGE,MC-554211,12/01/22,07/31/25,terminated,26047628,50.06,
B-C-01255,"Johnson, David",08/17/1941,(282) 555-0144,david.johnson1255@example.com,62377 Kristen Forges Suite 237,West Pamela,LA,71411,9X50DK7TE24,B-H-00878,B-P-01634,Bluepeak,H9161-009,MA,LA,AGE,BP-840952,08/01/2025,,Active,26047628,19.76,
B-C-01256,"Johnson, Ronnie",31398,(665) 555-0117,ronnie.johnson1256@example.com,62377 Kristen Forges Suite 237,West Pamela,LA,71411,,B-H-00878,B-P-01635,Northwind Health,61006LA2833819,ACA,LA,,NW-160403,2024-01-01,,ACTIVE,26047628,407.05,
B-C-01257,"Johnson, Brandi",07/22/1939,(529) 555-0151,brandi.johnson1257@example.com,62377 Kristen Forges Suite 237,West Pamela,LA,71411,5G09XG2QH87,B-H-00878,B-P-01636,Bluepeak,H5243-002,MA,LA,AGE,BP-993516,12/01/25,,active,26047628,43.11,Call after 2pm.
B-C-01258,"Hoffman, Katherine",27816,(375) 555-0120,katherine.hoffman1258@example.com,030 Emily Parkways,Grossview,NC,28584,,B-H-00879,B-P-01637,Summit Health Plans,75720NC7685840,ACA,NC,,SH-131105,01/01/2024,,Active,98787777,414.79,
B-C-01259,"Hoffman, Brandon",01/15/1945,(375) 555-0120,brandon.hoffman1259@example.com,030 Emily Parkways,Grossview,NC,28584,8YP1GG6QA60,B-H-00879,B-P-01638,Northwind Health,H3064-007,MA,NC,AGE,NW-200293,2023-01-01,2025-07-31,TERMINATED,98787777,25.69,
B-C-01259,"Hoffman, Brandon",01/15/1945,(375) 555-0120,brandon.hoffman1259@example.com,030 Emily Parkways,Grossview,NC,28584,8YP1GG6QA60,B-H-00879,B-P-01639,Harborline,H1547-009-001,MA,NC,AGE,HL-833162,08/01/25,,active,98787777,19.15,Met at the café seminar in the spring.
B-C-01260,"Hoffman, Christopher",09/27/1948,(291) 555-0142,,030 Emily Parkways,Grossview,NC,28584,3Q67QA3CN91,B-H-00879,B-P-01640,Meridian Care,S4547-009,PDP,NC,AGE,MC-466157,05/01/2025,,Active,98787777,64.28,
B-C-01261,"Lopez, Joshua",05/10/1942,(962) 555-0183,joshua.lopez1261@example.com,5609 Garrett Square Apt. 263,Jenniferfort,OK,73500,9FK9EH7AE91,B-H-00880,B-P-01641,Harborline,H2522-029-001,MA,OK,AGE,HL-123323,2024-08-01,,ACTIVE,81157097,33.77,
B-C-01262,"Oconnell, Lindsey",11/16/1952,(299) 555-0185,lindsey.oconnell1262@example.com,246 Curtis Coves,Lake Jerry,WV,25953,9UJ0W38KA88,B-H-00881,B-P-01642,Northwind Health,H3036-018-002,MA,WV,AGE,NW-391636,10/01/23,02/28/26,terminated,69777236,36.82,
B-C-01262,"Oconnell, Lindsey",11/16/1952,(299) 555-0185,lindsey.oconnell1262@example.com,246 Curtis Coves,Lake Jerry,WV,25953,9UJ0W38KA88,B-H-00881,B-P-01643,Meridian Care,H5913-006,MA,WV,AGE,MC-323392,03/01/2026,,Active,69777236,28.20,Call after 2pm.
B-C-01263,"Dillon, Angela",08/22/1943,(620) 555-0119,angela.dillon1263@example.com,917 Santana Locks Apt. 342,Jacksonborough,KY,40337,7WD4JR5XU23,B-H-00882,B-P-01644,Meridian Care,H4636-019,MA,KY,AGE,MC-560567,2025-01-01,2026-04-30,TERMINATED,43888211,52.87,
B-C-01263,"Dillon, Angela",08/22/1943,(620) 555-0119,angela.dillon1263@example.com,917 Santana Locks Apt. 342,Jacksonborough,KY,40337,7WD4JR5XU23,B-H-00882,B-P-01645,Summit Health Plans,H9807-018-003,MA,KY,AGE,SH-702580,05/01/26,,active,43888211,16.80,
B-C-01264,"Cline, Douglas",11/02/1948,(908) 555-0153,douglas.cline1264@example.com,10941 Walker Loaf,Loriborough,PA,18151,7HJ7D17DG58,B-H-00883,B-P-01646,Meridian Care,G,MEDSUPP,PA,AGE,MC-687505,01/01/2025,,Active,64493418,191.45,
B-C-01264,"Cline, Douglas",11/02/1948,(908) 555-0153,douglas.cline1264@example.com,10941 Walker Loaf,Loriborough,PA,18151,7HJ7D17DG58,B-H-00883,B-P-01647,Meridian Care,S4547-026,PDP,PA,AGE,MC-251962,2025-01-01,,ACTIVE,64493418,7.29,
B-C-01265,"Dickerson, John",01/20/1938,(473) 555-0155,john.dickerson1265@example.com,122 Rose Curve,Lake Davidborough,TX,75524,2QR3GV2KR30,B-H-00884,B-P-01648,Harborline,K,MEDSUPP,TX,AGE,HL-293617,11/01/22,,active,50399119,243.73,
B-C-01265,"Dickerson, John",01/20/1938,(473) 555-0155,john.dickerson1265@example.com,122 Rose Curve,Lake Davidborough,TX,75524,2QR3GV2KR30,B-H-00884,B-P-01649,Harborline,S7610-027,PDP,TX,AGE,HL-342497,11/01/2022,,Active,50399119,87.01,
B-C-01266,"Bass, Matthew",03/20/1937,(600) 555-0114,matthew.bass1266@example.com,94130 Mcintyre Fort Suite 873,South Kenneth,CT,06136,2QT8CE8RP09,B-H-00885,B-P-01650,Bluepeak,H9161-020-002,MA,CT,AGE,BP-908459,2026-11-01,,PENDING,20671937,15.57,
B-C-01267,"Baxter, Samantha",06/24/1940,(873) 555-0113,,19062 Davis Mount Suite 883,Richardville,WY,82465,4VM8K46FN27,B-H-00886,B-P-01651,Meridian Care,H4636-027-002,MA,WY,AGE,MC-134592,04/01/22,,active,84583776,28.08,
B-C-01268,"Gilbert, Tiffany",32287,(957) 555-0177,,50953 Deanna Expressway,Port Rhonda,WI,53043,,B-H-00887,B-P-01652,Cardinal Mutual,70072WI0438052,ACA,WI,,CM-363774,01/01/2025,,Active,50979283,850.00,
B-C-01269,"Tanner, Robert",37201,(959) 555-0113,robert.tanner1269@example.com,610 Rhodes Village Apt. 458,Douglasburgh,FL,32168,,B-H-00888,B-P-01653,Bluepeak,39473FL6979271,ACA,FL,,BP-762704,2026-01-01,,ACTIVE,90228424,564.43,
B-C-01270,"Mcpherson, Trevor",03/27/1952,(481) 555-0121,trevor.mcpherson1270@example.com,065 Francisco Point Suite 230,West Michellefurt,DC,20434,3DY5Y60EX57,B-H-00889,B-P-01654,Meridian Care,H4636-014,MA,DC,AGE,MC-596040,11/01/22,06/30/25,terminated,24647567,21.14,
B-C-01270,"Mcpherson, Trevor",03/27/1952,(481) 555-0121,trevor.mcpherson1270@example.com,065 Francisco Point Suite 230,West Michellefurt,DC,20434,3DY5Y60EX57,B-H-00889,B-P-01655,Summit Health Plans,H9807-007,MA,DC,AGE,SH-795235,07/01/2025,,Active,24647567,25.74,
B-C-01271,"Mcpherson, Trevor",12/15/1940,(262) 555-0115,,065 Francisco Point Suite 230,West Michellefurt,DC,20434,5M23P83UM65,B-H-00889,B-P-01656,Meridian Care,H5913-025-001,MA,DC,AGE,MC-325233,2022-06-01,,ACTIVE,24647567,29.52,
B-C-01272,"Byrd, Scott",09/05/1942,(463) 555-0155,scott.byrd1272@example.com,0114 Ward Green Apt. 621,Gonzalezside,WV,25421,4C88D70DQ77,B-H-00890,B-P-01657,Bluepeak,H5243-010-002,MA,WV,AGE,BP-641841,06/01/24,,active,64493418,3.05,
B-C-01273,"Byrd, Tiffany",02/25/1935,(315) 555-0140,tiffany.byrd1273@example.com,0114 Ward Green Apt. 621,Gonzalezside,WV,25421,8JJ4NJ6MY35,B-H-00890,B-P-01658,Summit Health Plans,H4044-010,MA,WV,AGE,SH-780955,11/01/2025,,Active,64493418,50.86,
B-C-01274,"Medina, Heather",21260,(262) 555-0114,heather.medina1274@example.com,89761 Dennis Brooks Apt. 120,North Melissaside,OR,97559,4MA7XJ6GE81,B-H-00891,B-P-01659,Summit Health Plans,G,MEDSUPP,OR,AGE,SH-668454,2025-11-01,,ACTIVE,43888211,152.78,
B-C-01274,"Medina, Heather",21260,(262) 555-0114,heather.medina1274@example.com,89761 Dennis Brooks Apt. 120,North Melissaside,OR,97559,4MA7XJ6GE81,B-H-00891,B-P-01660,Summit Health Plans,S1837-008-003,PDP,OR,AGE,SH-879531,11/01/25,,active,43888211,69.97,
B-C-01275,"Medina, April",36519,(262) 555-0114,april.medina1275@example.com,89761 Dennis Brooks Apt. 120,North Melissaside,OR,97559,,B-H-00891,B-P-01661,Northwind Health,61006OR0391965,ACA,OR,,NW-297635,01/01/2025,,Active,43888211,599.87,
B-C-01276,"Carlson, Meghan",12/03/1939,(315) 555-0106,meghan.carlson1276@example.com,984 Bell Plaza Apt. 785,Nicoleland,WI,53150,3F53XA3JQ88,B-H-00892,B-P-01662,Cardinal Mutual,H5265-009-002,MA,WI,AGE,CM-648532,2024-02-01,,ACTIVE,50979283,13.75,
B-C-01277,"Jones, Cassandra",02/10/1939,(314) 555-0148,cassandra.jones1277@example.com,67929 Timothy Wall,Millsfort,OK,74745,3NW6A53AG65,B-H-00893,B-P-01663,Bluepeak,H5243-020,MA,OK,AGE,BP-102306,08/01/25,,active,81157097,44.13,
B-C-01278,"Barrett, Marcus",09/15/1937,(349) 555-0147,,83437 Johnson Crescent Apt. 727,Nathanfurt,UT,84758,3MH2JH3CF39,B-H-00894,B-P-01664,Meridian Care,H4636-021,MA,UT,AGE,MC-941642,05/01/2025,,Active,45462976,15.48,
B-C-01279,"Kramer, Joyce",02/07/1934,(801) 555-0143,,66250 Crystal Fall,Smithport,NC,28769,7UM8CR7FC33,B-H-00895,B-P-01665,Cardinal Mutual,H5265-006,MA,NC,AGE,CM-609358,2024-03-01,,ACTIVE,50979283,34.15,
B-C-01280,"Kramer, Richard",20816,(839) 555-0144,richard.kramer1280@example.com,66250 Crystal Fall,Smithport,NC,28769,7WU3W15CD96,B-H-00895,B-P-01666,Harborline,H2522-024,MA,NC,AGE,HL-695977,02/01/25,,active,50979283,29.16,
B-C-01281,"Arnold, Heather",07/19/1945,(622) 555-0100,heather.arnold1281@example.com,443 Kristen Station,Port Jamesshire,OR,97731,9GU0E93NJ07,B-H-00896,B-P-01667,Northwind Health,H3064-009-002,MA,OR,AGE,NW-134037,12/01/2024,,Active,9527070,53.68,
B-C-01282,"Madden, Sean",07/23/1940,(251) 555-0193,sean.madden1282@example.com,227 Andrew Crescent,West Jennifer,GA,31172,6E39WY2HR78,B-H-00897,B-P-01668,Cardinal Mutual,H7696-013-003,MA,GA,AGE,CM-256775,2025-05-01,2026-04-30,TERMINATED,51446845,7.66,
B-C-01282,"Madden, Sean",07/23/1940,(251) 555-0193,sean.madden1282@example.com,227 Andrew Crescent,West Jennifer,GA,31172,6E39WY2HR78,B-H-00897,B-P-01669,Meridian Care,H5913-020-001,MA,GA,AGE,MC-122825,05/01/26,,active,51446845,31.87,
B-C-01283,"Diaz, Jordan",24017,(397) 555-0154,jordan.diaz1283@example.com,1439 John Coves Apt. 605,East Christopherstad,WV,26580,,B-H-00898,B-P-01670,Meridian Care,18024WV2939625,ACA,WV,,MC-298755,01/01/2026,,Active,75084135,514.44,
B-C-01284,"Mccoy, Steven",20478,(851) 555-0100,steven.mccoy1284@example.com,050 Laura Meadows Apt. 042,South Jennafort,VA,22853,1CV7XW3PY20,B-H-00899,B-P-01671,Summit Health Plans,H4044-019,MA,VA,AGE,SH-771619,2026-05-01,,ACTIVE,98787777,22.57,
B-C-01285,"Mccoy, Jacqueline",07/20/1935,(394) 555-0192,jacqueline.mccoy1285@example.com,050 Laura Meadows Apt. 042,South Jennafort,VA,22853,1WA5QH4DW32,B-H-00899,B-P-01672,Summit Health Plans,H4044-016,MA,VA,AGE,SH-945950,07/01/25,,active,98787777,23.17,
B-C-01286,"Chapman, Matthew",28300,(285) 555-0112,matthew.chapman1286@example.com,722 Morrow Roads Suite 909,Williamsfurt,CO,81164,,B-H-00900,B-P-01673,Harborline,17955CO7842891,ACA,CO,,HL-245956,01/01/2025,12/31/2025,Terminated,49066206,381.61,
B-C-01286,"Chapman, Matthew",28300,(285) 555-0112,matthew.chapman1286@example.com,722 Morrow Roads Suite 909,Williamsfurt,CO,81164,,B-H-00900,B-P-01674,Cardinal Mutual,70072CO4780954,ACA,CO,,CM-298330,2026-01-01,,ACTIVE,49066206,659.09,
B-C-01287,"Chapman, Karen",28179,(740) 555-0190,karen.chapman1287@example.com,722 Morrow Roads Suite 909,Williamsfurt,CO,81164,,B-H-00900,B-P-01675,Bluepeak,39473CO7231461,ACA,CO,,BP-108138,01/01/25,12/31/25,terminated,49066206,713.57,
B-C-01287,"Chapman, Karen",28179,(740) 555-0190,karen.chapman1287@example.com,722 Morrow Roads Suite 909,Williamsfurt,CO,81164,,B-H-00900,B-P-01676,Harborline,17955CO5292283,ACA,CO,,HL-268099,01/01/2026,,Active,49066206,247.80,
B-C-01288,"Moreno, Dennis",01/11/1934,(834) 555-0143,dennis.moreno1288@example.com,070 Ellis Station Apt. 569,Ericberg,NE,69265,6Y37F83JQ77,B-H-00901,B-P-01677,Meridian Care,H5913-021,MA,NE,AGE,MC-372956,2022-02-01,,ACTIVE,91146902,9.82,
B-C-01289,"Moreno, Angela",08/25/1942,(769) 555-0127,angela.moreno1289@example.com,070 Ellis Station Apt. 569,Ericberg,NE,69265,2C22GJ1GF83,B-H-00901,B-P-01678,Meridian Care,H5913-014,MA,NE,AGE,MC-943728,11/01/22,,active,91146902,25.85,
B-C-01290,"Torres, Phillip",09/06/1935,(568) 555-0123,phillip.torres1290@example.com,47000 Casey Crossroad Suite 831,Blackfort,WV,25288,5NJ3R07QX42,B-H-00902,B-P-01679,Cardinal Mutual,H5265-013,MA,WV,AGE,CM-975733,05/01/2023,,Active,64493418,25.96,
B-C-01291,"Torres, Vanessa",08/06/1935,(568) 555-0123,vanessa.torres1291@example.com,47000 Casey Crossroad Suite 831,Blackfort,WV,25288,5JC2YK2AG09,B-H-00902,B-P-01680,Meridian Care,R4076-020,MA,WV,AGE,MC-938963,2023-09-01,,ACTIVE,64493418,56.35,
B-C-01292,"Roy, Noah",02/14/1941,(522) 555-0148,noah.roy1292@example.com,8608 Alexander Trail Suite 386,Newtonside,NC,27055,5K69GG9XT47,B-H-00903,B-P-01681,Cardinal Mutual,H7696-007,MA,NC,AGE,CM-290772,05/01/24,,active,93619366,50.92,
B-C-01293,"Roy, Melissa",02/18/1952,(983) 555-0125,,8608 Alexander Trail Suite 386,Newtonside,NC,27055,1WR0N44VQ99,B-H-00903,B-P-01682,Cardinal Mutual,S1849-022-001,PDP,NC,AGE,CM-553336,07/01/2025,,Active,93619366,85.54,
B-C-01294,"Morgan, Tanya",20975,(828) 555-0113,tanya.morgan1294@example.com,5052 Julia Port,Lanceborough,AR,72607,6M88F23UE37,B-H-00904,B-P-01683,Meridian Care,H4636-020,MA,AR,AGE,MC-191377,2023-12-01,2026-03-31,TERMINATED,93619366,42.57,
B-C-01294,"Morgan, Tanya",20975,(828) 555-0113,tanya.morgan1294@example.com,5052 Julia Port,Lanceborough,AR,72607,6M88F23UE37,B-H-00904,B-P-01684,Bluepeak,H9161-005,MA,AR,AGE,BP-929450,04/01/26,,active,93619366,17.27,
B-C-01295,"Morgan, Sarah",10/18/1941,(828) 555-0113,sarah.morgan1295@example.com,5052 Julia Port,Lanceborough,AR,72607,9DU2FT8FT65,B-H-00904,B-P-01685,Northwind Health,H3036-019,MA,AR,AGE,NW-481086,01/01/2024,,Active,93619366,22.60,
B-C-01296,"Walters, Keith",06/17/1937,(915) 555-0140,,644 Brendan Forge,East Roberttown,OR,97330,4UF3Y06JW80,B-H-00905,B-P-01686,Meridian Care,H4636-027,MA,OR,AGE,MC-268045,2022-11-01,,ACTIVE,43888211,13.29,
B-C-01297,"Walters, Colleen",05/20/1944,(915) 555-0140,colleen.walters1297@example.com,644 Brendan Forge,East Roberttown,OR,97330,4A81AF1FF10,B-H-00905,B-P-01687,Northwind Health,H3064-025,MA,OR,AGE,NW-684258,07/01/25,,active,43888211,12.63,
B-C-01298,"Jones, Linda",02/23/1944,(388) 555-0193,linda.jones1298@example.com,7596 Wood Junctions Suite 356,Bishopstad,FL,34956,1Q45KC2PY98,B-H-00906,B-P-01688,Bluepeak,H5243-026,MA,FL,AGE,BP-773722,06/01/2025,,Active,90228424,6.84,
B-C-01299,"Jones, Gerald",28104,(388) 555-0193,gerald.jones1299@example.com,7596 Wood Junctions Suite 356,Bishopstad,FL,34956,,B-H-00906,B-P-01689,Northwind Health,61006FL2578970,ACA,FL,,NW-205170,2025-01-01,,ACTIVE,90228424,726.82,
B-C-01300,"Cuevas, Michael",08/21/1952,(727) 555-0103,michael.cuevas1300@example.com,52072 Christopher Plaza Suite 709,Annaberg,TN,37420,3D80V45JD71,B-H-00907,B-P-01690,Summit Health Plans,R3913-026-003,MA,TN,AGE,SH-208571,04/01/22,,active,45462976,5.24,
B-C-01301,"Green, Melissa",31008,(986) 555-0148,melissa.green1301@example.com,048 Tammy Rapid Suite 347,Kathrynmouth,KY,41217,3XC3WF3KR41,B-H-00908,B-P-01691,Northwind Health,H3064-025,MA,KY,ESRD,NW-505979,03/01/2025,,Active,43888211,38.28,
B-C-01302,"Ray, Elizabeth",36178,(527) 555-0185,,3359 Harris Pass Apt. 447,South Matthewfort,SD,57019,,B-H-00909,B-P-01692,Summit Health Plans,75720SD6029108,ACA,SD,,SH-527169,2025-01-01,,ACTIVE,14829889,420.33,
B-C-01303,"Woods, Tracy",21988,(529) 555-0134,,2297 David Wall Apt. 967,New Allisonshire,MO,64548,6CH1JX2VC48,B-H-00910,B-P-01693,Bluepeak,B,MEDSUPP,MO,AGE,BP-142593,10/01/25,,active,69777236,169.12,
B-C-01303,"Woods, Tracy",21988,(529) 555-0134,,2297 David Wall Apt. 967,New Allisonshire,MO,64548,6CH1JX2VC48,B-H-00910,B-P-01694,Bluepeak,S2427-010-002,PDP,MO,AGE,BP-156128,10/01/2025,,Active,69777236,68.53,
B-C-01304,"Woods, Christian",10/01/1951,(529) 555-0134,christian.woods1304@example.com,2297 David Wall Apt. 967,New Allisonshire,MO,64548,7D27WF0YF41,B-H-00910,B-P-01695,Summit Health Plans,H9807-028-002,MA,MO,AGE,SH-298421,2024-02-01,,ACTIVE,69777236,55.82,Client prefers materials en español.
B-C-01305,"Clark, Wayne",03/27/1939,(885) 555-0164,wayne.clark1305@example.com,81677 Don Groves,Lake Yvonne,SD,57639,9F10X60RN64,B-H-00911,B-P-01696,Cardinal Mutual,H7696-004-001,MA,SD,AGE,CM-194956,11/01/22,,active,84583776,55.24,
B-C-01306,"Clark, Jacqueline",22002,(885) 555-0164,jacqueline.clark1306@example.com,81677 Don Groves,Lake Yvonne,SD,57639,9EY6U40TF99,B-H-00911,B-P-01697,Bluepeak,H9161-004,MA,SD,AGE,BP-410373,12/01/2025,,Active,84583776,59.62,
B-C-01307,"Townsend, Laura",20081,(980) 555-0136,laura.townsend1307@example.com,02103 Natalie Mission,Aprilfort,LA,70119,5AY6TA5XT75,B-H-00912,B-P-01698,Cardinal Mutual,H7696-025-001,MA,LA,AGE,CM-396522,2023-09-01,,ACTIVE,26047628,7.57,
B-C-01308,"Sawyer, Tricia",05/03/1942,(610) 555-0171,,80314 Fuller Drives Suite 270,North Patrick,CO,81563,2N44KE8NA25,B-H-00913,B-P-01699,Cardinal Mutual,H5265-025,MA,CO,AGE,CM-501715,04/01/25,,active,49066206,10.10,
B-C-01309,"Sawyer, Jonathan",05/26/1948,(698) 555-0147,jonathan.sawyer1309@example.com,80314 Fuller Drives Suite 270,North Patrick,CO,81563,7NG3M68XY17,B-H-00913,B-P-01700,Bluepeak,H5243-013,MA,CO,AGE,BP-130083,05/01/2022,,Active,49066206,44.41,
B-C-01310,"Wilson, Amanda",20094,(394) 555-0172,amanda.wilson1310@example.com,761 Powell Turnpike Apt. 850,North Joshua,WY,82559,7QU9JC5GH94,B-H-00914,B-P-01701,Summit Health Plans,H4044-003-002,MA,WY,AGE,SH-970935,2023-02-01,,ACTIVE,84583776,36.71,
B-C-01311,"Taylor, Timothy",38109,(652) 555-0173,timothy.taylor1311@example.com,862 Karen Club Suite 763,Johnsonshire,NM,87579,,B-H-00915,B-P-01702,Bluepeak,39473NM8865253,ACA,NM,,BP-414079,01/01/24,,active,67876966,409.55,
B-C-01312,"Rodriguez, David",06/25/1935,(486) 555-0169,david.rodriguez1312@example.com,76449 Christopher Curve,Lake Tylerbury,WY,82434,3WP4PR0KD37,B-H-00916,B-P-01703,Summit Health Plans,R3913-001,MA,WY,AGE,SH-483071,09/01/2024,,Active,20671937,4.89,
B-C-01313,"Jacobson, Frank",09/21/1952,(802) 555-0107,frank.jacobson1313@example.com,89947 Kane Mill,New Carol,GA,31556,7E52P62FH64,B-H-00917,B-P-01704,Bluepeak,S7317-002,PDP,GA,AGE,BP-818704,2025-01-01,,ACTIVE,26047628,29.18,
B-C-01314,"Hall, Elizabeth",10/05/1935,(800) 555-0113,elizabeth.hall1314@example.com,35612 Hill Canyon,East Angelaton,OR,97628,6N69V22CF49,B-H-00918,B-P-01705,Northwind Health,H3036-011-003,MA,OR,AGE,NW-393672,11/01/24,03/31/26,terminated,93619366,51.61,
B-C-01314,"Hall, Elizabeth",10/05/1935,(800) 555-0113,elizabeth.hall1314@example.com,35612 Hill Canyon,East Angelaton,OR,97628,6N69V22CF49,B-H-00918,B-P-01706,Meridian Care,H5913-028,MA,OR,AGE,MC-762913,04/01/2026,,Active,93619366,34.09,
B-C-01315,"Wallace, Timothy",11/15/1944,(573) 555-0142,timothy.wallace1315@example.com,38312 Thomas Cape Suite 267,New Alexandra,SD,57103,6K97D95JR40,B-H-00919,B-P-01707,Northwind Health,A,MEDSUPP,SD,AGE,NW-390501,2023-07-01,,ACTIVE,84583776,278.79,
B-C-01315,"Wallace, Timothy",11/15/1944,(573) 555-0142,timothy.wallace1315@example.com,38312 Thomas Cape Suite 267,New Alexandra,SD,57103,6K97D95JR40,B-H-00919,B-P-01708,Northwind Health,S2942-004,PDP,SD,AGE,NW-780352,07/01/23,,active,84583776,75.96,
B-C-01316,"Bell, Amy",07/13/1945,(988) 555-0113,,8948 Eric Street,Burnsmouth,DC,20245,8X70VH9KP69,B-H-00920,B-P-01709,Northwind Health,H3064-005,MA,DC,AGE,NW-640552,03/01/2022,,Active,24647567,19.34,
B-C-01317,"Black, Christopher",04/22/1950,(745) 555-0113,christopher.black1317@example.com,32944 Pamela Tunnel Apt. 358,Franciston,PA,16431,5RM6F33TG00,B-H-00921,B-P-01710,Northwind Health,S2942-010-001,PDP,PA,AGE,NW-375037,2022-12-01,,ACTIVE,91146902,46.21,
B-C-01318,"Black, Tracey",02/03/1952,(745) 555-0113,tracey.black1318@example.com,32944 Pamela Tunnel Apt. 358,Franciston,PA,16431,8NE3X24VY50,B-H-00921,B-P-01711,Meridian Care,H5913-030-003,MA,PA,AGE,MC-959543,11/01/26,,pending,91146902,47.79,
B-C-01319,"Hogan, Joel",02/20/1938,(311) 555-0124,,2870 Kari Freeway Suite 951,South Tammy,TX,79082,3YM3M22JX16,B-H-00922,B-P-01712,Meridian Care,H4636-020,MA,TX,AGE,MC-282500,12/01/2023,,Active,14829889,8.72,
B-C-01320,"Hogan, Sarah",07/31/1940,(311) 555-0124,sarah.hogan1320@example.com,2870 Kari Freeway Suite 951,South Tammy,TX,79082,1CR2YH3EX77,B-H-00922,B-P-01713,Meridian Care,R4076-001,MA,TX,AGE,MC-987247,2023-03-01,,ACTIVE,14829889,44.12,
B-C-01321,"Williams, Rebekah",07/26/1944,(357) 555-0199,,857 Kelly Extensions Apt. 634,Port Davidshire,DC,56929,7Q93T11HE12,B-H-00923,B-P-01714,Bluepeak,R8474-017-003,MA,DC,AGE,BP-262768,03/01/26,,active,75084135,19.99,
B-C-01322,"Murray, Mark",26765,(582) 555-0176,,51353 Jonathan Parkway Suite 684,Richardton,GA,31980,,B-H-00924,B-P-01715,Summit Health Plans,75720GA5185034,ACA,GA,,SH-345387,01/01/2025,12/31/2025,Terminated,26047628,481.05,
B-C-01322,"Murray, Mark",26765,(582) 555-0176,,51353 Jonathan Parkway Suite 684,Richardton,GA,31980,,B-H-00924,B-P-01716,Harborline,17955GA9173923,ACA,GA,,HL-328775,2026-01-01,,ACTIVE,26047628,457.92,
B-C-01323,"Murray, Andrew",20449,(582) 555-0176,andrew.murray1323@example.com,51353 Jonathan Parkway Suite 684,Richardton,GA,31980,2NT4WT4YA63,B-H-00924,B-P-01717,Meridian Care,S7287-022-001,PDP,GA,AGE,MC-418231,10/01/24,,active,26047628,57.76,
B-C-01324,"White, Jacqueline",01/12/1940,(257) 555-0123,jacqueline.white1324@example.com,403 Michele Union Apt. 902,Angelaside,MS,39342,3JP1K26TC63,B-H-00925,B-P-01718,Meridian Care,H5913-017-001,MA,MS,AGE,MC-267439,05/01/2024,,Active,50979283,44.57,
B-C-01325,"Brown, Karen",20786,(557) 555-0182,karen.brown1325@example.com,376 Vargas Lodge,Martineztown,OK,73095,1X74GE9AP20,B-H-00926,B-P-01719,Northwind Health,H3036-002,MA,OK,AGE,NW-348460,2024-09-01,,ACTIVE,81157097,23.69,
B-C-01326,"Smith, Samantha",06/06/1943,(426) 555-0154,samantha.smith1326@example.com,8427 Christopher Fort,North Alisha,VA,23663,7VX3DJ5AH05,B-H-00927,B-P-01720,Summit Health Plans,L,MEDSUPP,VA,AGE,SH-778575,05/01/22,,active,98787777,318.28,
B-C-01326,"Smith, Samantha",06/06/1943,(426) 555-0154,samantha.smith1326@example.com,8427 Christopher Fort,North Alisha,VA,23663,7VX3DJ5AH05,B-H-00927,B-P-01721,Summit Health Plans,S1837-002,PDP,VA,AGE,SH-517580,05/01/2022,,Active,98787777,58.63,
B-C-01327,"Castro, Tina",08/16/1938,(929) 555-0154,tina.castro1327@example.com,26594 John Way Apt. 613,Matthewchester,OK,74583,6EJ5GP5PV34,B-H-00928,B-P-01722,Cardinal Mutual,S1849-023,PDP,OK,AGE,CM-805207,2022-01-01,,ACTIVE,90228424,23.79,
B-C-01328,"Castro, Brian",33101,(378) 555-0164,brian.castro1328@example.com,26594 John Way Apt. 613,Matthewchester,OK,74583,3J62MF4UE15,B-H-00928,B-P-01723,Bluepeak,A,MEDSUPP,OK,DISABILITY,BP-527375,02/01/23,,active,90228424,230.86,
B-C-01328,"Castro, Brian",33101,(378) 555-0164,brian.castro1328@example.com,26594 John Way Apt. 613,Matthewchester,OK,74583,3J62MF4UE15,B-H-00928,B-P-01724,Bluepeak,S7317-005-001,PDP,OK,DISABILITY,BP-912920,02/01/2023,,Active,90228424,37.60,Client prefers materials en español.
B-C-01329,"Riggs, Dawn",02/25/1938,(482) 555-0103,dawn.riggs1329@example.com,14918 Charles Turnpike Apt. 299,Lake Ronald,CT,06892,1QF3KA7NT19,B-H-00929,B-P-01725,Bluepeak,S2427-011-003,PDP,CT,AGE,BP-249526,2025-04-01,,ACTIVE,51446845,81.26,
B-C-01330,"Riggs, Ashley",33242,(482) 555-0103,ashley.riggs1330@example.com,14918 Charles Turnpike Apt. 299,Lake Ronald,CT,06892,,B-H-00929,B-P-01726,Meridian Care,18024CT3355967,ACA,CT,,MC-421914,01/01/26,,active,51446845,176.74,
B-C-01331,"Rodriguez, Daniel",06/12/1944,(624) 555-0145,daniel.rodriguez1331@example.com,51517 Lisa Station Suite 402,Camposville,WY,82519,3VG3VX9VF81,B-H-00930,B-P-01727,Bluepeak,H9161-016,MA,WY,AGE,BP-626765,04/01/2024,08/31/2025,Terminated,84583776,13.05,
B-C-01331,"Rodriguez, Daniel",06/12/1944,(624) 555-0145,daniel.rodriguez1331@example.com,51517 Lisa Station Suite 402,Camposville,WY,82519,3VG3VX9VF81,B-H-00930,B-P-01728,Summit Health Plans,H9807-022-003,MA,WY,AGE,SH-703219,2025-09-01,,ACTIVE,84583776,43.42,
B-C-01332,"Woods, Marcus",30644,(247) 555-0126,marcus.woods1332@example.com,417 Jonathan Mountain,Robinsonmouth,MA,01480,,B-H-00931,B-P-01729,Cardinal Mutual,70072MA6048431,ACA,MA,,CM-598745,01/01/25,12/31/25,terminated,75084135,281.33,
B-C-01332,"Woods, Marcus",30644,(247) 555-0126,marcus.woods1332@example.com,417 Jonathan Mountain,Robinsonmouth,MA,01480,,B-H-00931,B-P-01730,Meridian Care,18024MA5723073,ACA,MA,,MC-818550,01/01/2026,,Active,75084135,777.76,
B-C-01333,"Watts, Gregory",26229,(660) 555-0162,gregory.watts1333@example.com,0754 Schneider Drive Apt. 498,Weekschester,NV,89146,,B-H-00932,B-P-01731,Cardinal Mutual,70072NV9758093,ACA,NV,,CM-966751,2025-01-01,2025-12-31,TERMINATED,37947372,887.58,
B-C-01333,"Watts, Gregory",26229,(660) 555-0162,gregory.watts1333@example.com,0754 Schneider Drive Apt. 498,Weekschester,NV,89146,,B-H-00932,B-P-01732,Harborline,17955NV7938572,ACA,NV,,HL-659619,01/01/26,,active,37947372,770.61,
B-C-01334,"Watts, Julia",02/13/1936,(778) 555-0194,julia.watts1334@example.com,0754 Schneider Drive Apt. 498,Weekschester,NV,89146,2G63TV0PV66,B-H-00932,B-P-01733,Meridian Care,H5913-022,MA,NV,AGE,MC-202293,04/01/2026,,Active,37947372,51.84,Met at the café seminar in the spring.
B-C-01335,"Barnes, Joseph",09/22/1939,(853) 555-0101,,942 Parker Fall Apt. 717,North Charlesmouth,NE,69336,5GX9EM5KC69,B-H-00933,B-P-01734,Harborline,H1547-013,MA,NE,AGE,HL-212404,2022-01-01,2025-06-30,TERMINATED,94445646,20.49,
B-C-01335,"Barnes, Joseph",09/22/1939,(853) 555-0101,,942 Parker Fall Apt. 717,North Charlesmouth,NE,69336,5GX9EM5KC69,B-H-00933,B-P-01735,Summit Health Plans,H4044-011,MA,NE,AGE,SH-980713,07/01/25,,active,94445646,5.08,
B-C-01336,"Barnes, Joshua",30212,(371) 555-0109,,942 Parker Fall Apt. 717,North Charlesmouth,NE,69336,,B-H-00933,B-P-01736,Summit Health Plans,75720NE7151928,ACA,NE,,SH-579364,01/01/2025,12/31/2025,Terminated,94445646,336.39,
B-C-01336,"Barnes, Joshua",30212,(371) 555-0109,,942 Parker Fall Apt. 717,North Charlesmouth,NE,69336,,B-H-00933,B-P-01737,Harborline,17955NE3386788,ACA,NE,,HL-894398,2026-01-01,,ACTIVE,94445646,865.80,
B-C-01337,"Steele, Cynthia",21180,(713) 555-0156,cynthia.steele1337@example.com,809 Shannon Squares Suite 153,Sanchezburgh,NV,89897,6D63UA2JH79,B-H-00934,B-P-01738,Northwind Health,F,MEDSUPP,NV,AGE,NW-476012,09/01/24,,active,45462976,193.86,
B-C-01337,"Steele, Cynthia",21180,(713) 555-0156,cynthia.steele1337@example.com,809 Shannon Squares Suite 153,Sanchezburgh,NV,89897,6D63UA2JH79,B-H-00934,B-P-01739,Northwind Health,S2942-027,PDP,NV,AGE,NW-865866,09/01/2024,,Active,45462976,87.52,Asked about dental add-ons at renewal.
B-C-01338,"Steele, Jeffery",28115,(695) 555-0104,jeffery.steele1338@example.com,809 Shannon Squares Suite 153,Sanchezburgh,NV,89897,,B-H-00934,B-P-01740,Bluepeak,39473NV2379016,ACA,NV,,BP-666728,2025-01-01,2025-12-31,TERMINATED,45462976,311.92,Call after 2pm.
B-C-01338,"Steele, Jeffery",28115,(695) 555-0104,jeffery.steele1338@example.com,809 Shannon Squares Suite 153,Sanchezburgh,NV,89897,,B-H-00934,B-P-01741,Meridian Care,18024NV3968726,ACA,NV,,MC-792284,01/01/26,,active,45462976,403.13,
B-C-01339,"Steele, Michael",04/24/1948,(820) 555-0156,michael.steele1339@example.com,809 Shannon Squares Suite 153,Sanchezburgh,NV,89897,2WQ3ND0VU66,B-H-00934,B-P-01742,Summit Health Plans,H9807-023,MA,NV,AGE,SH-405699,06/01/2022,,Active,45462976,42.89,
B-C-01340,"Coleman, Carl",22737,(483) 555-0182,,54595 David Club,East William,NV,89535,,B-H-00935,B-P-01743,Bluepeak,39473NV4807782,ACA,NV,,BP-660319,2026-01-01,,ACTIVE,37947372,612.05,
B-C-01341,"Peck, Jessica",20568,(553) 555-0185,jessica.peck1341@example.com,6812 Paula Course Apt. 204,East Margaretborough,VA,23464,1DM4DA9NG72,B-H-00936,B-P-01744,Harborline,N,MEDSUPP,VA,AGE,HL-341770,09/01/25,,active,98787777,93.41,
B-C-01341,"Peck, Jessica",20568,(553) 555-0185,jessica.peck1341@example.com,6812 Paula Course Apt. 204,East Margaretborough,VA,23464,1DM4DA9NG72,B-H-00936,B-P-01745,Harborline,S4178-010,PDP,VA,AGE,HL-560804,09/01/2025,,Active,98787777,58.50,
B-C-01342,"Peck, Nancy",05/01/1950,(553) 555-0185,nancy.peck1342@example.com,6812 Paula Course Apt. 204,East Margaretborough,VA,23464,5AW8YV6JR81,B-H-00936,B-P-01746,Northwind Health,H3064-024-003,MA,VA,AGE,NW-281689,2026-05-01,,ACTIVE,98787777,18.81,
B-C-01343,"Stephens, Katherine",01/30/1946,(280) 555-0185,,492 Carter Wall,Roberttown,SD,57437,5M28CH7XV00,B-H-00937,B-P-01747,Bluepeak,H9161-009,MA,SD,AGE,BP-595461,03/01/25,03/31/26,terminated,49066206,28.64,
B-C-01343,"Stephens, Katherine",01/30/1946,(280) 555-0185,,492 Carter Wall,Roberttown,SD,57437,5M28CH7XV00,B-H-00937,B-P-01748,Summit Health Plans,H9807-003,MA,SD,AGE,SH-202174,04/01/2026,,Active,49066206,10.54,
B-C-01344,"Stephens, Carol",06/05/1942,(280) 555-0185,carol.stephens1344@example.com,492 Carter Wall,Roberttown,SD,57437,5UM9QR3QW44,B-H-00937,B-P-01749,Summit Health Plans,H9807-009,MA,SD,AGE,SH-381362,2022-07-01,,ACTIVE,49066206,25.60,
B-C-01345,"Prince, Michael",07/20/1949,(465) 555-0120,michael.prince1345@example.com,223 Campbell Forks Apt. 311,New Gina,CO,81682,5YJ8FN0XM29,B-H-00938,B-P-01750,Harborline,H2522-012,MA,CO,AGE,HL-392280,12/01/23,,active,49066206,21.34,
B-C-01346,"Watkins, Marie",03/18/1944,(436) 555-0155,marie.watkins1346@example.com,527 Calvin Overpass Apt. 302,East Christopher,UT,84030,3C23EY7WX99,B-H-00939,B-P-01751,Northwind Health,R1279-017,MA,UT,AGE,NW-927273,12/01/2024,03/31/2026,Terminated,45462976,26.60,
B-C-01346,"Watkins, Marie",03/18/1944,(436) 555-0155,marie.watkins1346@example.com,527 Calvin Overpass Apt. 302,East Christopher,UT,84030,3C23EY7WX99,B-H-00939,B-P-01752,Cardinal Mutual,H5265-029,MA,UT,AGE,CM-897258,2026-04-01,,ACTIVE,45462976,41.92,
B-C-01347,"Mendez, Jason",09/02/1940,(973) 555-0160,jason.mendez1347@example.com,1850 Gina Squares,New Patricia,CA,95235,7YC2VY5RY34,B-H-00940,B-P-01753,Northwind Health,K,MEDSUPP,CA,AGE,NW-705662,06/01/22,,active,50399119,246.63,Asked about dental add-ons at renewal.
B-C-01347,"Mendez, Jason",09/02/1940,(973) 555-0160,jason.mendez1347@example.com,1850 Gina Squares,New Patricia,CA,95235,7YC2VY5RY34,B-H-00940,B-P-01754,Northwind Health,S2942-002,PDP,CA,AGE,NW-771147,06/01/2022,,Active,50399119,61.52,
B-C-01348,"Mendez, Karl",21160,(724) 555-0136,karl.mendez1348@example.com,1850 Gina Squares,New Patricia,CA,95235,5HG3H78AM85,B-H-00940,B-P-01755,Cardinal Mutual,H7696-026,MA,CA,AGE,CM-596132,2024-08-01,,ACTIVE,50399119,15.81,
B-C-01349,"Cruz, Nicholas",08/28/1951,(208) 555-0117,nicholas.cruz1349@example.com,81511 Sherri Spring Apt. 292,Kleinport,PA,19030,3EX1WY5NM86,B-H-00941,B-P-01756,Meridian Care,H5913-011,MA,PA,AGE,MC-526737,04/01/25,,active,64493418,24.65,
B-C-01350,"Hood, Daniel",03/08/1945,(524) 555-0191,daniel.hood1350@example.com,413 Zachary Fork,Codyville,AZ,85760,8K76F74QP68,B-H-00942,B-P-01757,Meridian Care,H4636-009-002,MA,AZ,AGE,MC-757402,03/01/2026,,Active,9527070,11.26,
B-C-01351,"Grant-Taylor, James",07/06/1935,(879) 555-0173,james.granttaylor1351@example.com,279 Courtney Tunnel,Michaeltown,CA,91089,5RM2AJ6FP86,B-H-00943,B-P-01758,Cardinal Mutual,B,MEDSUPP,CA,AGE,CM-330807,2025-08-01,,ACTIVE,50399119,112.26,
B-C-01351,"Grant-Taylor, James",07/06/1935,(879) 555-0173,james.granttaylor1351@example.com,279 Courtney Tunnel,Michaeltown,CA,91089,5RM2AJ6FP86,B-H-00943,B-P-01759,Cardinal Mutual,S6685-001,PDP,CA,AGE,CM-382777,08/01/25,,active,50399119,13.77,
B-C-01352,"King, Michael",21055,(716) 555-0148,michael.king1352@example.com,4186 Stone Brook Suite 019,West John,WV,25166,7A96AR3MK09,B-H-00944,B-P-01760,Harborline,H1547-020,MA,WV,AGE,HL-439345,01/01/2024,03/31/2026,Terminated,64493418,27.81,
B-C-01352,"King, Michael",21055,(716) 555-0148,michael.king1352@example.com,4186 Stone Brook Suite 019,West John,WV,25166,7A96AR3MK09,B-H-00944,B-P-01761,Summit Health Plans,H9807-001,MA,WV,AGE,SH-582979,2026-04-01,,ACTIVE,64493418,54.01,
B-C-01353,"King, Eric",10/28/1940,(716) 555-0148,eric.king1353@example.com,4186 Stone Brook Suite 019,West John,WV,25166,5JY6P82HE74,B-H-00944,B-P-01762,Cardinal Mutual,G,MEDSUPP,WV,AGE,CM-843165,01/01/24,,active,64493418,124.00,
B-C-01353,"King, Eric",10/28/1940,(716) 555-0148,eric.king1353@example.com,4186 Stone Brook Suite 019,West John,WV,25166,5JY6P82HE74,B-H-00944,B-P-01763,Cardinal Mutual,S6685-003,PDP,WV,AGE,CM-676123,01/01/2024,,Active,64493418,83.37,
B-C-01354,"Miller, Benjamin",26493,(906) 555-0100,benjamin.miller1354@example.com,1667 Jones Mews,West Feliciaside,WY,82948,,B-H-00945,B-P-01764,Northwind Health,61006WY9085645,ACA,WY,,NW-634208,2025-01-01,2025-12-31,TERMINATED,91146902,259.54,
B-C-01354,"Miller, Benjamin",26493,(906) 555-0100,benjamin.miller1354@example.com,1667 Jones Mews,West Feliciaside,WY,82948,,B-H-00945,B-P-01765,Summit Health Plans,75720WY7073806,ACA,WY,,SH-854866,01/01/26,,active,91146902,179.69,
B-C-01355,"Miller, Thomas",20307,(513) 555-0121,thomas.miller1355@example.com,1667 Jones Mews,West Feliciaside,WY,82948,6JM1P17TN78,B-H-00945,B-P-01766,Harborline,H1547-023,MA,WY,AGE,HL-414027,02/01/2024,,Active,91146902,11.74,
B-C-01356,"Davis, Mark",11/04/1938,(906) 555-0121,mark.davis1356@example.com,14133 Watkins Flats Suite 705,North Erictown,PA,16765,8EG2UJ3HU07,B-H-00946,B-P-01767,Northwind Health,K,MEDSUPP,PA,AGE,NW-131846,2023-08-01,,ACTIVE,50399119,126.90,
B-C-01356,"Davis, Mark",11/04/1938,(906) 555-0121,mark.davis1356@example.com,14133 Watkins Flats Suite 705,North Erictown,PA,16765,8EG2UJ3HU07,B-H-00946,B-P-01768,Northwind Health,S2942-024,PDP,PA,AGE,NW-794271,08/01/23,,active,50399119,41.31,
B-C-01357,"Davis, Taylor",31518,(689) 555-0102,taylor.davis1357@example.com,14133 Watkins Flats Suite 705,North Erictown,PA,16765,,B-H-00946,B-P-01769,Northwind Health,61006PA1874581,ACA,PA,,NW-933893,01/01/2025,,Active,50399119,576.96,
B-C-01358,"Adams, Christopher",31409,(437) 555-0175,christopher.adams1358@example.com,20716 Cody Extensions Suite 473,South Brianna,OR,97196,,B-H-00947,B-P-01770,Harborline,17955OR2423554,ACA,OR,,HL-956729,2024-01-01,,ACTIVE,9527070,550.15,
B-C-01359,"Adams, Emily",09/05/1939,(989) 555-0149,emily.adams1359@example.com,20716 Cody Extensions Suite 473,South Brianna,OR,97196,6TT7VU7JN30,B-H-00947,B-P-01771,Harborline,H1547-015-001,MA,OR,AGE,HL-765398,05/01/25,,active,9527070,41.08,
B-C-01360,"Powell, Ricardo",11/10/1941,(926) 555-0158,ricardo.powell1360@example.com,429 Roman Garden Apt. 362,Thompsonborough,NE,68544,8H17V86XC94,B-H-00948,B-P-01772,Summit Health Plans,H4044-005,MA,NE,AGE,SH-390444,01/01/2024,,Active,94445646,15.91,
B-C-01361,"Solomon, Misty",38344,(619) 555-0167,misty.solomon1361@example.com,74191 Natalie Ridges,South Jennifertown,NC,27882,,B-H-00949,B-P-01773,Cardinal Mutual,70072NC0756114,ACA,NC,,CM-535342,2025-01-01,2025-12-31,TERMINATED,67876966,440.27,
B-C-01361,"Solomon, Misty",38344,(619) 555-0167,misty.solomon1361@example.com,74191 Natalie Ridges,South Jennifertown,NC,27882,,B-H-00949,B-P-01774,Harborline,17955NC0902574,ACA,NC,,HL-242916,01/01/26,,active,67876966,365.48,
B-C-01362,"Sanders, Gregory",22090,(253) 555-0131,gregory.sanders1362@example.com,8393 Kimberly Key Apt. 522,Thompsonstad,VT,05482,6R08AA3AU30,B-H-00950,B-P-01775,Northwind Health,H3064-019,MA,VT,AGE,NW-398358,08/01/2025,,Active,84583776,44.59,
B-C-01364,"Steele, Brett",03/01/1954,(214) 555-0136,brett.steele1364@example.com,5051 Cummings Valley,New Jamesland,MS,39441,4C57U63RT79,B-H-00952,B-P-01777,Bluepeak,H5243-022,MA,MS,AGE,BP-661275,2022-01-01,,ACTIVE,50979283,22.38,
B-C-01365,"Arias, Jacob",05/02/1937,(718) 555-0157,jacob.arias1365@example.com,038 Zachary Ranch,Stacieside,CT,06612,7UD3Y70XT74,B-H-00953,B-P-01778,Meridian Care,H5913-028,MA,CT,AGE,MC-303906,04/01/26,,active,24647567,8.20,
B-C-01366,"Giles, Tina",09/26/1942,(699) 555-0197,tina.giles1366@example.com,4896 Jeremy Stream Suite 532,New Cliffordberg,NV,89401,9YU5E39UE52,B-H-00954,B-P-01779,Northwind Health,H3064-029,MA,NV,AGE,NW-786468,04/01/2026,,Active,45462976,1.52,Prefers mail over phone.
B-C-01367,"Giles, Emily",32195,(966) 555-0145,,4896 Jeremy Stream Suite 532,New Cliffordberg,NV,89401,,B-H-00954,B-P-01780,Northwind Health,61006NV2078541,ACA,NV,,NW-126954,2025-01-01,,ACTIVE,45462976,408.04,
B-C-01368,"Harris, Deanna",10/15/1933,(719) 555-0194,deanna.harris1368@example.com,63194 Schwartz Stream,North Emily,OK,74741,6YN6RU1TM08,B-H-00955,B-P-01781,Harborline,N,MEDSUPP,OK,AGE,HL-326155,08/01/24,,active,81157097,138.27,
B-C-01368,"Harris, Deanna",10/15/1933,(719) 555-0194,deanna.harris1368@example.com,63194 Schwartz Stream,North Emily,OK,74741,6YN6RU1TM08,B-H-00955,B-P-01782,Harborline,S7610-012,PDP,OK,AGE,HL-776922,08/01/2024,,Active,81157097,67.05,
B-C-01369,"Elliott, Claudia",23848,(270) 555-0116,claudia.elliott1369@example.com,24044 Teresa Gateway Suite 206,New Monica,CO,80040,5R24TN8GW59,B-H-00956,B-P-01783,Cardinal Mutual,H5265-018,MA,CO,ESRD,CM-763201,2022-06-01,,ACTIVE,64493418,39.27,
B-C-01370,"Elliott, Michele",30310,(270) 555-0116,,24044 Teresa Gateway Suite 206,New Monica,CO,80040,,B-H-00956,B-P-01784,Cardinal Mutual,70072CO3425971,ACA,CO,,CM-521259,01/01/26,,active,64493418,159.45,
B-C-01371,"Neal, Brittney",21712,(756) 555-0174,brittney.neal1371@example.com,277 Daniel Roads Suite 296,West Jamie,RI,02954,7T12RK4CD98,B-H-00957,B-P-01785,Harborline,H2522-003,MA,RI,AGE,HL-143691,10/01/2024,,Active,37947372,54.31,
B-C-01372,"Porter, Leah",10/20/1938,(282) 555-0109,leah.porter1372@example.com,027 Hannah Springs Apt. 856,Johnsonview,HI,96829,5D88XQ9EH79,B-H-00958,B-P-01786,Harborline,H2522-028,MA,HI,AGE,HL-667715,2025-05-01,2026-04-30,TERMINATED,50399119,30.49,
B-C-01372,"Porter, Leah",10/20/1938,(282) 555-0109,leah.porter1372@example.com,027 Hannah Springs Apt. 856,Johnsonview,HI,96829,5D88XQ9EH79,B-H-00958,B-P-01787,Bluepeak,H5243-005,MA,HI,AGE,BP-589987,05/01/26,,active,50399119,15.92,
B-C-01373,"Lee, George",02/24/1954,(896) 555-0194,,753 Lucero Street,West Edwardhaven,PA,16940,2DV1GV8GK00,B-H-00959,B-P-01788,Harborline,H2522-018-002,MA,PA,AGE,HL-471220,02/01/2024,,Active,64493418,24.65,
B-C-01374,"Steele, Jasmine",09/29/1951,(264) 555-0107,jasmine.steele1374@example.com,66856 Anthony Shore,Wendyfurt,DC,20034,2YX0QJ2QE12,B-H-00960,B-P-01789,Bluepeak,H9161-022,MA,DC,AGE,BP-874503,2022-09-01,2026-02-28,TERMINATED,24647567,10.42,Client prefers materials en español.
B-C-01374,"Steele, Jasmine",09/29/1951,(264) 555-0107,jasmine.steele1374@example.com,66856 Anthony Shore,Wendyfurt,DC,20034,2YX0QJ2QE12,B-H-00960,B-P-01790,Cardinal Mutual,H5265-007,MA,DC,AGE,CM-365926,03/01/26,,active,24647567,40.64,
B-C-01375,"Floyd, Laurie",05/15/1934,(714) 555-0102,laurie.floyd1375@example.com,1017 Shea Circles,Michaelport,NV,89424,1VG1J81HQ31,B-H-00961,B-P-01791,Bluepeak,H5243-008,MA,NV,AGE,BP-277436,02/01/2025,,Active,37947372,55.08,
B-C-01376,"Floyd, Christina",11/24/1933,(970) 555-0133,christina.floyd1376@example.com,1017 Shea Circles,Michaelport,NV,89424,8WC8CF2JP14,B-H-00961,B-P-01792,Northwind Health,S9721-004-002,PDP,NV,AGE,NW-943251,2022-09-01,,ACTIVE,37947372,59.18,Asked about dental add-ons at renewal.
B-C-01377,"Lowery, Amanda",36789,(934) 555-0191,,6194 Noble Roads,Roberttown,CT,06902,,B-H-00962,B-P-01793,Summit Health Plans,75720CT6585659,ACA,CT,,SH-316585,01/01/25,12/31/25,terminated,20671937,379.64,
B-C-01377,"Lowery, Amanda",36789,(934) 555-0191,,6194 Noble Roads,Roberttown,CT,06902,,B-H-00962,B-P-01794,Northwind Health,61006CT9254305,ACA,CT,,NW-958884,01/01/2026,,Active,20671937,658.24,
B-C-01378,"Adams, Sheena",10/09/1946,(310) 555-0116,,166 Daniel Bridge,East Johnland,MO,63902,9MU4G62NQ78,B-H-00963,B-P-01795,Cardinal Mutual,R7519-002,MA,MO,AGE,CM-209601,2025-12-01,,ACTIVE,69777236,56.88,
B-C-01379,"Adams, Kristopher",22097,(760) 555-0127,kristopher.adams1379@example.com,166 Daniel Bridge,East Johnland,MO,63902,9MU3WE4RE76,B-H-00963,B-P-01796,Meridian Care,H4636-009,MA,MO,AGE,MC-157965,10/01/25,,active,69777236,44.56,
B-C-01380,"Gamble, Matthew",08/24/1945,(814) 555-0155,matthew.gamble1380@example.com,04098 Adams Neck,Lake Kristinahaven,PA,16952,1UV7JD8NU52,B-H-00964,B-P-01797,Bluepeak,H9161-011,MA,PA,AGE,BP-536829,08/01/2025,,Active,50399119,53.57,
B-C-01381,"Charles, Alyssa",06/01/1947,(467) 555-0195,alyssa.charles1381@example.com,356 Michelle Run Suite 693,Taylorburgh,NV,89894,4M99HJ9WG54,B-H-00965,B-P-01798,Summit Health Plans,S1837-019-003,PDP,NV,AGE,SH-223422,2026-02-01,,ACTIVE,37947372,8.13,
B-C-01382,"Horton, Dillon",03/17/1941,(335) 555-0117,horton.family1383@example.com,71511 Berry Spur,Ballardfurt,NJ,07339,3D37P76FU52,B-H-00966,B-P-01799,Bluepeak,H5243-027,MA,NJ,AGE,BP-351542,03/01/23,04/30/25,terminated,75084135,16.46,Client prefers materials en español.
B-C-01382,"Horton, Dillon",03/17/1941,(335) 555-0117,horton.family1383@example.com,71511 Berry Spur,Ballardfurt,NJ,07339,3D37P76FU52,B-H-00966,B-P-01800,Meridian Care,H5913-005,MA,NJ,AGE,MC-213322,05/01/2025,,Active,75084135,58.39,
B-C-01383,"Horton, Walter",07/07/1952,(335) 555-0117,horton.family1383@example.com,71511 Berry Spur,Ballardfurt,NJ,07339,6K91XW2QD26,B-H-00966,B-P-01801,Cardinal Mutual,H5265-026,MA,NJ,AGE,CM-445625,2024-01-01,,ACTIVE,75084135,1.25,
B-C-01384,"Brown, Benjamin",05/21/1942,(681) 555-0157,benjamin.brown1384@example.com,00719 Nathan Fords,Port Brendafort,ND,58883,9CV0A95XX28,B-H-00967,B-P-01802,Harborline,H1547-006,MA,ND,AGE,HL-864877,10/01/22,11/30/25,terminated,93619366,9.34,
B-C-01384,"Brown, Benjamin",05/21/1942,(681) 555-0157,benjamin.brown1384@example.com,00719 Nathan Fords,Port Brendafort,ND,58883,9CV0A95XX28,B-H-00967,B-P-01803,Cardinal Mutual,H7696-022,MA,ND,AGE,CM-323414,12/01/2025,,Active,93619366,29.41,
B-C-01385,"Patel, Patrick",08/07/1940,(544) 555-0109,patrick.patel1385@example.com,9793 Wallace Glens Apt. 225,Jenniferbury,GA,31497,9X28Q33DV09,B-H-00968,B-P-01804,Cardinal Mutual,H7696-024,MA,GA,AGE,CM-702669,2026-01-01,,ACTIVE,26047628,11.20,Asked about dental add-ons at renewal.
B-C-01386,"Davis, John",09/27/1939,(560) 555-0141,john.davis1386@example.com,5866 Daniel Ridge Suite 484,New Tonyaview,PA,17731,7AU2MW4AA14,B-H-00969,B-P-01805,Summit Health Plans,H4044-025-001,MA,PA,AGE,SH-896963,05/01/22,,active,50399119,58.96,
B-C-01387,"Davis, Jennifer",05/14/1942,(333) 555-0130,jennifer.davis1387@example.com,5866 Daniel Ridge Suite 484,New Tonyaview,PA,17731,1F71TQ9CR22,B-H-00969,B-P-01806,Bluepeak,H9161-024,MA,PA,AGE,BP-577947,09/01/2023,,Active,50399119,41.55,
B-C-01388,"Baker, Michelle",20250,(622) 555-0174,,3564 Porter Crossing,Smithberg,WV,25392,3R58P87KQ72,B-H-00970,B-P-01807,Cardinal Mutual,H5265-006,MA,WV,AGE,CM-336088,2026-02-01,,ACTIVE,75084135,9.06,
B-C-01389,"Baker, Douglas",05/02/1941,(385) 555-0176,douglas.baker1389@example.com,3564 Porter Crossing,Smithberg,WV,25392,6GG7RE3AF28,B-H-00970,B-P-01808,Cardinal Mutual,H5265-020,MA,WV,AGE,CM-788973,11/01/25,,active,75084135,53.57,
B-C-01390,"Gray, Tyler",11/10/1939,(607) 555-0120,tyler.gray1390@example.com,298 Harris Path,North Anne,RI,02860,7CE5P19UY31,B-H-00971,B-P-01809,Northwind Health,G,MEDSUPP,RI,AGE,NW-934877,03/01/2022,,Active,37947372,231.05,
B-C-01390,"Gray, Tyler",11/10/1939,(607) 555-0120,tyler.gray1390@example.com,298 Harris Path,North Anne,RI,02860,7CE5P19UY31,B-H-00971,B-P-01810,Northwind Health,S2942-005-002,PDP,RI,AGE,NW-921231,2022-03-01,,ACTIVE,37947372,29.75,
B-C-01391,"Barrett, Jonathan",03/22/1951,(385) 555-0188,jonathan.barrett1391@example.com,830 Ryan Inlet Suite 982,Lake Sarahshire,CT,06400,3XK0V44DG82,B-H-00972,B-P-01811,Bluepeak,H9161-016,MA,CT,AGE,BP-167626,03/01/26,,active,14829889,4.25,
B-C-01392,"Barrett, Brandon",04/15/1947,(385) 555-0188,brandon.barrett1392@example.com,830 Ryan Inlet Suite 982,Lake Sarahshire,CT,06400,3DQ2DM2PG62,B-H-00972,B-P-01812,Cardinal Mutual,H5265-014-003,MA,CT,AGE,CM-710780,08/01/2023,03/31/2025,Terminated,14829889,45.34,
B-C-01392,"Barrett, Brandon",04/15/1947,(385) 555-0188,brandon.barrett1392@example.com,830 Ryan Inlet Suite 982,Lake Sarahshire,CT,06400,3DQ2DM2PG62,B-H-00972,B-P-01813,Meridian Care,H4636-009,MA,CT,AGE,MC-548010,2025-04-01,,ACTIVE,14829889,36.46,
B-C-01393,"Davis, Frank",20330,(431) 555-0184,frank.davis1393@example.com,11932 Park Avenue,Kennedyville,OR,97191,8HJ7FG4UN89,B-H-00973,B-P-01814,Harborline,S7610-023,PDP,OR,AGE,HL-342144,11/01/26,,pending,43888211,86.56,
B-C-01394,"Wilson, Connie",04/21/1946,(620) 555-0167,connie.wilson1394@example.com,81891 Samantha Tunnel Apt. 830,West Shelleymouth,WV,25791,4KK0E79QY87,B-H-00974,B-P-01815,Summit Health Plans,H9807-005,MA,WV,AGE,SH-417067,12/01/2023,,Active,64493418,22.69,
B-C-01395,"Jones, Kathryn",11/02/1952,(816) 555-0180,kathryn.jones1395@example.com,034 Greene Islands Suite 625,East Samanthafort,CO,80848,7HQ8CU5HF43,B-H-00975,B-P-01816,Cardinal Mutual,H5265-018,MA,CO,AGE,CM-953495,2022-10-01,,ACTIVE,49066206,48.75,
B-C-01396,"Gordon, Mary",12/19/1933,(511) 555-0103,mary.gordon1396@example.com,814 Dana Estate,Port Brian,NJ,07989,8J00DC4UA03,B-H-00976,B-P-01817,Northwind Health,H3036-008,MA,NJ,AGE,NW-305828,09/01/22,,active,75084135,2.35,
B-C-01397,"Gordon, Christina",20053,(509) 555-0196,christina.gordon1397@example.com,814 Dana Estate,Port Brian,NJ,07989,9YP8GJ7MC15,B-H-00976,B-P-01818,Northwind Health,H3064-014,MA,NJ,AGE,NW-133308,08/01/2023,09/30/2024,Terminated,75084135,57.06,
B-C-01397,"Gordon, Christina",20053,(509) 555-0196,christina.gordon1397@example.com,814 Dana Estate,Port Brian,NJ,07989,9YP8GJ7MC15,B-H-00976,B-P-01819,Meridian Care,H4636-017-003,MA,NJ,AGE,MC-171550,2024-10-01,,ACTIVE,75084135,52.14,
B-C-01398,"Lin, Megan",06/19/1937,(817) 555-0164,megan.lin1398@example.com,207 Smith Estates,Salazarmouth,PA,16934,4MH7Y93TV60,B-H-00977,B-P-01820,Bluepeak,S2427-013,PDP,PA,AGE,BP-157228,08/01/24,,active,50399119,26.48,
B-C-01399,"Jackson, Kristen",01/17/1934,(835) 555-0141,,583 Jackson Junctions Apt. 919,Stewartborough,NE,68877,7D39J73TA01,B-H-00978,B-P-01821,Cardinal Mutual,S6685-012,PDP,NE,AGE,CM-682880,09/01/2025,,Active,91146902,28.26,
B-C-01400,"Jackson, Max",04/29/1946,(835) 555-0141,max.jackson1400@example.com,583 Jackson Junctions Apt. 919,Stewartborough,NE,68877,6V54N66YF53,B-H-00978,B-P-01822,Cardinal Mutual,H7696-025-002,MA,NE,AGE,CM-883441,2025-12-01,,ACTIVE,91146902,44.74,
B-C-01401,"Edwards, Jeffrey",11/27/1946,(686) 555-0138,,251 David Alley Apt. 404,Brownville,GA,31260,9YM9HE9TE16,B-H-00979,B-P-01823,Cardinal Mutual,H5265-002,MA,GA,AGE,CM-235620,03/01/26,,active,51446845,35.61,
B-C-01402,"Edwards, Karen",21497,(283) 555-0153,karen.edwards1402@example.com,251 David Alley Apt. 404,Brownville,GA,31260,8R93PP5RK84,B-H-00979,B-P-01824,Bluepeak,H9161-001,MA,GA,AGE,BP-448633,01/01/2024,,Active,51446845,37.16,
B-C-01403,"Riley, Bryan",12/11/1951,(424) 555-0103,bryan.riley1403@example.com,1894 Vanessa Road,Melissamouth,WV,25339,5YF7RE2JP92,B-H-00980,B-P-01825,Northwind Health,G,MEDSUPP,WV,AGE,NW-747099,2022-11-01,,ACTIVE,75084135,211.65,
B-C-01403,"Riley, Bryan",12/11/1951,(424) 555-0103,bryan.riley1403@example.com,1894 Vanessa Road,Melissamouth,WV,25339,5YF7RE2JP92,B-H-00980,B-P-01826,Northwind Health,S2942-015,PDP,WV,AGE,NW-918642,11/01/22,,active,75084135,85.61,
B-C-01404,"Le, Brian",28895,(926) 555-0193,,47263 Cassie Glens,New Derekton,NC,27954,,B-H-00981,B-P-01827,Summit Health Plans,75720NC7447166,ACA,NC,,SH-457206,01/01/2024,,Active,93619366,288.50,
B-C-01405,"Smith, Christopher",34972,(297) 555-0149,,67821 Debbie Landing Suite 272,Charlesmouth,UT,84346,1VG8WE4UT06,B-H-00982,B-P-01828,Northwind Health,R6531-023,MA,UT,DISABILITY,NW-886319,2022-03-01,,ACTIVE,45462976,18.63,
B-C-01406,"Orr, Thomas",06/09/1939,(640) 555-0167,thomas.orr1406@example.com,95660 Wright Ridge Apt. 585,Whitneyview,CT,06479,8YG7TV7RT96,B-H-00983,B-P-01829,Summit Health Plans,H9807-013,MA,CT,AGE,SH-104850,06/01/23,,active,20671937,33.15,
B-C-01407,"Mccarthy, Katherine",07/28/1939,(338) 555-0185,katherine.mccarthy1407@example.com,21642 Kimberly Stream,Lisastad,WY,83102,7UP5E82JE12,B-H-00984,B-P-01830,Harborline,H1547-028-003,MA,WY,AGE,HL-931198,02/01/2026,,Active,20671937,56.58,
B-C-01408,"Moore, Jessica",32753,(246) 555-0191,,9029 Mayer Prairie,Port Andrew,RI,02909,,B-H-00985,B-P-01831,Northwind Health,61006RI2332352,ACA,RI,,NW-590427,2025-01-01,,ACTIVE,37947372,665.79,
B-C-01409,"Barber, Caroline",11/21/1949,(316) 555-0148,caroline.barber1409@example.com,5019 Aaron Fort,Virginiaville,MA,01171,3AG9D88AM75,B-H-00986,B-P-01832,Cardinal Mutual,H5265-021-001,MA,MA,AGE,CM-217057,07/01/25,,active,90228424,44.91,
B-C-01410,"Barber, Michelle",31595,(579) 555-0138,michelle.barber1410@example.com,5019 Aaron Fort,Virginiaville,MA,01171,,B-H-00986,B-P-01833,Harborline,17955MA4093886,ACA,MA,,HL-146007,01/01/2024,,Active,90228424,517.99,
B-C-01411,"Carpenter, James",06/07/1952,(481) 555-0180,james.carpenter1411@example.com,936 Ashley Meadow Suite 957,East Denise,MO,64719,8RR2U10PE15,B-H-00987,B-P-01834,Bluepeak,H9161-013,MA,MO,AGE,BP-666822,2024-03-01,,ACTIVE,81157097,46.30,
B-C-01412,"Carpenter, Richard",35805,(481) 555-0180,richard.carpenter1412@example.com,936 Ashley Meadow Suite 957,East Denise,MO,64719,,B-H-00987,B-P-01835,Bluepeak,39473MO6041607,ACA,MO,,BP-439895,01/01/26,,active,81157097,669.17,
B-C-01413,"Carter, Carlos",12/01/1943,(798) 555-0160,carlos.carter1413@example.com,227 Bailey Shoal,Whitehaven,NC,28732,7A96GR6EG89,B-H-00988,B-P-01836,Cardinal Mutual,R6363-016,MA,NC,AGE,CM-495841,06/01/2025,,Active,98787777,14.46,
B-C-01414,"Carter, Robert",34234,(622) 555-0190,robert.carter1414@example.com,227 Bailey Shoal,Whitehaven,NC,28732,,B-H-00988,B-P-01837,Harborline,17955NC6675318,ACA,NC,,HL-718524,2026-01-01,,ACTIVE,98787777,735.09,
B-C-01415,"Walls, Karina",20063,(249) 555-0129,karina.walls1415@example.com,819 Tina Forest,North Dianeton,CT,06995,7YQ7UP0EN10,B-H-00989,B-P-01838,Harborline,H2522-020,MA,CT,AGE,HL-539525,07/01/23,,active,14829889,48.85,
B-C-01416,"Marsh, Sandra",25509,(695) 555-0147,sandra.marsh1416@example.com,20482 Charles Divide Suite 992,Stevenside,OK,74575,,B-H-00990,B-P-01839,Northwind Health,61006OK0001738,ACA,OK,,NW-111120,01/01/2024,,Active,67876966,692.31,
B-C-01417,"Marsh, Stephanie",29109,(695) 555-0147,stephanie.marsh1417@example.com,20482 Charles Divide Suite 992,Stevenside,OK,74575,,B-H-00990,B-P-01840,Harborline,17955OK1041359,ACA,OK,,HL-752943,2024-01-01,,ACTIVE,67876966,207.74,
B-C-01418,"Williams, Carolyn",02/24/1942,(362) 555-0155,carolyn.williams1418@example.com,19997 Gary Throughway,Perezport,SD,57651,7JE8A11QN29,B-H-00991,B-P-01841,Meridian Care,R4076-019,MA,SD,AGE,MC-128082,01/01/25,,active,14829889,8.90,Prefers mail over phone.
B-C-01419,"Brown, Misty",02/17/1947,(940) 555-0197,misty.brown1419@example.com,978 Oconnell Spring Suite 179,Castanedaland,KY,42642,7RQ1FD8XJ63,B-H-00992,B-P-01842,Northwind Health,H3036-027,MA,KY,AGE,NW-386316,03/01/2022,,Active,43888211,8.39,
B-C-01420,"Banks, Lori",02/05/1952,(411) 555-0184,lori.banks1420@example.com,035 Taylor Corner Apt. 338,New Patriciaport,CO,80933,4J33KD6GC26,B-H-00993,B-P-01843,Summit Health Plans,G,MEDSUPP,CO,AGE,SH-478123,2023-08-01,,ACTIVE,59893296,282.79,
B-C-01420,"Banks, Lori",02/05/1952,(411) 555-0184,lori.banks1420@example.com,035 Taylor Corner Apt. 338,New Patriciaport,CO,80933,4J33KD6GC26,B-H-00993,B-P-01844,Summit Health Plans,S1837-030-002,PDP,CO,AGE,SH-948971,08/01/23,,active,59893296,5.48,
B-C-01421,"Parker, Nicholas",07/28/1949,(818) 555-0128,nicholas.parker1421@example.com,57479 Amanda Lakes Apt. 932,Lake Daniel,PA,15590,2D03MX7CY70,B-H-00994,B-P-01845,Bluepeak,N,MEDSUPP,PA,AGE,BP-587213,10/01/2022,,Active,64493418,254.30,
B-C-01421,"Parker, Nicholas",07/28/1949,(818) 555-0128,nicholas.parker1421@example.com,57479 Amanda Lakes Apt. 932,Lake Daniel,PA,15590,2D03MX7CY70,B-H-00994,B-P-01846,Bluepeak,S7317-012,PDP,PA,AGE,BP-341904,2022-10-01,,ACTIVE,64493418,75.01,
B-C-01422,"Parker, Susan",02/17/1952,(425) 555-0161,susan.parker1422@example.com,57479 Amanda Lakes Apt. 932,Lake Daniel,PA,15590,2GK8FJ1QU65,B-H-00994,B-P-01847,Summit Health Plans,H4044-029,MA,PA,AGE,SH-213313,12/01/22,10/31/24,terminated,64493418,1.66,
B-C-01422,"Parker, Susan",02/17/1952,(425) 555-0161,susan.parker1422@example.com,57479 Amanda Lakes Apt. 932,Lake Daniel,PA,15590,2GK8FJ1QU65,B-H-00994,B-P-01848,Northwind Health,H3036-006,MA,PA,AGE,NW-305088,11/01/2024,,Active,64493418,48.85,
B-C-01423,"Bryant, Charles",04/09/1936,(384) 555-0137,,95848 Pamela Highway Apt. 038,Aaronfort,SD,57395,8R26U55EC52,B-H-00995,B-P-01849,Cardinal Mutual,R6363-015,MA,SD,AGE,CM-504796,2024-06-01,2026-04-30,TERMINATED,84583776,1.03,
B-C-01423,"Bryant, Charles",04/09/1936,(384) 555-0137,,95848 Pamela Highway Apt. 038,Aaronfort,SD,57395,8R26U55EC52,B-H-00995,B-P-01850,Summit Health Plans,H4044-010,MA,SD,AGE,SH-371071,05/01/26,,active,84583776,2.98,
B-C-01424,"Turner, Jeffrey",25759,(686) 555-0100,jeffrey.turner1424@example.com,9153 Mercer Landing,Jimmyshire,CT,06422,,B-H-00996,B-P-01851,Cardinal Mutual,70072CT7673514,ACA,CT,,CM-822418,01/01/2025,,Active,20671937,521.70,
B-C-01425,"Anderson, Walter",20562,(926) 555-0155,,73245 Jimenez Circle,South Sarahfort,CT,06402,5DV2T11GA19,B-H-00997,B-P-01852,Northwind Health,B,MEDSUPP,CT,AGE,NW-329742,2025-08-01,,ACTIVE,24647567,171.79,
B-C-01425,"Anderson, Walter",20562,(926) 555-0155,,73245 Jimenez Circle,South Sarahfort,CT,06402,5DV2T11GA19,B-H-00997,B-P-01853,Northwind Health,S9721-003,PDP,CT,AGE,NW-565436,08/01/25,,active,24647567,74.26,
B-C-01426,"Anderson, Amanda",20532,(649) 555-0144,amanda.anderson1426@example.com,73245 Jimenez Circle,South Sarahfort,CT,06402,6C19F17JC57,B-H-00997,B-P-01854,Harborline,S4178-021,PDP,CT,AGE,HL-365865,01/01/2024,,Active,24647567,50.36,
B-C-01427,"Ortiz, Michael",20146,(821) 555-0100,,1005 Michelle Expressway,New Bryceshire,NC,28497,6EV8F88CK27,B-H-00998,B-P-01855,Summit Health Plans,F,MEDSUPP,NC,AGE,SH-435846,2024-06-01,,ACTIVE,98787777,166.81,
B-C-01427,"Ortiz, Michael",20146,(821) 555-0100,,1005 Michelle Expressway,New Bryceshire,NC,28497,6EV8F88CK27,B-H-00998,B-P-01856,Summit Health Plans,S4824-005-003,PDP,NC,AGE,SH-108828,06/01/24,,active,98787777,64.12,
B-C-01428,"Ortiz, Holly",21349,(821) 555-0100,,1005 Michelle Expressway,New Bryceshire,NC,28497,4M20VJ2VN61,B-H-00998,B-P-01857,Summit Health Plans,H4044-005-001,MA,NC,AGE,SH-750766,02/01/2024,,Active,98787777,53.16,
B-C-01429,"Foster, Daniel",29199,(936) 555-0184,daniel.foster1429@example.com,96735 Garcia Plaza,Mcdanielland,WV,25138,,B-H-00999,B-P-01858,Summit Health Plans,75720WV7619865,ACA,WV,,SH-951066,2025-01-01,2025-12-31,TERMINATED,64493418,467.78,
B-C-01429,"Foster, Daniel",29199,(936) 555-0184,daniel.foster1429@example.com,96735 Garcia Plaza,Mcdanielland,WV,25138,,B-H-00999,B-P-01859,Northwind Health,61006WV6959745,ACA,WV,,NW-774597,01/01/26,,active,64493418,235.40,
B-C-01430,"Ortiz, Rebecca",33664,(744) 555-0195,rebecca.ortiz1430@example.com,73874 Clayton Plains Apt. 225,North Melissafort,KY,40978,8WA2TU2QK45,B-H-01000,B-P-01860,Meridian Care,S7287-018,PDP,KY,DISABILITY,MC-829490,08/01/2024,,Active,81157097,15.63,
B-C-01431,"Reed, Alicia",08/14/1938,(969) 555-0198,alicia.reed1431@example.com,028 Nicole Walks Apt. 049,South Donald,ND,58160,2Q43DN5AW59,B-H-01001,B-P-01861,Meridian Care,H4636-005,MA,ND,AGE,MC-673456,2024-07-01,,ACTIVE,93619366,25.04,
B-C-01432,"Leon, Karen",02/07/1946,(401) 555-0192,karen.leon1432@example.com,73768 Wells Mount Suite 051,Goodshire,NV,89017,4FR6YM9JW07,B-H-01002,B-P-01862,Bluepeak,S7317-006-002,PDP,NV,AGE,BP-668466,06/01/24,,active,37947372,38.89,
B-C-01433,"Harris, Edward",32152,(516) 555-0161,,589 Garner Port,South Kelly,CT,06971,,B-H-01003,B-P-01863,Cardinal Mutual,70072CT3001719,ACA,CT,,CM-398242,01/01/2024,,Active,20671937,675.08,
B-C-01434,"Hoffman, Michael",20247,(541) 555-0156,michael.hoffman1434@example.com,44856 Melissa Brook Suite 683,South Steven,GA,31193,1NQ9MH7DU20,B-H-01004,B-P-01864,Northwind Health,K,MEDSUPP,GA,AGE,NW-762768,2024-10-01,,ACTIVE,26047628,278.47,
B-C-01434,"Hoffman, Michael",20247,(541) 555-0156,michael.hoffman1434@example.com,44856 Melissa Brook Suite 683,South Steven,GA,31193,1NQ9MH7DU20,B-H-01004,B-P-01865,Northwind Health,S9721-027,PDP,GA,AGE,NW-337634,10/01/24,,active,26047628,27.71,
B-C-01435,"Carey, Amber",06/04/1951,(681) 555-0169,,102 Jessica Tunnel,Lake Carlhaven,WY,83151,2H53R83TN44,B-H-01005,B-P-01866,Summit Health Plans,H9807-006,MA,WY,AGE,SH-564807,05/01/2026,,Active,20671937,45.97,
B-C-01436,"Velasquez, Patrick",02/10/1945,(349) 555-0180,patrick.velasquez1436@example.com,48290 Sabrina Inlet,New Joshua,SD,57581,1Q70VW1VC06,B-H-01006,B-P-01867,Summit Health Plans,H4044-019-001,MA,SD,AGE,SH-344897,2026-05-01,,ACTIVE,14829889,7.91,
B-C-01437,"Velasquez, Jamie",31692,(425) 555-0135,jamie.velasquez1437@example.com,48290 Sabrina Inlet,New Joshua,SD,57581,,B-H-01006,B-P-01868,Summit Health Plans,75720SD8183921,ACA,SD,,SH-955003,01/01/24,,active,14829889,527.64,
B-C-01438,"Pratt, Danielle",12/09/1947,(393) 555-0192,,2892 Nicole Unions,Williamsmouth,TX,79653,6F40HK6VE78,B-H-01007,B-P-01869,Meridian Care,S4547-002,PDP,TX,AGE,MC-248583,11/01/2026,,Pending,50399119,39.13,
B-C-01439,"Pratt, Richard",08/29/1945,(393) 555-0192,richard.pratt1439@example.com,2892 Nicole Unions,Williamsmouth,TX,79653,9F65R20QH52,B-H-01007,B-P-01870,Cardinal Mutual,H7696-028,MA,TX,AGE,CM-548538,2023-04-01,,ACTIVE,50399119,17.21,
B-C-01440,"Walters, Tara",06/07/1944,(572) 555-0195,tara.walters1440@example.com,93818 Karen Track Apt. 871,Port Michellestad,WY,82297,8RJ7KJ8UW42,B-H-01008,B-P-01871,Harborline,H1547-030-002,MA,WY,AGE,HL-930506,04/01/22,,active,91146902,43.25,
B-C-01441,"Brock, Sarah",20877,(727) 555-0197,sarah.brock1441@example.com,5558 Nancy Burg Suite 783,Riveratown,AR,72338,8UC0MN3XX00,B-H-01009,B-P-01872,Summit Health Plans,H9807-008,MA,AR,AGE,SH-998238,12/01/2022,,Active,98787777,33.08,
B-C-01442,"Thomas, Michael",01/27/1944,(413) 555-0152,michael.thomas1442@example.com,00427 Emily Cliffs,Greeneton,PA,15517,9VE6DA6NW55,B-H-01010,B-P-01873,Summit Health Plans,R4076-015-001,MA,PA,AGE,SH-299612,2024-05-01,,ACTIVE,91146902,30.09,
B-C-01443,"Blake, Morgan",03/07/1935,(612) 555-0167,morgan.blake1443@example.com,86009 Potts Cliffs Apt. 146,New Ivanfurt,CT,06228,2AW7TY3FV97,B-H-01011,B-P-01874,Northwind Health,H3036-029,MA,CT,AGE,NW-333716,08/01/24,,active,24647567,9.93,
B-C-01444,"Blake, James",01/26/1936,(554) 555-0192,james.blake1444@example.com,86009 Potts Cliffs Apt. 146,New Ivanfurt,CT,06228,1P13V17QG99,B-H-01011,B-P-01875,Cardinal Mutual,H7696-011,MA,CT,AGE,CM-515908,10/01/2025,,Active,24647567,19.79,
B-C-01445,"Whitehead, Jessica",27584,(905) 555-0143,jessica.whitehead1445@example.com,51134 Desiree Fall Suite 853,Suttonstad,OR,97929,,B-H-01012,B-P-01876,Bluepeak,39473OR6824987,ACA,OR,,BP-928095,2025-01-01,2025-12-31,TERMINATED,93619366,247.85,
B-C-01445,"Whitehead, Jessica",27584,(905) 555-0143,jessica.whitehead1445@example.com,51134 Desiree Fall Suite 853,Suttonstad,OR,97929,,B-H-01012,B-P-01877,Cardinal Mutual,70072OR1646494,ACA,OR,,CM-735853,01/01/26,,active,93619366,295.94,
B-C-01446,"Ellis, Maria",10/09/1952,(645) 555-0120,maria.ellis1446@example.com,252 Dyer Landing,Millerberg,SD,57102,6F52T71EU80,B-H-01013,B-P-01878,Meridian Care,S4547-019,PDP,SD,AGE,MC-563904,02/01/2023,,Active,14829889,81.72,
B-C-01447,"Ellis, Gloria",11/29/1940,(645) 555-0120,gloria.ellis1447@example.com,252 Dyer Landing,Millerberg,SD,57102,4PA7UM1KK52,B-H-01013,B-P-01879,Bluepeak,H9161-011,MA,SD,AGE,BP-779207,2022-06-01,,ACTIVE,14829889,9.42,
B-C-01448,"Carter, Paul",36037,(293) 555-0172,paul.carter1448@example.com,246 Sarah Walks,West Austinton,LA,70574,,B-H-01014,B-P-01880,Cardinal Mutual,70072LA4560256,ACA,LA,,CM-870148,01/01/26,,active,26047628,366.90,
B-C-01449,"Carter, Adam",02/20/1951,(293) 555-0172,adam.carter1449@example.com,246 Sarah Walks,West Austinton,LA,70574,4PX6KP9XN69,B-H-01014,B-P-01881,Cardinal Mutual,H5265-027-002,MA,LA,AGE,CM-733093,10/01/2024,,Active,26047628,9.06,
B-C-01450,"Henderson, Mary",38300,(904) 555-0142,mary.henderson1450@example.com,8650 Jamie Road,Mikeview,OK,74475,,B-H-01015,B-P-01882,Summit Health Plans,75720OK6723521,ACA,OK,,SH-957322,2025-01-01,2025-12-31,TERMINATED,81157097,348.75,
B-C-01450,"Henderson, Mary",38300,(904) 555-0142,mary.henderson1450@example.com,8650 Jamie Road,Mikeview,OK,74475,,B-H-01015,B-P-01883,Cardinal Mutual,70072OK3039173,ACA,OK,,CM-809810,01/01/26,,active,81157097,704.04,
B-C-01451,"Henderson, Matthew",05/16/1951,(806) 555-0116,matthew.henderson1451@example.com,8650 Jamie Road,Mikeview,OK,74475,5C87E68EF45,B-H-01015,B-P-01884,Cardinal Mutual,S6685-016-001,PDP,OK,AGE,CM-159017,09/01/2025,,Active,81157097,34.94,
B-C-01452,"Glenn, Melissa",20981,(382) 555-0171,melissa.glenn1452@example.com,04501 Davis Glens,East Tammy,NJ,07029,3WP5J95XN20,B-H-01016,B-P-01885,Northwind Health,H3064-012,MA,NJ,AGE,NW-984652,2025-07-01,,ACTIVE,75084135,46.28,
B-C-01453,"Garner, Loretta",06/25/1934,(293) 555-0107,loretta.garner1453@example.com,723 Davis Junctions,North Susanview,OK,73628,1R53MP9RH30,B-H-01017,B-P-01886,Cardinal Mutual,H5265-002-002,MA,OK,AGE,CM-144366,09/01/25,,active,81157097,30.98,
B-C-01454,"Mccormick, Amanda",04/24/1934,(539) 555-0183,amanda.mccormick1454@example.com,0911 Christopher Port Apt. 555,Terryport,AZ,86428,7YM6Q57EP41,B-H-01018,B-P-01887,Northwind Health,H3064-029,MA,AZ,AGE,NW-345491,11/01/2024,,Active,9527070,8.61,
B-C-01455,"Mccormick, Brittany",03/26/1951,(446) 555-0129,brittany.mccormick1455@example.com,0911 Christopher Port Apt. 555,Terryport,AZ,86428,2T15D51UJ99,B-H-01018,B-P-01888,Northwind Health,H3064-027,MA,AZ,AGE,NW-588851,2022-11-01,,ACTIVE,9527070,32.33,
B-C-01456,"Allen, Melissa",04/01/1944,(531) 555-0186,melissa.allen1456@example.com,16212 Smith Square Suite 021,Corymouth,DE,19711,3Q37WC1AH77,B-H-01019,B-P-01889,Summit Health Plans,H4044-022,MA,DE,AGE,SH-631789,01/01/24,,active,59893296,55.28,
B-C-01457,"Allen, Robert",10/20/1942,(349) 555-0151,,16212 Smith Square Suite 021,Corymouth,DE,19711,2GT3R26MC10,B-H-01019,B-P-01890,Meridian Care,R6659-019,MA,DE,AGE,MC-883450,02/01/2022,,Active,59893296,52.21,
B-C-01458,"Hansen, Lori",38287,(232) 555-0123,,334 Schaefer Canyon,Donovantown,PA,18996,,B-H-01020,B-P-01891,Meridian Care,18024PA3004525,ACA,PA,,MC-370883,2025-01-01,2025-12-31,TERMINATED,64493418,530.74,
B-C-01458,"Hansen, Lori",38287,(232) 555-0123,,334 Schaefer Canyon,Donovantown,PA,18996,,B-H-01020,B-P-01892,Harborline,17955PA8030513,ACA,PA,,HL-880108,01/01/26,,active,64493418,256.32,
B-C-01459,"Hansen, Tim",12/14/1941,(232) 555-0123,tim.hansen1459@example.com,334 Schaefer Canyon,Donovantown,PA,18996,4W68H06GQ26,B-H-01020,B-P-01893,Summit Health Plans,H4044-017,MA,PA,AGE,SH-797272,11/01/2024,,Active,64493418,12.21,
B-C-01460,"Bass, Maria",02/17/1942,(743) 555-0186,maria.bass1460@example.com,65585 Harding Motorway Apt. 719,South Bruce,WV,24722,5JM4VP3PK64,B-H-01021,B-P-01894,Meridian Care,L,MEDSUPP,WV,AGE,MC-573521,2024-07-01,,ACTIVE,69777236,314.21,
B-C-01460,"Bass, Maria",02/17/1942,(743) 555-0186,maria.bass1460@example.com,65585 Harding Motorway Apt. 719,South Bruce,WV,24722,5JM4VP3PK64,B-H-01021,B-P-01895,Meridian Care,S7287-009,PDP,WV,AGE,MC-746567,07/01/24,,active,69777236,75.39,Call after 2pm.
B-C-01461,"Evans, Jacqueline",03/07/1944,(467) 555-0148,jacqueline.evans1461@example.com,8277 Richard Ridges,Port Julie,KY,40148,6XM9U92FC42,B-H-01022,B-P-01896,Meridian Care,B,MEDSUPP,KY,AGE,MC-985074,03/01/2025,,Active,81157097,278.74,Call after 2pm.
B-C-01461,"Evans, Jacqueline",03/07/1944,(467) 555-0148,jacqueline.evans1461@example.com,8277 Richard Ridges,Port Julie,KY,40148,6XM9U92FC42,B-H-01022,B-P-01897,Meridian Care,S7287-023-003,PDP,KY,AGE,MC-288487,2025-03-01,,ACTIVE,81157097,33.39,
B-C-01462,"Evans, Erin",09/05/1954,(467) 555-0148,erin.evans1462@example.com,8277 Richard Ridges,Port Julie,KY,40148,6WK2XE4JP44,B-H-01022,B-P-01898,Summit Health Plans,H9807-017,MA,KY,AGE,SH-289170,02/01/22,,active,81157097,33.35,
B-C-01463,"Reynolds, Michele",21141,(605) 555-0186,michele.reynolds1463@example.com,081 Smith Ridge,East Nicole,DC,56992,6CX7T77MQ11,B-H-01023,B-P-01899,Bluepeak,F,MEDSUPP,DC,AGE,BP-741332,07/01/2025,,Active,24647567,281.74,
B-C-01463,"Reynolds, Michele",21141,(605) 555-0186,michele.reynolds1463@example.com,081 Smith Ridge,East Nicole,DC,56992,6CX7T77MQ11,B-H-01023,B-P-01900,Bluepeak,S2427-018-002,PDP,DC,AGE,BP-971846,2025-07-01,,ACTIVE,24647567,61.41,Call after 2pm.
B-C-01464,"Reynolds, Mario",07/25/1948,(605) 555-0186,mario.reynolds1464@example.com,081 Smith Ridge,East Nicole,DC,56992,5QE1C29DT61,B-H-01023,B-P-01901,Meridian Care,H5913-002,MA,DC,AGE,MC-876553,04/01/24,,active,24647567,30.87,
B-C-01465,"White, Elizabeth",20526,(272) 555-0160,elizabeth.white1465@example.com,838 Desiree Pine Apt. 845,East Eileen,NV,89428,3MN3NP0YP68,B-H-01024,B-P-01902,Meridian Care,H5913-018,MA,NV,AGE,MC-805054,09/01/2024,,Active,45462976,44.18,
B-C-01466,"Shaffer, Jennifer",11/17/1951,(478) 555-0139,jennifer.shaffer1466@example.com,31763 Campos Oval,New Juantown,NE,68092,1G95K99CQ27,B-H-01025,B-P-01903,Bluepeak,H9161-024-002,MA,NE,AGE,BP-495885,2026-03-01,,ACTIVE,91146902,33.98,
B-C-01467,"Hunter, Jeffrey",20985,(355) 555-0123,jeffrey.hunter1467@example.com,5666 Michael Ridge Apt. 784,Port Andreaberg,WV,25943,9NH4R28WD21,B-H-01026,B-P-01904,Bluepeak,H5243-024,MA,WV,AGE,BP-356500,10/01/25,,active,64493418,45.84,
B-C-01468,"Perez, Jill",04/11/1946,(984) 555-0189,jill.perez1468@example.com,2791 David Well,Port Amberborough,LA,70504,4K86CF4HG16,B-H-01027,B-P-01905,Cardinal Mutual,H7696-025,MA,LA,AGE,CM-270859,05/01/2023,12/31/2024,Terminated,26047628,45.99,
B-C-01468,"Perez, Jill",04/11/1946,(984) 555-0189,jill.perez1468@example.com,2791 David Well,Port Amberborough,LA,70504,4K86CF4HG16,B-H-01027,B-P-01906,Harborline,H2522-009,MA,LA,AGE,HL-647965,2025-01-01,,ACTIVE,26047628,5.29,
B-C-01469,"Perez, Brianna",07/05/1942,(984) 555-0189,brianna.perez1469@example.com,2791 David Well,Port Amberborough,LA,70504,6RX7D21PY44,B-H-01027,B-P-01907,Cardinal Mutual,H7696-001,MA,LA,AGE,CM-184408,07/01/22,,active,26047628,29.89,
B-C-01470,"Chandler, Christina",07/09/1952,(613) 555-0172,christina.chandler1470@example.com,0343 Shannon Inlet Suite 847,Cabrerafurt,CO,80552,8H88FP4UP70,B-H-01028,B-P-01908,Summit Health Plans,H9807-012-001,MA,CO,AGE,SH-948745,11/01/2026,,Pending,64493418,31.13,
B-C-01471,"Foster, Jessica",08/21/1942,(667) 555-0171,jessica.foster1471@example.com,483 Villa Drive Apt. 512,South Kevin,NE,68335,8GH5QN7JN59,B-H-01029,B-P-01909,Meridian Care,H4636-030,MA,NE,AGE,MC-676671,2022-05-01,,ACTIVE,94445646,46.23,
B-C-01472,"Johnson, David",10/25/1937,(235) 555-0160,,94414 Watson Squares,New Davidchester,WY,82388,1VM9YT0EE07,B-H-01030,B-P-01910,Northwind Health,R6531-027-003,MA,WY,AGE,NW-822816,06/01/23,01/31/25,terminated,84583776,48.04,
B-C-01472,"Johnson, David",10/25/1937,(235) 555-0160,,94414 Watson Squares,New Davidchester,WY,82388,1VM9YT0EE07,B-H-01030,B-P-01911,Summit Health Plans,H4044-014,MA,WY,AGE,SH-566351,02/01/2025,,Active,84583776,19.75,
B-C-01473,"Mathis, Sandra",10/30/1939,(843) 555-0115,sandra.mathis1473@example.com,749 Walters Street Apt. 918,New Erichaven,OH,45382,5E70TQ9GR26,B-H-01031,B-P-01912,Summit Health Plans,H4044-008-002,MA,OH,AGE,SH-302720,2022-04-01,2025-01-31,TERMINATED,50979283,20.16,
B-C-01473,"Mathis, Sandra",10/30/1939,(843) 555-0115,sandra.mathis1473@example.com,749 Walters Street Apt. 918,New Erichaven,OH,45382,5E70TQ9GR26,B-H-01031,B-P-01913,Meridian Care,H4636-021-001,MA,OH,AGE,MC-493459,02/01/25,,active,50979283,51.26,
B-C-01474,"Wolfe, Steve",05/22/1939,(693) 555-0152,steve.wolfe1474@example.com,887 Baldwin Run Suite 622,South Sarahton,CT,06418,3GN2PM1AV57,B-H-01032,B-P-01914,Harborline,H1547-017,MA,CT,AGE,HL-752637,08/01/2022,,Active,14829889,16.05,
B-C-01475,"Osborne, Brent",11/25/1938,(492) 555-0101,brent.osborne1475@example.com,557 Miller Trafficway Apt. 037,East Jeffrey,DC,20515,5PP8MP1VK69,B-H-01033,B-P-01915,Bluepeak,H5243-018-003,MA,DC,AGE,BP-582385,2024-01-01,2026-04-30,TERMINATED,24647567,37.68,
B-C-01475,"Osborne, Brent",11/25/1938,(492) 555-0101,brent.osborne1475@example.com,557 Miller Trafficway Apt. 037,East Jeffrey,DC,20515,5PP8MP1VK69,B-H-01033,B-P-01916,Meridian Care,H5913-017-002,MA,DC,AGE,MC-969907,05/01/26,,active,24647567,42.77,
B-C-01476,"Ryan, Amy",33536,(702) 555-0150,ryan.family1476@example.com,398 Kimberly Trafficway,Jamesland,MO,64895,,B-H-01034,B-P-01917,Meridian Care,18024MO5408119,ACA,MO,,MC-741345,01/01/2026,,Active,69777236,486.90,
B-C-01477,"Ryan, Sean",21986,(702) 555-0150,ryan.family1476@example.com,398 Kimberly Trafficway,Jamesland,MO,64895,6C24A15QQ95,B-H-01034,B-P-01918,Northwind Health,B,MEDSUPP,MO,AGE,NW-690446,2026-01-01,,ACTIVE,69777236,242.62,
B-C-01477,"Ryan, Sean",21986,(702) 555-0150,ryan.family1476@example.com,398 Kimberly Trafficway,Jamesland,MO,64895,6C24A15QQ95,B-H-01034,B-P-01919,Northwind Health,S2942-010-003,PDP,MO,AGE,NW-149179,01/01/26,,active,69777236,72.64,
B-C-01478,"Jones, Stephen",21634,(361) 555-0197,stephen.jones1478@example.com,28728 Alexandria Villages Apt. 006,Port Crystal,KY,40473,2C41TM9AT53,B-H-01035,B-P-01920,Cardinal Mutual,H7696-026,MA,KY,AGE,CM-567995,11/01/2025,,Active,81157097,40.74,
B-C-01479,"Rodriguez, Cynthia",23373,(987) 555-0114,cynthia.rodriguez1479@example.com,748 Michael Point Suite 269,South Stephaniehaven,HI,96812,,B-H-01036,B-P-01921,Cardinal Mutual,70072HI7585090,ACA,HI,,CM-976602,2025-01-01,2025-12-31,TERMINATED,50399119,767.26,
B-C-01479,"Rodriguez, Cynthia",23373,(987) 555-0114,cynthia.rodriguez1479@example.com,748 Michael Point Suite 269,South Stephaniehaven,HI,96812,,B-H-01036,B-P-01922,Summit Health Plans,75720HI1747113,ACA,HI,,SH-676529,01/01/26,,active,50399119,450.34,
B-C-01480,"Rodriguez, Brandon",37021,(456) 555-0168,brandon.rodriguez1480@example.com,748 Michael Point Suite 269,South Stephaniehaven,HI,96812,,B-H-01036,B-P-01923,Northwind Health,61006HI7281583,ACA,HI,,NW-809304,01/01/2025,12/31/2025,Terminated,50399119,612.37,
B-C-01480,"Rodriguez, Brandon",37021,(456) 555-0168,brandon.rodriguez1480@example.com,748 Michael Point Suite 269,South Stephaniehaven,HI,96812,,B-H-01036,B-P-01924,Cardinal Mutual,70072HI1331924,ACA,HI,,CM-293377,2026-01-01,,ACTIVE,50399119,472.93,
B-C-01481,"Banks, Jason",01/26/1938,(209) 555-0144,jason.banks1481@example.com,420 Santiago Stream,Dariusfort,WV,25684,8QX8RX2YU40,B-H-01037,B-P-01925,Bluepeak,H5243-020,MA,WV,AGE,BP-560161,04/01/24,,active,69777236,25.38,
B-C-01482,"Anderson, Nicole",09/25/1936,(328) 555-0140,nicole.anderson1482@example.com,385 Samantha Causeway Suite 283,Cheyennechester,VA,23701,9Y79NX1AM01,B-H-01038,B-P-01926,Cardinal Mutual,R7519-002,MA,VA,AGE,CM-930695,01/01/2026,,Active,98787777,27.17,
B-C-01483,"Price, Jared",20445,(377) 555-0115,jared.price1483@example.com,8079 Hogan Trail Apt. 664,Port Neil,PA,18212,6AN2J28CU67,B-H-01039,B-P-01927,Bluepeak,H9161-001-002,MA,PA,AGE,BP-727525,2023-12-01,,ACTIVE,91146902,51.45,
B-C-01484,"Wilson, Rachel",09/20/1937,(893) 555-0160,rachel.wilson1484@example.com,51280 Guzman Extensions,South Raymond,MO,63142,5M97W89HU85,B-H-01040,B-P-01928,Meridian Care,H4636-009,MA,MO,AGE,MC-650628,12/01/23,,active,81157097,28.29,
B-C-01485,"Rowland, Maria",02/24/1947,(265) 555-0191,maria.rowland1485@example.com,121 David Motorway Suite 476,Danielberg,MA,01145,9WX0WF9QP14,B-H-01041,B-P-01929,Bluepeak,H5243-013,MA,MA,AGE,BP-914678,01/01/2025,03/31/2026,Terminated,90228424,49.13,Met at the café seminar in the spring.
B-C-01485,"Rowland, Maria",02/24/1947,(265) 555-0191,maria.rowland1485@example.com,121 David Motorway Suite 476,Danielberg,MA,01145,9WX0WF9QP14,B-H-01041,B-P-01930,Summit Health Plans,H4044-028-001,MA,MA,AGE,SH-423806,2026-04-01,,ACTIVE,90228424,43.59,
B-C-01486,"Williams, Javier",03/10/1935,(452) 555-0112,javier.williams1486@example.com,5297 Acosta Turnpike,Lake Sherryfort,OK,73121,7UK2YE6UW34,B-H-01042,B-P-01931,Northwind Health,S9721-027-003,PDP,OK,AGE,NW-903273,02/01/26,,active,90228424,40.77,
B-C-01487,"Williams, Jack",03/28/1950,(382) 555-0122,,5297 Acosta Turnpike,Lake Sherryfort,OK,73121,1E01KP0PM99,B-H-01042,B-P-01932,Bluepeak,H9161-001,MA,OK,AGE,BP-706870,11/01/2026,,Pending,90228424,33.03,
B-C-01488,"Randolph, Gina",12/11/1939,(330) 555-0178,,57498 Keith Freeway Suite 881,Jessicahaven,NC,27480,5TP9WA0XA82,B-H-01043,B-P-01933,Bluepeak,H9161-011,MA,NC,AGE,BP-446008,2024-11-01,,ACTIVE,98787777,17.00,
B-C-01489,"Harrison, Elizabeth",02/10/1945,(848) 555-0132,elizabeth.harrison1489@example.com,3010 Daniel Oval,East Sarahfort,CT,06071,4GF2E29HE35,B-H-01044,B-P-01934,Summit Health Plans,H4044-026,MA,CT,AGE,SH-801791,08/01/25,,active,20671937,42.86,
B-C-01490,"Harrison, Miranda",03/26/1936,(848) 555-0132,miranda.harrison1490@example.com,3010 Daniel Oval,East Sarahfort,CT,06071,6RP0QK5GH58,B-H-01044,B-P-01935,Cardinal Mutual,H5265-012,MA,CT,AGE,CM-601246,02/01/2023,,Active,20671937,58.54,
B-C-01491,"Deleon, Martin",09/04/1943,(912) 555-0122,martin.deleon1491@example.com,1113 Jeremy Skyway Apt. 095,Howardton,DE,19911,9A86PT4YF54,B-H-01045,B-P-01936,Bluepeak,B,MEDSUPP,DE,AGE,BP-452285,2024-04-01,,ACTIVE,69777236,124.22,
B-C-01491,"Deleon, Martin",09/04/1943,(912) 555-0122,martin.deleon1491@example.com,1113 Jeremy Skyway Apt. 095,Howardton,DE,19911,9A86PT4YF54,B-H-01045,B-P-01937,Bluepeak,S7317-017,PDP,DE,AGE,BP-849797,04/01/24,,active,69777236,73.74,Prefers mail over phone.
B-C-01492,"Lane, Kim",09/20/1934,(641) 555-0106,kenneth.lane1493@example.com,594 Fischer Loop Suite 258,Kingport,OH,44945,4Q98FQ9EE63,B-H-01046,B-P-01938,Summit Health Plans,H9807-012,MA,OH,AGE,SH-878887,08/01/2024,,Active,50979283,37.73,
B-C-01493,"Lane, Kenneth",12/09/1946,(641) 555-0106,kenneth.lane1493@example.com,594 Fischer Loop Suite 258,Kingport,OH,44945,3JA6M58MG05,B-H-01046,B-P-01939,Meridian Care,A,MEDSUPP,OH,AGE,MC-875582,2022-04-01,,ACTIVE,50979283,273.13,
B-C-01493,"Lane, Kenneth",12/09/1946,(641) 555-0106,kenneth.lane1493@example.com,594 Fischer Loop Suite 258,Kingport,OH,44945,3JA6M58MG05,B-H-01046,B-P-01940,Meridian Care,S4547-007,PDP,OH,AGE,MC-790508,04/01/22,,active,50979283,11.60,
B-C-01494,"Brown, Paul",03/06/1944,(285) 555-0150,paul.brown1494@example.com,23321 Michael Port,Roymouth,RI,02869,9G88YN7MD50,B-H-01047,B-P-01941,Northwind Health,G,MEDSUPP,RI,AGE,NW-830711,02/01/2022,,Active,37947372,199.01,
B-C-01494,"Brown, Paul",03/06/1944,(285) 555-0150,paul.brown1494@example.com,23321 Michael Port,Roymouth,RI,02869,9G88YN7MD50,B-H-01047,B-P-01942,Northwind Health,S2942-025-002,PDP,RI,AGE,NW-214763,2022-02-01,,ACTIVE,37947372,29.38,
B-C-01495,"Jenkins, Alexander",05/28/1953,(499) 555-0181,alexander.jenkins1495@example.com,5081 Stevenson Lodge,Port Tiffanyland,VA,23051,8WJ0MC6RV46,B-H-01048,B-P-01943,Northwind Health,F,MEDSUPP,VA,AGE,NW-652175,01/01/22,,active,98787777,163.43,
B-C-01495,"Jenkins, Alexander",05/28/1953,(499) 555-0181,alexander.jenkins1495@example.com,5081 Stevenson Lodge,Port Tiffanyland,VA,23051,8WJ0MC6RV46,B-H-01048,B-P-01944,Northwind Health,S9721-001-001,PDP,VA,AGE,NW-291964,01/01/2022,,Active,98787777,77.84,
B-C-01496,"Jenkins, Christopher",34563,(499) 555-0181,christopher.jenkins1496@example.com,5081 Stevenson Lodge,Port Tiffanyland,VA,23051,,B-H-01048,B-P-01945,Northwind Health,61006VA4594286,ACA,VA,,NW-948594,2024-01-01,,ACTIVE,98787777,561.28,
B-C-01497,"Hernandez, Charles",09/28/1941,(346) 555-0153,charles.hernandez1497@example.com,56357 Patrick Court Suite 755,West Kristinmouth,HI,96784,6FP5UP1MK33,B-H-01049,B-P-01946,Summit Health Plans,F,MEDSUPP,HI,AGE,SH-288764,09/01/25,,active,81157097,93.40,
B-C-01497,"Hernandez, Charles",09/28/1941,(346) 555-0153,charles.hernandez1497@example.com,56357 Patrick Court Suite 755,West Kristinmouth,HI,96784,6FP5UP1MK33,B-H-01049,B-P-01947,Summit Health Plans,S1837-018-002,PDP,HI,AGE,SH-673472,09/01/2025,,Active,81157097,31.61,
B-C-01498,"Hernandez, Kristi",09/16/1945,(346) 555-0153,kristi.hernandez1498@example.com,56357 Patrick Court Suite 755,West Kristinmouth,HI,96784,6FY5E34CC72,B-H-01049,B-P-01948,Bluepeak,H5243-012,MA,HI,AGE,BP-806476,2025-05-01,,ACTIVE,81157097,12.34,
B-C-01499,"Russo, Roy",21957,(422) 555-0159,roy.russo1499@example.com,32303 Blackburn Stravenue,Aguilarville,DE,19765,6K68EJ2NU96,B-H-01050,B-P-01949,Meridian Care,H4636-005,MA,DE,AGE,MC-637248,09/01/25,,active,69777236,6.18,
B-C-01500,"Russo, Shaun",08/04/1943,(422) 555-0159,shaun.russo1500@example.com,32303 Blackburn Stravenue,Aguilarville,DE,19765,2J71UM9TP70,B-H-01050,B-P-01950,Summit Health Plans,H9807-017,MA,DE,AGE,SH-669785,04/01/2023,,Active,69777236,37.02,
B-C-01084,"Beck, Theresa",09/25/1947,(598) 555-0107,theresa.beck1084@example.com,17980 Jennifer Highway Suite 095,New Robert,OH,45663,7NV0E98PR94,B-H-00755,B-P-01951,Harborline,N,MEDSUPP,OH,AGE,HL-795004,2023-10-01,,ACTIVE,50979283,122.20,
B-C-01084,"Beck, Theresa",09/25/1947,(598) 555-0107,theresa.beck1084@example.com,17980 Jennifer Highway Suite 095,New Robert,OH,45663,7NV0E98PR94,B-H-00755,B-P-01952,Harborline,S7304-015,PDP,OH,AGE,HL-867355,10/01/23,,active,50979283,44.61,
B-C-00062,"Khan, Kevin",23981,(412) 555-0184,,70127 Smith Meadow,Lake Regina,UT,84523,4FD2XW3JV16,B-H-00048,B-P-01953,Meridian Care,H3591-010-001,MA,UT,DISABILITY,MC-938318,06/01/2024,09/30/2025,Terminated,45462976,23.37,
B-C-00062,"Khan, Kevin",23981,(412) 555-0184,,70127 Smith Meadow,Lake Regina,UT,84523,4FD2XW3JV16,B-H-00048,B-P-01954,Cardinal Mutual,H7252-012-002,MA,UT,DISABILITY,CM-946993,2025-10-01,,ACTIVE,45462976,32.62,
B-C-00446,"Le, Brandon",01/31/1948,(683) 555-0127,,570 Clark Square,West Jonathanville,CO,81699,5GF7D81JH22,B-H-00313,B-P-01955,Summit Health Plans,B,MEDSUPP,CO,AGE,SH-942427,09/01/24,,active,49066206,303.44,
B-C-00446,"Le, Brandon",01/31/1948,(683) 555-0127,,570 Clark Square,West Jonathanville,CO,81699,5GF7D81JH22,B-H-00313,B-P-01956,Summit Health Plans,S8123-015,PDP,CO,AGE,SH-603814,09/01/2024,,Active,49066206,26.49,
B-C-01363,"Boyer, Jeff",07/11/1936,(477) 555-0192,jeff.boyer1363@example.com,088 Jon Route,Jameston,KY,41406,9N36P42UD55,B-H-00951,B-P-01957,Summit Health Plans,H5371-004,MA,KY,AGE,SH-677919,2025-04-01,,ACTIVE,43888211,59.14,
B-C-00157,"Johnson, Melissa",09/29/1942,(216) 555-0105,melissa.johnson157@example.com,7199 John Plaza Suite 983,East Eddiestad,OR,97164,3J15UE5PW68,B-H-00114,B-P-01958,Cardinal Mutual,N,MEDSUPP,OR,AGE,CM-965576,07/01/25,,active,9527070,279.07,
B-C-00157,"Johnson, Melissa",09/29/1942,(216) 555-0105,melissa.johnson157@example.com,7199 John Plaza Suite 983,East Eddiestad,OR,97164,3J15UE5PW68,B-H-00114,B-P-01959,Cardinal Mutual,S1188-008,PDP,OR,AGE,CM-345063,07/01/2025,,Active,9527070,79.32,
B-C-00320,"Nguyen, Michelle",25264,(486) 555-0127,michelle.nguyen320@example.com,5033 Deborah Ramp Apt. 141,Geoffreyside,AR,72926,,B-H-00228,B-P-01960,Meridian Care,76540AR8124192,ACA,AR,,MC-948618,2025-01-01,2025-12-31,TERMINATED,93619366,235.63,
B-C-00320,"Nguyen, Michelle",25264,(486) 555-0127,michelle.nguyen320@example.com,5033 Deborah Ramp Apt. 141,Geoffreyside,AR,72926,,B-H-00228,B-P-01961,Summit Health Plans,93748AR2126969,ACA,AR,,SH-997454,01/01/26,,active,93619366,489.07,
B-C-00316,"Crane, Zachary",12/22/1937,(969) 555-0134,zachary.crane316@example.com,653 Karen Pines Suite 326,Hardinmouth,CO,81515,9G21U16KW46,B-H-00225,B-P-01962,Harborline,H2796-005,MA,CO,AGE,HL-165366,07/01/2024,09/30/2025,Terminated,49066206,17.18,
B-C-00316,"Crane, Zachary",12/22/1937,(969) 555-0134,zachary.crane316@example.com,653 Karen Pines Suite 326,Hardinmouth,CO,81515,9G21U16KW46,B-H-00225,B-P-01963,Bluepeak,H4593-021,MA,CO,AGE,BP-393152,2025-10-01,,ACTIVE,49066206,8.69,
B-C-00127,"Burke, Timothy",09/28/1944,(591) 555-0151,timothy.burke127@example.com,9799 Simon Mountains,West Jennifer,AR,72021,7MF5N50UW68,B-H-00091,B-P-01964,Meridian Care,S3927-001,PDP,AR,AGE,MC-370026,10/01/24,,active,98787777,34.56,
B-C-00426,"Sanford, Sherri",03/30/1942,(767) 555-0135,sherri.sanford426@example.com,81664 Watkins Estates,West Olivia,UT,84389,8XQ4ME6AJ32,B-H-00299,B-P-01965,Summit Health Plans,H9797-011-001,MA,UT,AGE,SH-715049,11/01/2024,,Active,45462976,6.43,
B-C-00949,"Williams, Daniel",28866,(828) 555-0120,daniel.williams949@example.com,1017 Brenda Forges Suite 417,Obrienfurt,TX,79943,8JH2GY1GM89,B-H-00658,B-P-01966,Summit Health Plans,H5371-001,MA,TX,DISABILITY,SH-833842,2023-10-01,,ACTIVE,14829889,0.86,
B-C-01148,"Myers, Stephanie",08/06/1940,(562) 555-0108,,92310 Kennedy Groves,Jamesfort,KY,40044,5PY9VM1HJ76,B-H-00802,B-P-01967,Northwind Health,H5040-016,MA,KY,AGE,NW-947331,09/01/24,03/31/26,terminated,43888211,47.41,
B-C-01148,"Myers, Stephanie",08/06/1940,(562) 555-0108,,92310 Kennedy Groves,Jamesfort,KY,40044,5PY9VM1HJ76,B-H-00802,B-P-01968,Bluepeak,H3266-004,MA,KY,AGE,BP-831861,04/01/2026,,Active,43888211,2.45,
B-C-00287,"Davis, Catherine",07/06/1948,(451) 555-0157,catherine.davis287@example.com,49498 Marie Haven Apt. 179,Erichaven,LA,71105,3FC1QN6RH39,B-H-00206,B-P-01969,Meridian Care,H8433-007-001,MA,LA,AGE,MC-254224,2023-02-01,,ACTIVE,26047628,59.94,
B-C-00282,"Deleon, Matthew",11/03/1941,(805) 555-0140,,293 Roberts Canyon Apt. 348,Port Allisonmouth,LA,70136,1NC4V77EN90,B-H-00203,B-P-01970,Northwind Health,H9830-016-001,MA,LA,AGE,NW-897350,09/01/23,,active,26047628,13.95,
B-C-00080,"Russell, Holly",05/15/1950,(524) 555-0176,holly.russell80@example.com,31234 Kimberly Meadows,Elliottton,NC,27879,8TC4XY0XR78,B-H-00061,B-P-01971,Summit Health Plans,H5371-028,MA,NC,AGE,SH-696146,05/01/2022,,Active,93619366,27.55,
B-C-00104,"Salazar, Joshua",37386,(890) 555-0126,joshua.salazar104@example.com,1016 Charles Skyway Apt. 950,North Nicholaston,NE,68734,,B-H-00075,B-P-01972,Bluepeak,23947NE0751672,ACA,NE,,BP-587575,2026-01-01,,ACTIVE,91146902,417.60,
B-C-00416,"Cisneros, Todd",11/07/1951,(664) 555-0187,todd.cisneros416@example.com,6984 Robert Light,East Javierport,TX,78850,3XA5PC9PU92,B-H-00292,B-P-01973,Northwind Health,A,MEDSUPP,TX,AGE,NW-534376,09/01/24,,active,14829889,177.45,
B-C-00416,"Cisneros, Todd",11/07/1951,(664) 555-0187,todd.cisneros416@example.com,6984 Robert Light,East Javierport,TX,78850,3XA5PC9PU92,B-H-00292,B-P-01974,Northwind Health,S6930-013,PDP,TX,AGE,NW-528643,09/01/2024,,Active,14829889,87.79,
B-C-00599,"Johnson, Elizabeth",07/22/1947,(286) 555-0102,elizabeth.johnson599@example.com,262 Beck Falls Apt. 661,Elizabethhaven,TX,77344,6Q88PA6QK87,B-H-00421,B-P-01975,Meridian Care,H8433-004,MA,TX,AGE,MC-188578,2024-10-01,2025-11-30,TERMINATED,14829889,18.36,
B-C-00599,"Johnson, Elizabeth",07/22/1947,(286) 555-0102,elizabeth.johnson599@example.com,262 Beck Falls Apt. 661,Elizabethhaven,TX,77344,6Q88PA6QK87,B-H-00421,B-P-01976,Northwind Health,H9830-013-002,MA,TX,AGE,NW-927739,12/01/25,,active,14829889,52.51,
B-C-00022,"Perez, Richard",36759,(799) 555-0144,richard.perez22@example.com,55501 Veronica Haven,Lauraton,NC,27336,,B-H-00017,B-P-01977,Summit Health Plans,93748NC2513552,ACA,NC,,SH-327502,01/01/2025,12/31/2025,Terminated,93619366,348.97,
B-C-00022,"Perez, Richard",36759,(799) 555-0144,richard.perez22@example.com,55501 Veronica Haven,Lauraton,NC,27336,,B-H-00017,B-P-01978,Northwind Health,76542NC9519724,ACA,NC,,NW-100537,2026-01-01,,ACTIVE,93619366,649.56,
B-C-01509,"Wright, Chloe",39403,(573) 555-0167,,76311 Gomez Loop Suite 010,Chandlerville,AL,35845,,B-H-00204,B-P-01979,Meridian Care,18024AL9833127,ACA,AL,,MC-188112-01,01/01/26,,active,67876966,,
B-C-01510,"Phillips, Leroy",38008,(415) 555-0123,,59212 Weber Prairie,Oscarhaven,RI,02841,,B-H-00457,B-P-01980,Cardinal Mutual,70072RI2045903,ACA,RI,,CM-770569-01,01/01/2026,,Active,37947372,,
B-C-01511,"King, Jessica",39959,(206) 555-0122,,888 Peter Mountains,Lake Paulstad,KY,42288,,B-H-00346,B-P-01981,Harborline,17955KY4232336,ACA,KY,,HL-963534-01,2025-01-01,,ACTIVE,81157097,,
B-C-01512,"Winters, Ashley",42551,(960) 555-0130,,43842 Mendez Course Apt. 992,Lake Claudia,DE,19824,,B-H-00726,B-P-01982,Harborline,17955DE6302473,ACA,DE,,HL-407239-01,01/01/25,,active,69777236,,
B-C-01513,"Rivera, James",40473,(766) 555-0132,,04991 Mitchell Row Suite 287,Jamesville,NJ,07902,,B-H-00429,B-P-01983,Cardinal Mutual,70072NJ9950711,ACA,NJ,,CM-704497-01,01/01/2024,,Active,75084135,,
B-C-01514,"Kaufman, Andrew",38129,(621) 555-0176,,0641 Alyssa Freeway,Vasquezton,VT,05875,,B-H-00812,B-P-01984,Summit Health Plans,75720VT6100372,ACA,VT,,SH-939519-01,2026-01-01,,ACTIVE,84583776,,
B-C-01515,"Cruz, Ronald",42097,(953) 555-0161,,0948 Jessica Village Suite 138,North Jessicaside,TX,77884,,B-H-00189,B-P-01985,Harborline,17955TX1800508,ACA,TX,,HL-800362-01,01/01/26,,active,14829889,,
B-C-01516,"Carney, George",44847,(557) 555-0111,,98179 Simmons Vista,Jordanshire,MO,65643,,B-H-00238,B-P-01986,Meridian Care,18024MO0579042,ACA,MO,,MC-830509-01,01/01/2024,,Active,81157097,,
B-C-01517,"Wells, Brittany",43843,(647) 555-0177,,342 Teresa Courts,New Melissa,NE,68636,,B-H-00440,B-P-01987,Cardinal Mutual,70072NE0392210,ACA,NE,,CM-168696-01,2026-01-01,,ACTIVE,94445646,,
B-C-01518,"Mcfarland, Keith",42829,(300) 555-0163,,0816 Wallace Rapid,North Kelseyborough,OH,43402,,B-H-00351,B-P-01988,Harborline,17955OH0173775,ACA,OH,,HL-372344-01,01/01/26,,active,50979283,,
B-C-01519,"Stuart, Kim",37122,(866) 555-0154,,409 Tina Circle,Codytown,DE,19753,,B-H-00597,B-P-01989,Harborline,17955DE0427782,ACA,DE,,HL-279085-01,01/01/2024,,Active,69777236,,
B-C-01520,"Townsend, Nicholas",43375,(803) 555-0171,,0715 Lynch Inlet,Gayport,KY,42085,,B-H-00620,B-P-01990,Bluepeak,39473KY9925276,ACA,KY,,BP-444899-01,2027-01-01,,PENDING,43888211,,
B-C-01521,"Richards, Victoria",41116,(419) 555-0113,,6597 Howell Haven,Brenthaven,WI,54706,,B-H-00591,B-P-01991,Northwind Health,61006WI9573543,ACA,WI,,NW-811946-01,01/01/25,,active,50979283,,
B-C-01522,"Sparks, Tammy",44503,(440) 555-0105,,22528 Timothy Throughway,Anthonyfurt,AR,71826,,B-H-00830,B-P-01992,Cardinal Mutual,70072AR4191850,ACA,AR,,CM-813465-01,01/01/2026,,Active,93619366,,
B-C-01523,"Thomas, Anita",41079,(910) 555-0144,,93096 Miller Spur,Davisville,CA,93725,,B-H-00532,B-P-01993,Cardinal Mutual,70072CA5766889,ACA,CA,,CM-905682-01,2024-01-01,,ACTIVE,50399119,,
B-C-01524,"Smith, Tyler",45038,(804) 555-0163,,563 Edward Mission,Roseton,CO,80150,,B-H-00055,B-P-01994,Northwind Health,61006CO5393840,ACA,CO,,NW-190018-01,01/01/26,,active,49066206,,
B-C-01525,"Green, John",43468,(594) 555-0123,,21905 Jason Roads,Scotttown,TX,75153,,B-H-00700,B-P-01995,Northwind Health,61006TX6910184,ACA,TX,,NW-414633-01,01/01/2026,,Active,14829889,,
B-C-01526,"Delgado, James",38127,(463) 555-0145,,6720 Brian Dam Suite 028,Lake Williamberg,PA,18129,,B-H-00645,B-P-01996,Summit Health Plans,75720PA5314780,ACA,PA,,SH-760010-01,2024-01-01,,ACTIVE,91146902,,
B-C-01527,"Jackson, Christina",11/13/1944,(220) 555-0142,christina.jackson138@example.com,50455 Thomas Pines,Knightburgh,GA,31212,9KV8DK6KN71,B-H-00099,B-P-01997,Northwind Health,H3036-029,MA,GA,AGE,NW-961702,07/01/24,,active,26047628,50.10,
B-C-01528,"Murphy, Roberta",10/11/1940,(831) 555-0195,roberta.murphy198@example.com,104 Johnson Lakes,North Renee,CA,91710,8F26FK6TQ24,B-H-00146,B-P-01998,Summit Health Plans,H4044-016,MA,CA,AGE,SH-446037,04/01/2024,,Active,50399119,4.57,
B-C-01529,"Jones, Stephanie",21634,(361) 555-0197,stephanie.jones1478@example.com,28728 Alexandria Villages Apt. 006,Port Crystal,KY,40473,2PC9XU1KP79,B-H-01035,B-P-01999,Cardinal Mutual,H7696-026,MA,KY,AGE,CM-221062,2025-11-01,,ACTIVE,81157097,40.74,
B-C-01530,"Espinoza, Mario",05/03/1936,(887) 555-0171,mario.espinoza596@example.com,4064 Laura Plaza Suite 368,Fosterburgh,WI,54069,1AT4EH4TV61,B-H-00419,B-P-02000,Bluepeak,H5243-024-001,MA,WI,AGE,BP-517792,07/01/24,,active,50979283,31.97,
B-C-01531,"Sparks, Andrew",11/23/1944,(790) 555-0156,andrew.sparks308@example.com,861 Craig Squares,Andradeburgh,CA,93303,3XF2TG3KA29,B-H-00220,B-P-02001,Bluepeak,H9161-004,MA,CA,AGE,BP-190350,09/01/2025,,Active,50399119,41.64,
B-C-01532,"Martinez, Danielle",20864,(421) 555-0155,danielle.martinez119@example.com,1256 Lewis Forks,Rodriguezmouth,SD,57026,8FK8CQ1RY84,B-H-00086,B-P-02002,Bluepeak,G,MEDSUPP,SD,AGE,BP-675062,2023-12-01,,ACTIVE,14829889,232.61,
B-C-01532,"Martinez, Danielle",20864,(421) 555-0155,danielle.martinez119@example.com,1256 Lewis Forks,Rodriguezmouth,SD,57026,8FK8CQ1RY84,B-H-00086,B-P-02003,Bluepeak,S7317-013,PDP,SD,AGE,BP-631452,12/01/23,,active,14829889,76.54,
B-C-01533,"Holland, Andrea",38406,(680) 555-0140,,73652 Davis Falls Suite 223,Hardingburgh,WV,26017,,B-H-00410,B-P-02004,Harborline,17955WV9114939,ACA,WV,,HL-510400,01/01/2025,,Active,64493418,653.88,
B-C-01534,"Rivera, Erica",08/28/1951,(467) 555-0101,,18513 Timothy Port,Ochoaport,UT,84707,8NV4XW1AR20,B-H-00586,B-P-02005,Northwind Health,H3036-005,MA,UT,AGE,NW-453226,2023-11-01,,ACTIVE,45462976,48.78,
B-C-01535,"Kirk, Stephen",21169,(493) 555-0144,stephen.kirk1193@example.com,4721 Williams Walks Suite 669,South Michael,TX,78449,2J69RN1XP32,B-H-00834,B-P-02006,Meridian Care,L,MEDSUPP,TX,AGE,MC-119628,07/01/25,,active,14829889,144.06,
B-C-01535,"Kirk, Stephen",21169,(493) 555-0144,stephen.kirk1193@example.com,4721 Williams Walks Suite 669,South Michael,TX,78449,2J69RN1XP32,B-H-00834,B-P-02007,Meridian Care,S4547-002,PDP,TX,AGE,MC-211987,07/01/2025,,Active,14829889,83.88,
B-C-01536,"Camacho, Danielle",10/31/1942,(854) 555-0147,danielle.camacho692@example.com,3836 Hopkins Harbor,East Courtneyshire,OH,45859,7MG9XU4NQ16,B-H-00478,B-P-02008,Summit Health Plans,S4824-024,PDP,OH,AGE,SH-686595,2025-08-01,,ACTIVE,50979283,26.04,
B-C-01537,"Melendez, Dennis",08/22/1936,(905) 555-0151,dennis.melendez1158@example.com,53537 Goodman Crescent Apt. 765,West Annland,KY,41644,8JV3J16PY85,B-H-00810,B-P-02009,Harborline,R7629-009,MA,KY,AGE,HL-960756,09/01/23,,active,43888211,35.33,
B-C-01538,"Anderson, Briana",12/05/1937,(735) 555-0174,briana.anderson42@example.com,571 Kyle Springs,Lake Katelyn,TX,77335,5M92RP5AX41,B-H-00031,B-P-02010,Meridian Care,H4636-005,MA,TX,AGE,MC-419024,10/01/2023,01/31/2026,Terminated,50399119,22.83,
B-C-01538,"Anderson, Briana",12/05/1937,(735) 555-0174,briana.anderson42@example.com,571 Kyle Springs,Lake Katelyn,TX,77335,5M92RP5AX41,B-H-00031,B-P-02011,Harborline,H1547-012,MA,TX,AGE,HL-317517,2026-02-01,,ACTIVE,50399119,42.29,
B-C-01539,"Miranda, Roberta",37379,(604) 555-0127,roberta.miranda475@example.com,432 Gutierrez Point Apt. 652,Joshuafort,TX,78088,,B-H-00334,B-P-02012,Cardinal Mutual,70072TX8818486,ACA,TX,,CM-282750,01/01/25,,active,14829889,619.26,
B-C-01540,"Bradford, Paula",09/13/1948,(620) 555-0102,paula.bradford39@example.com,3493 Ashley Key Apt. 496,South James,OR,97678,3KC7Q56KE56,B-H-00029,B-P-02013,Bluepeak,H5243-002,MA,OR,AGE,BP-817072,05/01/2024,,Active,43888211,54.01,
B-C-01541,"Willis, Michelle",02/18/1947,(897) 555-0190,michelle.willis633@example.com,19165 Lopez Passage Suite 231,North Eric,FL,34761,1H74TF7QU07,B-H-00442,B-P-02014,Bluepeak,H9161-011-002,MA,FL,AGE,BP-649683,2026-11-01,,PENDING,90228424,31.49,
B-C-01542,"Smith, Michelle",09/10/1941,(530) 555-0167,michelle.smith1105@example.com,3904 Daniels Bypass Apt. 225,East Jamie,TX,79931,7UX6TU3DT18,B-H-00770,B-P-02015,Cardinal Mutual,H5265-014,MA,TX,AGE,CM-315546,08/01/22,10/31/25,terminated,50399119,18.90,
B-C-01542,"Smith, Michelle",09/10/1941,(530) 555-0167,michelle.smith1105@example.com,3904 Daniels Bypass Apt. 225,East Jamie,TX,79931,7UX6TU3DT18,B-H-00770,B-P-02016,Harborline,H1547-020-001,MA,TX,AGE,HL-915081,11/01/2025,,Active,50399119,47.22,
B-C-01543,"Kane, Dylan",29572,(383) 555-0121,,53293 Maria Plaza,New Jason,VT,05943,,B-H-00379,B-P-02017,Cardinal Mutual,70072VT5333196,ACA,VT,,CM-790172,2025-01-01,2025-12-31,TERMINATED,84583776,686.31,
B-C-01543,"Kane, Dylan",29572,(383) 555-0121,,53293 Maria Plaza,New Jason,VT,05943,,B-H-00379,B-P-02018,Harborline,17955VT9865932,ACA,VT,,HL-369693,01/01/26,,active,84583776,351.85,
B-C-01544,"Long, Derrick",28316,(473) 555-0153,,4384 Connie Wells Suite 084,East Matthew,OR,97095,,B-H-00004,B-P-02019,Harborline,17955OR0905841,ACA,OR,,HL-300377,01/01/2027,,Pending,9527070,463.29,
B-C-01545,"Andrews, George",30930,(409) 555-0106,,1098 Jamie Keys,Josephport,CO,81332,,B-H-00264,B-P-02020,Northwind Health,61006CO8323536,ACA,CO,,NW-946386,2025-01-01,2025-12-31,TERMINATED,49066206,780.66,
B-C-01545,"Andrews, George",30930,(409) 555-0106,,1098 Jamie Keys,Josephport,CO,81332,,B-H-00264,B-P-02021,Bluepeak,39473CO7763331,ACA,CO,,BP-696208,01/01/26,,active,49066206,178.03,
B-C-01546,"Jackson, Alexis",31660,(805) 555-0149,,73420 Williamson Rapid,Edwardstad,DE,19755,,B-H-00023,B-P-02022,Meridian Care,18024DE5927230,ACA,DE,,MC-191617,01/01/2026,,Active,59893296,661.71,
B-C-01547,"Cox, Kevin",26815,(219) 555-0170,,00053 Kennedy Rest,South Jackfort,VA,22212,,B-H-00619,B-P-02023,Northwind Health,61006VA5043758,ACA,VA,,NW-204581,2026-01-01,,ACTIVE,98787777,169.93,
B-C-01548,"Porter, Steven",27590,(412) 555-0179,,3098 Flowers Crossing Suite 795,Danieltown,NE,68741,,B-H-00034,B-P-02024,Northwind Health,61006NE3951132,ACA,NE,,NW-255285,01/01/25,,active,94445646,880.16,
B-C-01549,"Mclean, Manuel",30684,(304) 555-0140,,26610 Wilson Vista,South Kathryntown,MO,64512,,B-H-00455,B-P-02025,Meridian Care,18024MO7370995,ACA,MO,,MC-219339,01/01/2025,12/31/2025,Terminated,69777236,220.66,
B-C-01549,"Mclean, Manuel",30684,(304) 555-0140,,26610 Wilson Vista,South Kathryntown,MO,64512,,B-H-00455,B-P-02026,Bluepeak,39473MO8694928,ACA,MO,,BP-893874,2026-01-01,,ACTIVE,69777236,472.55,
B-C-01550,"Barrett, Marcus",23658,(349) 555-0147,,83437 Johnson Crescent Apt. 727,Nathanfurt,UT,84758,,B-H-00894,B-P-02027,Cardinal Mutual,70072UT1828779,ACA,UT,,CM-951285,01/01/25,12/31/25,terminated,45462976,212.57,
B-C-01550,"Barrett, Marcus",23658,(349) 555-0147,,83437 Johnson Crescent Apt. 727,Nathanfurt,UT,84758,,B-H-00894,B-P-02028,Bluepeak,39473UT1767466,ACA,UT,,BP-462127,01/01/2026,,Active,45462976,314.17,
B-C-01551,"Walsh, Greg",25869,(478) 555-0113,,9673 Salazar Key Suite 727,Jeffreyport,KY,40075,,B-H-00425,B-P-02029,Northwind Health,61006KY9976931,ACA,KY,,NW-755778,2025-01-01,,ACTIVE,81157097,595.63,
B-C-01552,"Miller, Shannon",25504,(672) 555-0141,,655 Russell Junctions Apt. 548,South Juan,VA,23967,,B-H-00861,B-P-02030,Summit Health Plans,75720VA3374607,ACA,VA,,SH-624808,01/01/24,,active,98787777,411.39,
B-C-01553,"House, Jacob",25544,(211) 555-0154,,129 Welch Isle Apt. 910,East Samantha,VA,24029,,B-H-00201,B-P-02031,Northwind Health,61006VA5043758,ACA,VA,,NW-659755,01/01/2026,,Active,98787777,169.93,
B-C-01554,"Myers, Kevin",30741,(849) 555-0165,,92310 Kennedy Groves,Jamesfort,KY,40044,,B-H-00877,B-P-02032,Harborline,17955KY8690662,ACA,KY,,HL-534286,2026-01-01,,ACTIVE,43888211,207.75,
B-C-01555,"Woods, Charles",24758,(485) 555-0153,,7312 Tran Road Apt. 228,Port Kathleen,RI,02874,,B-H-00094,B-P-02033,Bluepeak,39473RI9131948,ACA,RI,,BP-763656,01/01/25,12/31/25,terminated,37947372,804.99,
B-C-01555,"Woods, Charles",24758,(485) 555-0153,,7312 Tran Road Apt. 228,Port Kathleen,RI,02874,,B-H-00094,B-P-02034,Northwind Health,61006RI4134900,ACA,RI,,NW-946717,01/01/2026,,Active,37947372,387.95,
B-C-01556,"Frank, Dale",24682,(448) 555-0144,,39304 Ryan Junction Apt. 802,Curtisport,NC,28362,,B-H-00090,B-P-02035,Summit Health Plans,75720NC5431547,ACA,NC,,SH-920990,2025-01-01,2025-12-31,TERMINATED,93619366,692.01,
B-C-01556,"Frank, Dale",24682,(448) 555-0144,,39304 Ryan Junction Apt. 802,Curtisport,NC,28362,,B-H-00090,B-P-02036,Meridian Care,18024NC2688038,ACA,NC,,MC-857355,01/01/26,,active,93619366,367.61,
B-C-01557,"Zamora, Ronald",28220,(652) 555-0123,,4486 Morales Ports Suite 974,South Lisafurt,MO,63668,,B-H-00499,B-P-02037,Meridian Care,18024MO5408119,ACA,MO,,MC-418781,01/01/2026,,Active,69777236,486.90,
B-C-01558,"Jacobs, Anthony",26303,(306) 555-0151,,6219 Gonzalez Plains,North Matthewfort,UT,84416,,B-H-00412,B-P-02038,Cardinal Mutual,70072UT1828779,ACA,UT,,CM-685248,2025-01-01,2025-12-31,TERMINATED,45462976,212.57,
B-C-01558,"Jacobs, Anthony",26303,(306) 555-0151,,6219 Gonzalez Plains,North Matthewfort,UT,84416,,B-H-00412,B-P-02039,Bluepeak,39473UT1767466,ACA,UT,,BP-331849,01/01/26,,active,45462976,314.17,
B-C-01559,"Jennings, James",26879,(549) 555-0147,,41600 Patrick Terrace,Port Jimmy,DC,20241,,B-H-00012,B-P-02040,Meridian Care,18024DC1775004,ACA,DC,,MC-251033,01/01/2026,,Active,24647567,771.48,
B-C-01560,"Davis, Mark",30036,(570) 555-0184,,586 Powell Underpass Apt. 395,West Andrea,MO,64797,,B-H-00601,B-P-02041,Bluepeak,39473MO6041607,ACA,MO,,BP-153300,2026-01-01,,ACTIVE,81157097,669.17,
B-C-01501,"Garcia, Kevin",21404,(293) 555-0119,,516 Tim Forks,Davisville,KY,40831,4Q24AG7AE16,,,,,,,,,,,,,,
B-C-01502,"Walker, Kristen",21116,(465) 555-0153,,520 Bright Green Suite 660,West Jessica,CT,06728,4UE5H69VV54,,,,,,,,,,,,,,
B-C-01503,"Stewart, Christina",08/14/1938,(647) 555-0148,,141 Jessica Oval Suite 523,West Christineborough,UT,84460,1YT9GD5WJ50,,,,,,,,,,,,,,
B-C-01504,"Mejia, Joseph",04/24/1954,(287) 555-0132,,84094 Manuel Fields,Joshuamouth,OR,97756,5JQ9UA9JD70,,,,,,,,,,,,,,
B-C-01505,"Dickerson, John",01/20/1938,(473) 555-0155,,6024 Mary Meadows Apt. 394,Christinaside,TX,79708,2QR3GV2KR30,,,,,,,,,,,,,,
B-C-01506,"Wilson, Rachel",09/20/1937,(893) 555-0160,,6437 Greene Road Suite 072,North Dana,MO,63177,5M97W89HU85,,,,,,,,,,,,,,
B-C-01507,"Bryant, Thomas",08/29/1934,(629) 555-0142,,687 Jennifer Summit,West Michaelstad,CO,80480,1EA9JR0XD94,,,,,,,,,,,,,,
B-C-01508,"Rollins, Amanda",12/31/1943,(375) 555-0123,,4547 Singh Ways Apt. 112,East Sarah,CA,92471,1DN1JT8RG68,,,,,,,,,,,,,,
