member_first;member_last;Birth Dt (mm/dd/yy);mbi;carrier;contract_plan;effective;agent_npn;application_status;policy_number
Deanna;Howard;04/23/44;6MR4QW4VH82;Cardinal Mutual;H7696-022;20221201;49066206;Approved;B-P-00001
Maria;Moody;09/27/52;7G33GQ6TW65;Summit Health Plans;H9807-018;20241101;45462976;Approved;B-P-00003
Derrick;Long;10/09/48;6TP7PU4UN83;Summit Health Plans;S4824-019;20220101;9527070;Approved;B-P-00006
Cody;Mason;03/31/55;9X08XT6PP20;Bluepeak;H9161-018-001;20240101;81157097;Approved;B-P-00007
Kimberly;Lopez;05/21/34;5JT9HQ6RC44;Harborline;H2522-009-003;20240901;14829889;Approved;B-P-00008
Jose;Murphy;05/23/58;1W23D34PR96;Northwind Health;H3036-023;20250101;59893296;Approved;B-P-00009
Dennis;Murphy;04/12/75;3UU5JH6PX91;Harborline;H1547-020-003;20240101;59893296;Approved;B-P-00010
William;Ellison;06/20/34;9CU7EE3CQ21;Harborline;S4178-019;20241101;64493418;Approved;B-P-00011
Gabriella;Simon;06/19/51;3DD1TN4XK49;Harborline;H2522-003-001;20241201;51446845;Approved;B-P-00012
Caleb;Barnes;03/25/58;6QP9UT0MP12;Summit Health Plans;H4044-028;20260301;43888211;Approved;B-P-00013
James;Jennings;06/28/46;6QA4W45DD99;Meridian Care;H5913-005;20240801;24647567;Approved;B-P-00016
Stephen;Gonzales;01/18/42;4NG0D59UC75;Summit Health Plans;R4076-025;20240801;59893296;Approved;B-P-00017
Thomas;Gonzales;12/11/89;4UA3U81CM15;Bluepeak;H5243-011;20240101;59893296;Approved;B-P-00018
Donna;Keller;05/30/59;6MP8NV3NR39;Meridian Care;H4636-030;20250201;94445646;Approved;B-P-00019
Sarah;Shannon;03/08/63;8J96X79YJ13;Summit Health Plans;H9807-028;20230601;50399119;Approved;B-P-00020
Kylie;Franklin;09/06/34;9KJ2C36CR14;Summit Health Plans;H9807-025-003;20241201;20671937;Approved;B-P-00021
Colleen;Franklin;04/10/58;9YQ1P86FM78;Harborline;H2522-019;20251101;20671937;Approved;B-P-00022
Tyler;Li;12/14/37;9MC2U75CX24;Summit Health Plans;R3913-019;20220801;91146902;Approved;B-P-00026
Caleb;Johnson;09/27/54;3NU6GK2YC67;Summit Health Plans;H9807-017;20250201;94445646;Approved;B-P-00027
Jill;Johnson;09/01/38;9FE2VW8QY61;Meridian Care;H5913-016-003;20230301;94445646;Disenrolled;B-P-00028
Jill;Johnson;09/01/38;9FE2VW8QY61;Bluepeak;H5243-021;20240601;94445646;Approved;B-P-00029
Samuel;Daniels;05/04/58;9AF3N45EQ86;Cardinal Mutual;H7696-012-001;20250301;93619366;Disenrolled;B-P-00030
Samuel;Daniels;05/04/58;9AF3N45EQ86;Bluepeak;H9161-012;20260401;93619366;Approved;B-P-00031
Richard;Williams;02/10/44;8KY9N98XH67;Summit Health Plans;H9807-023;20241201;26047628;Approved;B-P-00032
Alexis;Jackson;10/23/57;3DE8WF4DY96;Harborline;S4178-021;20250401;59893296;Approved;B-P-00034
Lori;Bailey;11/14/33;6DD6WQ8NK87;Meridian Care;H4636-008-002;20230301;51446845;Disenrolled;B-P-00035
Lori;Bailey;11/14/33;6DD6WQ8NK87;Cardinal Mutual;H7696-022;20241001;51446845;Approved;B-P-00036
Jenna;Mendez;06/11/48;6GE1KE8AX62;Cardinal Mutual;H5265-017;20241101;91146902;Approved;B-P-00037
Annette;Mendez;04/30/34;5XU1KM1PQ14;Northwind Health;S2942-002;20220301;91146902;Approved;B-P-00039
Ashley;Baker;09/14/47;2A63HQ9WQ06;Meridian Care;H5913-018;20240301;67876966;Approved;B-P-00040
Wanda;Baker;10/10/33;5GJ6FH3TF43;Meridian Care;S7287-008-001;20220701;67876966;Approved;B-P-00042
Seth;Watson;11/05/78;8WC7H96XK59;Summit Health Plans;S4824-023-002;20220601;14829889;Approved;B-P-00044
Hannah;Wheeler;05/26/34;7PY4W85GP41;Harborline;S4178-010;20250901;26047628;Approved;B-P-00045
Victoria;Wheeler;05/06/35;3W14NU3XP94;Meridian Care;H5913-016;20230801;26047628;Disenrolled;B-P-00046
Victoria;Wheeler;05/06/35;3W14NU3XP94;Bluepeak;H5243-010;20260201;26047628;Approved;B-P-00047
John;Warren;12/30/40;1CQ3H56FC12;Bluepeak;H5243-002;20240501;43888211;Approved;B-P-00048
Jason;Fritz;01/10/49;3E85AX1GD59;Harborline;H2522-014;20260401;37947372;Approved;B-P-00051
David;Gordon;10/15/52;6GF3TU5CK48;Meridian Care;H4636-005;20231001;50399119;Disenrolled;B-P-00052
David;Gordon;10/15/52;6GF3TU5CK48;Harborline;H1547-012;20260201;50399119;Approved;B-P-00053
Kathy;Cook;05/15/52;6M01W22JR88;Cardinal Mutual;H5265-027-002;20230901;98787777;Approved;B-P-00054
Christopher;Ford;06/12/50;4G75HU6NT69;Cardinal Mutual;S1849-008;20221201;91146902;Approved;B-P-00056
Steven;Porter;09/29/52;9NH2TG7QR98;Meridian Care;H5913-023;20221001;94445646;Approved;B-P-00057
Dana;Hansen;08/09/57;8WJ8KU2HU00;Cardinal Mutual;H7696-027;20241101;9527070;Approved;B-P-00058
Angelica;Blevins;07/16/34;2FQ6C88RX61;Harborline;H1547-030;20231001;64493418;Approved;B-P-00059
Jesse;Griffin;12/02/56;7AU1J36XH00;Meridian Care;S4547-007;20250601;93619366;Approved;B-P-00061
Belinda;Garcia;11/21/48;8KC2YY0TD66;Meridian Care;S7287-002-002;20230801;49066206;Approved;B-P-00063
Cindy;Wise;04/07/35;8FT2VM9WG47;Harborline;H2522-011-001;20261101;45462976;Submitted;B-P-00064
Stanley;Carr;07/15/46;3PU9FR5VJ90;Cardinal Mutual;H7696-017-003;20250501;94445646;Approved;B-P-00065
Adrienne;Carr;08/01/56;4N26V91AW28;Bluepeak;S2427-011;20250301;94445646;Approved;B-P-00067
Katherine;Willis;03/03/37;3Q80MR9AE74;Summit Health Plans;S1837-030;20220801;93619366;Approved;B-P-00069
Rachel;Robinson;07/01/47;9T41AA6RW90;Summit Health Plans;H9807-018;20220501;98787777;Approved;B-P-00070
Dylan;Rowe;04/02/54;5E67EP9MX73;Bluepeak;H9161-005;20260201;90228424;Approved;B-P-00071
Thomas;Rowland;05/12/57;8F03NX0YQ05;Cardinal Mutual;H5265-030;20251001;75084135;Approved;B-P-00072
Ernest;Dunn;04/08/46;6WX2YC9QC41;Meridian Care;S7287-027;20240201;49066206;Approved;B-P-00073
Megan;Dunn;04/29/53;7V43QD7FH57;Harborline;S7610-012;20260401;49066206;Approved;B-P-00075
Anthony;Wilson;10/07/46;6KV4GJ3CY57;Meridian Care;S4547-014;20260501;93619366;Approved;B-P-00077
Sean;Wilson;07/19/55;9T79EW0XX83;Summit Health Plans;R3913-006-001;20240301;93619366;Approved;B-P-00078
Kevin;Khan;08/27/65;4FD2XW3JV16;Cardinal Mutual;H7696-026;20220301;45462976;Disenrolled;B-P-00081
Kevin;Khan;08/27/65;4FD2XW3JV16;Meridian Care;H5913-016-002;20260401;45462976;Approved;B-P-00082
Jennifer;Bond;08/14/37;5D68YG5WV31;Meridian Care;H5913-003;20240801;67876966;Approved;B-P-00083
Brandy;Curtis;12/18/52;7UT6XF1XE05;Summit Health Plans;H4044-019-002;20221201;64493418;Approved;B-P-00084
Thomas;Rodriguez;02/13/44;4FG1NQ6HQ46;Harborline;H2522-016-003;20220701;59893296;Approved;B-P-00087
Pamela;Morgan;07/26/45;3NF4GH5FN60;Northwind Health;H3064-019-001;20240601;94445646;Disenrolled;B-P-00088
Pamela;Morgan;07/26/45;3NF4GH5FN60;Summit Health Plans;R3913-026;20260301;94445646;Approved;B-P-00089
Crystal;Perez;04/11/60;6MW1A05QT80;Harborline;H1547-018;20250601;49066206;Approved;B-P-00091
Darryl;Smith;08/04/55;1JM7VF0HR34;Northwind Health;H3036-015;20260401;81157097;Approved;B-P-00095
Kathleen;King;06/19/59;9FY9XP0RJ47;Meridian Care;H4636-021-002;20250501;50399119;Approved;B-P-00096
Scott;Cannon;06/22/51;8G34V10PY24;Bluepeak;H5243-025-002;20250501;14829889;Approved;B-P-00099
Dustin;Mcdaniel;03/15/45;5FP7FT7RV69;Summit Health Plans;H4044-008;20221001;91146902;Approved;B-P-00100
Frank;Mcdaniel;09/05/51;5V55DR5GX27;Cardinal Mutual;H5265-011;20240701;91146902;Approved;B-P-00101
Donna;Simon;06/10/35;1J16ND4EE18;Summit Health Plans;S1837-028;20250201;93619366;Approved;B-P-00102
Mitchell;Simon;08/04/60;5CY0YG4VP27;Cardinal Mutual;S6685-015;20250901;93619366;Approved;B-P-00103
Robert;Simon;12/13/48;3NM3QR9WP99;Northwind Health;H3036-018;20220701;93619366;Approved;B-P-00104
Chase;Webb;05/31/51;9M39UJ0PC76;Cardinal Mutual;H7696-014-001;20231101;20671937;Approved;B-P-00105
Tyler;Macdonald;06/11/41;9T29E99VQ20;Summit Health Plans;H4044-027;20240101;91146902;Approved;B-P-00107
Donald;Fitzpatrick;06/14/51;1RY5W80KR85;Meridian Care;S7287-008;20230601;75084135;Approved;B-P-00111
Adam;Fitzpatrick;07/14/37;1AX3P19GG53;Meridian Care;H5913-029;20251201;75084135;Approved;B-P-00112
Joseph;Blake;03/26/57;9H14AA0DU86;Cardinal Mutual;H7696-029;20241201;9527070;Disenrolled;B-P-00113
Joseph;Blake;03/26/57;9H14AA0DU86;Summit Health Plans;H9807-024;20260301;9527070;Approved;B-P-00114
Erin;Blake;11/16/45;5QV0TV4QJ87;Meridian Care;S7287-023-002;20260301;9527070;Approved;B-P-00116
James;Solis;11/26/59;5WN0K65EQ73;Meridian Care;H5913-021-003;20260101;93619366;Approved;B-P-00117
Christopher;Solis;04/23/44;4XT1WN8RU16;Meridian Care;R4076-017-003;20260501;93619366;Approved;B-P-00118
Megan;Nelson;05/30/48;8K39RJ3UX22;Bluepeak;R6570-020;20250601;84583776;Approved;B-P-00119
Pam;Reed;06/28/37;2W91NK5GE18;Summit Health Plans;H4044-018;20241101;75084135;Approved;B-P-00120
Jennifer;Jenkins;03/25/53;3P45XH5WD57;Bluepeak;H5243-001;20220101;49066206;Approved;B-P-00121
Jessica;Jenkins;08/28/44;1YP0CG2JW46;Summit Health Plans;R3913-007-001;20220301;49066206;Approved;B-P-00122
Donna;Jenkins;11/27/58;8F57CX9EG94;Bluepeak;S2427-023;20240501;49066206;Approved;B-P-00123
Elizabeth;Green;04/02/41;1M26R60QJ82;Northwind Health;H3036-013-001;20220601;43888211;Approved;B-P-00124
Joseph;Murphy;07/22/40;8QT0GJ7CW36;Bluepeak;H9161-027;20240401;90228424;Approved;B-P-00125
Gary;Murphy;06/13/50;4WG6XJ7HM69;Summit Health Plans;H9807-028;20230701;90228424;Approved;B-P-00126
James;Johnson;01/15/46;9FK0VY3PD33;Summit Health Plans;H9807-010;20261101;91146902;Submitted;B-P-00127
Sheryl;Martin;03/24/40;7CJ2J17AE40;Northwind Health;H3064-018;20240801;43888211;Disenrolled;B-P-00128
Sheryl;Martin;03/24/40;7CJ2J17AE40;Summit Health Plans;H4044-001;20250801;43888211;Approved;B-P-00129
Nicholas;Ramos;01/08/41;5F85AT4JV20;Meridian Care;S7287-005-002;20230601;37947372;Approved;B-P-00131
Karen;Chapman;08/11/60;6RM8KH8FA87;Northwind Health;R6531-014;20251201;51446845;Approved;B-P-00134
William;Chapman;06/23/38;4FU5RA1EH26;Cardinal Mutual;S6685-020;20250901;51446845;Approved;B-P-00135
Jessica;Murray;02/29/44;7T78PA7FA81;Harborline;H1547-025;20250801;20671937;Approved;B-P-00138
James;Tran;08/16/34;4RV5HY8TP87;Summit Health Plans;S4824-003;20240101;69777236;Approved;B-P-00140
Melissa;Tran;09/06/55;6MY9RV6NC21;Northwind Health;H3064-011;20230201;69777236;Disenrolled;B-P-00141
Melissa;Tran;09/06/55;6MY9RV6NC21;Cardinal Mutual;H7696-030;20260201;69777236;Approved;B-P-00142
Emma;Williams;03/17/59;9R41UN4EV27;Northwind Health;H3064-021;20240401;26047628;Disenrolled;B-P-00143
Emma;Williams;03/17/59;9R41UN4EV27;Cardinal Mutual;H5265-003;20250601;26047628;Approved;B-P-00144
Katie;Zimmerman;01/25/52;5DU4WT5WH09;Cardinal Mutual;H7696-018-001;20230501;59893296;Approved;B-P-00145
Tanya;Zimmerman;04/10/58;6P48A67YE11;Northwind Health;H3064-022;20240601;59893296;Disenrolled;B-P-00146
Tanya;Zimmerman;04/10/58;6P48A67YE11;Cardinal Mutual;H7696-005;20260101;59893296;Approved;B-P-00147
Kenneth;Mcdonald;07/19/54;2R29J10MQ14;Bluepeak;R6570-011-003;20241001;81157097;Approved;B-P-00148
Stacey;Mcdonald;01/09/36;9KR9VR6VQ69;Northwind Health;H3036-021-002;20250501;81157097;Approved;B-P-00149
Heather;Cannon;05/31/47;3Q46TW3AP57;Bluepeak;H9161-028-002;20260301;59893296;Approved;B-P-00150
Veronica;Dalton;02/15/46;9EG9D64FW34;Bluepeak;S7317-013;20231201;14829889;Approved;B-P-00154
Darius;Gomez;01/28/57;7FG7DU8CH13;Harborline;H2522-002-003;20250401;49066206;Approved;B-P-00155
Holly;Russell;05/15/50;8TC4XY0XR78;Summit Health Plans;S4824-030;20230601;98787777;Approved;B-P-00159
Kelly;Lee;05/11/38;9Y10V70CD81;Harborline;R7629-014-002;20240701;51446845;Disenrolled;B-P-00160
Kelly;Lee;05/11/38;9Y10V70CD81;Bluepeak;H9161-014-001;20250701;51446845;Approved;B-P-00161
Bruce;Lee;09/23/49;5JR2A51YQ53;Meridian Care;S7287-027;20240201;51446845;Approved;B-P-00163
Mary;Meyer;12/30/38;6QK4F25CT69;Cardinal Mutual;S1849-012;20220801;93619366;Approved;B-P-00165
Andrew;Meyer;11/02/51;7V85DJ3GR73;Northwind Health;S2942-030;20231101;93619366;Approved;B-P-00167
Timothy;Burke;09/28/44;7MF5N50UW68;Summit Health Plans;S4824-002;20220201;98787777;Approved;B-P-00169
Amanda;Miranda;07/16/36;9F17XC2XK17;Northwind Health;H3064-025-003;20241201;59893296;Disenrolled;B-P-00171
Amanda;Miranda;07/16/36;9F17XC2XK17;Harborline;H2522-030;20251201;59893296;Approved;B-P-00172
Charles;Woods;01/25/38;4GH8EF8DT18;Summit Health Plans;S4824-003;20230501;37947372;Approved;B-P-00174
Angie;Martin;04/27/45;4P79MR8XN37;Northwind Health;H3036-005;20230701;81157097;Approved;B-P-00175
Andrew;Myers;01/07/60;8M11NY8DT57;Meridian Care;H4636-003;20260301;24647567;Approved;B-P-00176
Mary;Williams;11/03/52;8WD3AA7RT07;Harborline;S7610-017;20260301;37947372;Approved;B-P-00179
Elizabeth;Williams;03/08/44;9NV8U97EQ25;Meridian Care;H4636-026;20230301;37947372;Approved;B-P-00180
Pamela;White;08/03/51;6CG3ED9DY26;Northwind Health;H3036-029;20240701;26047628;Approved;B-P-00182
Howard;Hudson;05/28/40;7U97X15QM06;Meridian Care;H5913-008;20220301;20671937;Approved;B-P-00184
Timothy;Cervantes;01/23/39;8T74UT1YN73;Cardinal Mutual;H7696-014;20230301;45462976;Disenrolled;B-P-00185
Timothy;Cervantes;01/23/39;8T74UT1YN73;Meridian Care;H5913-006-002;20250901;45462976;Approved;B-P-00186
Beth;Cervantes;03/31/45;4NK8Y74DG78;Cardinal Mutual;S6685-023;20220901;45462976;Approved;B-P-00187
Monica;Williams;08/21/51;2UN3FF7YY75;Summit Health Plans;H4044-028;20250101;91146902;Approved;B-P-00188
Jennifer;Stewart;09/26/59;4TF4T67YE16;Summit Health Plans;H9807-016-001;20250301;26047628;Approved;B-P-00189
William;Stewart;03/18/56;7AU8W33JM39;Cardinal Mutual;S1849-022;20260301;26047628;Approved;B-P-00191
Christopher;Glenn;05/07/48;1H29EA4PF03;Summit Health Plans;H4044-023-003;20240601;75084135;Disenrolled;B-P-00192
Christopher;Glenn;05/07/48;1H29EA4PF03;Northwind Health;H3064-021;20251201;75084135;Approved;B-P-00193
Ashley;Foster;01/06/38;7UC4RW6DD14;Northwind Health;H3064-025;20240501;59893296;Approved;B-P-00194
Michael;Eaton;04/19/59;5XY3VY9FC08;Bluepeak;R8474-003-002;20260401;90228424;Approved;B-P-00195
Lucas;Bautista;02/05/53;2YU6UC5EW75;Harborline;H2522-008-002;20240401;93619366;Disenrolled;B-P-00198
Lucas;Bautista;02/05/53;2YU6UC5EW75;Northwind Health;H3064-014;20250701;93619366;Approved;B-P-00199
Rachel;Bautista;01/01/51;1PY3AM4XX24;Meridian Care;H5913-023-001;20250101;93619366;Approved;B-P-00200
Kevin;Beard;09/24/47;2N01MM8UR21;Summit Health Plans;H9807-025-003;20231101;64493418;Approved;B-P-00202
Joshua;Carter;02/12/56;3N76QG1FW67;Meridian Care;H5913-013-003;20251101;9527070;Approved;B-P-00203
Christopher;Lee;09/06/34;3KE9V25NW09;Harborline;H1547-010;20220101;9527070;Approved;B-P-00204
Joseph;Mejia;04/24/54;5JQ9UA9JD70;Northwind Health;H3064-001;20231201;43888211;Approved;B-P-00205
Paul;Bradford;09/13/48;3C04PC9WA63;Bluepeak;H5243-012;20240601;9527070;Approved;B-P-00206
Philip;Sullivan;08/06/50;7F47R27GY35;Bluepeak;H5243-030;20220701;24647567;Approved;B-P-00207
Micheal;Chung;06/05/44;4CC7V10CY58;Bluepeak;H9161-020-001;20240801;45462976;Approved;B-P-00208
Wayne;Brown;04/29/47;6V75CT4UH96;Meridian Care;H5913-012;20221201;45462976;Disenrolled;B-P-00209
Wayne;Brown;04/29/47;6V75CT4UH96;Cardinal Mutual;H7696-010;20240201;45462976;Approved;B-P-00210
Theresa;Barrett;12/05/47;4MJ9GN2YN96;Summit Health Plans;H9807-022;20230501;94445646;Approved;B-P-00212
Eileen;Clark;11/19/35;3TV6FA1EE47;Northwind Health;H3064-018-003;20220801;90228424;Approved;B-P-00213
Steven;Nguyen;02/01/52;4C94NW8EQ50;Bluepeak;H5243-010-001;20260401;93619366;Approved;B-P-00214
Marvin;Patton;03/10/37;8FE5YG6KM58;Summit Health Plans;H9807-019;20230801;24647567;Disenrolled;B-P-00215
Marvin;Patton;03/10/37;8FE5YG6KM58;Meridian Care;H5913-012-002;20241201;24647567;Approved;B-P-00216
Micheal;Harvey;08/16/57;1A14Y59JT89;Cardinal Mutual;H7696-006;20240501;90228424;Approved;B-P-00217
Dean;Frey;06/15/60;6YH3TW5VG28;Meridian Care;H5913-017-003;20250701;90228424;Approved;B-P-00218
David;Frey;06/02/40;3K07M17NT54;Bluepeak;H5243-027-002;20250901;90228424;Approved;B-P-00219
Candace;Potts;09/01/53;9P14YR0WC50;Northwind Health;H3036-004-003;20220901;84583776;Approved;B-P-00222
Brandon;Crawford;03/31/36;1F04PE0FP07;Meridian Care;H4636-029;20240901;81157097;Approved;B-P-00224
Melanie;Crawford;12/27/52;4RN9CV3HR96;Meridian Care;H5913-013;20240701;81157097;Approved;B-P-00225
Brandy;Glenn;01/13/44;5WD8FT2YE36;Cardinal Mutual;H7696-026;20230901;67876966;Approved;B-P-00227
Christie;Young;08/25/37;7F72XM9HW17;Harborline;H1547-024;20230101;75084135;Approved;B-P-00228
Paul;Cooper;05/27/57;1TP3EP5PD58;Summit Health Plans;S1837-023;20220601;50399119;Approved;B-P-00232
Brad;Cooper;02/07/49;4Q66J83MW76;Cardinal Mutual;H5265-005-002;20231201;50399119;Approved;B-P-00233
Rachel;Williams;06/30/46;3EG8GH6MJ42;Summit Health Plans;H4044-029;20250501;50399119;Approved;B-P-00234
John;Williams;12/15/41;5GU8AX3JD58;Cardinal Mutual;H5265-017-003;20220201;50399119;Approved;B-P-00235
James;Bowman;12/23/56;3H48V45FD11;Northwind Health;H3036-004-001;20221101;59893296;Approved;B-P-00236
Lindsay;Duran;09/12/55;5WT4VN6GH78;Summit Health Plans;R3913-024;20230301;26047628;Disenrolled;B-P-00239
Lindsay;Duran;09/12/55;5WT4VN6GH78;Cardinal Mutual;H7696-010;20250801;26047628;Approved;B-P-00240
Christina;Stewart;08/14/38;1YT9GD5WJ50;Northwind Health;H3064-003;20230901;45462976;Approved;B-P-00241
Julie;Bates;03/17/41;9TA4YQ3MM14;Northwind Health;H3036-008;20230401;45462976;Disenrolled;B-P-00245
Julie;Bates;03/17/41;9TA4YQ3MM14;Summit Health Plans;H9807-022-001;20260101;45462976;Approved;B-P-00246
Sheryl;Terrell;08/20/56;2QY4D01YY13;Meridian Care;H4636-012;20230601;20671937;Disenrolled;B-P-00247
Sheryl;Terrell;08/20/56;2QY4D01YY13;Cardinal Mutual;H5265-027;20240801;20671937;Approved;B-P-00248
Sarah;Sanchez;08/10/43;4XC3N56AF85;Summit Health Plans;H9807-015;20260201;20671937;Approved;B-P-00249
Richard;Burton;02/21/45;8MF0G09WR48;Northwind Health;S2942-012;20220601;37947372;Approved;B-P-00250
Kristina;Burton;05/20/54;6JE7PK5VT62;Harborline;H1547-026;20230601;37947372;Approved;B-P-00251
Grace;Collins;12/30/48;9XP2DH4UP80;Harborline;H1547-003;20251001;75084135;Approved;B-P-00252
Dale;Frank;03/09/34;1NJ6R87VH20;Northwind Health;H3036-021;20250601;98787777;Approved;B-P-00253
Dana;Aguilar;12/17/52;5WT6AV8GD40;Bluepeak;H5243-013;20231101;20671937;Approved;B-P-00254
Brian;Anderson;12/05/37;4D07JC3JG49;Summit Health Plans;S1837-016-003;20240101;14829889;Approved;B-P-00255
Kevin;Garcia;08/07/58;4Q24AG7AE16;Meridian Care;H4636-008-002;20231001;81157097;Disenrolled;B-P-00256
Kevin;Garcia;08/07/58;4Q24AG7AE16;Harborline;H1547-012;20241001;81157097;Approved;B-P-00257
Tina;Carter;08/22/43;4ED7VR0NT76;Summit Health Plans;H4044-016;20240401;50399119;Approved;B-P-00258
William;Edwards;11/04/44;4Y00D82AT31;Harborline;S4178-023;20260401;94445646;Approved;B-P-00260
Brent;Edwards;02/09/43;3QK4YH0RM18;Harborline;H1547-009-003;20230301;94445646;Approved;B-P-00261
Michael;Anderson;09/04/37;1X90C17CE78;Cardinal Mutual;H7696-011;20221001;51446845;Approved;B-P-00262
Robert;Clark;10/23/55;3NM6VC0PC32;Northwind Health;S9721-007;20241201;49066206;Approved;B-P-00264
Elizabeth;Sullivan;09/07/50;5TR0E77VK00;Harborline;R4376-022-003;20250701;20671937;Approved;B-P-00267
Susan;Sanchez;10/07/44;1NN7UX7YW36;Meridian Care;H4636-026-001;20220101;51446845;Approved;B-P-00268
Peter;Herrera;08/08/58;3N86KJ4UE28;Bluepeak;S7317-006;20240901;43888211;Approved;B-P-00270
Allen;Mendoza;11/13/44;2UG7VP5KA60;Bluepeak;H9161-008-003;20240101;20671937;Approved;B-P-00272
Garrett;Robinson;06/02/36;2P18H63RU81;Bluepeak;H9161-026-001;20220301;26047628;Approved;B-P-00273
Tammy;Robinson;12/03/57;3YY6YN8CG74;Harborline;S7610-009;20230401;26047628;Approved;B-P-00275
Brianna;Pineda;08/15/35;9KV0P74PH87;Meridian Care;H5913-010;20240701;51446845;Approved;B-P-00276
Matthew;Pineda;07/24/50;3HP9FQ6XQ58;Northwind Health;S9721-022-003;20250201;51446845;Approved;B-P-00278
Nicholas;Pineda;03/18/52;5U97XW0UA39;Summit Health Plans;S1837-004;20241001;51446845;Approved;B-P-00280
Bobby;Gonzalez;12/31/45;1GN1NH8QK26;Cardinal Mutual;R7519-028;20221201;59893296;Approved;B-P-00283
Haley;Curry;05/04/40;7VQ3KG3KQ19;Meridian Care;H4636-007-001;20221001;90228424;Approved;B-P-00284
Fred;Miller;04/25/36;6GA2VQ7WM86;Harborline;H1547-020;20250101;24647567;Approved;B-P-00287
Suzanne;Miller;09/28/60;8KW1CT6YP05;Northwind Health;H3036-017;20251001;24647567;Approved;B-P-00288
Madison;Franklin;08/17/43;5JJ0WA0JU00;Bluepeak;H5243-004;20240401;94445646;Approved;B-P-00291
Ronald;Brown;07/28/48;1A52WG3GV25;Bluepeak;R8474-026;20230501;93619366;Approved;B-P-00295
Thomas;Thomas;03/24/45;8EA0E50RJ92;Bluepeak;S7317-027-002;20251001;45462976;Approved;B-P-00296
Tamara;Rodriguez;12/18/36;5V19T23GW42;Harborline;S4178-011;20240201;24647567;Approved;B-P-00298
Jack;Torres;06/25/84;4EK4WP3WJ17;Northwind Health;H3064-013;20250101;64493418;Approved;B-P-00300
Amy;Moore;08/31/43;7NF4YM8YD85;Harborline;H1547-011;20220901;91146902;Approved;B-P-00303
Brittany;Johnson;11/03/40;9P76N37QY82;Meridian Care;H5913-019;20220101;37947372;Approved;B-P-00304
Deborah;Johnson;08/12/57;6PC2TX4FG34;Northwind Health;H3036-020-002;20260201;37947372;Approved;B-P-00305
Hannah;Wright;10/11/47;4EJ7C72UH67;Northwind Health;H3064-017;20221101;43888211;Approved;B-P-00306
Andrew;Wright;11/08/59;8UX2NH0RQ70;Summit Health Plans;H9807-026-001;20250701;43888211;Approved;B-P-00307
James;Wright;02/22/53;6TR3EH0RQ47;Bluepeak;H5243-003;20251001;43888211;Approved;B-P-00308
Dustin;Watson;11/07/42;8WX1FE3YT43;Cardinal Mutual;H5265-003;20250901;93619366;Approved;B-P-00309
Matthew;Smith;08/09/34;4VM3AH2JH74;Harborline;H1547-005;20230701;43888211;Approved;B-P-00310
Andrew;Smith;03/01/54;2JN4JY2AG43;Northwind Health;H3064-001;20220101;43888211;Disenrolled;B-P-00311
Andrew;Smith;03/01/54;2JN4JY2AG43;Harborline;H1547-013;20250401;43888211;Approved;B-P-00312
Helen;Franklin;10/15/52;2X17FC0TK05;Cardinal Mutual;R7519-029;20241101;93619366;Approved;B-P-00313
Julie;Thompson;08/29/39;9N72PV4XK39;Northwind Health;R6531-011;20250301;51446845;Disenrolled;B-P-00315
Julie;Thompson;08/29/39;9N72PV4XK39;Cardinal Mutual;H5265-012-001;20260401;51446845;Approved;B-P-00316
Donald;Thompson;02/20/45;1PD9A36JD42;Harborline;H2522-008;20220101;51446845;Approved;B-P-00317
Michelle;Andrews;02/13/48;8G96MX4NJ27;Summit Health Plans;H4044-028-002;20230301;81157097;Approved;B-P-00318
Angela;Andrews;01/16/50;6MJ6PX9ND87;Cardinal Mutual;H7696-004;20220901;81157097;Approved;B-P-00319
Emily;Andrews;10/10/34;7N75JY0TA66;Summit Health Plans;H4044-004-002;20240501;81157097;Disenrolled;B-P-00320
Emily;Andrews;10/10/34;7N75JY0TA66;Cardinal Mutual;H7696-017;20251101;81157097;Approved;B-P-00321
Samuel;Strong;06/24/74;9V68CU2NR41;Summit Health Plans;R4076-014-003;20230801;90228424;Approved;B-P-00322
Katie;Strong;12/21/47;2V65P49CH75;Summit Health Plans;H4044-017;20220801;90228424;Disenrolled;B-P-00323
Katie;Strong;12/21/47;2V65P49CH75;Harborline;H2522-001;20250401;90228424;Approved;B-P-00324
Robert;Scott;06/04/60;5PR4M42FA95;Northwind Health;H3064-013-002;20250701;43888211;Approved;B-P-00325
Jerome;Scott;08/04/46;1DT1K56NQ99;Northwind Health;H3036-027-002;20240601;43888211;Disenrolled;B-P-00326
Jerome;Scott;08/04/46;1DT1K56NQ99;Summit Health Plans;H4044-007-003;20260101;43888211;Approved;B-P-00327
David;Graham;12/11/35;8C62DP0EH43;Harborline;S7610-010;20230901;98787777;Approved;B-P-00328
Dwayne;Smith;09/30/53;1DJ9Y84MW78;Bluepeak;S2427-016;20250901;90228424;Approved;B-P-00330
Rodney;Lee;09/10/45;4H83GX9WR51;Bluepeak;S7317-021;20250701;64493418;Approved;B-P-00331
Hunter;Gonzalez;01/08/44;1N45JK0PA89;Cardinal Mutual;H5265-017;20231001;75084135;Approved;B-P-00332
Carol;Williams;07/25/45;6G76UU2GH30;Cardinal Mutual;S1849-012-002;20240301;69777236;Approved;B-P-00333
April;Wheeler;03/03/48;5XD6C91QX23;Meridian Care;H4636-013-002;20220501;51446845;Approved;B-P-00334
Jonathan;Cole;05/27/39;7JU1TM8HX93;Bluepeak;R6570-018;20251101;14829889;Approved;B-P-00335
Shawn;Johns;03/07/40;9VH2W92CV44;Summit Health Plans;H4044-003;20240901;67876966;Approved;B-P-00337
Kevin;Gonzalez;05/11/50;2Q03C83JN63;Summit Health Plans;H9807-012;20241201;93619366;Disenrolled;B-P-00340
Kevin;Gonzalez;05/11/50;2Q03C83JN63;Meridian Care;H4636-010;20251201;93619366;Approved;B-P-00341
Alexis;Ross;08/27/51;3UR0U58EY51;Bluepeak;H9161-011;20240101;49066206;Disenrolled;B-P-00342
Alexis;Ross;08/27/51;3UR0U58EY51;Meridian Care;H4636-024;20250101;49066206;Approved;B-P-00343
Jennifer;Lara;05/25/35;6T16CE8TD71;Meridian Care;S4547-017;20240701;50399119;Approved;B-P-00345
Christopher;Lara;07/09/51;1CR1NY4MR86;Northwind Health;H3064-014;20230301;50399119;Approved;B-P-00346
Caitlyn;Strong;12/31/45;1QD6WX7XR11;Summit Health Plans;R3913-016;20220801;20671937;Approved;B-P-00347
Kelly;Strong;07/26/57;8XW1AC3GE10;Northwind Health;H3064-007;20230201;20671937;Approved;B-P-00348
Rachel;Dickson;01/20/47;5N86HG4RU83;Summit Health Plans;R3913-005;20250101;43888211;Approved;B-P-00351
Sharon;Dickson;04/13/38;7A03KW2GM19;Bluepeak;H5243-006;20241201;43888211;Approved;B-P-00352
Angel;Dickson;07/16/34;1UR2PY6HN01;Meridian Care;S7287-028;20230801;43888211;Approved;B-P-00353
Anthony;Peterson;12/14/46;5QY7CP4XM31;Bluepeak;R8474-007;20260501;75084135;Approved;B-P-00354
Elizabeth;Marsh;04/18/57;5MH7JG0CX58;Cardinal Mutual;H5265-024;20231101;45462976;Disenrolled;B-P-00355
Elizabeth;Marsh;04/18/57;5MH7JG0CX58;Northwind Health;H3064-014;20251101;45462976;Approved;B-P-00356
Gregory;Barnett;04/30/47;8HX7C40MC16;Summit Health Plans;H4044-007-003;20220201;26047628;Approved;B-P-00357
Cynthia;Barnett;12/03/55;5AY4F28QJ78;Summit Health Plans;H4044-015;20230701;26047628;Approved;B-P-00358
Theresa;Hunt;08/13/51;6YW4T18VH46;Meridian Care;H4636-027;20240601;98787777;Approved;B-P-00359
Heather;Hunt;02/03/59;4FH1K79XC99;Bluepeak;H5243-007;20241101;98787777;Approved;B-P-00360
Lee;Mitchell;05/25/54;5QV9Q33JE81;Summit Health Plans;H4044-009-001;20220501;98787777;Approved;B-P-00361
Ashley;Ellison;06/27/44;1FN4GP7HC66;Bluepeak;S7317-014;20250701;64493418;Approved;B-P-00362
Matthew;Deleon;11/03/41;1NC4V77EN90;Bluepeak;S2427-005-001;20230801;26047628;Approved;B-P-00364
Christine;Farrell;02/18/47;4HJ3HR1KH49;Bluepeak;H9161-004;20231001;67876966;Disenrolled;B-P-00365
Christine;Farrell;02/18/47;4HJ3HR1KH49;Cardinal Mutual;H7696-025;20260301;67876966;Approved;B-P-00366
Cheryl;Martin;07/30/55;4J31AR7UY35;Cardinal Mutual;S1849-024;20241201;69777236;Approved;B-P-00369
John;Tran;06/12/59;4XM3YV8KK27;Harborline;H1547-003;20251101;26047628;Approved;B-P-00372
Kristen;Walker;10/23/57;4UE5H69VV54;Summit Health Plans;H9807-016;20241101;24647567;Approved;B-P-00373
Jason;Hanson;04/07/36;6W41TE9TY39;Summit Health Plans;H4044-013-003;20220901;93619366;Disenrolled;B-P-00374
Jason;Hanson;04/07/36;6W41TE9TY39;Bluepeak;H9161-027;20250701;93619366;Approved;B-P-00375
Danielle;Quinn;07/26/60;9GU3AP3NF47;Cardinal Mutual;H5265-007;20260501;84583776;Approved;B-P-00376
Erik;Jordan;07/27/37;5X25T45TP86;Northwind Health;H3036-021;20230901;45462976;Approved;B-P-00377
Melissa;Johnson;09/29/42;3J15UE5PW68;Meridian Care;H5913-026-001;20250101;9527070;Approved;B-P-00378
Sean;Scott;01/26/41;8WJ5GX7PC17;Cardinal Mutual;H5265-003-003;20240501;67876966;Approved;B-P-00380
Wendy;Johnson;09/14/54;2WH5W70RD29;Northwind Health;H3036-016;20230401;59893296;Approved;B-P-00381
Curtis;Johnson;12/27/48;4RV8X91MC13;Summit Health Plans;H4044-028-003;20260301;59893296;Approved;B-P-00382
Robert;Morris;06/05/57;3P52J79UD40;Bluepeak;H9161-014-001;20230901;51446845;Approved;B-P-00383
Michael;Morris;01/19/38;7W63J98HA79;Northwind Health;H3064-016;20221001;51446845;Disenrolled;B-P-00384
Michael;Morris;01/19/38;7W63J98HA79;Cardinal Mutual;H5265-030;20240401;51446845;Approved;B-P-00385
Maria;Wilson;02/24/57;8K40PM8EW77;Northwind Health;H3036-001;20221101;59893296;Approved;B-P-00386
Lynn;Ochoa;12/31/51;9HW5RJ3CJ82;Harborline;S7610-030;20240501;9527070;Approved;B-P-00390
Teresa;Morrison;11/09/37;5V55PN3CV38;Cardinal Mutual;H7696-017-002;20240701;14829889;Disenrolled;B-P-00393
Teresa;Morrison;11/09/37;5V55PN3CV38;Summit Health Plans;H9807-009-003;20260401;14829889;Approved;B-P-00394
Manuel;Morrison;10/16/40;9P87NH9PN83;Cardinal Mutual;H5265-007;20220201;14829889;Approved;B-P-00395
Lynn;Mccarthy;06/15/35;7VD9CC1EG86;Harborline;H1547-008;20250501;45462976;Approved;B-P-00396
Peggy;Lopez;03/18/47;6X27CX4JT67;Summit Health Plans;H9807-006;20221101;20671937;Approved;B-P-00397
Tasha;Lopez;08/19/34;5XM8M52UM07;Northwind Health;H3036-029;20220801;20671937;Approved;B-P-00398
Robert;Murphy;10/11/40;5RH1GF4ET97;Bluepeak;H9161-004;20250901;50399119;Approved;B-P-00399
Kevin;Knight;01/07/55;6GY9QM4QC13;Cardinal Mutual;H5265-016;20220501;93619366;Approved;B-P-00400
Francisco;Knight;09/14/42;5NT1XV9HK28;Cardinal Mutual;H7696-025;20250601;93619366;Approved;B-P-00401
Danielle;Greene;06/11/78;9V58RU4HM23;Meridian Care;H5913-010;20240701;37947372;Approved;B-P-00402
Tyrone;Greene;04/21/40;8XM1H49RC67;Harborline;H1547-020;20240601;37947372;Approved;B-P-00403
Donna;Cline;12/09/41;5UR0XR0RK72;Bluepeak;S7317-025;20240801;51446845;Approved;B-P-00405
Karen;Mcgrath;06/20/59;3NQ6PV0PM06;Bluepeak;S2427-019;20250601;91146902;Approved;B-P-00407
Jennifer;Chambers;12/27/56;6V31WN6XQ75;Harborline;H2522-030-003;20241101;49066206;Disenrolled;B-P-00409
Jennifer;Chambers;12/27/56;6V31WN6XQ75;Meridian Care;H5913-028;20260301;49066206;Approved;B-P-00410
Sarah;Chambers;12/14/48;1WH9YW8NJ67;Harborline;S7610-019;20231201;49066206;Approved;B-P-00411
Todd;Ritter;12/06/42;1JA0MK9RM61;Meridian Care;H4636-025-003;20250501;50399119;Approved;B-P-00413
Lauren;Gaines;09/12/36;9W02RR6XA88;Harborline;S4178-026;20250301;93619366;Approved;B-P-00416
Jermaine;Yoder;04/28/36;7AH9Q63JE97;Cardinal Mutual;H7696-013;20220301;24647567;Disenrolled;B-P-00419
Jermaine;Yoder;04/28/36;7AH9Q63JE97;Summit Health Plans;H4044-011;20240401;24647567;Approved;B-P-00420
Tonya;Yoder;08/15/36;9XH4DG6QU74;Summit Health Plans;H9807-021;20230801;24647567;Approved;B-P-00421
Brian;Yoder;04/05/51;3EU6V67FW77;Northwind Health;H3036-022-002;20231201;24647567;Approved;B-P-00422
Melinda;Shelton;07/15/48;7VT6N26YE47;Northwind Health;H3036-016;20220701;94445646;Approved;B-P-00423
Jennifer;Shelton;07/29/59;6G12QN2HK92;Cardinal Mutual;H5265-020-002;20251201;94445646;Approved;B-P-00424
Jennifer;Smith;05/23/37;6JW2XM4DX14;Summit Health Plans;R3913-004;20220901;67876966;Disenrolled;B-P-00425
Jennifer;Smith;05/23/37;6JW2XM4DX14;Cardinal Mutual;H7696-007;20240901;67876966;Approved;B-P-00426
Andrea;Ross;09/17/58;2U17JJ8MJ11;Meridian Care;H5913-018;20260101;75084135;Approved;B-P-00427
Joshua;Singleton;12/25/38;3X11K89XT56;Bluepeak;H5243-021-001;20250501;49066206;Approved;B-P-00428
Kendra;Singleton;07/24/39;3M77V76CR87;Summit Health Plans;H4044-012;20220601;49066206;Approved;B-P-00429
Tammy;Fitzgerald;10/14/51;9WW8TE5JX59;Summit Health Plans;H9807-024-002;20240301;84583776;Approved;B-P-00430
Kiara;Fitzgerald;02/03/36;7QT2F18FW03;Bluepeak;H9161-024;20240901;84583776;Approved;B-P-00431
Deborah;Townsend;02/21/57;2ET9CD2YQ21;Meridian Care;S7287-015;20250201;45462976;Approved;B-P-00433
Melissa;Richardson;02/13/41;9DJ9Y00CD82;Cardinal Mutual;S1849-003;20230201;91146902;Approved;B-P-00437
Michael;Hill;12/06/36;3WP1Y71CK59;Summit Health Plans;H9807-003-001;20220201;69777236;Approved;B-P-00439
Richard;Hill;12/24/51;1GX1XC0QE98;Cardinal Mutual;H5265-027-003;20230101;69777236;Disenrolled;B-P-00440
Richard;Hill;12/24/51;1GX1XC0QE98;Northwind Health;H3036-029;20240501;69777236;Approved;B-P-00441
Holly;Mcdaniel;10/28/51;2Y07AE5CE96;Northwind Health;S2942-009-001;20250201;14829889;Approved;B-P-00443
Zachary;Crane;12/22/37;9G21U16KW46;Meridian Care;H5913-024;20220701;59893296;Approved;B-P-00444
Tara;James;12/30/38;8QV3HM8JY27;Northwind Health;H3064-013;20220801;24647567;Approved;B-P-00445
Andrew;Castro;05/22/47;5TH7VF3HE01;Northwind Health;H3036-016;20221101;50979283;Approved;B-P-00446
Terri;Smith;07/16/56;1VM8KF6KW33;Summit Health Plans;R3913-013-003;20241201;93619366;Approved;B-P-00447
Debbie;Ford;02/16/60;7HG1CQ1HH94;Northwind Health;H3064-009;20251001;20671937;Approved;B-P-00448
Charles;Robinson;11/04/38;7VE7YJ0AV05;Summit Health Plans;H9807-024-001;20241001;59893296;Disenrolled;B-P-00449
Charles;Robinson;11/04/38;7VE7YJ0AV05;Harborline;R4376-018;20260401;59893296;Approved;B-P-00450
Christian;Jackson;11/13/44;5PP8W94PA61;Cardinal Mutual;H7696-003;20221201;51446845;Approved;B-P-00452
Michael;Wilson;10/31/34;5FE5X26CF03;Meridian Care;R6659-015;20230201;69777236;Disenrolled;B-P-00455
Michael;Wilson;10/31/34;5FE5X26CF03;Summit Health Plans;H4044-015;20241101;69777236;Approved;B-P-00456
Yvonne;Wilson;12/26/46;4VV0U96UX21;Bluepeak;H5243-030;20231201;69777236;Approved;B-P-00457
Benjamin;Elliott;10/31/40;9EP4VX5NJ55;Northwind Health;H3064-028;20230901;14829889;Approved;B-P-00458
David;Weaver;09/23/46;2WF8NE8ER12;Summit Health Plans;H9807-024-003;20250901;93619366;Approved;B-P-00459
Debra;Lara;01/13/60;5H38N24NN47;Bluepeak;H9161-017;20260101;20671937;Approved;B-P-00460
Alicia;Lee;09/01/36;9RC3M35QH33;Summit Health Plans;R4076-003-003;20250701;90228424;Approved;B-P-00461
Larry;Moore;09/13/59;8F76J91AV78;Meridian Care;R4076-012;20250901;51446845;Approved;B-P-00462
Erin;Moore;10/02/54;2X44DV0JE51;Cardinal Mutual;S1849-024;20220701;51446845;Approved;B-P-00464
Megan;Rivera;03/20/59;7XG7MJ8ED99;Meridian Care;S7287-025-003;20260501;43888211;Approved;B-P-00466
Veronica;Woods;08/06/49;7UM5E13RJ65;Harborline;S7610-018-003;20221101;37947372;Approved;B-P-00468
Jacqueline;Vasquez;11/03/50;1VQ2X85HF23;Harborline;H1547-019-001;20250101;94445646;Approved;B-P-00469
John;Hall;04/27/42;8Q73A78JN28;Harborline;S4178-028;20240401;84583776;Approved;B-P-00471
Brooke;Hall;09/14/38;4GN1PJ8QH18;Meridian Care;H4636-016;20240201;84583776;Approved;B-P-00472
Diane;Rodriguez;12/23/34;8JP7J48FF59;Harborline;S7610-012;20240701;26047628;Approved;B-P-00474
Tasha;Rodriguez;11/14/33;2AW7GA2XW81;Cardinal Mutual;H7696-028;20230101;26047628;Approved;B-P-00475
Andrew;Brown;05/21/39;2CA1C40HM93;Summit Health Plans;H4044-003;20220101;84583776;Approved;B-P-00476
Claudia;Brown;02/13/56;1WW5N73MF63;Meridian Care;H5913-004;20250401;84583776;Disenrolled;B-P-00477
Claudia;Brown;02/13/56;1WW5N73MF63;Harborline;H2522-012;20260401;84583776;Approved;B-P-00478
Taylor;Robinson;10/13/51;9WF9U01KQ48;Summit Health Plans;H4044-014;20240601;43888211;Approved;B-P-00479
Danielle;Robinson;02/15/51;2YM4MH9XE64;Meridian Care;H5913-030;20230501;43888211;Approved;B-P-00480
Joseph;Wright;08/12/35;8RG6YY0DJ24;Bluepeak;H5243-002-002;20260301;24647567;Approved;B-P-00481
Jose;Wright;07/26/41;9EG5JE6MM26;Northwind Health;H3036-028;20240301;24647567;Approved;B-P-00482
Brandon;Banks;04/22/53;8HA6P32KC77;Meridian Care;H5913-014;20250701;64493418;Approved;B-P-00483
Martin;Edwards;09/03/34;9X92VP3KV17;Harborline;H2522-017;20240501;98787777;Disenrolled;B-P-00484
Martin;Edwards;09/03/34;9X92VP3KV17;Cardinal Mutual;H7696-021;20250801;98787777;Approved;B-P-00485
Amanda;Edwards;03/27/35;1W44Q85XU81;Bluepeak;H5243-013-002;20230901;98787777;Approved;B-P-00486
Christina;Johnston;05/08/54;5V42CM5WT56;Bluepeak;H5243-002;20240301;43888211;Disenrolled;B-P-00487
Christina;Johnston;05/08/54;5V42CM5WT56;Meridian Care;H5913-005;20250501;43888211;Approved;B-P-00488
Michelle;Johnston;01/24/44;6UH2Y92KH90;Bluepeak;H5243-011;20221101;43888211;Approved;B-P-00489
Wanda;Thomas;03/05/49;9D37QV6PN88;Meridian Care;S4547-003-002;20260201;67876966;Approved;B-P-00490
Morgan;Thomas;07/16/39;4VX8UY0WC93;Bluepeak;H5243-019;20250801;67876966;Approved;B-P-00491
Brittany;Hanson;11/11/37;2VK0YC8CP12;Meridian Care;H4636-023;20251201;98787777;Approved;B-P-00492
Jennifer;Gutierrez;05/17/43;5QF9HP5MJ31;Cardinal Mutual;H7696-004-002;20251001;49066206;Approved;B-P-00493
Michael;Gutierrez;01/14/42;8XX3T81DD24;Summit Health Plans;H9807-003;20250301;49066206;Approved;B-P-00494
Brittany;Phillips;01/30/57;3TX9NV1TV67;Bluepeak;H9161-003-003;20240401;93619366;Approved;B-P-00495
James;Jackson;06/24/54;6TH0NM8YV24;Harborline;H2522-017;20251101;9527070;Approved;B-P-00497
Kimberly;Davis;10/23/52;5GD6KU7PM76;Cardinal Mutual;H5265-022;20220801;20671937;Approved;B-P-00498
Steven;Odonnell;10/12/55;3QC6U37XF98;Summit Health Plans;S4824-025;20221101;64493418;Approved;B-P-00499
William;Fields;10/24/56;4MX4M99MY79;Northwind Health;H3064-017-001;20251001;90228424;Approved;B-P-00501
Stephen;Fields;04/18/40;2W95TG6DK08;Summit Health Plans;S4824-007-001;20250601;90228424;Approved;B-P-00502
Marc;Martinez;11/08/56;8YP3KX0CD73;Cardinal Mutual;H7696-018-003;20250301;94445646;Disenrolled;B-P-00503
Marc;Martinez;11/08/56;8YP3KX0CD73;Harborline;H2522-007;20260301;94445646;Approved;B-P-00504
Brandon;Martinez;08/08/53;6QP7H77DV49;Meridian Care;H4636-030-002;20250401;94445646;Approved;B-P-00505
Lisa;Mcgrath;08/23/46;9C30D04NP17;Summit Health Plans;H9807-003;20240101;9527070;Approved;B-P-00510
James;Bentley;02/14/52;2RP9H67MX82;Bluepeak;H9161-002;20230601;64493418;Disenrolled;B-P-00511
James;Bentley;02/14/52;2RP9H67MX82;Cardinal Mutual;H7696-025-002;20241101;64493418;Approved;B-P-00512
Shawn;Bentley;05/02/39;8EN7U38HG54;Summit Health Plans;S4824-019;20221201;64493418;Approved;B-P-00514
Jonathan;Bentley;01/29/46;3P52YC3MA71;Northwind Health;H3064-011;20240301;64493418;Approved;B-P-00515
Laura;Christensen;09/28/54;8NR3YM2VA31;Harborline;H2522-021;20250701;59893296;Approved;B-P-00519
Kelly;Pittman;01/27/39;6U23WK2FD72;Summit Health Plans;H4044-028-001;20220901;20671937;Disenrolled;B-P-00521
Kelly;Pittman;01/27/39;6U23WK2FD72;Meridian Care;H4636-007;20250201;20671937;Approved;B-P-00522
Austin;Morales;02/28/56;6JG5KQ9YG95;Meridian Care;S7287-018-002;20231201;64493418;Approved;B-P-00524
Christy;Morales;03/17/40;8K32A89AJ33;Meridian Care;S7287-007-003;20250301;64493418;Approved;B-P-00526
Edward;Pena;09/10/55;5RC1P67YC54;Northwind Health;H3036-014;20230201;45462976;Disenrolled;B-P-00527
Edward;Pena;09/10/55;5RC1P67YC54;Meridian Care;H4636-010-002;20250901;45462976;Approved;B-P-00528
Tyler;Pena;03/05/45;8GW4VX3QH62;Summit Health Plans;H9807-002-003;20220801;45462976;Disenrolled;B-P-00529
Tyler;Pena;03/05/45;8GW4VX3QH62;Meridian Care;H4636-001;20250401;45462976;Approved;B-P-00530
Ronald;Arnold;04/11/58;8AR2Y86GC15;Meridian Care;S4547-024-003;20251101;9527070;Approved;B-P-00532
Frank;Holland;05/18/46;4EV3X29UX84;Cardinal Mutual;H5265-016;20220801;69777236;Approved;B-P-00533
Nicole;Rowe;01/27/60;2WN2A81JQ26;Northwind Health;R6531-011-001;20251001;26047628;Approved;B-P-00534
Eric;Cruz;03/15/50;5X55QG9QJ73;Bluepeak;S2427-015;20251101;59893296;Approved;B-P-00536
Richard;Hart;02/07/40;5G68MH1EG16;Meridian Care;H4636-019;20250501;50399119;Approved;B-P-00538
Joe;Hart;05/15/54;3Q89FU2XR19;Northwind Health;S2942-012;20251201;50399119;Approved;B-P-00540
James;Archer;07/04/52;6FN0GT0GC09;Meridian Care;H4636-009;20230201;64493418;Approved;B-P-00541
Kaylee;Archer;03/14/59;6G40MV2WX13;Northwind Health;R1279-013;20250401;64493418;Approved;B-P-00542
Hunter;Hoover;08/05/49;2FA5XK3VY76;Meridian Care;S4547-024;20230801;14829889;Approved;B-P-00544
John;Little;02/21/49;2GY6TQ9JY96;Meridian Care;H4636-016;20221201;26047628;Approved;B-P-00545
Haley;Little;05/15/56;6PE4P61MU94;Meridian Care;H4636-016;20220201;26047628;Disenrolled;B-P-00546
Haley;Little;05/15/56;6PE4P61MU94;Summit Health Plans;H4044-008;20250701;26047628;Approved;B-P-00547
Brian;Dunn;02/02/55;5U73C46FV19;Northwind Health;H3036-017-003;20231201;94445646;Approved;B-P-00549
Sandra;Lopez;12/05/48;1AU0M75PY48;Harborline;S7610-004-003;20240601;37947372;Approved;B-P-00551
Thomas;Bryant;08/29/34;1EA9JR0XD94;Summit Health Plans;H9807-030;20220801;49066206;Approved;B-P-00552
Clayton;Oconnor;06/13/47;1QD7RN6PH84;Summit Health Plans;H9807-003-002;20231101;49066206;Disenrolled;B-P-00553
Clayton;Oconnor;06/13/47;1QD7RN6PH84;Cardinal Mutual;H7696-013;20250601;49066206;Approved;B-P-00554
Nicholas;Oconnor;12/31/35;2NP5PQ4VN29;Northwind Health;H3064-002;20240201;49066206;Approved;B-P-00555
Bonnie;Hopkins;02/02/46;4YD9JX6HK14;Northwind Health;H3036-006;20220301;75084135;Approved;B-P-00556
Allison;Hill;03/16/59;1A14RP2WG84;Bluepeak;H9161-027;20241101;45462976;Approved;B-P-00557
Derek;Hill;08/31/54;3JR9GW9GR11;Summit Health Plans;H9807-018;20260501;45462976;Approved;B-P-00558
Ryan;Bell;06/18/42;7E44F47UY22;Cardinal Mutual;R6363-028;20220601;69777236;Approved;B-P-00561
Jill;Smith;12/29/72;1V33JG7EA45;Cardinal Mutual;S1849-023;20231201;43888211;Approved;B-P-00566
Kevin;Lopez;09/14/48;4J17GR7NE20;Meridian Care;H4636-009;20260201;90228424;Approved;B-P-00567
Holly;Lopez;12/10/78;9RN6KK1CK22;Meridian Care;S7287-003-002;20221001;90228424;Approved;B-P-00569
Scott;Holmes;10/08/50;8QD9D85TU01;Summit Health Plans;H9807-009;20230201;91146902;Approved;B-P-00570
Tara;Hickman;01/01/59;1A80HK8TC18;Northwind Health;H3064-011;20261101;37947372;Submitted;B-P-00572
Renee;Banks;12/20/37;7C88D29UE40;Northwind Health;H3064-019;20241101;50979283;Disenrolled;B-P-00574
Renee;Banks;12/20/37;7C88D29UE40;Bluepeak;R6570-019-001;20260101;50979283;Approved;B-P-00575
Michelle;Williams;10/01/35;6EF6P72EQ67;Summit Health Plans;H4044-013;20240101;50399119;Approved;B-P-00577
Andrew;Deleon;10/11/42;3GA2V18DP20;Bluepeak;S2427-016;20250401;94445646;Approved;B-P-00579
Stephanie;Barrett;11/08/37;4PM1AQ1PY27;Summit Health Plans;S4824-004;20240101;75084135;Approved;B-P-00583
Timothy;Morris;07/28/48;5PX3U15DP34;Cardinal Mutual;S6685-012-003;20230801;49066206;Approved;B-P-00587
Pamela;Dunn;09/11/36;3FF8MY0TU22;Northwind Health;H3036-003;20260401;81157097;Approved;B-P-00588
Ryan;Mata;07/11/42;7W45U25WU15;Cardinal Mutual;H7696-027-001;20221201;75084135;Approved;B-P-00589
Chelsea;Savage;10/17/56;4CD7D32QQ11;Northwind Health;H3064-018;20261101;24647567;Submitted;B-P-00591
Tiffany;Savage;02/13/56;1D24MF5EK05;Northwind Health;S9721-020-001;20230501;24647567;Approved;B-P-00592
Mandy;Shaffer;12/04/43;3MT0M78EE30;Bluepeak;H9161-009-001;20230201;59893296;Approved;B-P-00593
Morgan;Turner;06/25/38;1TH6H15DA41;Summit Health Plans;H9807-012-003;20220201;26047628;Approved;B-P-00594
Allen;Turner;05/09/52;8F42XH3VR19;Bluepeak;H5243-025;20231001;26047628;Approved;B-P-00595
Ashley;Townsend;11/24/36;1WE5QU1XP23;Bluepeak;S7317-002-003;20230601;24647567;Approved;B-P-00596
Lindsey;Smith;03/12/36;1D99CX0HK95;Cardinal Mutual;R7519-009;20250501;91146902;Approved;B-P-00597
Melissa;Lopez;01/24/40;4A24N84EW40;Meridian Care;H5913-013-003;20241001;14829889;Approved;B-P-00598
Amber;Barber;12/31/39;7HD2H91YA00;Northwind Health;H3036-030;20220701;50399119;Disenrolled;B-P-00599
Amber;Barber;12/31/39;7HD2H91YA00;Cardinal Mutual;H5265-027;20240401;50399119;Approved;B-P-00600
Brandon;Barber;11/29/42;4N73EV7RC17;Meridian Care;H5913-025;20220701;50399119;Approved;B-P-00601
Courtney;Price;03/09/58;2QY3RA2DG57;Northwind Health;H3064-013-003;20260101;14829889;Approved;B-P-00602
Christine;Rodriguez;09/02/56;3G28G83MV86;Meridian Care;H5913-007-003;20240201;51446845;Disenrolled;B-P-00603
Christine;Rodriguez;09/02/56;3G28G83MV86;Bluepeak;H5243-007;20250401;51446845;Approved;B-P-00604
Austin;Phelps;06/03/43;7RF1VX6FM34;Northwind Health;H3036-024;20220701;20671937;Disenrolled;B-P-00606
Austin;Phelps;06/03/43;7RF1VX6FM34;Harborline;H1547-030;20231101;20671937;Approved;B-P-00607
Emma;Jackson;08/08/59;2RN9E14GY23;Bluepeak;H9161-006;20261101;67876966;Submitted;B-P-00608
Rick;Jackson;06/18/59;3TQ0E78TN65;Meridian Care;H5913-005;20250701;67876966;Approved;B-P-00610
Cheryl;Gregory;07/08/53;8R50GD4AA24;Harborline;H2522-018-002;20241101;91146902;Approved;B-P-00611
Joy;Dixon;05/21/55;8RD2YD9TH34;Meridian Care;S7287-027;20230901;51446845;Approved;B-P-00613
Amanda;Dixon;01/15/51;1T75VM9XH43;Northwind Health;S9721-019;20250501;51446845;Approved;B-P-00615
Jacob;House;03/14/39;4TG6MJ2CP86;Bluepeak;R6570-018;20240801;98787777;Approved;B-P-00618
Grant;Jones;05/06/57;5VT4NE2QE93;Cardinal Mutual;H5265-002;20221101;26047628;Approved;B-P-00619
Michael;Mcdaniel;01/06/54;7AM4HF4AA61;Harborline;S7610-023;20230701;51446845;Approved;B-P-00621
Tracy;George;05/31/51;9CE7FC6NQ29;Cardinal Mutual;H7696-022;20250901;81157097;Approved;B-P-00622
Amy;Cole;09/30/46;2DH7GJ9UJ43;Harborline;H1547-021;20240801;45462976;Approved;B-P-00624
Darren;Cole;02/14/59;2RH2DQ1FM22;Harborline;R4376-013;20251001;45462976;Approved;B-P-00625
Jennifer;Rodriguez;01/26/41;3MC6FJ7TJ53;Bluepeak;H9161-012;20230801;20671937;Approved;B-P-00626
Ann;Mcmillan;08/10/59;4R42DA4HD70;Meridian Care;H5913-004;20260101;69777236;Approved;B-P-00630
Tyler;Mcmillan;05/13/41;5J86M63WF78;Meridian Care;H5913-001;20220501;69777236;Approved;B-P-00631
Keith;White;10/16/40;8JW4WT3FU40;Cardinal Mutual;S1849-007;20231001;81157097;Approved;B-P-00632
Austin;White;02/09/56;8E78RE1PC95;Meridian Care;H5913-017;20230301;81157097;Approved;B-P-00633
Alice;Jackson;06/15/96;7V82RA6YC65;Summit Health Plans;H4044-024;20221001;45462976;Approved;B-P-00634
Peter;Lopez;01/22/43;1EE4PP2KF62;Bluepeak;H5243-010;20220501;75084135;Disenrolled;B-P-00635
Peter;Lopez;01/22/43;1EE4PP2KF62;Meridian Care;R4076-003;20250901;75084135;Approved;B-P-00636
Amanda;Cole;12/21/33;9PY9VK6PJ81;Summit Health Plans;H9807-029;20240701;24647567;Approved;B-P-00637
Tina;Cole;08/14/54;3XF7QV7DY75;Northwind Health;H3064-022;20240201;24647567;Disenrolled;B-P-00638
Tina;Cole;08/14/54;3XF7QV7DY75;Cardinal Mutual;H5265-029;20250501;24647567;Approved;B-P-00639
Kevin;Phillips;04/12/40;3E43NC1EJ44;Northwind Health;H3036-023;20230401;84583776;Approved;B-P-00640
Christina;Gonzales;09/23/45;7CV6XM5TA70;Harborline;H2522-021-001;20250301;49066206;Approved;B-P-00645
John;Gonzales;07/25/44;5JK7AA0ED92;Summit Health Plans;H9807-017-003;20240801;49066206;Approved;B-P-00646
Susan;Smith;12/29/58;8HW6Q38QA17;Northwind Health;H3036-024-003;20241201;26047628;Approved;B-P-00647
Karen;Smith;03/13/48;7M34HC3HA36;Meridian Care;H4636-025-003;20220101;26047628;Approved;B-P-00648
Amy;Jennings;07/31/58;9GA4FN2CT28;Northwind Health;H3064-001;20231201;37947372;Approved;B-P-00649
Caitlin;Shannon;09/20/40;8Y74HK7MM54;Summit Health Plans;S1837-011;20240801;20671937;Approved;B-P-00651
Jeffrey;Alexander;09/23/38;7P63DH2EV16;Meridian Care;H5913-004;20240701;67876966;Approved;B-P-00653
Shane;Alexander;06/16/34;1C50GD0JD07;Summit Health Plans;S1837-024;20230501;67876966;Approved;B-P-00655
Maria;Espinoza;05/03/36;8RW1VG6VH23;Harborline;S7610-021;20260201;50979283;Approved;B-P-00657
Samantha;Rogers;07/24/42;5MY1DK2AU43;Northwind Health;H3036-018;20261101;67876966;Submitted;B-P-00658
Jeffrey;Hayes;12/29/49;4FC6T49XV13;Bluepeak;H5243-022-001;20220501;59893296;Approved;B-P-00659
Charles;Peterson;05/28/45;8JV8T27PJ78;Meridian Care;H5913-014;20250301;84583776;Approved;B-P-00660
Sara;Peterson;04/05/46;8JH2X14ME10;Harborline;H2522-024;20230101;84583776;Approved;B-P-00661
Carolyn;Wright;08/15/91;3U42JV6XU42;Cardinal Mutual;H5265-022-001;20260101;94445646;Approved;B-P-00662
Amber;Glover;03/22/60;9D82UX0MG52;Harborline;S7610-030;20250801;67876966;Approved;B-P-00663
Brenda;Pena;03/03/95;3UG3QM7UU32;Summit Health Plans;S4824-029;20261101;9527070;Submitted;B-P-00665
Nicole;Ruiz;11/02/59;7E33EN2NP23;Summit Health Plans;S1837-005;20250601;14829889;Approved;B-P-00667
Cynthia;Harris;08/06/35;3Y34D57AK87;Bluepeak;H5243-029;20240301;51446845;Approved;B-P-00670
Jamie;Hart;07/02/56;7R22MN9KG54;Bluepeak;S7317-004;20221201;14829889;Approved;B-P-00672
Charles;Lang;06/10/42;2N43QJ4GU63;Northwind Health;H3036-029;20261101;45462976;Submitted;B-P-00673
Andrew;Pena;02/26/49;6QW1F20MD02;Harborline;S7610-024;20220201;37947372;Approved;B-P-00675
Frances;Randolph;03/02/51;6FG3YU4JJ03;Northwind Health;H3064-012;20220801;64493418;Approved;B-P-00676
Danielle;Randolph;10/18/47;3KW6CE5JK18;Meridian Care;H5913-022;20231101;64493418;Approved;B-P-00677
Mary;Randolph;11/21/48;2TA8EN1EJ22;Bluepeak;S2427-014;20250201;64493418;Approved;B-P-00679
Joseph;Pruitt;09/05/52;3N71UU4WP65;Bluepeak;H9161-009;20220601;93619366;Disenrolled;B-P-00680
Joseph;Pruitt;09/05/52;3N71UU4WP65;Summit Health Plans;R4076-003-003;20230701;93619366;Approved;B-P-00681
Andrea;Sparks;11/23/44;5CV0HD4XX82;Northwind Health;H3036-017-003;20220501;50399119;Approved;B-P-00682
Christopher;Potter;05/18/46;8E66EE8GM47;Bluepeak;S2427-008;20230101;14829889;Approved;B-P-00684
Erika;Potter;12/17/55;4RG9QG4HQ63;Bluepeak;S7317-020-002;20251001;14829889;Approved;B-P-00685
Stacey;Hill;11/14/94;4X53F46PF52;Northwind Health;H3036-029;20221101;64493418;Disenrolled;B-P-00686
Stacey;Hill;11/14/94;4X53F46PF52;Summit Health Plans;R3913-025;20250101;64493418;Approved;B-P-00687
Kevin;Hill;12/29/57;4U35C25DT21;Bluepeak;H5243-005-001;20251101;64493418;Approved;B-P-00688
Robert;Fowler;03/20/45;7DJ8T85JG19;Meridian Care;S4547-022-003;20220701;50399119;Approved;B-P-00689
Craig;Brown;08/24/49;1Q62V78XV98;Summit Health Plans;H4044-018-002;20250401;69777236;Disenrolled;B-P-00691
Craig;Brown;08/24/49;1Q62V78XV98;Harborline;H2522-028;20260501;69777236;Approved;B-P-00692
Adriana;Evans;10/29/75;9C68NQ9UC14;Summit Health Plans;S1837-028;20240801;93619366;Approved;B-P-00694
Derek;Evans;11/21/55;9F91QQ8NQ10;Meridian Care;H4636-023-003;20221101;93619366;Approved;B-P-00695
Thomas;Waller;12/01/56;9PR7A92WJ50;Harborline;H1547-022;20240701;59893296;Approved;B-P-00698
David;Ford;08/01/45;2DE4TQ2AT34;Harborline;H1547-023;20220801;49066206;Disenrolled;B-P-00699
David;Ford;08/01/45;2DE4TQ2AT34;Cardinal Mutual;H5265-028;20260401;49066206;Approved;B-P-00700
Erik;Jones;01/03/42;2Q85CE6VF44;Bluepeak;S2427-013;20251101;45462976;Approved;B-P-00701
Melissa;Jones;09/05/37;2X43P13AX70;Northwind Health;S9721-020;20240401;45462976;Approved;B-P-00703
Dylan;Kane;09/23/41;5AM3H75AK88;Summit Health Plans;S1837-019;20230901;84583776;Approved;B-P-00705
Kaylee;Greene;11/23/54;9VF1X26VU05;Summit Health Plans;S1837-010;20250201;9527070;Approved;B-P-00708
Jessica;Morrison;08/10/59;4FK0TU4EE24;Summit Health Plans;H4044-005;20241001;51446845;Approved;B-P-00709
Kevin;Morrison;05/29/40;6EA9VX5AH49;Summit Health Plans;H9807-005;20230601;51446845;Approved;B-P-00710
Justin;Rodriguez;11/08/39;5UK1GN3DH79;Cardinal Mutual;H7696-020-001;20250601;14829889;Approved;B-P-00711
Nicole;Lopez;04/09/40;9QN3G71PR92;Harborline;S4178-002-001;20260101;84583776;Approved;B-P-00712
Deanna;Williams;01/30/53;9X44VW0QN77;Harborline;H1547-010-001;20250201;26047628;Approved;B-P-00713
Thomas;Williams;08/16/39;3Q90C26HQ78;Bluepeak;H5243-005;20221001;26047628;Disenrolled;B-P-00714
Thomas;Williams;08/16/39;3Q90C26HQ78;Harborline;H1547-026-002;20240401;26047628;Approved;B-P-00715
Darren;Taylor;09/16/40;5RU9JH2EQ42;Bluepeak;H5243-027;20250501;94445646;Approved;B-P-00716
Craig;Taylor;05/20/36;1GY4PX8JA12;Meridian Care;S4547-004;20220201;94445646;Approved;B-P-00718
Gregory;Vance;08/06/56;9J90D80HN15;Northwind Health;S2942-030;20230201;81157097;Approved;B-P-00719
Adam;Vance;07/02/45;2GR7H49WD90;Bluepeak;H9161-030-003;20250201;81157097;Approved;B-P-00720
Nicole;Keller;10/15/40;8JG7UJ4CF94;Summit Health Plans;S4824-003;20250801;94445646;Approved;B-P-00723
Stephanie;Anderson;04/11/54;2JH8CX9MQ41;Cardinal Mutual;H5265-018;20231001;50979283;Approved;B-P-00724
Lawrence;Warner;05/05/51;9NA7YU7ED51;Summit Health Plans;S1837-010-003;20230801;81157097;Approved;B-P-00726
Sara;Stanley;07/12/43;7FT7RT4RY58;Cardinal Mutual;H7696-021;20221101;50979283;Approved;B-P-00730
Suzanne;Sanford;09/20/43;2X75VX4RX26;Bluepeak;H9161-009-002;20230701;20671937;Disenrolled;B-P-00732
Suzanne;Sanford;09/20/43;2X75VX4RX26;Cardinal Mutual;H7696-028-001;20251101;20671937;Approved;B-P-00733
Ronald;Sanford;04/01/43;2AG1M49ED88;Summit Health Plans;H4044-010;20260501;20671937;Approved;B-P-00734
Matthew;Moreno;05/18/44;6XH0HG0TP60;Cardinal Mutual;H5265-025-001;20250601;64493418;Approved;B-P-00735
Thomas;Davis;02/04/53;1Q01G60CM27;Meridian Care;H5913-002;20220701;45462976;Approved;B-P-00737
Kristina;Brock;05/25/41;6M33D92PF87;Harborline;S4178-015;20260201;50399119;Approved;B-P-00741
Jessica;Contreras;01/10/57;1JA6VR5CJ39;Harborline;H1547-011;20231001;94445646;Disenrolled;B-P-00742
Jessica;Contreras;01/10/57;1JA6VR5CJ39;Cardinal Mutual;H7696-025;20250901;94445646;Approved;B-P-00743
Amanda;Contreras;07/03/44;2UG3WQ1EN10;Harborline;S4178-006-001;20241201;94445646;Approved;B-P-00745
Brooke;Poole;08/27/35;8Y15CE4QT09;Meridian Care;H4636-004-001;20260501;94445646;Approved;B-P-00746
Patrick;Gordon;10/02/33;8A87D09VJ70;Cardinal Mutual;H5265-016-002;20220401;91146902;Approved;B-P-00749
Edward;Gordon;11/20/40;1F75X15FW08;Harborline;H1547-005-003;20220601;91146902;Approved;B-P-00750
Adam;Jones;07/29/53;1CN9AN4PE73;Meridian Care;H4636-028-001;20250701;43888211;Approved;B-P-00751
Brenda;Thompson;01/15/54;8YD2EK1WE93;Meridian Care;H4636-016;20230301;50979283;Disenrolled;B-P-00753
Brenda;Thompson;01/15/54;8YD2EK1WE93;Bluepeak;H9161-010-002;20251201;50979283;Approved;B-P-00754
Justin;Morse;04/29/48;5AF9MK1MM58;Northwind Health;H3036-006-002;20260401;26047628;Approved;B-P-00756
Elizabeth;Morse;09/30/54;7P42H80WJ36;Northwind Health;S9721-012;20230101;26047628;Approved;B-P-00758
Daniel;Martinez;02/13/57;2UG6VC8AV15;Bluepeak;S7317-011;20250201;84583776;Approved;B-P-00760
Jason;Price;12/25/50;3RY0T38ED90;Northwind Health;S2942-027;20230401;64493418;Approved;B-P-00763
Joel;Price;06/04/39;9H90C04FW35;Summit Health Plans;H9807-011;20250401;90228424;Approved;B-P-00764
Danielle;Smith;05/19/45;8AV8RM0RU56;Northwind Health;S9721-028;20250801;45462976;Approved;B-P-00768
Matthew;Lyons;06/03/48;5YW1MM3VQ88;Harborline;H1547-030;20220701;50979283;Approved;B-P-00771
Ian;Holloway;04/01/71;6P07E05UX52;Harborline;H2522-011;20251201;67876966;Approved;B-P-00773
Samuel;Gray;10/27/35;2Y29VX9QN11;Harborline;H1547-029;20220701;69777236;Approved;B-P-00775
Joshua;Hartman;06/10/42;4RM3RP3DM59;Northwind Health;H3036-023;20220901;64493418;Approved;B-P-00777
Wesley;Wang;04/24/59;7JP5R71TG57;Bluepeak;H5243-024-001;20240701;50979283;Approved;B-P-00778
Nathan;Wang;02/24/40;1NU5XG6PY21;Northwind Health;S2942-004;20220501;50979283;Approved;B-P-00780
Michael;Kelly;03/17/47;5GU0TY9PX47;Summit Health Plans;H4044-026;20260201;50399119;Approved;B-P-00781
Jason;Hall;10/22/49;9GC5DE4DN72;Harborline;H2522-007;20250401;14829889;Approved;B-P-00782
Dorothy;Hall;08/15/39;5Y31AE2MV04;Harborline;H1547-019;20220301;14829889;Approved;B-P-00783
Peter;Williams;06/30/45;3G28P05MQ84;Bluepeak;H5243-016-001;20240601;59893296;Approved;B-P-00784
Andrea;Williams;10/21/48;8V81EF5WP71;Meridian Care;H4636-010-003;20220601;59893296;Approved;B-P-00785
James;Sanford;10/16/49;3G30D37PM54;Summit Health Plans;R3913-001;20220701;45462976;Disenrolled;B-P-00786
James;Sanford;10/16/49;3G30D37PM54;Meridian Care;H4636-017-001;20240701;45462976;Approved;B-P-00787
Jason;Tucker;01/02/58;1Y50K73YC30;Meridian Care;S4547-023-001;20231101;50399119;Approved;B-P-00789
Lawrence;Tucker;11/08/37;2XT7G85FA25;Harborline;H1547-020;20240101;50399119;Approved;B-P-00790
Briana;Moore;10/31/57;5T02FV2AC55;Northwind Health;S9721-010-003;20250801;43888211;Approved;B-P-00792
Virginia;Jenkins;06/21/35;7NR6C28UY69;Cardinal Mutual;S1849-030;20251201;51446845;Approved;B-P-00794
Kerry;Hall;01/04/44;1N75FC3PU78;Summit Health Plans;S1837-007-003;20260301;26047628;Approved;B-P-00796
Justin;Hall;02/11/55;9JR9T49TG02;Cardinal Mutual;H7696-012;20251001;26047628;Approved;B-P-00797
Brandon;Berg;09/07/37;4P74X68XN33;Harborline;R7629-002;20240701;20671937;Approved;B-P-00798
Ryan;Cameron;03/11/42;3QE1UR0XT57;Harborline;H2522-021;20231101;50979283;Approved;B-P-00800
Brandon;Cameron;04/09/43;6XV3HP1VT63;Bluepeak;H5243-015-003;20240101;50979283;Approved;B-P-00801
Michael;Brock;03/27/93;3RX0GE0QM45;Summit Health Plans;H4044-019-001;20221001;67876966;Approved;B-P-00802
Aaron;Morris;10/11/51;9V97P58GT95;Harborline;R4376-025;20261101;37947372;Submitted;B-P-00803
John;Morris;01/16/43;9JE5FR1NK78;Cardinal Mutual;H7696-011;20250801;37947372;Approved;B-P-00804
Craig;Miller;10/14/52;5JP4R20QE85;Summit Health Plans;H4044-002-002;20230101;37947372;Approved;B-P-00805
Jennifer;Brown;11/08/36;3PA4CG5WY88;Northwind Health;H3064-007;20220201;81157097;Approved;B-P-00806
Emily;Lee;04/14/48;7VA6UW0EX94;Meridian Care;H5913-026;20231001;24647567;Disenrolled;B-P-00807
Emily;Lee;04/14/48;7VA6UW0EX94;Cardinal Mutual;H5265-010-001;20251001;24647567;Approved;B-P-00808
Michael;Lee;11/09/47;6JV5V02UY45;Meridian Care;S4547-002;20220201;24647567;Approved;B-P-00810
Aaron;Hancock;10/29/44;1RV6P70VR37;Meridian Care;H5913-024-001;20250401;50399119;Approved;B-P-00811
Brandon;Smith;09/23/59;5N77KT2AD47;Harborline;H2522-008-002;20241201;24647567;Approved;B-P-00812
Wanda;Smith;08/15/45;1T99VK1WW12;Northwind Health;S2942-022-001;20231201;81157097;Approved;B-P-00814
Joseph;Elliott;10/18/48;6NV8DY7JW48;Bluepeak;H5243-030-001;20231001;84583776;Disenrolled;B-P-00815
Joseph;Elliott;10/18/48;6NV8DY7JW48;Meridian Care;H5913-009;20241201;84583776;Approved;B-P-00816
Jeffrey;Elliott;03/03/48;7D69AH6NQ76;Summit Health Plans;H9807-028;20251001;84583776;Approved;B-P-00817
Kurt;Elliott;05/25/53;3X99C78HX90;Cardinal Mutual;H7696-005;20231101;84583776;Approved;B-P-00818
Mark;Rojas;07/03/52;1WA2NX1RM42;Meridian Care;S4547-010-002;20221101;81157097;Approved;B-P-00822
Patrick;Rojas;08/27/47;4MX5GM0AR13;Cardinal Mutual;H7696-001-003;20221101;81157097;Disenrolled;B-P-00823
Patrick;Rojas;08/27/47;4MX5GM0AR13;Summit Health Plans;H4044-023-002;20240701;81157097;Approved;B-P-00824
Paul;Hernandez;01/15/55;7QK4ME4MD66;Bluepeak;H9161-011-002;20261101;90228424;Submitted;B-P-00826
Christopher;Hernandez;10/14/43;3MC7K44QT40;Cardinal Mutual;H5265-007;20240201;90228424;Approved;B-P-00828
Katherine;Potts;01/07/57;2QX3WE7FM01;Meridian Care;R4076-011;20250501;59893296;Approved;B-P-00830
Todd;Potts;06/06/36;4W94YH9RJ37;Bluepeak;S7317-004;20220501;59893296;Approved;B-P-00832
Austin;Thompson;08/05/60;4QV4F38ED54;Harborline;H2522-030;20260201;37947372;Approved;B-P-00833
James;Thompson;03/13/40;6XY0U47AR35;Northwind Health;H3064-030;20230101;37947372;Disenrolled;B-P-00834
James;Thompson;03/13/40;6XY0U47AR35;Harborline;R4376-005-001;20240501;37947372;Approved;B-P-00835
John;Bailey;11/14/37;1FX0FR2UG52;Cardinal Mutual;H5265-028;20260201;91146902;Approved;B-P-00837
Catherine;Banks;05/13/50;2AD6D44NN51;Northwind Health;H3064-023-003;20240701;50399119;Approved;B-P-00839
Sheri;Banks;01/09/34;5V24CF1AU73;Summit Health Plans;S1837-028-003;20250601;50399119;Approved;B-P-00840
Lawrence;Peters;10/25/35;7ET5DX3TV55;Harborline;H2522-026;20230201;45462976;Approved;B-P-00841
Charles;Peters;07/03/44;4VT4AN1DY01;Summit Health Plans;S4824-023;20220801;45462976;Approved;B-P-00843
Paul;Braun;06/06/40;2P49XD6UE86;Meridian Care;H4636-016;20241001;91146902;Approved;B-P-00844
Anthony;Braun;08/08/57;6PR2VE3XY06;Northwind Health;H3036-006;20230501;91146902;Approved;B-P-00845
Tara;Zimmerman;09/08/45;6C36Y43RA88;Northwind Health;S2942-016-003;20250401;59893296;Approved;B-P-00846
Margaret;Zimmerman;07/27/36;4MP9V80HJ32;Summit Health Plans;H4044-014-003;20251201;59893296;Approved;B-P-00847
Richard;Maldonado;11/02/51;6NA5DT0MW74;Summit Health Plans;H9807-003-001;20230201;14829889;Approved;B-P-00850
Matthew;Maldonado;06/14/50;4C98M54QV58;Summit Health Plans;H4044-028;20241101;14829889;Approved;B-P-00851
Sydney;Maldonado;08/08/51;9WX1MN2YV00;Meridian Care;H5913-021;20241201;14829889;Approved;B-P-00852
Brandon;White;08/02/59;5M53QU2AV66;Cardinal Mutual;S6685-021;20250601;64493418;Approved;B-P-00854
Steven;Singleton;10/23/43;1RE8NH8CA32;Meridian Care;H5913-015;20240201;81157097;Approved;B-P-00855
Dana;Guzman;12/25/33;7AG9KK2CJ15;Harborline;H2522-026;20230601;94445646;Approved;B-P-00856
Hunter;Fields;03/10/47;1PK2FQ5GX44;Summit Health Plans;H9807-016;20230301;84583776;Approved;B-P-00859
Tiffany;Fields;02/04/54;6CH0TQ8DM87;Bluepeak;H9161-019;20220801;84583776;Approved;B-P-00860
Elizabeth;Gomez;10/12/55;9CK2CM3YK07;Summit Health Plans;H4044-017;20221101;26047628;Approved;B-P-00861
Michael;Warren;01/12/40;4E39X06HV11;Cardinal Mutual;H7696-015-002;20241201;69777236;Approved;B-P-00862
Derek;Martinez;10/16/49;2AQ1KY0AT72;Summit Health Plans;H9807-019-003;20221101;24647567;Approved;B-P-00864
Thomas;Hamilton;06/02/41;2G29MT3KU02;Harborline;H1547-010-002;20231001;94445646;Approved;B-P-00865
Martha;Hamilton;11/30/44;1UV8QH0YJ55;Cardinal Mutual;H7696-004-001;20240301;94445646;Approved;B-P-00866
Catherine;Lopez;01/28/45;6YG2XH0MR69;Harborline;R7629-014-002;20220801;93619366;Approved;B-P-00867
Ryan;Lopez;03/23/59;9Q60CP4GE61;Summit Health Plans;H4044-021;20260201;93619366;Approved;B-P-00868
Elaine;Page;03/16/95;1VK2QF4XK68;Meridian Care;S4547-014;20261101;37947372;Submitted;B-P-00869
Juan;Page;09/11/47;4DF2M54DW31;Bluepeak;H5243-017-002;20240701;37947372;Disenrolled;B-P-00870
Juan;Page;09/11/47;4DF2M54DW31;Cardinal Mutual;H5265-011;20250801;37947372;Approved;B-P-00871
Lori;Vasquez;03/12/54;5YV8KX5YD26;Cardinal Mutual;S6685-019-002;20250501;67876966;Approved;B-P-00873
George;Norman;08/28/57;6UM4NF0HC27;Northwind Health;S9721-011;20240501;93619366;Approved;B-P-00875
Kevin;Davidson;12/25/55;5G71QA5KK30;Harborline;H1547-024;20220701;24647567;Approved;B-P-00876
Amy;Obrien;03/19/49;3CG3UK1WG77;Harborline;H2522-009;20240501;64493418;Approved;B-P-00877
Joe;Obrien;03/21/41;8ED8WW6TT06;Summit Health Plans;H4044-017;20231101;64493418;Disenrolled;B-P-00878
Joe;Obrien;03/21/41;8ED8WW6TT06;Harborline;H2522-029;20260501;64493418;Approved;B-P-00879
Summer;Harper;04/12/45;6J53Q66EK39;Bluepeak;S2427-001;20241201;9527070;Approved;B-P-00884
Jaclyn;Harper;07/16/58;8CP4WW2EP79;Northwind Health;H3036-016;20260101;9527070;Approved;B-P-00885
Jennifer;Suarez;07/04/37;6M26TN9DM99;Bluepeak;S2427-020;20240201;98787777;Approved;B-P-00887
Zachary;Lopez;12/07/36;3PM7F10MU44;Summit Health Plans;H9807-019;20260201;9527070;Approved;B-P-00888
Alan;Freeman;01/23/40;2UE0WY3CT14;Harborline;R4376-028;20241201;14829889;Disenrolled;B-P-00889
Alan;Freeman;01/23/40;2UE0WY3CT14;Summit Health Plans;H4044-022-002;20260501;14829889;Approved;B-P-00890
Kristina;Gardner;02/12/57;1M26DM3VT94;Harborline;H1547-021;20240801;91146902;Disenrolled;B-P-00891
Kristina;Gardner;02/12/57;1M26DM3VT94;Bluepeak;H9161-016;20251201;91146902;Approved;B-P-00892
Devin;Johnson;05/19/43;6PF2RD1DD36;Summit Health Plans;H4044-024;20230501;93619366;Approved;B-P-00895
Monique;Johnson;05/13/44;1Q17XC4MK28;Harborline;H1547-006;20251001;93619366;Approved;B-P-00896
Zachary;Moore;10/27/44;6PX8U43EN84;Northwind Health;H3036-005;20250701;37947372;Approved;B-P-00897
Wanda;Smith;03/07/45;9MW2CT2FW21;Summit Health Plans;H4044-022;20250501;90228424;Approved;B-P-00898
Kristi;Smith;12/03/37;4HU4X56WW34;Harborline;H1547-019-001;20240901;90228424;Disenrolled;B-P-00899
Kristi;Smith;12/03/37;4HU4X56WW34;Northwind Health;H3036-012;20251201;90228424;Approved;B-P-00900
Veronica;Williams;12/03/36;8CM5AR9DU67;Summit Health Plans;S4824-024;20250801;50979283;Approved;B-P-00901
Brenda;Gutierrez;04/20/55;7DD3RV2PW09;Bluepeak;S2427-005-002;20250301;45462976;Approved;B-P-00903
Jonathan;Chavez;02/03/35;9EW0HR8YH82;Cardinal Mutual;S6685-024-003;20251101;43888211;Approved;B-P-00904
Heidi;Ward;09/15/51;2RD9WX9XC19;Meridian Care;S4547-010;20220301;45462976;Approved;B-P-00908
Kevin;Ritter;12/08/43;2A89TF0GE70;Meridian Care;H4636-012;20240801;64493418;Approved;B-P-00911
Zoe;Wilson;02/11/53;2A33FX9YX19;Bluepeak;R8474-019-003;20251001;75084135;Approved;B-P-00912
Holly;Ho;07/22/52;8VV1P95TV70;Northwind Health;H3064-024;20240201;94445646;Disenrolled;B-P-00914
Holly;Ho;07/22/52;8VV1P95TV70;Summit Health Plans;R4076-019;20260301;94445646;Approved;B-P-00915
Catherine;Davis;07/06/48;3FC1QN6RH39;Harborline;H2522-001;20230701;26047628;Approved;B-P-00916
Paul;Myers;02/22/47;5TJ3W63TY98;Meridian Care;H4636-011;20241001;51446845;Approved;B-P-00917
Billy;Myers;04/12/34;2YC5M68JD03;Bluepeak;S7317-021-003;20260501;51446845;Approved;B-P-00919
Kimberly;White;03/29/54;3NX9HE7RX70;Summit Health Plans;H4044-015-001;20250401;26047628;Approved;B-P-00920
James;Lyons;02/23/39;3UW0XJ3VT82;Cardinal Mutual;H7696-019;20230101;93619366;Approved;B-P-00921
Gregory;Holland;02/27/36;4Q19XX5EQ79;Summit Health Plans;H9807-016;20250601;26047628;Approved;B-P-00923
Amanda;Craig;04/20/53;7R20JH5NJ19;Bluepeak;H9161-019;20260501;51446845;Approved;B-P-00924
David;Craig;04/21/51;3P48G71QY97;Northwind Health;H3036-019;20220601;51446845;Approved;B-P-00925
Kim;Graves;03/25/54;3G62QW2NW06;Cardinal Mutual;H5265-001;20220601;20671937;Approved;B-P-00926
Logan;Smith;09/19/74;4XC3X02WM83;Harborline;H1547-008;20250501;94445646;Disenrolled;B-P-00927
Logan;Smith;09/19/74;4XC3X02WM83;Northwind Health;H3064-006;20260501;94445646;Approved;B-P-00928
Kathryn;Smith;12/01/40;7AN7MN0WP58;Meridian Care;S7287-022;20250901;94445646;Approved;B-P-00930
Cindy;Griffith;01/21/56;3KY4W60GT21;Meridian Care;H4636-008;20230801;75084135;Approved;B-P-00931
Edward;Griffith;03/14/40;9JP7Q57TA75;Cardinal Mutual;H7696-029;20220201;75084135;Approved;B-P-00932
Jerry;Patel;02/25/53;7NQ9XY8VC81;Summit Health Plans;S1837-018-001;20220101;67876966;Approved;B-P-00934
Christian;Carr;05/29/41;8NT9RC1YV40;Bluepeak;H9161-016;20220401;93619366;Disenrolled;B-P-00937
Christian;Carr;05/29/41;8NT9RC1YV40;Northwind Health;H3036-011;20250101;93619366;Approved;B-P-00938
David;Lin;08/12/38;3VW3R93RW85;Cardinal Mutual;R7519-021;20230701;93619366;Approved;B-P-00939
Lauren;Livingston;05/09/46;9UP7FP0KU26;Harborline;H1547-022;20241101;81157097;Approved;B-P-00940
Alexis;Livingston;04/03/57;2D85K82XU83;Northwind Health;H3064-006;20231101;81157097;Approved;B-P-00941
Charles;Allen;09/21/46;8RK4J53VU68;Harborline;S4178-010;20220901;50399119;Approved;B-P-00942
Daniel;Clark;11/04/42;9V06V31MP91;Northwind Health;H3036-016;20250301;59893296;Approved;B-P-00944
Anthony;Clark;08/28/57;8RJ8G48DR76;Bluepeak;H9161-012;20240301;59893296;Approved;B-P-00945
Darren;Huff;01/26/50;5Y39C84KK16;Harborline;H2522-002;20231101;24647567;Approved;B-P-00946
Stacy;Fox;11/09/48;3RG9PD1AR02;Summit Health Plans;H4044-008-003;20221101;51446845;Approved;B-P-00949
Monica;Henderson;03/02/41;2H85J37VW19;Summit Health Plans;H4044-026;20220101;51446845;Approved;B-P-00951
Bradley;Murray;04/25/58;4HN2A76GG60;Bluepeak;R6570-010;20231201;98787777;Approved;B-P-00952
Steven;Mata;02/02/82;2UQ9DH6AT90;Bluepeak;H9161-013;20240601;50399119;Approved;B-P-00953
Jose;Mata;11/10/49;9V32WT2QE01;Cardinal Mutual;H5265-006-003;20220801;50399119;Approved;B-P-00954
Joshua;Collins;02/14/54;8V73KG0HW52;Summit Health Plans;S1837-022;20250601;26047628;Approved;B-P-00957
Traci;Collins;12/14/45;1UV4DA2UX39;Summit Health Plans;H9807-009;20240101;26047628;Approved;B-P-00958
Susan;Ball;06/05/53;1EE2GV0JU26;Meridian Care;H5913-024;20250301;67876966;Approved;B-P-00960
Juan;Ball;02/28/53;3RR4W94DE35;Northwind Health;S2942-008;20221101;67876966;Approved;B-P-00963
Lisa;Blackburn;04/11/41;6AD8N06AA05;Bluepeak;H5243-026;20230101;84583776;Approved;B-P-00964
Steven;Dawson;04/10/46;6UD4NY5RK98;Summit Health Plans;S4824-021-002;20250201;59893296;Approved;B-P-00966
Renee;Dawson;11/08/56;2PR9MD1TF81;Summit Health Plans;H4044-022;20220501;59893296;Approved;B-P-00967
Penny;Clarke;11/28/56;7FK6YM7RG93;Harborline;H1547-011;20241101;43888211;Approved;B-P-00968
Tara;Horton;09/28/38;6V71Y53JX25;Summit Health Plans;H4044-022;20230901;94445646;Approved;B-P-00969
Wesley;Lewis;01/15/69;9A66HT1DE01;Meridian Care;H4636-018-003;20230701;69777236;Disenrolled;B-P-00972
Wesley;Lewis;01/15/69;9A66HT1DE01;Bluepeak;H9161-003;20260501;69777236;Approved;B-P-00973
Cynthia;Wagner;10/24/35;3C62WQ1FF32;Meridian Care;H4636-030;20250901;90228424;Approved;B-P-00974
Cody;Richards;06/06/37;5AQ7JT8QU63;Summit Health Plans;H4044-026;20220201;90228424;Disenrolled;B-P-00975
Cody;Richards;06/06/37;5AQ7JT8QU63;Cardinal Mutual;H5265-022;20250801;90228424;Approved;B-P-00976
William;Richards;05/20/57;3MX9E45QN09;Meridian Care;H4636-020-003;20241201;90228424;Disenrolled;B-P-00977
William;Richards;05/20/57;3MX9E45QN09;Harborline;H1547-025;20260301;90228424;Approved;B-P-00978
Victor;Williams;09/09/50;3TR7PG2XW88;Summit Health Plans;S4824-030-003;20240501;50979283;Approved;B-P-00980
Shelby;Williams;07/19/54;5YV9FG1JP45;Cardinal Mutual;S6685-018;20220201;50979283;Approved;B-P-00982
Timothy;Walsh;06/17/38;7MQ3Y42XD19;Summit Health Plans;S1837-018;20230201;84583776;Approved;B-P-00984
Teresa;Walsh;04/27/42;6CY1YV1QG60;Bluepeak;S7317-021;20250601;84583776;Approved;B-P-00985
Kyle;Williams;11/11/50;2GA9YR6UR37;Cardinal Mutual;H5265-002;20221101;26047628;Approved;B-P-00986
Darren;Miller;07/28/55;3TH9FF1MX72;Cardinal Mutual;S1849-001-002;20221201;64493418;Approved;B-P-00988
Candace;Harris;05/06/45;8N92VG7PP55;Northwind Health;H3036-008;20240601;37947372;Approved;B-P-00989
Brenda;Harris;05/12/57;4T75DA7CT33;Summit Health Plans;H4044-018;20231001;37947372;Approved;B-P-00990
David;Parker;10/08/43;5JC4HC4ER46;Meridian Care;S7287-020;20220601;90228424;Approved;B-P-00992
Kimberly;Flores;09/14/35;1G93GM0PC46;Bluepeak;H5243-016;20220401;90228424;Approved;B-P-00994
Renee;Guerra;10/02/49;9H12UF3WQ56;Harborline;H1547-018;20241201;98787777;Approved;B-P-00995
Jason;Simmons;04/20/58;1U80NK3XG61;Harborline;H1547-014;20231201;91146902;Approved;B-P-00996
Derek;Martinez;09/10/44;1T23ND0MP84;Meridian Care;H5913-027-003;20220901;49066206;Approved;B-P-00997
John;Liu;05/31/36;6JM7U63TX49;Bluepeak;H9161-014;20241201;9527070;Disenrolled;B-P-00998
John;Liu;05/31/36;6JM7U63TX49;Meridian Care;R4076-009;20260301;9527070;Approved;B-P-00999
Michael;Liu;12/05/54;3RT4Y81JF46;Summit Health Plans;H9807-008;20240401;9527070;Disenrolled;B-P-01000
Michael;Liu;12/05/54;3RT4Y81JF46;Cardinal Mutual;H5265-030;20250601;9527070;Approved;B-P-01001
Margaret;Liu;06/27/52;2HT3Q17YE46;Northwind Health;S2942-030;20250701;9527070;Approved;B-P-01003
Eddie;Smith;05/31/48;3UC4A31AX20;Meridian Care;H5913-006;20220901;67876966;Disenrolled;B-P-01006
Eddie;Smith;05/31/48;3UC4A31AX20;Harborline;H1547-006-003;20250801;67876966;Approved;B-P-01007
Lori;Lawrence;03/07/46;4N77TX8DU43;Meridian Care;R4076-008;20250601;91146902;Approved;B-P-01008
Brandon;Nelson;08/08/36;3DD3GA7NG98;Meridian Care;S7287-024;20221201;43888211;Approved;B-P-01010
Walter;Nelson;03/10/80;9W85YV7NN11;Summit Health Plans;S1837-030-002;20230901;43888211;Approved;B-P-01011
Adriana;Jones;10/20/48;1M60M09YG89;Harborline;H1547-004;20250501;64493418;Disenrolled;B-P-01012
Adriana;Jones;10/20/48;1M60M09YG89;Bluepeak;H9161-029;20260501;64493418;Approved;B-P-01013
Samuel;Moreno;11/24/65;7CA5Q59RF08;Bluepeak;H9161-008;20240401;69777236;Disenrolled;B-P-01014
Samuel;Moreno;11/24/65;7CA5Q59RF08;Meridian Care;H5913-003-002;20260301;69777236;Approved;B-P-01015
Bonnie;Moreno;09/15/54;1T50HQ5XC34;Meridian Care;H4636-019;20260301;69777236;Approved;B-P-01016
Megan;Castillo;08/29/38;3M65D19CV26;Bluepeak;H5243-018-003;20221201;50399119;Approved;B-P-01019
David;Johnson;06/28/44;2DF5D00UH26;Bluepeak;R8474-019;20230401;20671937;Approved;B-P-01020
Vanessa;Johnson;09/12/58;9FM3FG1VT92;Meridian Care;H5913-019-001;20250801;20671937;Approved;B-P-01021
Mary;Schmidt;09/22/59;4NC5TJ0UJ91;Northwind Health;S2942-017-003;20251201;50399119;Approved;B-P-01022
Craig;Miranda;04/02/56;1XQ7QF4FW57;Harborline;H2522-010;20240501;9527070;Approved;B-P-01023
Corey;Reed;05/04/56;7CQ4K59CH59;Meridian Care;S7287-021-003;20250101;98787777;Approved;B-P-01024
Laura;Russell;04/19/53;4C33DV6NM57;Summit Health Plans;H9807-026-003;20220201;67876966;Approved;B-P-01025
Brian;Howard;10/31/41;1NG2FX9YH62;Meridian Care;S7287-020;20220801;9527070;Approved;B-P-01027
Sarah;Williams;03/21/44;7KH5YC4TV86;Meridian Care;H4636-020-001;20230801;20671937;Approved;B-P-01028
Megan;Kidd;07/05/47;3CR6DN4YV08;Harborline;H2522-012;20220201;50399119;Approved;B-P-01031
Corey;Stuart;05/22/41;6J42WH0CY21;Harborline;H2522-030;20231001;64493418;Disenrolled;B-P-01032
Corey;Stuart;05/22/41;6J42WH0CY21;Northwind Health;H3064-001;20250601;64493418;Approved;B-P-01033
Matthew;Little;06/30/55;7U04H70CK12;Bluepeak;H5243-002-003;20260301;37947372;Approved;B-P-01034
Jennifer;Miranda;09/06/51;8ND0XA6PE94;Northwind Health;H3064-021;20230701;9527070;Disenrolled;B-P-01035
Jennifer;Miranda;09/06/51;8ND0XA6PE94;Harborline;H2522-027-001;20260101;9527070;Approved;B-P-01036
Keith;Walker;10/18/47;5UC0FA2UX43;Bluepeak;H9161-015;20240501;75084135;Disenrolled;B-P-01038
Keith;Walker;10/18/47;5UC0FA2UX43;Cardinal Mutual;H7696-007;20250901;75084135;Approved;B-P-01039
Audrey;Wiley;12/17/49;2P85G58GJ01;Bluepeak;S7317-011;20250601;84583776;Approved;B-P-01041
George;Andrews;01/30/52;9YV3CQ5CJ12;Harborline;S4178-006-002;20240701;64493418;Approved;B-P-01045
Mark;Williams;11/10/33;6M12MP0AH44;Harborline;S7610-028;20221101;59893296;Approved;B-P-01047
Breanna;Brooks;02/17/69;9C46H87RY54;Summit Health Plans;H9807-028;20220901;81157097;Approved;B-P-01049
Brandon;Le;01/31/48;5GF7D81JH22;Northwind Health;H3064-006;20261101;64493418;Submitted;B-P-01050
Joseph;Wood;05/30/91;9PK3XX5HV01;Meridian Care;H4636-024-001;20250801;50979283;Approved;B-P-01051
Judy;Hall;08/14/37;2AR1UH5RJ16;Northwind Health;H3064-026;20260501;59893296;Approved;B-P-01053
Bradley;Jackson;11/15/38;7NV3R37XY69;Summit Health Plans;H9807-004-001;20230401;91146902;Approved;B-P-01054
Daniel;Evans;09/23/42;3FR3QH6QP61;Cardinal Mutual;S6685-009;20250201;67876966;Approved;B-P-01056
Robert;Evans;08/14/35;8AU4YK2MF69;Bluepeak;H5243-007;20250701;67876966;Approved;B-P-01057
Allison;Horton;10/03/55;8JQ4UT7FD72;Cardinal Mutual;H5265-013-003;20250301;64493418;Approved;B-P-01058
Michael;Horton;11/28/33;9KD1HQ5FJ15;Northwind Health;H3064-021;20230701;64493418;Disenrolled;B-P-01059
Michael;Horton;11/28/33;9KD1HQ5FJ15;Harborline;R7629-003;20260201;64493418;Approved;B-P-01060
Robert;Carter;12/14/45;6Y25RH4PD31;Cardinal Mutual;S1849-008-002;20240201;69777236;Approved;B-P-01061
Elizabeth;Thompson;05/14/40;1H18Y12FE71;Cardinal Mutual;S1849-011-001;20240201;81157097;Approved;B-P-01063
Linda;Anderson;01/30/58;8KF3RM9PJ55;Summit Health Plans;H9807-007;20240101;64493418;Disenrolled;B-P-01065
Linda;Anderson;01/30/58;8KF3RM9PJ55;Meridian Care;H5913-011;20260101;64493418;Approved;B-P-01066
David;Levine;02/27/50;7HW4AT5FQ31;Summit Health Plans;H4044-013;20250801;90228424;Approved;B-P-01068
Sophia;Novak;04/26/58;5G68D03NG33;Northwind Health;H3064-017;20240101;45462976;Approved;B-P-01071
Melody;Fletcher;02/17/48;4UN3TH6JY47;Cardinal Mutual;H7696-028;20220201;93619366;Disenrolled;B-P-01072
Melody;Fletcher;02/17/48;4UN3TH6JY47;Harborline;H2522-028-001;20240601;93619366;Approved;B-P-01073
Sandra;Alvarez;04/16/45;6F81EK9DY79;Cardinal Mutual;H7696-020;20250701;20671937;Approved;B-P-01075
Lauren;Alvarez;04/11/51;7RM1UV7UU69;Meridian Care;H4636-018;20250601;20671937;Approved;B-P-01076
Mary;Gomez;01/31/43;6D79JY1KQ03;Summit Health Plans;H9807-017;20220901;49066206;Approved;B-P-01077
Nicholas;Hansen;04/02/93;7A37KT9DK02;Cardinal Mutual;R6363-005;20221001;64493418;Disenrolled;B-P-01078
Nicholas;Hansen;04/02/93;7A37KT9DK02;Harborline;H1547-015;20241201;64493418;Approved;B-P-01079
Diane;Hansen;01/01/44;6JW0DA2WU48;Northwind Health;H3064-014;20220401;64493418;Approved;B-P-01080
Christopher;Garrett;02/28/41;6M93NF7FM84;Bluepeak;H9161-012-003;20220901;50399119;Approved;B-P-01081
Nancy;Medina;03/23/60;2EE2DU2KQ88;Cardinal Mutual;H5265-022;20250601;81157097;Approved;B-P-01084
Kara;Medina;03/12/52;3N36QE5XH67;Northwind Health;S9721-010;20260401;81157097;Approved;B-P-01086
Kathryn;Conway;06/15/73;4PW3X98EX64;Summit Health Plans;H9807-025;20230601;59893296;Approved;B-P-01087
Angela;Conway;10/22/39;5D99XU5FC14;Meridian Care;S7287-011;20220101;59893296;Approved;B-P-01089
Allison;Stuart;03/20/52;9JC9TP4GM73;Meridian Care;H4636-025;20220101;69777236;Disenrolled;B-P-01090
Allison;Stuart;03/20/52;9JC9TP4GM73;Cardinal Mutual;H7696-006;20240701;69777236;Approved;B-P-01091
Paula;Flowers;07/07/48;3PW3W96DX27;Summit Health Plans;H4044-024;20240101;9527070;Approved;B-P-01092
John;Howard;06/27/45;9PE3A04HQ78;Northwind Health;H3064-017-001;20220201;69777236;Approved;B-P-01093
Luke;Howard;08/12/46;5FM7TN6EA43;Cardinal Mutual;S6685-001;20251201;69777236;Approved;B-P-01094
Sheila;Johnson;07/07/42;9W06KV4VN09;Summit Health Plans;R4076-017;20220901;91146902;Approved;B-P-01095
Sherri;Sanford;03/30/42;8XQ4ME6AJ32;Northwind Health;H3036-005;20231101;45462976;Approved;B-P-01097
Louis;Davis;05/15/50;1CA0MC0MR45;Cardinal Mutual;S6685-001;20220501;59893296;Approved;B-P-01103
Chad;Pena;01/30/56;9WW4AY9MW17;Harborline;H1547-023;20240501;14829889;Approved;B-P-01105
Sheila;Norman;11/26/34;7HH1VP7KV17;Summit Health Plans;H4044-018;20221101;59893296;Approved;B-P-01106
Tonya;Huffman;04/25/51;4G48RT4XM69;Cardinal Mutual;H5265-008;20230201;37947372;Disenrolled;B-P-01108
Tonya;Huffman;04/25/51;4G48RT4XM69;Summit Health Plans;H9807-021;20250101;37947372;Approved;B-P-01109
Diamond;Davenport;01/14/36;1WX3WR5TY99;Bluepeak;H5243-020;20220101;45462976;Disenrolled;B-P-01110
Diamond;Davenport;01/14/36;1WX3WR5TY99;Harborline;H1547-015;20231201;45462976;Approved;B-P-01111
Hailey;Smith;11/14/55;8V98PM1XA90;Meridian Care;H4636-001;20221201;45462976;Approved;B-P-01112
Alexa;Smith;05/23/54;9FG2EE4FM03;Cardinal Mutual;R6363-028;20220201;45462976;Approved;B-P-01113
Courtney;Wilson;12/21/40;2CW2VR0AE97;Meridian Care;H5913-025;20231201;81157097;Approved;B-P-01114
Craig;Wilson;07/13/44;2F44M82QY14;Summit Health Plans;H9807-021-002;20240901;81157097;Approved;B-P-01115
Jessica;Silva;11/04/40;7NG9J96UP62;Harborline;R4376-011-001;20240401;64493418;Approved;B-P-01116
Michael;Lopez;03/09/55;7GD4P09WK53;Harborline;H1547-005;20230101;45462976;Approved;B-P-01118
Kayla;Johnson;07/07/34;4XA8XG6DJ71;Summit Health Plans;H9807-013-001;20260201;64493418;Approved;B-P-01121
Christopher;Hobbs;10/28/48;3XQ0W20UC63;Cardinal Mutual;R7519-012;20230101;81157097;Approved;B-P-01122
David;Miller;02/05/34;1AN5A60PW94;Summit Health Plans;H9807-016;20230101;90228424;Approved;B-P-01125
Mary;Miller;12/29/49;3J77J53HQ16;Summit Health Plans;H4044-024-003;20250301;90228424;Approved;B-P-01126
Anthony;Lowe;10/06/37;4U09E26NM80;Harborline;S7610-002;20251101;14829889;Approved;B-P-01127
Daniel;Lowe;08/28/59;1GG2WT7RD80;Cardinal Mutual;H5265-015;20250901;14829889;Approved;B-P-01128
Mary;Smith;09/13/59;7E26HC7AF86;Bluepeak;S2427-009;20241101;26047628;Approved;B-P-01130
Christopher;Richmond;11/06/54;3HY2M74GX10;Harborline;H1547-002-002;20240601;64493418;Approved;B-P-01131
Lindsey;Richmond;05/18/51;2DX4UQ3PJ07;Summit Health Plans;H9807-025-003;20260401;64493418;Approved;B-P-01132
Ryan;Boyd;07/26/38;7GX8E21YC04;Northwind Health;H3036-003;20250601;14829889;Approved;B-P-01133
Richard;Boyd;12/30/55;1ED9G39HY84;Northwind Health;S2942-004;20250601;14829889;Approved;B-P-01135
Hannah;Barker;12/27/34;7PU1AE1AW41;Harborline;H2522-027-003;20240201;93619366;Approved;B-P-01137
Peter;Sanchez;06/28/53;9AE7GA6DP66;Northwind Health;H3064-029;20241101;50399119;Approved;B-P-01140
Gary;Sanchez;11/09/50;6C39GE2DK82;Northwind Health;H3036-007-002;20240301;50399119;Approved;B-P-01141
Gene;Collins;12/07/35;3VX2HU2FM34;Summit Health Plans;R4076-029-001;20241101;26047628;Approved;B-P-01142
Katie;Collins;10/28/39;7PM5FU0HG71;Meridian Care;H5913-020;20260201;26047628;Approved;B-P-01143
Greg;Walsh;09/14/44;8KN6RY8JY85;Cardinal Mutual;H5265-016;20220701;43888211;Approved;B-P-01144
David;Estrada;01/16/43;9QC4CE8WC05;Bluepeak;S2427-015;20260301;9527070;Approved;B-P-01146
Ashley;Jackson;01/08/40;3QA4DW0XP21;Cardinal Mutual;H7696-022;20220201;69777236;Approved;B-P-01147
Cassandra;Estrada;02/14/34;5HY4VC1KC11;Bluepeak;H9161-002-003;20220101;64493418;Approved;B-P-01148
Joseph;Estrada;05/05/38;2T46YH9QA50;Northwind Health;S9721-007-003;20260401;64493418;Approved;B-P-01150
Nicholas;Hensley;09/13/55;3QV5FH5XR94;Northwind Health;S9721-027-003;20240101;91146902;Approved;B-P-01152
Melissa;Robinson;11/06/56;2E73NY5JP36;Bluepeak;H9161-006;20241001;51446845;Approved;B-P-01153
Thomas;Walsh;01/11/49;6UP2V76EG26;Northwind Health;H3036-012;20250601;20671937;Approved;B-P-01154
Wanda;Walsh;02/21/57;9DE9AJ1NT97;Bluepeak;H5243-009-003;20220601;20671937;Approved;B-P-01155
Kenneth;Larson;07/06/43;4PU2XT8KH90;Harborline;H1547-014;20220801;98787777;Disenrolled;B-P-01157
Kenneth;Larson;07/06/43;4PU2XT8KH90;Northwind Health;H3036-005;20231001;98787777;Approved;B-P-01158
Laura;Mckee;08/05/46;4PW3F51WV83;Bluepeak;H5243-021;20220501;43888211;Approved;B-P-01159
David;Williams;01/26/41;8A49QR3MN33;Northwind Health;H3036-025;20240901;93619366;Approved;B-P-01161
Michael;Hawkins;07/19/50;1EA4M47HW59;Harborline;H2522-004;20220601;37947372;Approved;B-P-01162
Victoria;Lopez;07/08/57;6JP9KH2VU65;Meridian Care;H5913-011;20250901;9527070;Approved;B-P-01163
Brian;Carney;12/08/55;4EX4K44HH47;Northwind Health;H3064-020;20251001;20671937;Approved;B-P-01164
Krystal;Jennings;08/26/46;6TY1UQ7JM63;Meridian Care;H5913-012;20220801;49066206;Approved;B-P-01165
Donna;Jennings;11/24/50;7JP0C63KX10;Harborline;H2522-024-002;20240401;49066206;Approved;B-P-01166
Scott;Wood;05/19/40;9DD0VP8RT48;Harborline;R4376-003;20241001;67876966;Approved;B-P-01167
Amanda;Higgins;09/13/37;3MR5T94MP60;Meridian Care;H5913-011;20230301;50979283;Disenrolled;B-P-01169
Amanda;Higgins;09/13/37;3MR5T94MP60;Summit Health Plans;H4044-028;20250901;50979283;Approved;B-P-01170
Ariel;Cain;10/03/37;9W38RU5EF58;Cardinal Mutual;H5265-018-002;20230301;98787777;Approved;B-P-01171
Joshua;Cherry;10/25/49;3CK1KX6AV25;Bluepeak;H5243-011;20250701;84583776;Approved;B-P-01173
Kayla;Ellis;10/06/38;2XG3Y96AK11;Meridian Care;R4076-002;20251001;81157097;Approved;B-P-01174
Michelle;Combs;04/30/45;6YW0E02AT37;Summit Health Plans;H4044-016;20261101;67876966;Submitted;B-P-01178
Luis;Combs;12/21/51;7KR0M18QD42;Northwind Health;S2942-005;20240401;67876966;Approved;B-P-01179
Kevin;Combs;03/24/78;9Q19K82ND85;Bluepeak;S2427-002;20240701;67876966;Approved;B-P-01180
Stephanie;Walker;02/01/60;2PA3KF3UT88;Meridian Care;S7287-001;20260501;91146902;Approved;B-P-01183
Benjamin;Walker;03/12/44;2AW0AQ4GU07;Cardinal Mutual;S6685-004;20240401;91146902;Approved;B-P-01185
Edward;Munoz;10/21/35;4EE8T28JJ92;Summit Health Plans;H4044-025-002;20260401;9527070;Approved;B-P-01186
James;Hudson;07/27/54;2DA7RC3EC89;Summit Health Plans;H4044-016;20230101;59893296;Disenrolled;B-P-01187
James;Hudson;07/27/54;2DA7RC3EC89;Northwind Health;H3036-019;20251001;59893296;Approved;B-P-01188
Norman;Valenzuela;03/18/59;2H96PC5NE91;Harborline;H1547-001-002;20240801;98787777;Approved;B-P-01189
Angela;Higgins;03/29/58;8A24TX5JY86;Northwind Health;H3036-014;20250201;50979283;Approved;B-P-01190
Emily;Higgins;02/11/56;4A64QE9DY18;Cardinal Mutual;H5265-022;20220801;50979283;Approved;B-P-01191
Richard;Harris;07/20/53;6DE1Q51YG24;Summit Health Plans;S1837-030;20230201;64493418;Approved;B-P-01194
Billy;Reyes;04/27/52;9NX1G18CN49;Harborline;H2522-003-001;20241201;37947372;Disenrolled;B-P-01195
Billy;Reyes;04/27/52;9NX1G18CN49;Summit Health Plans;H9807-004;20251201;37947372;Approved;B-P-01196
William;Reyes;07/27/35;4DX8FF4EE73;Cardinal Mutual;H5265-022;20250901;37947372;Approved;B-P-01197
Carolyn;Gould;06/09/43;1F83X12CR72;Harborline;H2522-021;20260201;24647567;Approved;B-P-01198
Charles;Gould;11/04/49;9V58KV3RV62;Summit Health Plans;H4044-011;20230201;24647567;Approved;B-P-01199
Kim;Lane;09/20/34;4Q98FQ9EE63;Bluepeak;H5243-021;20250801;50979283;Approved;B-P-01200
Claire;Kelley;07/15/56;1T30MR9WM42;Northwind Health;S9721-003;20260201;49066206;Approved;B-P-01201
Crystal;Kelley;04/27/41;8HU0GM0RM87;Cardinal Mutual;H5265-017;20240901;49066206;Approved;B-P-01202
Scott;Foster;06/13/41;9XD0P54WG56;Meridian Care;H5913-027-002;20220801;59893296;Approved;B-P-01203
Elizabeth;Little;08/20/50;1GY5JR5QC75;Cardinal Mutual;H5265-006-001;20220701;50399119;Disenrolled;B-P-01205
Elizabeth;Little;08/20/50;1GY5JR5QC75;Summit Health Plans;H4044-006;20240501;50399119;Approved;B-P-01206
Michelle;Anderson;08/23/79;3CR3HE1GF45;Harborline;H2522-020;20220601;24647567;Approved;B-P-01207
Stanley;Anderson;02/27/60;5RJ4CQ1NQ96;Cardinal Mutual;S6685-010-002;20250701;24647567;Approved;B-P-01209
Amber;Brock;01/13/45;5QE9AG9VJ35;Northwind Health;S9721-024;20240101;43888211;Approved;B-P-01210
Marc;Brock;06/16/49;1JD7V86KG93;Northwind Health;S9721-015;20260201;43888211;Approved;B-P-01212
April;Fletcher;01/24/51;8HW6W51HJ72;Meridian Care;H4636-001-003;20220701;90228424;Approved;B-P-01217
Mary;Nunez;10/01/34;5CA8WF0NM18;Cardinal Mutual;H7696-030;20240501;93619366;Approved;B-P-01219
Patrick;Nunez;10/02/44;5KR6PP5QA56;Cardinal Mutual;H7696-004;20220101;93619366;Approved;B-P-01220
Julia;Hernandez;08/06/34;4XN6H98HH89;Harborline;H1547-003-001;20240201;51446845;Approved;B-P-01221
Gregory;Hernandez;06/14/44;5TW3UC6TK15;Harborline;H1547-020;20250601;51446845;Approved;B-P-01222
Larry;Burke;01/31/53;7E85T51GT32;Summit Health Plans;S1837-014;20230701;9527070;Approved;B-P-01225
Katelyn;Benson;04/15/60;8F12WD4KM85;Northwind Health;H3064-021;20250701;59893296;Approved;B-P-01226
Cody;Gutierrez;03/09/37;1HT6D04VR25;Meridian Care;H4636-017;20251101;9527070;Approved;B-P-01227
Daniel;Williams;01/11/79;8JH2GY1GM89;Cardinal Mutual;H7696-018;20230701;14829889;Approved;B-P-01229
John;Lawson;01/15/35;1KA9HJ6GT24;Harborline;H1547-010;20231201;26047628;Approved;B-P-01230
Maurice;Valdez;06/16/56;6F03V24UC74;Harborline;S4178-024;20220501;84583776;Approved;B-P-01232
Diana;Waller;12/11/51;9N90W80PT19;Meridian Care;H5913-006;20221101;9527070;Disenrolled;B-P-01234
Diana;Waller;12/11/51;9N90W80PT19;Cardinal Mutual;H7696-007-002;20260201;9527070;Approved;B-P-01235
Ronnie;Blake;12/26/51;2CX3PQ6YJ36;Northwind Health;S2942-010;20220401;98787777;Approved;B-P-01236
Hannah;Soto;11/18/57;3MW7R82JA39;Northwind Health;H3064-013;20260101;26047628;Approved;B-P-01237
Allison;Parker;07/31/56;1QY6NG4TT06;Meridian Care;S4547-030-003;20260301;9527070;Approved;B-P-01239
Norma;Thornton;08/15/53;1CN0N26MV88;Cardinal Mutual;H5265-029;20241201;9527070;Disenrolled;B-P-01242
Norma;Thornton;08/15/53;1CN0N26MV88;Northwind Health;H3036-006;20260401;9527070;Approved;B-P-01243
Cassandra;Perry;09/17/38;8H01KE6AX70;Harborline;H1547-030;20231201;14829889;Approved;B-P-01245
Stephen;Whitney;04/06/39;1HJ6EE5HK01;Harborline;H1547-024;20230701;93619366;Disenrolled;B-P-01246
Stephen;Whitney;04/06/39;1HJ6EE5HK01;Northwind Health;H3036-012;20251001;93619366;Approved;B-P-01247
Jonathan;Whitney;10/02/56;3KK5EW5TH44;Bluepeak;H9161-014-003;20220501;93619366;Disenrolled;B-P-01248
Jonathan;Whitney;10/02/56;3KK5EW5TH44;Cardinal Mutual;H7696-004;20260201;93619366;Approved;B-P-01249
Elizabeth;Orozco;09/21/58;5Y49P88TC05;Summit Health Plans;H9807-022;20240201;69777236;Disenrolled;B-P-01250
Elizabeth;Orozco;09/21/58;5Y49P88TC05;Harborline;H1547-028-002;20260401;69777236;Approved;B-P-01251
Krystal;Wood;10/18/46;9R24U20UR45;Meridian Care;S7287-013-002;20230901;49066206;Approved;B-P-01254
Mary;Wood;12/23/38;7DJ5QK2RY35;Harborline;H1547-013;20240101;49066206;Disenrolled;B-P-01255
Mary;Wood;12/23/38;7DJ5QK2RY35;Northwind Health;H3036-022;20260501;49066206;Approved;B-P-01256
Gregory;Wood;09/15/46;8GG0KM5QE57;Harborline;H1547-022;20220201;49066206;Approved;B-P-01257
Mitchell;Hamilton;12/02/41;9AG5YD0UM73;Meridian Care;R4076-022-001;20231201;75084135;Approved;B-P-01258
Brittney;Hamilton;07/18/56;9C50XA7XH40;Meridian Care;H4636-015-002;20221001;75084135;Approved;B-P-01259
Ashley;Martinez;03/05/55;9V75T83PA82;Harborline;H2522-026-001;20230801;9527070;Approved;B-P-01260
Teresa;Lucas;10/19/47;2FT1QV1AX81;Bluepeak;H9161-016-003;20231101;84583776;Approved;B-P-01261
Krista;Price;06/14/57;5N66MN2HM28;Meridian Care;H5913-008;20240801;59893296;Approved;B-P-01262
Evan;Wright;06/20/49;5N47G44RC94;Harborline;H1547-016;20230401;91146902;Approved;B-P-01263
Sharon;Taylor;07/01/60;6MX4EX1FV85;Meridian Care;S7287-014;20260301;51446845;Approved;B-P-01266
Keith;Garcia;06/07/92;2J26Q45YT36;Cardinal Mutual;R6363-020-003;20250301;49066206;Approved;B-P-01267
Megan;White;05/27/50;2XE8TE6FW97;Northwind Health;H3036-016;20250501;26047628;Approved;B-P-01268
Carlos;Ward;12/24/83;6WP7WD9GR23;Harborline;H1547-018;20230701;67876966;Disenrolled;B-P-01269
Carlos;Ward;12/24/83;6WP7WD9GR23;Bluepeak;H9161-002;20240901;67876966;Approved;B-P-01270
Catherine;Ward;02/05/44;5PJ0RX9WM64;Summit Health Plans;H9807-004;20220801;67876966;Disenrolled;B-P-01271
Catherine;Ward;02/05/44;5PJ0RX9WM64;Bluepeak;H5243-018-003;20231101;67876966;Approved;B-P-01272
Joseph;Morgan;03/13/52;2FQ3KQ4HU95;Meridian Care;S4547-020;20220501;98787777;Approved;B-P-01275
Marc;Morgan;02/14/42;7PR9ND3TP18;Summit Health Plans;H9807-013;20240401;98787777;Approved;B-P-01276
Ricky;King;11/05/59;8K95J37UU23;Cardinal Mutual;H5265-006;20250401;69777236;Approved;B-P-01277
Robert;King;01/22/58;8XR4F09PT03;Cardinal Mutual;H7696-009;20250201;69777236;Approved;B-P-01278
Douglas;Dennis;11/27/37;4MV7QT5PJ12;Northwind Health;H3064-014;20230901;20671937;Approved;B-P-01279
Julia;Dennis;01/02/57;2X53JV1YQ13;Summit Health Plans;H9807-023;20230301;20671937;Approved;B-P-01280
Michael;Dennis;12/18/57;4U80KN3UV47;Summit Health Plans;S1837-030;20230401;20671937;Approved;B-P-01281
Samuel;Taylor;09/21/46;4MK1AM2JT51;Bluepeak;H9161-029;20250501;14829889;Approved;B-P-01283
Robin;Rocha;06/03/52;6KC3Y44DG43;Summit Health Plans;H9807-022;20230201;59893296;Approved;B-P-01285
Kimberly;Hampton;06/18/37;4QA8AQ0UF26;Bluepeak;S7317-004;20230101;9527070;Approved;B-P-01288
Kristy;Cantrell;02/12/42;1PX7GV1DM10;Northwind Health;S2942-030;20231201;37947372;Approved;B-P-01289
Laurie;Cantrell;06/29/53;2RT8Q31FD80;Meridian Care;H4636-013-003;20261101;37947372;Submitted;B-P-01290
Melissa;Ward;02/12/34;9FV9V28UN56;Summit Health Plans;H9807-030;20230501;26047628;Approved;B-P-01292
Bruce;Rodriguez;07/17/39;5NF3G90JU89;Harborline;H2522-004;20230601;84583776;Disenrolled;B-P-01293
Bruce;Rodriguez;07/17/39;5NF3G90JU89;Northwind Health;R1279-006;20240901;84583776;Approved;B-P-01294
Jeremy;Rodriguez;06/23/38;2C15CH3WH03;Bluepeak;S2427-029;20231001;84583776;Approved;B-P-01296
Barbara;Martin;12/29/71;9VW1FA1NX96;Northwind Health;H3036-009;20220501;45462976;Approved;B-P-01297
Kimberly;Smith;02/03/43;4P30AE5EE27;Summit Health Plans;S4824-027-001;20240301;90228424;Approved;B-P-01299
Heather;Foley;04/15/42;2TY1TU7JN94;Bluepeak;H9161-018;20241201;59893296;Approved;B-P-01300
Sharon;Foley;12/11/39;6YY6AR3CP36;Summit Health Plans;H9807-029-001;20220401;59893296;Disenrolled;B-P-01301
Sharon;Foley;12/11/39;6YY6AR3CP36;Northwind Health;H3036-013;20240901;59893296;Approved;B-P-01302
Jason;Sanchez;08/16/38;3C35UD7HD02;Bluepeak;H5243-021-001;20221001;64493418;Approved;B-P-01304
Deborah;Travis;10/20/38;1EW2MQ5HA95;Harborline;S4178-016;20241001;90228424;Approved;B-P-01309
Melinda;Travis;04/15/60;5QC5GH0UC99;Harborline;H2522-018;20260401;90228424;Approved;B-P-01310
Alexis;Garcia;10/16/54;5CJ0EA9PQ79;Summit Health Plans;H4044-026;20230301;59893296;Approved;B-P-01311
Stacy;Shepard;05/07/46;6M85VC7QM41;Harborline;S7610-021-002;20230501;37947372;Approved;B-P-01313
Kevin;Morris;12/10/41;5EA7MR9DR75;Harborline;H2522-013;20230301;93619366;Disenrolled;B-P-01314
Kevin;Morris;12/10/41;5EA7MR9DR75;Summit Health Plans;H4044-002;20240501;93619366;Approved;B-P-01315
Tammy;Sanchez;01/21/49;6NN3K06CC71;Cardinal Mutual;H5265-019;20251101;51446845;Approved;B-P-01316
James;Matthews;12/20/34;6AX5FF9MQ20;Summit Health Plans;H4044-024;20251101;84583776;Approved;B-P-01317
Michael;Green;08/03/45;7CR7JU7VW92;Bluepeak;R8474-016;20230101;26047628;Approved;B-P-01318
Kathleen;Ramirez;02/25/63;4DG5XM7HR59;Harborline;H1547-029;20240201;98787777;Disenrolled;B-P-01319
Kathleen;Ramirez;02/25/63;4DG5XM7HR59;Meridian Care;H4636-001-002;20260501;98787777;Approved;B-P-01320
Elijah;Ramirez;07/25/57;8RF6YE8WD68;Summit Health Plans;H9807-003;20241201;98787777;Approved;B-P-01321
Riley;Brown;05/06/49;1UF0DY7AW42;Meridian Care;R6659-003;20230201;14829889;Disenrolled;B-P-01322
Riley;Brown;05/06/49;1UF0DY7AW42;Cardinal Mutual;H5265-004;20240601;14829889;Approved;B-P-01323
Elizabeth;Brown;08/16/46;5RE0XM3YE98;Summit Health Plans;H4044-009;20260501;43888211;Approved;B-P-01324
Daniel;Camacho;10/31/42;3WT4NF7DY36;Harborline;S7610-013;20220301;50979283;Approved;B-P-01327
Lauren;Kim;06/05/35;2FC3RP5FR87;Northwind Health;S9721-023;20220501;50979283;Approved;B-P-01329
Alejandro;Price;03/25/59;2Y40DE3KW43;Meridian Care;H5913-012;20251201;49066206;Approved;B-P-01330
Vincent;Ramsey;01/23/59;7A78NQ4DE18;Cardinal Mutual;S6685-010-002;20241001;26047628;Approved;B-P-01332
Priscilla;Stokes;02/07/52;7KV4PX1HK72;Meridian Care;S4547-008;20250501;69777236;Approved;B-P-01334
Cameron;Stokes;09/14/37;8FR6T22WA06;Harborline;H1547-021;20240601;69777236;Approved;B-P-01335
Timothy;Bell;05/16/39;8NE7PM0YC75;Harborline;R7629-018;20231201;9527070;Approved;B-P-01336
Benjamin;Herrera;04/11/36;6MG2MG1HM23;Northwind Health;H3064-022;20261101;93619366;Submitted;B-P-01337
Eric;Herrera;12/17/36;2GY4N75WT25;Northwind Health;S9721-007;20231001;93619366;Approved;B-P-01339
Ashley;Hill;07/09/40;5XA5E65WV20;Meridian Care;H5913-025-001;20231201;81157097;Disenrolled;B-P-01340
Ashley;Hill;07/09/40;5XA5E65WV20;Cardinal Mutual;H7696-003;20250801;81157097;Approved;B-P-01341
Leslie;Hill;12/31/59;7Y62JQ3UX93;Harborline;S7610-011;20250501;81157097;Approved;B-P-01342
Manuel;Mclean;02/27/49;7K81G46AV48;Meridian Care;H5913-002;20220401;81157097;Approved;B-P-01343
Bruce;Perez;04/19/56;6AF7FU5ER48;Harborline;H1547-007-003;20250701;50399119;Approved;B-P-01344
Kathryn;Miller;10/10/51;8F12Y01FH64;Bluepeak;H9161-016;20251201;59893296;Approved;B-P-01345
Traci;Lowery;05/16/56;1VQ3F98GK48;Meridian Care;H5913-004;20220401;37947372;Approved;B-P-01346
Richard;Clark;02/23/46;9MT6QY1YP30;Harborline;H1547-007;20250201;67876966;Disenrolled;B-P-01347
Richard;Clark;02/23/46;9MT6QY1YP30;Northwind Health;H3064-010;20260501;67876966;Approved;B-P-01348
Audrey;Williams;01/26/49;8E95VJ0VT69;Bluepeak;H9161-021;20240301;90228424;Approved;B-P-01352
Brian;Jacobs;07/05/52;8FM6VF3KC83;Harborline;H2522-007;20250201;67876966;Approved;B-P-01353
David;Jacobs;09/20/42;5FE9JH4KF05;Bluepeak;R8474-026-001;20230801;67876966;Approved;B-P-01354
James;Dennis;02/08/37;8C71AY9RA74;Harborline;H1547-002;20260101;94445646;Approved;B-P-01355
Glen;Dennis;06/03/50;2AG4R12MK08;Summit Health Plans;H4044-016;20230701;94445646;Approved;B-P-01356
John;Gutierrez;01/05/58;9F75HP0XY30;Summit Health Plans;H4044-015;20231101;9527070;Disenrolled;B-P-01357
John;Gutierrez;01/05/58;9F75HP0XY30;Cardinal Mutual;H5265-013-002;20250901;9527070;Approved;B-P-01358
Lawrence;Castro;02/07/41;3V53WD6MQ51;Meridian Care;R4076-019;20220101;50399119;Approved;B-P-01359
Sandra;Ayala;03/18/52;8AJ5V72FY21;Harborline;H1547-025;20240601;67876966;Approved;B-P-01360
Melinda;Ayala;01/06/39;7YG3YC6TX89;Summit Health Plans;S4824-026;20260201;67876966;Approved;B-P-01361
Daniel;Robertson;01/27/35;8FM1UH2RT24;Harborline;H1547-012;20260101;98787777;Approved;B-P-01362
Jessica;Robertson;12/20/55;1KJ4XF0NM79;Bluepeak;H9161-007;20220801;98787777;Approved;B-P-01363
Frederick;Sanchez;01/31/54;1YX2JK3RR28;Summit Health Plans;H9807-013;20250201;45462976;Approved;B-P-01365
Frank;King;10/18/58;7MV6VT2UE08;Cardinal Mutual;S1849-029;20231101;24647567;Approved;B-P-01366
Andre;King;02/27/40;5Q44F73FW60;Summit Health Plans;H9807-028-001;20221201;24647567;Approved;B-P-01367
Shawn;Jones;04/22/49;2RR1F33JV60;Bluepeak;H9161-010-003;20250101;84583776;Approved;B-P-01368
David;Jones;01/04/37;9YP7HY7DN62;Bluepeak;H9161-003;20240101;84583776;Approved;B-P-01369
William;Pena;04/17/44;7KE3JW4WE51;Summit Health Plans;H9807-024;20230501;50399119;Approved;B-P-01370
Jessica;Bradley;06/13/44;1H69V92YW68;Northwind Health;H3036-019-003;20230301;51446845;Approved;B-P-01376
Crystal;Barton;03/26/37;8WW5K44TJ99;Summit Health Plans;H4044-023;20241001;50399119;Approved;B-P-01378
Erik;Barton;10/02/56;6PD9PQ8PE29;Harborline;H2522-006;20240301;50399119;Approved;B-P-01379
Michael;Johnson;03/12/58;9DH4GT9QX61;Meridian Care;H5913-002;20250401;20671937;Approved;B-P-01380
Brian;Tate;03/25/58;5JR1EA3UD29;Bluepeak;S7317-020;20260301;51446845;Approved;B-P-01382
Joshua;Scott;11/26/43;5UN9JJ2DH31;Bluepeak;H9161-024-002;20230601;67876966;Approved;B-P-01383
Courtney;Scott;07/31/60;5T15EK4HW50;Summit Health Plans;S4824-029-003;20250801;67876966;Approved;B-P-01385
Maria;Hopkins;09/12/38;3A96FG4WH08;Cardinal Mutual;S1849-015-003;20231201;24647567;Approved;B-P-01387
Chase;Mckenzie;06/19/40;7RD3QY9QE02;Cardinal Mutual;H7696-012;20220501;59893296;Approved;B-P-01388
Madison;Alexander;05/31/54;5DJ4VK9JR41;Summit Health Plans;H4044-009-003;20230301;75084135;Approved;B-P-01389
Christopher;Hudson;02/14/46;7H93U99YJ37;Northwind Health;S9721-009;20230101;50979283;Approved;B-P-01392
Michael;Hudson;08/18/58;8VF3JU8PP46;Northwind Health;H3064-014;20240101;50979283;Approved;B-P-01393
James;Smith;05/24/54;6W99V38VR80;Harborline;H2522-012-003;20260301;20671937;Approved;B-P-01394
Debbie;Smith;04/01/49;5MU1WD3UU92;Bluepeak;H9161-001-003;20250501;20671937;Approved;B-P-01395
Priscilla;Smith;09/24/44;3NU0N81XJ43;Harborline;S7610-003-002;20230201;20671937;Approved;B-P-01396
Billy;Wallace;05/05/53;3PG8C32CP95;Summit Health Plans;H4044-024-001;20240501;75084135;Disenrolled;B-P-01399
Billy;Wallace;05/05/53;3PG8C32CP95;Harborline;H2522-016;20260301;75084135;Approved;B-P-01400
Timothy;Wallace;03/11/60;6ET4K82EW01;Northwind Health;H3064-001;20250501;75084135;Approved;B-P-01401
Maria;Murphy;10/02/40;8N53FT8GH11;Harborline;H2522-011;20251001;9527070;Approved;B-P-01402
Cole;Wallace;10/22/48;2HU5YY7YN71;Meridian Care;H5913-007-001;20220101;91146902;Approved;B-P-01403
Judith;Wallace;11/17/53;6P76X89TW95;Harborline;H1547-028;20231101;91146902;Approved;B-P-01404
Victoria;Mcdonald;10/07/54;4N01RQ8DD33;Meridian Care;H4636-013;20230101;50979283;Disenrolled;B-P-01405
Victoria;Mcdonald;10/07/54;4N01RQ8DD33;Summit Health Plans;H4044-010-002;20250201;50979283;Approved;B-P-01406
Jessica;Esparza;02/03/41;3V61QP3VC28;Northwind Health;S2942-021;20250901;50399119;Approved;B-P-01407
Robert;Esparza;05/10/39;4AT9W43EX67;Bluepeak;H9161-021;20220201;50399119;Approved;B-P-01408
James;Moses;07/14/44;7K31P45PN96;Bluepeak;H9161-016;20220401;90228424;Approved;B-P-01411
Joshua;Barker;07/30/50;9YP8CU2GR65;Summit Health Plans;S1837-030;20230501;37947372;Approved;B-P-01412
Matthew;Simon;02/15/49;9RD1Y89WM61;Cardinal Mutual;H7696-024;20230201;90228424;Approved;B-P-01413
George;Simon;01/05/53;8UQ7MQ1EA99;Bluepeak;S2427-020;20251101;90228424;Approved;B-P-01415
Michelle;Lin;10/23/33;1R15NE0HX62;Bluepeak;H5243-009;20231201;51446845;Disenrolled;B-P-01417
Michelle;Lin;10/23/33;1R15NE0HX62;Northwind Health;H3064-007-003;20241201;51446845;Approved;B-P-01418
Blake;Martinez;02/17/37;1GV5UP3KC49;Harborline;H1547-018;20230901;98787777;Approved;B-P-01419
Rachel;Wiggins;12/22/33;4J96T36FX15;Northwind Health;H3036-012-002;20220301;37947372;Approved;B-P-01420
Sandra;Lloyd;07/13/40;5AY9VX7MP63;Summit Health Plans;S1837-020-002;20251101;93619366;Approved;B-P-01422
Debra;Phillips;03/24/53;7DN9KQ4NU60;Harborline;H1547-004;20231101;50979283;Approved;B-P-01423
Samantha;Phillips;07/31/55;7W27QH6CX23;Summit Health Plans;H4044-027-003;20240601;50979283;Approved;B-P-01424
Amber;Calhoun;02/06/35;2TM4UE1DT34;Harborline;H2522-010;20250301;59893296;Disenrolled;B-P-01425
Amber;Calhoun;02/06/35;2TM4UE1DT34;Cardinal Mutual;H5265-001;20260401;59893296;Approved;B-P-01426
Crystal;Miller;10/06/48;8WU3NW7PK61;Meridian Care;H5913-012;20250701;64493418;Approved;B-P-01427
Eric;Miller;07/01/47;3D14HU3YR92;Bluepeak;H9161-001;20220501;64493418;Approved;B-P-01428
William;Mendoza;06/29/39;6JJ0R37WX88;Harborline;H2522-003;20230301;43888211;Approved;B-P-01429
David;Mendoza;07/03/35;7JN4GQ5DV12;Northwind Health;S2942-025;20260301;43888211;Approved;B-P-01431
Todd;Cisneros;11/07/51;3XA5PC9PU92;Cardinal Mutual;H5265-014;20220801;50399119;Disenrolled;B-P-01432
Todd;Cisneros;11/07/51;3XA5PC9PU92;Harborline;H1547-020-001;20251101;50399119;Approved;B-P-01433
Joseph;Wade;09/27/53;6XT0NM1VP15;Meridian Care;S4547-005;20221201;84583776;Approved;B-P-01435
Dustin;Wade;12/02/39;5PE4H12EX20;Harborline;H1547-021;20241101;84583776;Approved;B-P-01436
Andrea;Ferguson;09/03/56;7PP2QD2RP92;Harborline;S4178-020;20230201;98787777;Approved;B-P-01438
Reginald;Stone;03/15/36;8TP2P27FJ16;Meridian Care;H4636-013;20230301;91146902;Approved;B-P-01439
Ann;Duncan;12/07/49;3MM1WG2GR18;Harborline;S4178-021;20241201;51446845;Approved;B-P-01441
Michelle;Burns;08/20/52;1GT9DX5HM87;Summit Health Plans;H9807-018;20241101;84583776;Approved;B-P-01442
David;Fuller;09/28/40;6HK3YW1HV37;Harborline;H1547-024;20241201;50399119;Approved;B-P-01443
Eric;Lynn;09/11/55;6JX6MD0YX11;Summit Health Plans;H9807-029-001;20260501;93619366;Approved;B-P-01444
George;Thomas;08/22/88;3UG3YA9JM81;Summit Health Plans;H9807-014-003;20250801;24647567;Approved;B-P-01445
Teresa;Wolfe;03/04/54;3PW8UK4XP62;Northwind Health;S2942-029;20260101;90228424;Approved;B-P-01446
Alexandra;Newton;07/10/47;4F00MP1TW61;Bluepeak;H5243-022;20251201;67876966;Approved;B-P-01447
Joshua;Watson;07/23/58;8T11VR0DV73;Northwind Health;S2942-020-001;20250701;50979283;Approved;B-P-01450
Jeff;Chen;12/29/41;7ME0MY8AX09;Summit Health Plans;H9807-002;20250201;90228424;Approved;B-P-01451
Sarah;Copeland;07/02/50;4TU7Y86ME99;Northwind Health;H3036-004;20250401;81157097;Approved;B-P-01452
William;Freeman;09/01/40;3YE5N24DT86;Harborline;R7629-005;20240301;50979283;Approved;B-P-01456
Laura;Smith;01/21/38;3JH3F86TV92;Cardinal Mutual;R7519-011;20241001;93619366;Approved;B-P-01458
Jesus;Silva;11/24/52;5R69D07YW64;Meridian Care;H4636-005;20250701;20671937;Approved;B-P-01459
Jessica;Hudson;06/05/48;1QJ1TN5GX77;Northwind Health;H3064-028;20230401;49066206;Approved;B-P-01460
Allen;Hart;06/07/41;9Q09U59FD10;Harborline;H2522-028;20241201;64493418;Disenrolled;B-P-01461
Allen;Hart;06/07/41;9Q09U59FD10;Bluepeak;H5243-013-003;20260301;64493418;Approved;B-P-01462
Nancy;Gaines;02/10/40;5R64UP8VD55;Meridian Care;S7287-016;20230801;20671937;Approved;B-P-01466
Sarah;Boyd;08/23/41;8R40RV2WG27;Northwind Health;H3064-026;20230601;51446845;Approved;B-P-01468
Kari;Jones;07/28/56;3UR3HR4JV91;Northwind Health;H3036-021-001;20260101;49066206;Approved;B-P-01471
Kevin;Mitchell;01/27/34;5PU6HM2QJ43;Cardinal Mutual;H5265-008;20250301;9527070;Approved;B-P-01472
Garrett;Brown;07/02/45;7F06JC1JQ74;Northwind Health;H3064-009;20230401;50399119;Approved;B-P-01473
Matthew;Noble;02/03/34;5PM9PC6QA90;Northwind Health;H3036-022;20241201;49066206;Approved;B-P-01474
Nichole;Noble;03/29/59;1AM6A68MM36;Meridian Care;H4636-015-003;20260301;49066206;Approved;B-P-01475
Michael;Sullivan;08/11/47;6AA5CP4DY14;Bluepeak;H5243-005-002;20240101;67876966;Approved;B-P-01476
Rodney;Burns;08/09/54;8EY9MN7KC51;Harborline;H1547-011-002;20260401;90228424;Approved;B-P-01477
Diana;Preston;07/22/58;2JC9UR0HE45;Cardinal Mutual;H5265-004;20240801;24647567;Disenrolled;B-P-01478
Diana;Preston;07/22/58;2JC9UR0HE45;Harborline;H1547-009;20260201;24647567;Approved;B-P-01479
Angela;Preston;05/01/47;1PJ7WW9JU79;Cardinal Mutual;H7696-019;20241201;24647567;Disenrolled;B-P-01480
Angela;Preston;05/01/47;1PJ7WW9JU79;Meridian Care;H4636-009;20260401;24647567;Approved;B-P-01481
Vincent;Woods;03/07/41;8QN7FA4RN88;Cardinal Mutual;H7696-029;20240201;94445646;Approved;B-P-01482
Douglas;Woods;08/23/41;5Y54CY5VQ29;Meridian Care;S4547-029-002;20220701;94445646;Approved;B-P-01485
David;Moore;04/26/42;5ND3NT4VX76;Cardinal Mutual;H5265-020;20220801;9527070;Disenrolled;B-P-01486
David;Moore;04/26/42;5ND3NT4VX76;Summit Health Plans;H4044-022;20260301;9527070;Approved;B-P-01487
Jeremiah;Sanchez;07/16/44;7UC4D97DA38;Harborline;S4178-006-001;20240401;43888211;Approved;B-P-01491
Samantha;Smith;08/18/41;4WW5RT7NV27;Bluepeak;R6570-029;20240101;26047628;Approved;B-P-01494
Allison;Murray;12/21/39;1X54JG2KJ09;Northwind Health;H3064-022;20250601;24647567;Approved;B-P-01496
Patrick;Murray;04/02/44;1MK5AF4HV61;Northwind Health;H3064-024;20220701;24647567;Approved;B-P-01497
Veronica;Morse;03/19/34;7WY2U82PY97;Cardinal Mutual;R6363-013-001;20220501;91146902;Disenrolled;B-P-01498
Veronica;Morse;03/19/34;7WY2U82PY97;Summit Health Plans;H9807-010;20250401;91146902;Approved;B-P-01499
Brandy;Stone;10/12/54;3P39HG0NP06;Meridian Care;S7287-028;20231001;90228424;Approved;B-P-01501
Adrian;Orr;04/27/40;3JT5PF1RE88;Meridian Care;H5913-011;20230901;45462976;Approved;B-P-01502
Bradley;Kaufman;12/22/50;3UU8W21QA93;Summit Health Plans;H9807-007;20250901;84583776;Approved;B-P-01503
Cynthia;Duke;03/08/46;5XM8MD4GJ55;Harborline;R7629-009;20230901;43888211;Approved;B-P-01504
Amanda;Mitchell;07/24/44;6DY8DT3YP95;Summit Health Plans;H9807-003;20240101;24647567;Approved;B-P-01505
Scott;Reed;02/20/42;3J03MN8ED34;Bluepeak;H5243-022-002;20250401;84583776;Disenrolled;B-P-01508
Scott;Reed;02/20/42;3J03MN8ED34;Harborline;H1547-002-002;20260501;84583776;Approved;B-P-01509
Cassandra;Wyatt;01/19/47;2DP3X88DV58;Meridian Care;H5913-016;20230201;50399119;Disenrolled;B-P-01510
Cassandra;Wyatt;01/19/47;2DP3X88DV58;Summit Health Plans;H4044-017;20250301;50399119;Approved;B-P-01511
Joshua;Wyatt;09/11/39;6FT5C91YA78;Cardinal Mutual;S1849-010-001;20261101;50399119;Submitted;B-P-01512
Jesse;Morgan;06/12/35;5UE3AE2UK01;Bluepeak;H9161-008;20250501;91146902;Approved;B-P-01513
Jesse;Cantrell;12/31/55;9RU2UH0TU98;Summit Health Plans;S1837-002;20230901;26047628;Approved;B-P-01517
Melanie;Colon;03/29/44;6X48MA7HG85;Bluepeak;S7317-013;20250401;24647567;Approved;B-P-01520
Amy;Walker;06/25/38;1J72V42MJ72;Harborline;H2522-028-001;20260501;81157097;Approved;B-P-01521
Karen;Walker;02/26/34;1GG0W79YH31;Bluepeak;H9161-022;20220801;81157097;Approved;B-P-01522
John;Silva;05/03/43;8TG6EV4QA97;Meridian Care;S7287-030;20230901;84583776;Approved;B-P-01523
Aaron;Miller;03/14/46;4M15J28JE63;Northwind Health;S9721-004;20250201;49066206;Approved;B-P-01525
Clinton;Miller;01/14/44;2YR6J04DW17;Bluepeak;H5243-020;20261101;49066206;Submitted;B-P-01526
Michael;Lynch;12/15/41;9MN6A28XP49;Cardinal Mutual;H7696-028-002;20240601;50979283;Disenrolled;B-P-01528
Michael;Lynch;12/15/41;9MN6A28XP49;Harborline;H1547-006-002;20260501;50979283;Approved;B-P-01529
William;Anderson;02/12/53;4RU1UD5EV68;Harborline;H1547-010;20261101;50979283;Submitted;B-P-01530
Paul;Turner;07/24/49;9N38TJ9KQ32;Bluepeak;S2427-021;20220901;20671937;Approved;B-P-01532
Judith;Johnson;01/15/59;9XJ6TY9ET24;Cardinal Mutual;H5265-019-001;20250501;59893296;Approved;B-P-01533
Rebecca;Walker;04/18/53;6N15XY4JP09;Bluepeak;H5243-007;20231001;90228424;Approved;B-P-01534
Daniel;Wilson;03/08/49;1UX3DP3NX04;Harborline;H2522-028-001;20260301;84583776;Approved;B-P-01535
Teresa;Wilson;07/25/41;7E92DH5FE25;Bluepeak;H5243-028;20240101;84583776;Approved;B-P-01536
Cassandra;Collins;06/05/35;7MF3E35QY87;Harborline;H1547-012-002;20220901;67876966;Approved;B-P-01539
Brianna;Richard;05/09/51;7WG7CT5CH86;Cardinal Mutual;H5265-006;20230701;49066206;Approved;B-P-01540
Renee;Martinez;05/05/55;5QX1U64PR90;Meridian Care;H5913-014;20251201;24647567;Approved;B-P-01545
Ethan;Martinez;11/15/57;1CT8UQ5RC91;Northwind Health;S2942-007;20230101;24647567;Approved;B-P-01546
Michael;Harper;07/29/49;2T71VU9QV85;Harborline;H1547-005;20230101;43888211;Approved;B-P-01548
Melvin;Fitzgerald;10/16/42;3DC7FV1NC20;Meridian Care;H5913-025-001;20230701;81157097;Approved;B-P-01549
Leslie;Wilson;07/27/36;8WM4PF5QW03;Meridian Care;S4547-002;20250701;14829889;Approved;B-P-01551
Jennifer;Wilson;12/17/41;4F16XG2NA75;Summit Health Plans;H4044-010-001;20251201;14829889;Approved;B-P-01552
Tracey;Moore;01/24/42;4D99VU8QA84;Cardinal Mutual;H7696-024-002;20250601;24647567;Approved;B-P-01553
Anthony;Jacobs;04/30/37;5Q39HT1KT87;Cardinal Mutual;H5265-027;20240501;45462976;Disenrolled;B-P-01554
Anthony;Jacobs;04/30/37;5Q39HT1KT87;Meridian Care;H4636-006;20250501;45462976;Approved;B-P-01555
John;Thomas;07/14/44;3PW6HC6YG71;Bluepeak;H9161-003;20250301;67876966;Approved;B-P-01558
Jose;Thomas;03/14/50;8M01VN1EG36;Harborline;H2522-013;20240901;67876966;Approved;B-P-01559
Michael;Newman;01/31/51;6WU3H91RY35;Meridian Care;H4636-029;20230801;84583776;Disenrolled;B-P-01561
Michael;Newman;01/31/51;6WU3H91RY35;Cardinal Mutual;H7696-030;20250101;84583776;Approved;B-P-01562
Ashley;Barton;03/06/38;5F71ER3QP67;Summit Health Plans;R4076-004;20250801;49066206;Approved;B-P-01563
John;Barton;10/21/36;1WW8Y02XV27;Meridian Care;S7287-019-001;20260301;49066206;Approved;B-P-01565
Jeremy;Leon;01/18/50;1F06CR5NM43;Meridian Care;H4636-001;20220101;37947372;Disenrolled;B-P-01566
Jeremy;Leon;01/18/50;1F06CR5NM43;Northwind Health;H3064-028;20250101;37947372;Approved;B-P-01567
Ronald;Zamora;07/10/40;6AM5QV6YR90;Cardinal Mutual;H5265-016;20240401;81157097;Approved;B-P-01568
Richard;Hughes;06/30/36;9F79RX3HH71;Cardinal Mutual;H7696-019;20231001;59893296;Approved;B-P-01570
Chelsea;Bernard;08/31/53;5H38HD8HH82;Meridian Care;H5913-001;20240501;69777236;Approved;B-P-01572
William;Blair;08/08/58;5WT1G80CE28;Northwind Health;H3064-027-002;20240701;37947372;Approved;B-P-01573
Gary;Blair;05/25/34;2DY6XM9WD80;Summit Health Plans;S4824-029;20250401;37947372;Approved;B-P-01575
Brenda;Blair;11/28/49;6ED1HP1RF95;Cardinal Mutual;H5265-030;20230601;37947372;Disenrolled;B-P-01576
Brenda;Blair;11/28/49;6ED1HP1RF95;Northwind Health;H3064-027-001;20250901;37947372;Approved;B-P-01577
Tara;Rivas;03/25/59;1TQ1XE8EM98;Harborline;S4178-020;20250401;94445646;Approved;B-P-01579
Daniel;Gutierrez;06/09/35;8CK5PY8EY56;Harborline;S4178-026;20240301;69777236;Approved;B-P-01581
Shirley;Lewis;09/08/49;3PQ9AT4FA94;Cardinal Mutual;H7696-015;20230101;93619366;Approved;B-P-01582
Maria;Cooper;02/24/43;6T98F07CU07;Cardinal Mutual;H7696-030-001;20250601;93619366;Approved;B-P-01583
Chris;Scott;03/30/52;7A42W36TK47;Bluepeak;H9161-008;20250401;14829889;Approved;B-P-01585
Robert;Barrera;04/19/54;5UK8NF2CU02;Northwind Health;H3064-006;20221201;43888211;Disenrolled;B-P-01586
Robert;Barrera;04/19/54;5UK8NF2CU02;Bluepeak;R6570-002-002;20260501;43888211;Approved;B-P-01587
Scott;Black;08/24/59;3WU7AM0HP09;Cardinal Mutual;H7696-005-003;20241201;93619366;Approved;B-P-01588
Daniel;Keith;04/04/59;2V64PG6YA45;Bluepeak;S2427-009;20251101;64493418;Approved;B-P-01591
Angela;Munoz;12/03/40;4MR3CT0JY82;Cardinal Mutual;H5265-011;20240701;69777236;Approved;B-P-01593
Erika;Smith;04/17/51;3VY7HV7YV36;Cardinal Mutual;H5265-018-001;20230101;91146902;Approved;B-P-01594
Keith;Smith;03/01/49;4Q72RN9GJ84;Bluepeak;H9161-030;20230701;91146902;Disenrolled;B-P-01595
Keith;Smith;03/01/49;4Q72RN9GJ84;Northwind Health;H3064-016;20241001;91146902;Approved;B-P-01596
Kendra;Myers;10/08/34;1C32DA1EP81;Bluepeak;H5243-003;20250501;51446845;Approved;B-P-01597
Heather;Myers;07/18/46;9G29KW4DJ18;Cardinal Mutual;H5265-029;20240801;51446845;Disenrolled;B-P-01598
Heather;Myers;07/18/46;9G29KW4DJ18;Northwind Health;H3036-024-003;20250801;51446845;Approved;B-P-01599
Christopher;Griffin;05/14/46;2TU9WU6WF99;Bluepeak;H5243-003;20240501;98787777;Approved;B-P-01600
James;Smith;05/30/47;3E22Q30RP01;Harborline;H1547-007-002;20240901;98787777;Approved;B-P-01601
Robert;Mendoza;06/25/49;5T99UV6WK41;Bluepeak;H5243-009-002;20240601;45462976;Approved;B-P-01602
Glenn;Mendoza;02/13/47;2WW7RC8JW25;Bluepeak;S7317-029;20240501;45462976;Approved;B-P-01604
Micheal;Decker;11/23/44;5RA3Y55YP37;Summit Health Plans;H9807-010;20241001;69777236;Disenrolled;B-P-01606
Micheal;Decker;11/23/44;5RA3Y55YP37;Cardinal Mutual;H7696-025;20260401;69777236;Approved;B-P-01607
Brent;Mcneil;11/22/47;2VV0U95CC35;Cardinal Mutual;S6685-011;20250801;51446845;Approved;B-P-01609
Teresa;Brown;11/18/47;8YT4EC0FP33;Summit Health Plans;S1837-022;20231101;64493418;Approved;B-P-01611
Kimberly;Gonzalez;10/17/37;3QK4GN9QC01;Harborline;H2522-028;20240801;49066206;Approved;B-P-01612
Katherine;Smith;12/24/65;5HA8EV3RJ29;Meridian Care;H4636-010-003;20230201;59893296;Approved;B-P-01613
Sarah;Cooley;01/06/68;1Q76N17VE24;Bluepeak;H9161-013;20240801;69777236;Approved;B-P-01615
Kristin;Dickerson;07/04/42;1EA2QG9UJ30;Cardinal Mutual;S1849-026;20231101;67876966;Approved;B-P-01616
Brandon;Simon;06/14/38;4TK8QP1WA46;Cardinal Mutual;H7696-028-001;20240301;98787777;Approved;B-P-01617
Amanda;Lara;01/26/60;1QP8K06KU39;Cardinal Mutual;S1849-018;20250401;50979283;Approved;B-P-01618
Russell;Haynes;12/16/54;8NK7N69DY15;Northwind Health;H3064-011-001;20230601;59893296;Approved;B-P-01619
Alicia;Myers;08/13/49;1UV8TR8XF47;Summit Health Plans;H9807-021;20220601;64493418;Approved;B-P-01620
Gary;Myers;01/20/53;1YE7RF2AG21;Meridian Care;S4547-020;20250301;64493418;Approved;B-P-01623
Tyler;Williamson;03/14/59;5NR7AF7NV27;Meridian Care;H5913-025;20241201;51446845;Approved;B-P-01624
Jeffrey;Williamson;02/01/40;8PY6RR4GA53;Cardinal Mutual;H7696-010;20240201;51446845;Disenrolled;B-P-01625
Jeffrey;Williamson;02/01/40;8PY6RR4GA53;Harborline;H2522-009;20250601;51446845;Approved;B-P-01626
Michael;Jones;03/20/42;7J16XR7PF11;Bluepeak;S2427-014;20240101;69777236;Approved;B-P-01630
Katherine;Johnson;04/05/38;1GX8HC4XU62;Meridian Care;R4076-002;20220501;43888211;Approved;B-P-01631
Veronica;Johnson;01/11/58;2DC0F09YH63;Harborline;S4178-015;20231201;43888211;Approved;B-P-01632
David;Johnson;08/17/41;9X50DK7TE24;Meridian Care;H4636-020-001;20221201;26047628;Disenrolled;B-P-01633
David;Johnson;08/17/41;9X50DK7TE24;Bluepeak;H9161-009;20250801;26047628;Approved;B-P-01634
Brandi;Johnson;07/22/39;5G09XG2QH87;Bluepeak;H5243-002;20251201;26047628;Approved;B-P-01636
Brandon;Hoffman;01/15/45;8YP1GG6QA60;Northwind Health;H3064-007;20230101;98787777;Disenrolled;B-P-01638
Brandon;Hoffman;01/15/45;8YP1GG6QA60;Harborline;H1547-009-001;20250801;98787777;Approved;B-P-01639
Christopher;Hoffman;09/27/48;3Q67QA3CN91;Meridian Care;S4547-009;20250501;98787777;Approved;B-P-01640
Joshua;Lopez;05/10/42;9FK9EH7AE91;Harborline;H2522-029-001;20240801;81157097;Approved;B-P-01641
Lindsey;Oconnell;11/16/52;9UJ0W38KA88;Northwind Health;H3036-018-002;20231001;69777236;Disenrolled;B-P-01642
Lindsey;Oconnell;11/16/52;9UJ0W38KA88;Meridian Care;H5913-006;20260301;69777236;Approved;B-P-01643
Evan;Clark;02/02/54;2QF5FQ5MR96;Meridian Care;H4636-019;20250101;43888211;Disenrolled;B-P-01644
Evan;Clark;02/02/54;2QF5FQ5MR96;Summit Health Plans;H9807-018-003;20260501;43888211;Approved;B-P-01645
Douglas;Cline;11/02/48;7HJ7D17DG58;Meridian Care;S4547-026;20250101;64493418;Approved;B-P-01647
Janice;Murray;08/08/46;9VU0M81NN78;Harborline;S7610-027;20221101;50399119;Approved;B-P-01649
Matthew;Bass;03/20/37;2QT8CE8RP09;Bluepeak;H9161-020-002;20261101;20671937;Submitted;B-P-01650
Samantha;Baxter;06/24/40;4VM8K46FN27;Meridian Care;H4636-027-002;20220401;84583776;Approved;B-P-01651
Trevor;Mcpherson;03/27/52;3DY5Y60EX57;Meridian Care;H4636-014;20221101;24647567;Disenrolled;B-P-01654
Trevor;Mcpherson;03/27/52;3DY5Y60EX57;Summit Health Plans;H9807-007;20250701;24647567;Approved;B-P-01655
Trevor;Mcpherson;12/15/40;5M23P83UM65;Meridian Care;H5913-025-001;20220601;24647567;Approved;B-P-01656
Scott;Byrd;09/05/42;4C88D70DQ77;Bluepeak;H5243-010-002;20240601;64493418;Approved;B-P-01657
Tiffany;Byrd;02/25/35;8JJ4NJ6MY35;Summit Health Plans;H4044-010;20251101;64493418;Approved;B-P-01658
Heather;Medina;03/16/58;4MA7XJ6GE81;Summit Health Plans;S1837-008-003;20251101;43888211;Approved;B-P-01660
Gregory;Smith;08/21/52;2T69C00NH12;Cardinal Mutual;H5265-009-002;20240201;50979283;Approved;B-P-01662
Cassandra;Jones;02/10/39;3NW6A53AG65;Bluepeak;H5243-020;20250801;81157097;Approved;B-P-01663
Shaun;Higgins;08/08/44;7TV9KP1EY32;Meridian Care;H4636-021;20250501;45462976;Approved;B-P-01664
Joyce;Kramer;02/07/34;7UM8CR7FC33;Cardinal Mutual;H5265-006;20240301;50979283;Approved;B-P-01665
Richard;Kramer;12/27/56;7WU3W15CD96;Harborline;H2522-024;20250201;50979283;Approved;B-P-01666
Heather;Arnold;07/19/45;9GU0E93NJ07;Northwind Health;H3064-009-002;20241201;9527070;Approved;B-P-01667
Matthew;Brown;09/16/50;1A70DN2XD13;Cardinal Mutual;H7696-013-003;20250501;51446845;Disenrolled;B-P-01668
Matthew;Brown;09/16/50;1A70DN2XD13;Meridian Care;H5913-020-001;20260501;51446845;Approved;B-P-01669
Steven;Mccoy;01/24/56;1CV7XW3PY20;Summit Health Plans;H4044-019;20260501;98787777;Approved;B-P-01671
Jacqueline;Mccoy;07/20/35;1WA5QH4DW32;Summit Health Plans;H4044-016;20250701;98787777;Approved;B-P-01672
Dennis;Moreno;01/11/34;6Y37F83JQ77;Meridian Care;H5913-021;20220201;91146902;Approved;B-P-01677
Angela;Moreno;08/25/42;2C22GJ1GF83;Meridian Care;H5913-014;20221101;91146902;Approved;B-P-01678
Phillip;Torres;09/06/35;5NJ3R07QX42;Cardinal Mutual;H5265-013;20230501;64493418;Approved;B-P-01679
Vanessa;Torres;08/06/35;5JC2YK2AG09;Meridian Care;R4076-020;20230901;64493418;Approved;B-P-01680
Noah;Roy;02/14/41;5K69GG9XT47;Cardinal Mutual;H7696-007;20240501;93619366;Approved;B-P-01681
Melissa;Roy;02/18/52;1WR0N44VQ99;Cardinal Mutual;S1849-022-001;20250701;93619366;Approved;B-P-01682
Tanya;Morgan;06/04/57;6M88F23UE37;Meridian Care;H4636-020;20231201;93619366;Disenrolled;B-P-01683
Tanya;Morgan;06/04/57;6M88F23UE37;Bluepeak;H9161-005;20260401;93619366;Approved;B-P-01684
Sarah;Morgan;10/18/41;9DU2FT8FT65;Northwind Health;H3036-019;20240101;93619366;Approved;B-P-01685
Keith;Walters;06/17/37;4UF3Y06JW80;Meridian Care;H4636-027;20221101;43888211;Approved;B-P-01686
Colleen;Walters;05/20/44;4A81AF1FF10;Northwind Health;H3064-025;20250701;43888211;Approved;B-P-01687
Jaclyn;Morgan;01/26/42;8CQ0D38UF08;Bluepeak;H5243-026;20250601;90228424;Approved;B-P-01688
Michael;Cuevas;08/21/52;3D80V45JD71;Summit Health Plans;R3913-026-003;20220401;45462976;Approved;B-P-01690
Melissa;Green;11/22/84;3XC3WF3KR41;Northwind Health;H3064-025;20250301;43888211;Approved;B-P-01691
Lisa;Butler;03/09/42;1Q29UT9MA98;Bluepeak;S2427-010-002;20251001;69777236;Approved;B-P-01694
Christian;Butler;10/01/51;7D27WF0YF41;Summit Health Plans;H9807-028-002;20240201;69777236;Approved;B-P-01695
Wayne;Clark;03/27/39;9F10X60RN64;Cardinal Mutual;H7696-004-001;20221101;84583776;Approved;B-P-01696
Jacqueline;Clark;03/27/60;9EY6U40TF99;Bluepeak;H9161-004;20251201;84583776;Approved;B-P-01697
Laura;Townsend;12/23/54;5AY6TA5XT75;Cardinal Mutual;H7696-025-001;20230901;26047628;Approved;B-P-01698
Tricia;Sawyer;05/03/42;2N44KE8NA25;Cardinal Mutual;H5265-025;20250401;49066206;Approved;B-P-01699
Jonathan;Sawyer;05/26/48;7NG3M68XY17;Bluepeak;H5243-013;20220501;49066206;Approved;B-P-01700
Amanda;Wilson;01/05/55;7QU9JC5GH94;Summit Health Plans;H4044-003-002;20230201;84583776;Approved;B-P-01701
David;Rodriguez;06/25/35;3WP4PR0KD37;Summit Health Plans;R3913-001;20240901;20671937;Approved;B-P-01703
James;Brown;05/21/52;3CR7HF3DV29;Bluepeak;S7317-002;20250101;26047628;Approved;B-P-01704
Elizabeth;Hall;10/05/35;6N69V22CF49;Northwind Health;H3036-011-003;20241101;93619366;Disenrolled;B-P-01705
Elizabeth;Hall;10/05/35;6N69V22CF49;Meridian Care;H5913-028;20260401;93619366;Approved;B-P-01706
Timothy;Wallace;11/15/44;6K97D95JR40;Northwind Health;S2942-004;20230701;84583776;Approved;B-P-01708
Amy;Bell;07/13/45;8X70VH9KP69;Northwind Health;H3064-005;20220301;24647567;Approved;B-P-01709
Christopher;Black;04/22/50;5RM6F33TG00;Northwind Health;S2942-010-001;20221201;91146902;Approved;B-P-01710
Tracey;Black;02/03/52;8NE3X24VY50;Meridian Care;H5913-030-003;20261101;91146902;Submitted;B-P-01711
Joel;Hogan;02/20/38;3YM3M22JX16;Meridian Care;H4636-020;20231201;14829889;Approved;B-P-01712
Sarah;Hogan;07/31/40;1CR2YH3EX77;Meridian Care;R4076-001;20230301;14829889;Approved;B-P-01713
Rebekah;Williams;07/26/44;7Q93T11HE12;Bluepeak;R8474-017-003;20260301;75084135;Approved;B-P-01714
Andrew;Murray;12/26/55;2NT4WT4YA63;Meridian Care;S7287-022-001;20241001;26047628;Approved;B-P-01717
Jacqueline;White;01/12/40;3JP1K26TC63;Meridian Care;H5913-017-001;20240501;50979283;Approved;B-P-01718
Karen;Brown;11/27/56;1X74GE9AP20;Northwind Health;H3036-002;20240901;81157097;Approved;B-P-01719
Shannon;Miller;04/11/37;9PX4GD9JU93;Summit Health Plans;S1837-002;20220501;98787777;Approved;B-P-01721
Tina;Castro;08/16/38;6EJ5GP5PV34;Cardinal Mutual;S1849-023;20220101;90228424;Approved;B-P-01722
Brian;Castro;08/16/90;3J62MF4UE15;Bluepeak;S7317-005-001;20230201;90228424;Approved;B-P-01724
Dawn;Riggs;02/25/38;1QF3KA7NT19;Bluepeak;S2427-011-003;20250401;51446845;Approved;B-P-01725
Daniel;Rodriguez;06/12/44;3VG3VX9VF81;Bluepeak;H9161-016;20240401;84583776;Disenrolled;B-P-01727
Daniel;Rodriguez;06/12/44;3VG3VX9VF81;Summit Health Plans;H9807-022-003;20250901;84583776;Approved;B-P-01728
Julia;Watts;02/13/36;2G63TV0PV66;Meridian Care;H5913-022;20260401;37947372;Approved;B-P-01733
Joseph;Barnes;09/22/39;5GX9EM5KC69;Harborline;H1547-013;20220101;94445646;Disenrolled;B-P-01734
Joseph;Barnes;09/22/39;5GX9EM5KC69;Summit Health Plans;H4044-011;20250701;94445646;Approved;B-P-01735
Cynthia;Steele;12/26/57;6D63UA2JH79;Northwind Health;S2942-027;20240901;45462976;Approved;B-P-01739
Michael;Steele;04/24/48;2WQ3ND0VU66;Summit Health Plans;H9807-023;20220601;45462976;Approved;B-P-01742
Jessica;Peck;04/23/56;1DM4DA9NG72;Harborline;S4178-010;20250901;98787777;Approved;B-P-01745
Nancy;Peck;05/01/50;5AW8YV6JR81;Northwind Health;H3064-024-003;20260501;98787777;Approved;B-P-01746
Katherine;Stephens;01/30/46;5M28CH7XV00;Bluepeak;H9161-009;20250301;49066206;Disenrolled;B-P-01747
Katherine;Stephens;01/30/46;5M28CH7XV00;Summit Health Plans;H9807-003;20260401;49066206;Approved;B-P-01748
Carol;Stephens;06/05/42;5UM9QR3QW44;Summit Health Plans;H9807-009;20220701;49066206;Approved;B-P-01749
Michael;Prince;07/20/49;5YJ8FN0XM29;Harborline;H2522-012;20231201;49066206;Approved;B-P-01750
Antonio;Stevens;04/03/48;7GM0Y96MY66;Northwind Health;R1279-017;20241201;45462976;Disenrolled;B-P-01751
Antonio;Stevens;04/03/48;7GM0Y96MY66;Cardinal Mutual;H5265-029;20260401;45462976;Approved;B-P-01752
Jason;Mendez;09/02/40;7YC2VY5RY34;Northwind Health;S2942-002;20220601;50399119;Approved;B-P-01754
Karl;Mendez;12/06/57;5HG3H78AM85;Cardinal Mutual;H7696-026;20240801;50399119;Approved;B-P-01755
Nicholas;Cruz;08/28/51;3EX1WY5NM86;Meridian Care;H5913-011;20250401;64493418;Approved;B-P-01756
Daniel;Hood;03/08/45;8K76F74QP68;Meridian Care;H4636-009-002;20260301;9527070;Approved;B-P-01757
Anthony;Simmons;01/02/38;3F16KF5YU20;Cardinal Mutual;S6685-001;20250801;50399119;Approved;B-P-01759
Michael;King;08/23/57;7A96AR3MK09;Harborline;H1547-020;20240101;64493418;Disenrolled;B-P-01760
Michael;King;08/23/57;7A96AR3MK09;Summit Health Plans;H9807-001;20260401;64493418;Approved;B-P-01761
Eric;King;10/28/40;5JY6P82HE74;Cardinal Mutual;S6685-003;20240101;64493418;Approved;B-P-01763
Thomas;Miller;08/06/55;6JM1P17TN78;Harborline;H1547-023;20240201;91146902;Approved;B-P-01766
Mark;Davis;11/04/38;8EG2UJ3HU07;Northwind Health;S2942-024;20230801;50399119;Approved;B-P-01768
Emily;Adams;09/05/39;6TT7VU7JN30;Harborline;H1547-015-001;20250501;9527070;Approved;B-P-01771
Stacey;Wiggins;02/04/48;8U18G92DA21;Summit Health Plans;H4044-005;20240101;94445646;Approved;B-P-01772
Gregory;Sanders;06/23/60;6R08AA3AU30;Northwind Health;H3064-019;20250801;84583776;Approved;B-P-01775
Kristina;King;08/15/41;4Y01ED9FQ92;Summit Health Plans;H9807-019-003;20230301;43888211;Approved;B-P-01776
Brett;Steele;03/01/54;4C57U63RT79;Bluepeak;H5243-022;20220101;50979283;Approved;B-P-01777
Jacob;Arias;05/02/37;7UD3Y70XT74;Meridian Care;H5913-028;20260401;24647567;Approved;B-P-01778
Tina;Giles;09/26/42;9YU5E39UE52;Northwind Health;H3064-029;20260401;45462976;Approved;B-P-01779
Deanna;Harris;10/15/33;6YN6RU1TM08;Harborline;S7610-012;20240801;81157097;Approved;B-P-01782
Claudia;Elliott;04/16/65;5R24TN8GW59;Cardinal Mutual;H5265-018;20220601;64493418;Approved;B-P-01783
Brittney;Neal;06/11/59;7T12RK4CD98;Harborline;H2522-003;20241001;37947372;Approved;B-P-01785
Leah;Porter;10/20/38;5D88XQ9EH79;Harborline;H2522-028;20250501;50399119;Disenrolled;B-P-01786
Leah;Porter;10/20/38;5D88XQ9EH79;Bluepeak;H5243-005;20260501;50399119;Approved;B-P-01787
George;Lee;02/24/54;2DV1GV8GK00;Harborline;H2522-018-002;20240201;64493418;Approved;B-P-01788
Jasmine;Steele;09/29/51;2YX0QJ2QE12;Bluepeak;H9161-022;20220901;24647567;Disenrolled;B-P-01789
Jasmine;Steele;09/29/51;2YX0QJ2QE12;Cardinal Mutual;H5265-007;20260301;24647567;Approved;B-P-01790
Laurie;Floyd;05/15/34;1VG1J81HQ31;Bluepeak;H5243-008;20250201;37947372;Approved;B-P-01791
Christina;Floyd;11/24/33;8WC8CF2JP14;Northwind Health;S9721-004-002;20220901;37947372;Approved;B-P-01792
Scott;Stevens;03/12/51;8G90GY4XK53;Cardinal Mutual;R7519-002;20251201;69777236;Approved;B-P-01795
Kristopher;Stevens;06/30/60;9MU3WE4RE76;Meridian Care;H4636-009;20251001;69777236;Approved;B-P-01796
Matthew;Gamble;08/24/45;1UV7JD8NU52;Bluepeak;H9161-011;20250801;50399119;Approved;B-P-01797
Alyssa;Charles;06/01/47;4M99HJ9WG54;Summit Health Plans;S1837-019-003;20260201;37947372;Approved;B-P-01798
Grace;Morales;09/06/40;8U83V43GY46;Bluepeak;H5243-027;20230301;75084135;Disenrolled;B-P-01799
Grace;Morales;09/06/40;8U83V43GY46;Meridian Care;H5913-005;20250501;75084135;Approved;B-P-01800
Walter;Morales;07/07/52;6K91XW2QD26;Cardinal Mutual;H5265-026;20240101;75084135;Approved;B-P-01801
Benjamin;Brown;05/21/42;9CV0A95XX28;Harborline;H1547-006;20221001;93619366;Disenrolled;B-P-01802
Benjamin;Brown;05/21/42;9CV0A95XX28;Cardinal Mutual;H7696-022;20251201;93619366;Approved;B-P-01803
Nancy;Mckay;09/01/57;9RR6D08WY24;Cardinal Mutual;H7696-024;20260101;26047628;Approved;B-P-01804
John;Davis;09/27/39;7AU2MW4AA14;Summit Health Plans;H4044-025-001;20220501;50399119;Approved;B-P-01805
Jennifer;Davis;05/14/42;1F71TQ9CR22;Bluepeak;H9161-024;20230901;50399119;Approved;B-P-01806
Michelle;Baker;06/10/55;3R58P87KQ72;Cardinal Mutual;H5265-006;20260201;75084135;Approved;B-P-01807
Douglas;Baker;05/02/41;6GG7RE3AF28;Cardinal Mutual;H5265-020;20251101;75084135;Approved;B-P-01808
Tyler;Gray;11/10/39;7CE5P19UY31;Northwind Health;S2942-005-002;20220301;37947372;Approved;B-P-01810
Jonathan;Barrett;03/22/51;3XK0V44DG82;Bluepeak;H9161-016;20260301;14829889;Approved;B-P-01811
Brandon;Barrett;04/15/47;3DQ2DM2PG62;Cardinal Mutual;H5265-014-003;20230801;14829889;Disenrolled;B-P-01812
Brandon;Barrett;04/15/47;3DQ2DM2PG62;Meridian Care;H4636-009;20250401;14829889;Approved;B-P-01813
Frank;Davis;08/29/55;8HJ7FG4UN89;Harborline;S7610-023;20261101;43888211;Submitted;B-P-01814
Connie;Wilson;04/21/46;4KK0E79QY87;Summit Health Plans;H9807-005;20231201;64493418;Approved;B-P-01815
Kathryn;Jones;11/02/52;7HQ8CU5HF43;Cardinal Mutual;H5265-018;20221001;49066206;Approved;B-P-01816
Mary;Gordon;12/19/33;8J00DC4UA03;Northwind Health;H3036-008;20220901;75084135;Approved;B-P-01817
Christina;Gordon;11/25/54;9YP8GJ7MC15;Northwind Health;H3064-014;20230801;75084135;Disenrolled;B-P-01818
Christina;Gordon;11/25/54;9YP8GJ7MC15;Meridian Care;H4636-017-003;20241001;75084135;Approved;B-P-01819
Megan;Lin;06/19/37;4MH7Y93TV60;Bluepeak;S2427-013;20240801;50399119;Approved;B-P-01820
Kristen;Jackson;01/17/34;7D39J73TA01;Cardinal Mutual;S6685-012;20250901;91146902;Approved;B-P-01821
Max;Jackson;04/29/46;6V54N66YF53;Cardinal Mutual;H7696-025-002;20251201;91146902;Approved;B-P-01822
Jeffrey;Edwards;11/27/46;9YM9HE9TE16;Cardinal Mutual;H5265-002;20260301;51446845;Approved;B-P-01823
Karen;Edwards;11/08/58;8R93PP5RK84;Bluepeak;H9161-001;20240101;51446845;Approved;B-P-01824
Bryan;Riley;12/11/51;5YF7RE2JP92;Northwind Health;S2942-015;20221101;75084135;Approved;B-P-01826
Christopher;Smith;09/30/95;1VG8WE4UT06;Northwind Health;R6531-023;20220301;45462976;Approved;B-P-01828
Thomas;Orr;06/09/39;8YG7TV7RT96;Summit Health Plans;H9807-013;20230601;20671937;Approved;B-P-01829
Katherine;Mccarthy;07/28/39;7UP5E82JE12;Harborline;H1547-028-003;20260201;20671937;Approved;B-P-01830
Caroline;Barber;11/21/49;3AG9D88AM75;Cardinal Mutual;H5265-021-001;20250701;90228424;Approved;B-P-01832
Kim;Ward;05/12/37;4TU3J19MU28;Bluepeak;H9161-013;20240301;81157097;Approved;B-P-01834
Carlos;Carter;12/01/43;7A96GR6EG89;Cardinal Mutual;R6363-016;20250601;98787777;Approved;B-P-01836
Karina;Walls;12/05/54;7YQ7UP0EN10;Harborline;H2522-020;20230701;14829889;Approved;B-P-01838
Carolyn;Williams;02/24/42;7JE8A11QN29;Meridian Care;R4076-019;20250101;14829889;Approved;B-P-01841
Stephanie;Myers;08/06/40;5PY9VM1HJ76;Northwind Health;H3036-027;20220301;43888211;Approved;B-P-01842
Lori;Banks;02/05/52;4J33KD6GC26;Summit Health Plans;S1837-030-002;20230801;59893296;Approved;B-P-01844
Nicholas;Parker;07/28/49;2D03MX7CY70;Bluepeak;S7317-012;20221001;64493418;Approved;B-P-01846
Susan;Parker;02/17/52;2GK8FJ1QU65;Summit Health Plans;H4044-029;20221201;64493418;Disenrolled;B-P-01847
Susan;Parker;02/17/52;2GK8FJ1QU65;Northwind Health;H3036-006;20241101;64493418;Approved;B-P-01848
Charles;Bryant;04/09/36;8R26U55EC52;Cardinal Mutual;R6363-015;20240601;84583776;Disenrolled;B-P-01849
Charles;Bryant;04/09/36;8R26U55EC52;Summit Health Plans;H4044-010;20260501;84583776;Approved;B-P-01850
Walter;Anderson;04/17/56;5DV2T11GA19;Northwind Health;S9721-003;20250801;24647567;Approved;B-P-01853
Amanda;Anderson;03/18/56;6C19F17JC57;Harborline;S4178-021;20240101;24647567;Approved;B-P-01854
Michael;Ortiz;02/26/55;6EV8F88CK27;Summit Health Plans;S4824-005-003;20240601;98787777;Approved;B-P-01856
Holly;Ortiz;06/13/58;4M20VJ2VN61;Summit Health Plans;H4044-005-001;20240201;98787777;Approved;B-P-01857
Rebecca;Ortiz;03/01/92;8WA2TU2QK45;Meridian Care;S7287-018;20240801;81157097;Approved;B-P-01860
Alicia;Reed;08/14/38;2Q43DN5AW59;Meridian Care;H4636-005;20240701;93619366;Approved;B-P-01861
Karen;Leon;02/07/46;4FR6YM9JW07;Bluepeak;S7317-006-002;20240601;37947372;Approved;B-P-01862
Michael;Hoffman;06/07/55;1NQ9MH7DU20;Northwind Health;S9721-027;20241001;26047628;Approved;B-P-01865
Amber;Carey;06/04/51;2H53R83TN44;Summit Health Plans;H9807-006;20260501;20671937;Approved;B-P-01866
Patrick;Velasquez;02/10/45;1Q70VW1VC06;Summit Health Plans;H4044-019-001;20260501;14829889;Approved;B-P-01867
Danielle;Pratt;12/09/47;6F40HK6VE78;Meridian Care;S4547-002;20261101;50399119;Submitted;B-P-01869
Richard;Pratt;08/29/45;9F65R20QH52;Cardinal Mutual;H7696-028;20230401;50399119;Approved;B-P-01870
Tara;Walters;06/07/44;8RJ7KJ8UW42;Harborline;H1547-030-002;20220401;91146902;Approved;B-P-01871
Sarah;Brock;02/26/57;8UC0MN3XX00;Summit Health Plans;H9807-008;20221201;98787777;Approved;B-P-01872
Michael;Thomas;01/27/44;9VE6DA6NW55;Summit Health Plans;R4076-015-001;20240501;91146902;Approved;B-P-01873
Morgan;Blake;03/07/35;2AW7TY3FV97;Northwind Health;H3036-029;20240801;24647567;Approved;B-P-01874
James;Blake;01/26/36;1P13V17QG99;Cardinal Mutual;H7696-011;20251001;24647567;Approved;B-P-01875
Maria;Ellis;10/09/52;6F52T71EU80;Meridian Care;S4547-019;20230201;14829889;Approved;B-P-01878
Gloria;Ellis;11/29/40;4PA7UM1KK52;Bluepeak;H9161-011;20220601;14829889;Approved;B-P-01879
Adam;Carter;02/20/51;4PX6KP9XN69;Cardinal Mutual;H5265-027-002;20241001;26047628;Approved;B-P-01881
Matthew;Henderson;05/16/51;5C87E68EF45;Cardinal Mutual;S6685-016-001;20250901;81157097;Approved;B-P-01884
Melissa;Glenn;06/10/57;3WP5J95XN20;Northwind Health;H3064-012;20250701;75084135;Approved;B-P-01885
Loretta;Garner;06/25/34;1R53MP9RH30;Cardinal Mutual;H5265-002-002;20250901;81157097;Approved;B-P-01886
Amanda;Mccormick;04/24/34;7YM6Q57EP41;Northwind Health;H3064-029;20241101;9527070;Approved;B-P-01887
Brittany;Mccormick;03/26/51;2T15D51UJ99;Northwind Health;H3064-027;20221101;9527070;Approved;B-P-01888
Melissa;Allen;04/01/44;3Q37WC1AH77;Summit Health Plans;H4044-022;20240101;59893296;Approved;B-P-01889
Robert;Allen;10/20/42;2GT3R26MC10;Meridian Care;R6659-019;20220201;59893296;Approved;B-P-01890
Tim;Hansen;12/14/41;4W68H06GQ26;Summit Health Plans;H4044-017;20241101;64493418;Approved;B-P-01893
Maria;Bass;02/17/42;5JM4VP3PK64;Meridian Care;S7287-009;20240701;69777236;Approved;B-P-01895
Nathaniel;Taylor;09/09/49;7D80A34HG37;Meridian Care;S7287-023-003;20250301;81157097;Approved;B-P-01897
Erin;Taylor;09/05/54;6WK2XE4JP44;Summit Health Plans;H9807-017;20220201;81157097;Approved;B-P-01898
Michele;Reynolds;11/17/57;6CX7T77MQ11;Bluepeak;S2427-018-002;20250701;24647567;Approved;B-P-01900
Mario;Reynolds;07/25/48;5QE1C29DT61;Meridian Care;H5913-002;20240401;24647567;Approved;B-P-01901
Elizabeth;White;03/12/56;3MN3NP0YP68;Meridian Care;H5913-018;20240901;45462976;Approved;B-P-01902
Jenna;Simmons;05/18/53;6UJ5RG3FT70;Bluepeak;H9161-024-002;20260301;91146902;Approved;B-P-01903
Jeffrey;Hunter;06/14/57;9NH4R28WD21;Bluepeak;H5243-024;20251001;64493418;Approved;B-P-01904
Jill;Perez;04/11/46;4K86CF4HG16;Cardinal Mutual;H7696-025;20230501;26047628;Disenrolled;B-P-01905
Jill;Perez;04/11/46;4K86CF4HG16;Harborline;H2522-009;20250101;26047628;Approved;B-P-01906
Brianna;Perez;07/05/42;6RX7D21PY44;Cardinal Mutual;H7696-001;20220701;26047628;Approved;B-P-01907
Christina;Chandler;07/09/52;8H88FP4UP70;Summit Health Plans;H9807-012-001;20261101;64493418;Submitted;B-P-01908
Barbara;Stone;11/03/55;1N47AH9YQ30;Meridian Care;H4636-030;20220501;94445646;Approved;B-P-01909
David;Johnson;10/25/37;1VM9YT0EE07;Northwind Health;R6531-027-003;20230601;84583776;Disenrolled;B-P-01910
David;Johnson;10/25/37;1VM9YT0EE07;Summit Health Plans;H4044-014;20250201;84583776;Approved;B-P-01911
Theresa;Beck;09/25/47;7NV0E98PR94;Summit Health Plans;H4044-008-002;20220401;50979283;Disenrolled;B-P-01912
Theresa;Beck;09/25/47;7NV0E98PR94;Meridian Care;H4636-021-001;20250201;50979283;Approved;B-P-01913
Steve;Wolfe;05/22/39;3GN2PM1AV57;Harborline;H1547-017;20220801;14829889;Approved;B-P-01914
Brent;Osborne;11/25/38;5PP8MP1VK69;Bluepeak;H5243-018-003;20240101;24647567;Disenrolled;B-P-01915
Brent;Osborne;11/25/38;5PP8MP1VK69;Meridian Care;H5913-017-002;20260501;24647567;Approved;B-P-01916
Curtis;Murphy;01/05/44;5Y66MQ8AP36;Northwind Health;S2942-010-003;20260101;69777236;Approved;B-P-01919
Heidi;Anderson;09/20/56;2MY7PH4DD57;Cardinal Mutual;H7696-026;20251101;81157097;Approved;B-P-01920
Jason;Banks;01/26/38;8QX8RX2YU40;Bluepeak;H5243-020;20240401;69777236;Approved;B-P-01925
Samantha;Smith;06/06/43;7VX3DJ5AH05;Cardinal Mutual;R7519-002;20260101;98787777;Approved;B-P-01926
Jared;Price;12/22/55;6AN2J28CU67;Bluepeak;H9161-001-002;20231201;91146902;Approved;B-P-01927
Mark;Davis;12/09/45;7D96XK1HP12;Meridian Care;H4636-009;20231201;81157097;Approved;B-P-01928
Maria;Rowland;02/24/47;9WX0WF9QP14;Bluepeak;H5243-013;20250101;90228424;Disenrolled;B-P-01929
Maria;Rowland;02/24/47;9WX0WF9QP14;Summit Health Plans;H4044-028-001;20260401;90228424;Approved;B-P-01930
Javier;Williams;03/10/35;7UK2YE6UW34;Northwind Health;S9721-027-003;20260201;90228424;Approved;B-P-01931
Jack;Williams;03/28/50;1E01KP0PM99;Bluepeak;H9161-001;20261101;90228424;Submitted;B-P-01932
Gina;Randolph;12/11/39;5TP9WA0XA82;Bluepeak;H9161-011;20241101;98787777;Approved;B-P-01933
Elizabeth;Harrison;02/10/45;4GF2E29HE35;Summit Health Plans;H4044-026;20250801;20671937;Approved;B-P-01934
Miranda;Harrison;03/26/36;6RP0QK5GH58;Cardinal Mutual;H5265-012;20230201;20671937;Approved;B-P-01935
Martin;Deleon;09/04/43;9A86PT4YF54;Bluepeak;S7317-017;20240401;69777236;Approved;B-P-01937
Matthew;Jordan;07/16/40;9PF3DV2HW11;Summit Health Plans;H9807-012;20240801;50979283;Approved;B-P-01938
Kenneth;Jordan;12/09/46;3JA6M58MG05;Meridian Care;S4547-007;20220401;50979283;Approved;B-P-01940
Paul;Brown;03/06/44;9G88YN7MD50;Northwind Health;S2942-025-002;20220201;37947372;Approved;B-P-01942
Alexander;Jenkins;05/28/53;8WJ0MC6RV46;Northwind Health;S9721-001-001;20220101;98787777;Approved;B-P-01944
Charles;Hernandez;09/28/41;6FP5UP1MK33;Summit Health Plans;S1837-018-002;20250901;81157097;Approved;B-P-01947
Kristi;Hernandez;09/16/45;6FY5E34CC72;Bluepeak;H5243-012;20250501;81157097;Approved;B-P-01948
Roy;Russo;02/11/60;6K68EJ2NU96;Meridian Care;H4636-005;20250901;69777236;Approved;B-P-01949
Shaun;Russo;08/04/43;2J71UM9TP70;Summit Health Plans;H9807-017;20230401;69777236;Approved;B-P-01950
